user_id,playlist_adds_last_30d,search_queries_last_30d
7388,5.0,12.0
45833,5.0,15.0
37103,1.0,14.0
34987,2.0,17.0
36584,3.0,11.0
13090,3.0,20.0
15753,0.0,3.0
5925,2.0,13.0
7759,0.0,2.0
42969,5.0,13.0
20529,0.0,9.0
13192,3.0,12.0
5227,2.0,9.0
39761,1.0,15.0
28268,3.0,17.0
24675,3.0,6.0
2429,1.0,8.0
33292,2.0,14.0
7649,2.0,21.0
1508,8.0,19.0
12936,1.0,16.0
11677,3.0,11.0
9910,6.0,16.0
29524,2.0,18.0
29162,3.0,11.0
12529,3.0,10.0
30247,5.0,12.0
3963,4.0,16.0
4143,7.0,16.0
19740,3.0,12.0
33492,1.0,12.0
31557,0.0,4.0
28017,3.0,12.0
5821,0.0,3.0
17514,3.0,15.0
9972,3.0,10.0
8889,2.0,8.0
12185,1.0,9.0
9936,4.0,12.0
27326,4.0,16.0
36397,3.0,14.0
14952,1.0,9.0
20511,0.0,1.0
19524,,15.0
13836,5.0,13.0
14041,1.0,17.0
35610,2.0,21.0
24138,2.0,17.0
47405,3.0,8.0
48095,4.0,10.0
14747,1.0,14.0
7710,4.0,16.0
10720,4.0,14.0
35663,5.0,12.0
25941,2.0,15.0
1620,,7.0
18346,5.0,10.0
41324,0.0,1.0
12596,4.0,12.0
29336,0.0,2.0
29321,3.0,17.0
14609,1.0,9.0
2755,6.0,21.0
24280,1.0,18.0
45359,5.0,7.0
11043,4.0,15.0
21685,0.0,5.0
5278,6.0,17.0
32375,0.0,3.0
17716,6.0,11.0
17141,3.0,19.0
30763,4.0,10.0
44327,3.0,16.0
15598,1.0,7.0
12108,3.0,13.0
48728,6.0,11.0
39552,4.0,15.0
30828,4.0,15.0
30867,3.0,16.0
7773,3.0,20.0
48820,4.0,15.0
35009,6.0,5.0
43632,4.0,12.0
32726,4.0,7.0
17063,2.0,16.0
33978,2.0,240.0
49267,5.0,10.0
28223,4.0,19.0
14347,4.0,12.0
24001,2.0,15.0
2392,2.0,14.0
7978,4.0,18.0
22703,3.0,19.0
32525,5.0,9.0
45979,5.0,9.0
9895,4.0,14.0
28983,4.0,110.0
30476,6.0,
218,3.0,
39825,3.0,12.0
17819,3.0,15.0
43438,4.0,10.0
45397,3.0,16.0
17831,3.0,16.0
18046,0.0,3.0
24319,2.0,13.0
124,10.0,16.0
79,2.0,16.0
29121,2.0,130.0
30696,6.0,9.0
20860,3.0,8.0
9213,1.0,13.0
10085,0.0,2.0
48241,2.0,13.0
35823,0.0,16.0
31730,6.0,9.0
22357,3.0,7.0
34513,3.0,10.0
8173,3.0,16.0
11834,5.0,15.0
9697,5.0,15.0
30796,5.0,16.0
27254,0.0,0.0
27621,5.0,8.0
49433,3.0,16.0
13827,6.0,17.0
3424,3.0,15.0
38809,,18.0
23651,1.0,15.0
39934,4.0,9.0
33655,1.0,12.0
39926,5.0,6.0
45995,4.0,10.0
27660,0.0,4.0
21653,2.0,11.0
41019,2.0,8.0
19409,2.0,19.0
6534,2.0,10.0
39596,5.0,12.0
6394,7.0,17.0
43140,2.0,130.0
44146,4.0,18.0
1914,0.0,3.0
12968,2.0,15.0
31818,1.0,14.0
23732,4.0,6.0
47165,6.0,14.0
17234,5.0,14.0
31180,4.0,11.0
1649,3.0,14.0
14092,6.0,12.0
12877,6.0,16.0
5502,4.0,16.0
40517,4.0,15.0
33587,2.0,9.0
6481,6.0,13.0
14378,3.0,14.0
25755,1.0,12.0
47354,3.0,19.0
12417,0.0,1.0
48571,4.0,16.0
19326,1.0,18.0
24973,1.0,12.0
49337,3.0,
27007,4.0,13.0
29354,0.0,7.0
23800,2.0,18.0
29831,4.0,14.0
5053,3.0,19.0
2424,0.0,3.0
37840,8.0,12.0
4329,2.0,15.0
35770,2.0,19.0
15931,0.0,5.0
49299,0.0,23.0
5509,5.0,15.0
7204,1.0,12.0
1848,4.0,7.0
25919,1.0,13.0
43865,6.0,20.0
17837,,9.0
16797,3.0,8.0
9618,4.0,16.0
24347,5.0,13.0
39859,2.0,10.0
43946,4.0,15.0
43014,3.0,13.0
9439,1.0,11.0
21562,2.0,13.0
26298,2.0,14.0
40796,0.0,3.0
27993,4.0,12.0
14938,4.0,10.0
19073,6.0,13.0
48648,,19.0
9197,2.0,7.0
42308,2.0,15.0
18400,4.0,24.0
39580,7.0,6.0
9846,2.0,14.0
7958,2.0,19.0
19219,6.0,18.0
40011,,
21694,4.0,15.0
44572,3.0,17.0
880,2.0,16.0
49725,4.0,17.0
4661,4.0,11.0
8642,2.0,10.0
26945,,100.0
9974,2.0,14.0
12626,5.0,8.0
13858,0.0,3.0
20115,5.0,19.0
40859,4.0,15.0
8573,2.0,15.0
15380,2.0,13.0
18173,4.0,22.0
47537,3.0,19.0
47733,4.0,13.0
40010,1.0,17.0
11444,0.0,3.0
49217,0.0,17.0
2710,2.0,13.0
33522,,16.0
40325,1.0,19.0
46992,3.0,15.0
42061,10.0,12.0
18921,2.0,17.0
36688,4.0,15.0
17327,0.0,2.0
14631,2.0,12.0
10348,1.0,11.0
6805,4.0,10.0
11684,4.0,20.0
18057,0.0,3.0
48979,4.0,15.0
18822,3.0,13.0
2187,2.0,16.0
28322,2.0,11.0
43429,2.0,14.0
35649,5.0,12.0
2063,4.0,16.0
42637,5.0,11.0
20827,3.0,15.0
25959,3.0,15.0
37925,0.0,9.0
39858,3.0,12.0
1868,,13.0
16233,3.0,14.0
2016,0.0,14.0
2938,,18.0
49767,4.0,6.0
41877,2.0,15.0
24255,4.0,15.0
17750,4.0,13.0
25212,2.0,15.0
32433,0.0,3.0
21943,3.0,19.0
10571,5.0,10.0
10756,1.0,12.0
12076,5.0,16.0
34007,3.0,13.0
16212,,14.0
6284,5.0,24.0
2266,4.0,13.0
47820,5.0,13.0
3011,2.0,12.0
43405,1.0,22.0
7812,0.0,2.0
10439,6.0,13.0
1056,4.0,16.0
17037,2.0,12.0
48456,2.0,15.0
43879,5.0,11.0
10462,2.0,140.0
48815,3.0,19.0
33911,4.0,16.0
38535,4.0,12.0
8853,2.0,10.0
1964,3.0,15.0
15070,6.0,24.0
15852,1.0,18.0
32562,1.0,13.0
9049,,9.0
39499,3.0,13.0
7995,0.0,6.0
17794,4.0,12.0
40597,5.0,21.0
4538,2.0,16.0
28374,2.0,22.0
26000,3.0,19.0
22391,2.0,12.0
36939,1.0,9.0
4541,4.0,9.0
27423,0.0,3.0
48197,0.0,17.0
24025,4.0,13.0
48742,1.0,13.0
14919,5.0,9.0
2896,2.0,9.0
47045,1.0,13.0
46391,4.0,13.0
12435,4.0,8.0
44610,8.0,14.0
29490,7.0,10.0
3577,2.0,9.0
46719,3.0,16.0
5433,5.0,
28257,0.0,2.0
4182,2.0,19.0
38103,3.0,10.0
25346,4.0,19.0
26905,3.0,16.0
3056,,3.0
32345,2.0,11.0
16752,,16.0
32275,3.0,13.0
32544,5.0,17.0
27039,6.0,17.0
37039,3.0,13.0
23557,0.0,5.0
40446,2.0,11.0
446,6.0,7.0
19874,,15.0
23453,2.0,11.0
15769,4.0,12.0
21286,2.0,10.0
46905,4.0,13.0
11645,4.0,10.0
14429,3.0,15.0
8526,2.0,
3231,3.0,14.0
45231,9.0,14.0
3852,1.0,12.0
11706,4.0,15.0
28908,5.0,19.0
38807,2.0,16.0
11118,0.0,2.0
10654,5.0,5.0
28716,0.0,1.0
6486,0.0,1.0
8269,5.0,7.0
862,2.0,11.0
42492,3.0,15.0
14273,2.0,14.0
14732,6.0,7.0
16647,3.0,80.0
37937,3.0,18.0
24596,4.0,12.0
22606,3.0,15.0
6935,2.0,18.0
14294,3.0,14.0
10187,4.0,11.0
28955,3.0,20.0
43783,5.0,13.0
20464,5.0,17.0
6013,2.0,12.0
33398,2.0,14.0
44947,2.0,19.0
23782,2.0,
24634,3.0,20.0
30448,4.0,16.0
15099,4.0,14.0
49655,2.0,19.0
13678,3.0,18.0
31048,2.0,19.0
34240,2.0,20.0
47587,1.0,18.0
4970,2.0,
37105,2.0,14.0
21470,2.0,15.0
37936,3.0,11.0
17731,0.0,4.0
49277,3.0,12.0
22097,8.0,13.0
33100,4.0,9.0
5836,,20.0
8219,1.0,20.0
49602,,17.0
12501,0.0,60.0
5626,3.0,10.0
40246,2.0,11.0
9594,4.0,16.0
4826,5.0,15.0
48420,1.0,11.0
45894,4.0,12.0
11641,3.0,18.0
20323,1.0,13.0
22410,4.0,13.0
4021,2.0,14.0
32336,4.0,14.0
15982,1.0,
38067,6.0,13.0
25365,1.0,14.0
36057,3.0,16.0
18745,4.0,12.0
14905,5.0,12.0
1402,3.0,22.0
11997,0.0,3.0
820,4.0,19.0
38742,2.0,19.0
35516,1.0,12.0
28078,3.0,17.0
17539,8.0,10.0
47468,2.0,15.0
43076,7.0,8.0
3381,3.0,17.0
41640,1.0,17.0
8193,1.0,13.0
29888,3.0,7.0
41411,5.0,19.0
36362,2.0,18.0
42486,4.0,19.0
26708,7.0,16.0
41833,2.0,18.0
7415,4.0,12.0
24980,5.0,17.0
6705,8.0,12.0
45175,0.0,4.0
16549,3.0,
38679,4.0,140.0
10529,5.0,20.0
13593,3.0,12.0
39658,2.0,17.0
13492,5.0,18.0
36938,5.0,11.0
46684,3.0,12.0
18196,5.0,20.0
3271,5.0,16.0
21951,5.0,13.0
29021,1.0,15.0
32362,5.0,15.0
19494,4.0,9.0
12017,3.0,9.0
19800,5.0,13.0
44629,5.0,10.0
38099,4.0,16.0
44511,1.0,8.0
22567,3.0,13.0
42735,0.0,13.0
21348,3.0,12.0
38301,4.0,9.0
6118,2.0,17.0
8635,0.0,17.0
16331,0.0,2.0
10430,3.0,10.0
15030,2.0,9.0
4846,3.0,17.0
5536,1.0,14.0
35594,,11.0
36020,4.0,24.0
8270,7.0,11.0
19665,3.0,9.0
24856,3.0,14.0
33466,0.0,2.0
32015,1.0,20.0
41159,6.0,13.0
17315,4.0,18.0
44814,3.0,
47416,6.0,16.0
37976,,11.0
28814,4.0,11.0
35564,6.0,20.0
33423,2.0,13.0
31316,0.0,7.0
19060,0.0,0.0
8603,2.0,15.0
38237,,19.0
39793,1.0,19.0
37689,2.0,18.0
10357,0.0,3.0
24480,2.0,11.0
11322,9.0,14.0
32721,4.0,14.0
4029,6.0,16.0
6022,4.0,13.0
18264,4.0,
24730,1.0,18.0
11226,5.0,9.0
19454,6.0,16.0
10245,5.0,13.0
10495,1.0,14.0
16107,2.0,15.0
34114,4.0,8.0
23615,1.0,12.0
30339,0.0,12.0
24942,4.0,13.0
28323,3.0,11.0
43978,2.0,14.0
29934,1.0,7.0
22694,4.0,11.0
43155,3.0,15.0
48557,3.0,18.0
10951,1.0,14.0
32566,1.0,13.0
41887,4.0,11.0
24479,2.0,12.0
34845,2.0,14.0
40328,0.0,0.0
5353,1.0,15.0
24816,2.0,15.0
17592,3.0,17.0
23581,4.0,13.0
12218,2.0,13.0
27027,2.0,16.0
45423,2.0,11.0
17857,3.0,11.0
16642,1.0,13.0
44159,1.0,15.0
36928,0.0,4.0
45628,2.0,17.0
35529,4.0,6.0
23129,0.0,2.0
7057,6.0,16.0
13340,5.0,11.0
44207,5.0,21.0
12363,3.0,12.0
8877,2.0,15.0
30882,4.0,15.0
48120,2.0,8.0
47415,4.0,10.0
48626,2.0,14.0
35669,3.0,
3699,3.0,18.0
16063,2.0,20.0
19572,0.0,3.0
10258,2.0,15.0
20865,4.0,12.0
37022,,19.0
9863,2.0,18.0
28115,2.0,13.0
21092,1.0,17.0
24389,4.0,21.0
16178,0.0,2.0
28791,2.0,19.0
11364,1.0,14.0
20598,5.0,13.0
49625,4.0,120.0
49978,2.0,19.0
13305,3.0,19.0
16186,5.0,12.0
18361,4.0,9.0
44380,4.0,25.0
46908,1.0,15.0
2593,3.0,11.0
7886,1.0,16.0
13619,4.0,11.0
16115,2.0,14.0
34653,0.0,3.0
23094,3.0,18.0
36760,1.0,17.0
5722,3.0,15.0
28443,3.0,
44567,1.0,10.0
27913,9.0,12.0
48855,4.0,14.0
12053,0.0,4.0
38907,2.0,16.0
28099,3.0,18.0
38349,7.0,12.0
1267,1.0,17.0
16211,5.0,15.0
21485,4.0,16.0
41626,4.0,8.0
35801,2.0,11.0
41734,2.0,16.0
35333,1.0,15.0
49046,1.0,15.0
13700,6.0,13.0
6051,2.0,12.0
21451,1.0,20.0
25757,4.0,14.0
39979,1.0,17.0
4789,6.0,15.0
28251,3.0,15.0
47739,1.0,12.0
5705,5.0,18.0
24575,2.0,10.0
3475,1.0,11.0
28569,3.0,19.0
45086,5.0,17.0
1724,0.0,5.0
26210,5.0,14.0
20867,6.0,16.0
19859,4.0,15.0
16260,5.0,21.0
13885,6.0,16.0
33968,6.0,11.0
717,5.0,14.0
20163,3.0,16.0
45529,4.0,16.0
18278,0.0,5.0
43383,3.0,19.0
1959,5.0,10.0
22792,2.0,13.0
24783,2.0,12.0
33468,0.0,1.0
15464,4.0,10.0
36921,5.0,18.0
34702,2.0,9.0
28958,4.0,16.0
41520,4.0,17.0
23670,0.0,3.0
1222,1.0,14.0
34857,1.0,15.0
47431,7.0,12.0
16272,2.0,12.0
48836,3.0,12.0
2361,4.0,12.0
27349,4.0,10.0
29094,2.0,13.0
29623,3.0,12.0
22263,,13.0
33605,5.0,15.0
22953,4.0,18.0
17059,4.0,17.0
26493,3.0,9.0
42437,4.0,18.0
46811,0.0,3.0
35677,2.0,18.0
23863,2.0,12.0
18323,3.0,18.0
49050,6.0,12.0
45128,6.0,
7348,0.0,17.0
30491,1.0,10.0
20820,4.0,17.0
36384,3.0,8.0
22608,3.0,16.0
6767,3.0,11.0
4369,4.0,11.0
352,1.0,17.0
40411,2.0,7.0
19528,8.0,11.0
4925,4.0,15.0
511,0.0,3.0
8133,3.0,17.0
22003,0.0,17.0
21689,5.0,11.0
44986,2.0,12.0
19013,0.0,5.0
22030,1.0,22.0
8655,3.0,8.0
36115,1.0,22.0
9322,4.0,14.0
28391,2.0,21.0
10151,2.0,6.0
24613,2.0,13.0
4581,4.0,14.0
31467,2.0,16.0
16501,3.0,180.0
36206,1.0,12.0
37573,1.0,20.0
11578,6.0,11.0
2977,3.0,20.0
14909,,9.0
44603,7.0,16.0
49218,0.0,4.0
37762,4.0,
38670,4.0,17.0
22663,2.0,14.0
3572,5.0,20.0
16875,,
19822,1.0,16.0
38311,6.0,
41696,0.0,6.0
43073,1.0,16.0
33212,0.0,4.0
19110,5.0,13.0
29015,2.0,7.0
24299,0.0,3.0
49135,6.0,19.0
41233,2.0,17.0
35422,2.0,14.0
1337,1.0,16.0
35545,1.0,10.0
36696,2.0,17.0
17081,4.0,6.0
45143,3.0,14.0
41678,4.0,140.0
11685,5.0,120.0
41450,5.0,14.0
43877,1.0,17.0
6654,2.0,10.0
37491,3.0,19.0
668,7.0,14.0
12263,8.0,12.0
6299,1.0,11.0
20218,5.0,19.0
15374,3.0,6.0
38791,4.0,19.0
36788,4.0,9.0
14811,2.0,14.0
4546,0.0,3.0
29404,4.0,11.0
39553,3.0,19.0
25189,2.0,17.0
5338,1.0,13.0
16006,4.0,18.0
15259,2.0,12.0
6301,7.0,17.0
5135,0.0,2.0
38165,0.0,2.0
17252,8.0,18.0
8563,0.0,
18888,3.0,13.0
33358,,10.0
19391,3.0,15.0
44046,2.0,21.0
32681,3.0,15.0
24552,2.0,10.0
538,5.0,15.0
31327,1.0,19.0
27277,3.0,
44619,,21.0
46777,4.0,18.0
6226,0.0,5.0
45172,0.0,5.0
11113,4.0,21.0
5606,2.0,17.0
49387,0.0,4.0
4575,3.0,12.0
8886,4.0,16.0
35423,,
49470,2.0,16.0
27801,4.0,16.0
12057,0.0,6.0
4149,0.0,4.0
28416,5.0,16.0
33729,5.0,16.0
16204,5.0,10.0
18797,0.0,4.0
21918,3.0,8.0
26882,,19.0
18509,2.0,15.0
18070,6.0,12.0
42730,0.0,5.0
24266,7.0,14.0
44160,6.0,18.0
18017,4.0,11.0
827,3.0,12.0
38319,1.0,17.0
19007,0.0,3.0
8432,2.0,11.0
49788,5.0,9.0
38548,1.0,11.0
42307,4.0,14.0
34934,1.0,9.0
37428,0.0,2.0
39759,2.0,
25687,5.0,16.0
2706,5.0,12.0
4502,2.0,12.0
27645,5.0,19.0
21140,4.0,15.0
9223,7.0,17.0
7133,5.0,18.0
35601,3.0,13.0
14021,3.0,18.0
46000,0.0,1.0
5366,2.0,11.0
2787,,15.0
28976,3.0,13.0
41616,3.0,17.0
46117,2.0,18.0
22501,4.0,11.0
25053,2.0,10.0
36010,0.0,20.0
40594,2.0,5.0
48003,0.0,3.0
12595,5.0,14.0
2348,1.0,14.0
953,2.0,14.0
3740,5.0,14.0
5671,4.0,18.0
8876,5.0,17.0
28603,2.0,19.0
22002,3.0,14.0
9609,0.0,2.0
49589,0.0,3.0
8612,3.0,16.0
22873,0.0,1.0
10278,0.0,16.0
39574,0.0,2.0
35400,1.0,16.0
27779,4.0,13.0
40351,5.0,17.0
3615,6.0,24.0
2939,0.0,3.0
18133,4.0,17.0
29361,1.0,15.0
24205,2.0,11.0
639,2.0,10.0
17984,6.0,15.0
24231,3.0,12.0
44672,5.0,12.0
41119,4.0,21.0
16950,4.0,14.0
239,2.0,16.0
28196,4.0,10.0
32216,2.0,14.0
32196,1.0,13.0
8873,2.0,11.0
44022,1.0,100.0
22858,2.0,9.0
33281,,11.0
2341,5.0,15.0
35008,1.0,17.0
21656,1.0,15.0
40568,3.0,12.0
46462,0.0,16.0
1645,3.0,16.0
33586,6.0,14.0
43251,2.0,14.0
2865,1.0,8.0
20454,1.0,13.0
436,,16.0
2243,3.0,15.0
43616,5.0,16.0
45568,3.0,16.0
18333,4.0,8.0
18478,3.0,16.0
7336,1.0,19.0
40817,4.0,22.0
18862,7.0,18.0
30585,4.0,16.0
11279,3.0,19.0
49179,5.0,11.0
35467,4.0,12.0
36149,0.0,1.0
35543,3.0,13.0
15644,0.0,2.0
802,4.0,14.0
38855,5.0,12.0
12589,2.0,9.0
27555,4.0,16.0
17807,5.0,10.0
24099,0.0,2.0
30655,1.0,11.0
28481,1.0,15.0
40231,2.0,16.0
9771,3.0,10.0
43124,5.0,23.0
21998,3.0,18.0
42066,0.0,16.0
17223,0.0,14.0
14917,2.0,12.0
22053,5.0,16.0
199,3.0,16.0
2531,3.0,12.0
29528,5.0,15.0
4039,3.0,22.0
35289,0.0,3.0
31603,3.0,11.0
34158,3.0,12.0
12894,4.0,16.0
17797,4.0,16.0
30089,0.0,16.0
23676,0.0,2.0
39602,3.0,11.0
47521,2.0,7.0
34121,0.0,1.0
8849,3.0,22.0
6561,4.0,11.0
33300,1.0,14.0
48255,2.0,18.0
48215,2.0,16.0
45760,4.0,13.0
43097,3.0,13.0
40511,4.0,16.0
36708,0.0,17.0
48505,2.0,13.0
18188,4.0,16.0
3701,4.0,
17170,5.0,17.0
48071,2.0,17.0
35640,2.0,15.0
19330,1.0,17.0
46063,3.0,12.0
23935,6.0,24.0
15353,3.0,10.0
13298,2.0,19.0
20121,,16.0
26538,5.0,8.0
46125,3.0,18.0
42582,4.0,18.0
16371,5.0,13.0
15962,6.0,14.0
5802,4.0,14.0
20244,3.0,11.0
13968,3.0,7.0
46924,0.0,5.0
24015,6.0,19.0
13769,4.0,7.0
46509,0.0,5.0
29733,4.0,10.0
16975,1.0,19.0
6810,5.0,15.0
4523,3.0,17.0
9692,1.0,16.0
17225,0.0,60.0
43931,3.0,15.0
6570,3.0,18.0
42787,4.0,19.0
35735,0.0,13.0
30471,,10.0
28495,1.0,13.0
13837,3.0,15.0
31038,0.0,1.0
19046,2.0,13.0
29502,2.0,18.0
21233,2.0,27.0
16122,6.0,19.0
38741,2.0,6.0
32242,5.0,16.0
38432,3.0,11.0
19024,0.0,3.0
26789,4.0,15.0
40766,4.0,17.0
46756,4.0,16.0
24715,3.0,10.0
14580,4.0,15.0
23628,4.0,11.0
39047,3.0,17.0
25903,1.0,18.0
11525,1.0,20.0
46902,1.0,11.0
43283,3.0,14.0
28208,4.0,17.0
44770,2.0,15.0
38504,4.0,
43540,3.0,14.0
4821,4.0,15.0
41430,8.0,17.0
24720,0.0,3.0
41482,5.0,19.0
45250,0.0,2.0
27210,3.0,15.0
36773,4.0,14.0
39568,0.0,3.0
28313,2.0,19.0
44077,2.0,21.0
25754,1.0,
558,0.0,3.0
45727,7.0,18.0
41300,0.0,5.0
39921,4.0,17.0
25791,0.0,0.0
17271,2.0,16.0
1259,,10.0
7028,5.0,9.0
43572,6.0,11.0
20731,2.0,8.0
7534,3.0,11.0
121,3.0,10.0
13611,0.0,4.0
28241,1.0,19.0
4896,3.0,12.0
49084,1.0,17.0
41708,,15.0
25410,2.0,18.0
32239,3.0,19.0
23821,5.0,13.0
20746,2.0,17.0
9007,5.0,16.0
1555,5.0,16.0
8900,5.0,19.0
44291,3.0,13.0
44126,4.0,13.0
31150,,4.0
44220,5.0,
3733,,12.0
15832,2.0,18.0
11738,1.0,15.0
19293,3.0,20.0
40722,2.0,16.0
35207,2.0,15.0
18771,0.0,1.0
9066,3.0,8.0
26755,3.0,12.0
7101,6.0,6.0
24660,5.0,12.0
21168,3.0,20.0
48284,4.0,11.0
40702,4.0,11.0
42134,3.0,16.0
27176,5.0,18.0
38730,5.0,10.0
3841,0.0,0.0
22168,1.0,8.0
48826,,4.0
39551,7.0,20.0
36514,4.0,13.0
37578,4.0,20.0
15341,4.0,5.0
16847,2.0,9.0
13644,5.0,13.0
27970,4.0,10.0
5730,3.0,12.0
32002,2.0,21.0
13574,2.0,
33029,2.0,15.0
47931,1.0,18.0
12187,0.0,3.0
36962,4.0,18.0
42868,1.0,
25593,8.0,16.0
46333,0.0,2.0
35863,1.0,14.0
3208,1.0,17.0
47125,1.0,15.0
45314,1.0,16.0
17220,2.0,10.0
5158,3.0,12.0
10752,1.0,11.0
40843,3.0,
36252,3.0,14.0
20536,1.0,14.0
8073,0.0,5.0
47772,0.0,16.0
29586,6.0,12.0
20946,0.0,3.0
35486,1.0,17.0
7853,2.0,180.0
12773,6.0,14.0
45731,5.0,22.0
19336,5.0,13.0
45131,6.0,18.0
18103,1.0,17.0
49465,3.0,17.0
28450,1.0,17.0
43758,1.0,16.0
33213,0.0,2.0
13813,2.0,17.0
42232,1.0,11.0
4599,5.0,17.0
28642,3.0,15.0
6191,4.0,16.0
44357,7.0,13.0
5318,2.0,12.0
5617,5.0,8.0
28369,3.0,12.0
16174,2.0,19.0
14990,2.0,11.0
9536,4.0,15.0
47655,3.0,12.0
17274,0.0,2.0
27918,4.0,14.0
40646,4.0,15.0
41206,3.0,10.0
37185,2.0,12.0
43491,5.0,9.0
33333,1.0,19.0
21266,0.0,
7776,5.0,16.0
41830,6.0,13.0
27610,2.0,19.0
46537,4.0,11.0
23315,3.0,19.0
13652,6.0,13.0
36991,3.0,17.0
30073,1.0,11.0
4156,3.0,10.0
4418,3.0,18.0
19960,2.0,14.0
39769,4.0,11.0
15800,3.0,14.0
38435,4.0,14.0
33010,2.0,15.0
32655,4.0,14.0
38485,4.0,26.0
28477,0.0,2.0
39444,1.0,15.0
34849,4.0,13.0
42882,3.0,20.0
24657,8.0,15.0
17641,2.0,10.0
39175,0.0,13.0
9659,1.0,15.0
28096,6.0,16.0
838,1.0,11.0
2455,3.0,15.0
20120,2.0,21.0
48972,2.0,19.0
47482,5.0,11.0
48880,3.0,13.0
48759,4.0,13.0
48971,6.0,12.0
49938,0.0,2.0
21683,6.0,15.0
17653,3.0,9.0
17688,1.0,13.0
12205,3.0,18.0
29958,1.0,19.0
2094,2.0,16.0
34818,3.0,10.0
38566,5.0,16.0
36073,2.0,18.0
29230,2.0,19.0
32173,,13.0
19647,3.0,11.0
47047,0.0,1.0
822,4.0,13.0
42816,7.0,13.0
42886,1.0,17.0
48240,0.0,0.0
47063,4.0,11.0
31583,3.0,14.0
39511,2.0,15.0
528,3.0,14.0
48907,6.0,13.0
8577,2.0,13.0
32756,4.0,18.0
30527,3.0,
46709,4.0,12.0
8826,2.0,8.0
4477,4.0,5.0
37708,3.0,17.0
13386,4.0,11.0
7240,0.0,2.0
17542,4.0,11.0
29309,3.0,12.0
26078,5.0,8.0
37058,3.0,14.0
30518,3.0,11.0
45015,0.0,1.0
33473,5.0,17.0
9758,4.0,11.0
38571,0.0,11.0
21472,7.0,15.0
10194,0.0,4.0
40637,2.0,12.0
20488,3.0,15.0
20060,,7.0
47676,0.0,3.0
49771,5.0,13.0
24342,7.0,8.0
6230,1.0,10.0
45495,3.0,13.0
42653,,8.0
45376,3.0,12.0
40564,4.0,10.0
19427,4.0,9.0
41978,1.0,10.0
39967,2.0,
37580,1.0,8.0
3267,4.0,10.0
16482,6.0,12.0
7905,2.0,23.0
21480,2.0,17.0
46397,6.0,13.0
47288,1.0,13.0
40171,2.0,9.0
3284,0.0,9.0
13830,7.0,21.0
19667,6.0,20.0
26780,6.0,130.0
3933,5.0,19.0
38495,4.0,17.0
44614,0.0,6.0
3371,6.0,13.0
2272,5.0,19.0
43231,5.0,9.0
34947,4.0,18.0
41160,1.0,9.0
14745,2.0,7.0
26571,4.0,11.0
11859,3.0,17.0
26199,2.0,19.0
3237,2.0,16.0
11943,0.0,15.0
28662,3.0,11.0
26941,0.0,5.0
29827,7.0,18.0
8997,6.0,13.0
36862,3.0,16.0
37995,1.0,16.0
18982,3.0,
42706,4.0,12.0
12762,3.0,14.0
22451,,11.0
40244,1.0,14.0
44942,1.0,16.0
3345,1.0,15.0
1728,0.0,12.0
3624,2.0,11.0
32805,0.0,0.0
22193,4.0,15.0
48698,0.0,2.0
46437,3.0,20.0
33821,3.0,19.0
7385,4.0,8.0
44116,7.0,15.0
46599,1.0,15.0
16483,4.0,22.0
18746,3.0,12.0
5257,5.0,18.0
37726,0.0,8.0
31558,2.0,22.0
7126,2.0,14.0
16437,5.0,100.0
49709,4.0,13.0
28047,1.0,15.0
29018,2.0,15.0
2144,5.0,11.0
1094,2.0,14.0
40186,2.0,18.0
39367,4.0,12.0
45680,0.0,1.0
15486,3.0,11.0
12060,1.0,13.0
44196,2.0,15.0
43292,0.0,6.0
739,,23.0
40371,2.0,
21990,6.0,13.0
49038,0.0,4.0
45840,5.0,14.0
31565,8.0,10.0
47763,2.0,18.0
28351,0.0,4.0
48932,3.0,18.0
13959,3.0,14.0
9508,2.0,17.0
10155,3.0,15.0
13842,6.0,16.0
19479,5.0,16.0
46973,4.0,14.0
47055,6.0,19.0
25479,0.0,4.0
36063,4.0,18.0
16235,0.0,13.0
45144,5.0,8.0
8730,5.0,
17123,,11.0
21531,4.0,13.0
14491,7.0,16.0
1472,6.0,20.0
20029,3.0,11.0
3177,4.0,9.0
15543,4.0,18.0
6894,3.0,14.0
17126,4.0,13.0
44418,,13.0
12863,0.0,10.0
44169,,11.0
44486,1.0,16.0
12882,6.0,13.0
28231,3.0,15.0
35475,4.0,12.0
11882,5.0,15.0
15905,3.0,16.0
8540,2.0,13.0
16223,4.0,9.0
1769,4.0,11.0
7220,3.0,14.0
47161,0.0,1.0
49575,4.0,8.0
27060,4.0,8.0
31003,1.0,14.0
4892,3.0,18.0
42899,0.0,2.0
17312,,7.0
18765,,9.0
21102,3.0,14.0
6847,2.0,16.0
15361,6.0,8.0
26707,3.0,
34577,0.0,10.0
28503,3.0,15.0
6315,0.0,13.0
13707,0.0,3.0
19369,5.0,130.0
3348,2.0,17.0
23924,7.0,17.0
33510,6.0,10.0
10117,1.0,20.0
14399,2.0,14.0
15459,0.0,18.0
14241,5.0,12.0
7889,5.0,9.0
9383,5.0,13.0
39046,5.0,21.0
47393,4.0,19.0
29817,,17.0
16464,3.0,10.0
23633,5.0,14.0
7788,2.0,11.0
47674,4.0,11.0
21166,4.0,14.0
24840,1.0,15.0
18959,0.0,1.0
45480,3.0,
8194,0.0,2.0
22931,4.0,15.0
15649,1.0,19.0
14395,4.0,14.0
30780,4.0,14.0
31584,2.0,10.0
43820,3.0,17.0
48664,4.0,9.0
24611,4.0,15.0
11671,2.0,9.0
40667,0.0,4.0
26812,3.0,12.0
27389,4.0,18.0
34928,2.0,23.0
23772,0.0,3.0
32497,2.0,17.0
20178,4.0,12.0
44599,3.0,15.0
11896,6.0,17.0
45228,4.0,14.0
21967,5.0,17.0
47183,5.0,14.0
2705,2.0,15.0
10239,3.0,16.0
36234,0.0,3.0
20562,5.0,11.0
45103,1.0,17.0
18817,5.0,13.0
14335,5.0,16.0
23775,2.0,12.0
302,1.0,13.0
20086,3.0,16.0
19648,3.0,11.0
19670,5.0,18.0
25823,2.0,13.0
15332,,8.0
19657,2.0,15.0
29378,3.0,17.0
27961,6.0,12.0
33736,4.0,19.0
25020,5.0,14.0
49323,5.0,13.0
46913,3.0,14.0
45692,1.0,9.0
26865,4.0,13.0
10515,3.0,23.0
32648,5.0,16.0
729,4.0,11.0
49737,3.0,11.0
10353,2.0,11.0
22681,3.0,11.0
8671,2.0,11.0
12467,6.0,11.0
17644,0.0,1.0
19867,2.0,19.0
23191,0.0,4.0
11720,4.0,12.0
40180,,14.0
41672,2.0,16.0
31682,7.0,14.0
28462,1.0,17.0
43009,1.0,7.0
6879,5.0,18.0
32908,3.0,19.0
4392,0.0,4.0
8680,4.0,13.0
44015,4.0,22.0
13179,3.0,6.0
42059,2.0,7.0
4085,3.0,8.0
41648,5.0,16.0
29167,2.0,12.0
32603,6.0,20.0
14072,6.0,10.0
23683,3.0,12.0
17504,5.0,10.0
40781,1.0,10.0
11697,4.0,16.0
3684,3.0,10.0
32456,0.0,2.0
9611,6.0,14.0
31784,4.0,16.0
42981,5.0,11.0
15388,1.0,18.0
15767,2.0,16.0
45344,3.0,8.0
2836,6.0,
23908,7.0,11.0
35306,0.0,3.0
8146,6.0,10.0
32610,1.0,
26365,8.0,19.0
6204,4.0,19.0
10978,2.0,15.0
41143,2.0,20.0
16189,2.0,15.0
10100,7.0,15.0
42992,5.0,13.0
22310,0.0,3.0
22065,6.0,20.0
10927,4.0,13.0
33603,3.0,11.0
36180,1.0,18.0
12159,4.0,13.0
30847,4.0,7.0
42295,1.0,17.0
39083,3.0,15.0
13583,4.0,17.0
43213,2.0,8.0
29430,0.0,
12246,5.0,
25190,3.0,16.0
33085,2.0,15.0
39845,4.0,18.0
836,3.0,17.0
12755,4.0,13.0
18929,0.0,18.0
15977,4.0,17.0
20602,5.0,18.0
43513,4.0,9.0
8347,5.0,13.0
2311,6.0,14.0
19318,3.0,14.0
41470,5.0,7.0
10092,1.0,5.0
21827,0.0,3.0
22087,2.0,16.0
21065,3.0,14.0
21270,0.0,11.0
36895,3.0,11.0
35436,2.0,12.0
31711,1.0,12.0
26186,4.0,21.0
44427,2.0,11.0
42621,7.0,18.0
32156,5.0,7.0
795,3.0,16.0
10618,1.0,15.0
3198,4.0,5.0
15589,4.0,12.0
25511,5.0,13.0
6175,6.0,16.0
45030,2.0,8.0
15173,2.0,15.0
33018,1.0,15.0
33126,6.0,17.0
11914,6.0,8.0
19181,,18.0
39841,5.0,10.0
49584,1.0,12.0
13524,3.0,10.0
2535,3.0,10.0
49057,4.0,17.0
21525,2.0,14.0
14188,2.0,12.0
6829,4.0,11.0
5850,3.0,10.0
33796,3.0,21.0
25166,1.0,
24387,4.0,19.0
18747,4.0,17.0
36843,4.0,10.0
42373,4.0,14.0
40931,3.0,8.0
15337,3.0,12.0
1718,1.0,12.0
4863,3.0,16.0
29145,3.0,11.0
46106,2.0,10.0
46440,6.0,14.0
12089,0.0,5.0
10969,3.0,15.0
45399,0.0,17.0
4430,3.0,10.0
13118,3.0,20.0
47500,0.0,3.0
40804,3.0,18.0
16837,0.0,6.0
39558,0.0,13.0
7395,5.0,16.0
44757,2.0,16.0
8085,2.0,16.0
43678,0.0,
10991,6.0,12.0
18453,2.0,12.0
9795,0.0,1.0
2757,0.0,1.0
44226,2.0,10.0
7948,1.0,15.0
29928,4.0,17.0
29944,4.0,12.0
3859,5.0,10.0
9888,1.0,12.0
26024,3.0,16.0
37070,4.0,13.0
636,2.0,15.0
48519,5.0,11.0
25525,4.0,16.0
17584,4.0,17.0
6362,,10.0
34657,4.0,16.0
4487,1.0,9.0
46589,0.0,19.0
28497,0.0,20.0
17788,4.0,24.0
36967,2.0,11.0
27591,5.0,9.0
6733,4.0,13.0
16771,6.0,13.0
4604,1.0,16.0
17723,0.0,
43776,1.0,21.0
35364,3.0,18.0
10660,2.0,15.0
23092,1.0,12.0
43509,5.0,15.0
44134,3.0,15.0
45147,5.0,13.0
36208,5.0,21.0
5474,3.0,8.0
14207,3.0,13.0
49604,4.0,19.0
35974,1.0,17.0
21997,1.0,17.0
10331,3.0,19.0
17451,1.0,19.0
18170,5.0,13.0
24228,4.0,15.0
19638,0.0,17.0
16000,,17.0
30424,2.0,22.0
7359,5.0,9.0
18643,3.0,21.0
2596,5.0,12.0
38286,4.0,10.0
9920,3.0,17.0
16806,4.0,15.0
18224,3.0,12.0
40737,0.0,5.0
15847,3.0,16.0
30942,5.0,13.0
44234,1.0,18.0
41819,3.0,14.0
17541,6.0,14.0
25085,3.0,17.0
32201,0.0,6.0
11958,2.0,11.0
27414,2.0,11.0
11805,2.0,12.0
3759,3.0,20.0
26047,2.0,9.0
33244,1.0,
27480,0.0,2.0
23852,2.0,10.0
43022,0.0,3.0
38884,5.0,15.0
1781,3.0,14.0
7813,0.0,1.0
38602,0.0,15.0
16128,6.0,15.0
19023,5.0,15.0
7437,2.0,13.0
4672,1.0,25.0
9002,0.0,5.0
27011,5.0,10.0
33878,8.0,9.0
38466,,17.0
4917,4.0,12.0
12816,2.0,12.0
8018,2.0,17.0
23426,3.0,19.0
47707,6.0,13.0
17636,4.0,12.0
33857,3.0,13.0
7951,7.0,16.0
33199,2.0,16.0
12210,0.0,13.0
986,0.0,20.0
9193,1.0,5.0
21658,8.0,15.0
46585,6.0,14.0
684,3.0,22.0
18003,5.0,19.0
17432,1.0,12.0
2718,3.0,14.0
47602,0.0,2.0
29677,0.0,15.0
32178,0.0,19.0
18847,4.0,10.0
21992,10.0,14.0
13288,2.0,14.0
4828,3.0,10.0
19221,0.0,1.0
31055,0.0,7.0
43896,4.0,17.0
477,1.0,18.0
32552,2.0,13.0
49317,5.0,
16441,4.0,17.0
43431,1.0,15.0
34052,4.0,12.0
41033,4.0,15.0
41777,4.0,20.0
32300,2.0,12.0
27960,2.0,12.0
29188,4.0,16.0
32676,5.0,15.0
26772,4.0,12.0
2726,3.0,18.0
43830,5.0,17.0
11864,6.0,8.0
507,0.0,4.0
7758,,5.0
20204,4.0,8.0
26140,3.0,18.0
14049,4.0,15.0
23759,9.0,11.0
32301,5.0,10.0
46096,1.0,15.0
32446,9.0,8.0
33190,6.0,16.0
24541,5.0,13.0
37315,2.0,9.0
39783,9.0,17.0
30353,3.0,12.0
18871,2.0,15.0
31491,1.0,8.0
39154,4.0,
39005,4.0,15.0
36374,4.0,12.0
8359,2.0,11.0
16065,6.0,10.0
40355,2.0,9.0
11702,4.0,15.0
12915,9.0,16.0
36679,5.0,17.0
11108,5.0,16.0
32187,5.0,22.0
16887,5.0,18.0
48711,0.0,2.0
32050,3.0,11.0
15308,2.0,11.0
14976,2.0,19.0
12486,1.0,10.0
37787,1.0,16.0
13503,0.0,14.0
24762,1.0,9.0
43314,2.0,13.0
48761,4.0,16.0
2971,4.0,12.0
10538,3.0,10.0
19888,6.0,15.0
29304,3.0,17.0
19349,2.0,16.0
36186,3.0,14.0
49760,5.0,13.0
12315,2.0,16.0
44701,3.0,17.0
34039,3.0,22.0
28459,,18.0
39565,2.0,18.0
39614,3.0,17.0
28473,4.0,10.0
25461,1.0,14.0
15935,4.0,9.0
9140,5.0,13.0
26854,8.0,15.0
8208,2.0,18.0
49322,4.0,17.0
43936,1.0,15.0
49261,0.0,1.0
41793,3.0,17.0
15411,0.0,11.0
31075,1.0,8.0
15209,4.0,13.0
8665,1.0,18.0
16657,4.0,23.0
20756,3.0,23.0
1774,5.0,
41765,4.0,16.0
44946,2.0,
24682,7.0,11.0
47974,0.0,1.0
48624,7.0,23.0
48788,3.0,11.0
43883,5.0,17.0
17074,1.0,12.0
12969,0.0,3.0
38770,3.0,16.0
16941,1.0,16.0
34204,2.0,8.0
22684,4.0,9.0
113,4.0,10.0
3497,6.0,14.0
13178,4.0,13.0
23393,5.0,10.0
36428,2.0,15.0
11644,2.0,15.0
42062,7.0,
4321,0.0,3.0
5843,0.0,4.0
22093,1.0,19.0
18956,0.0,10.0
36597,0.0,13.0
46758,0.0,
35626,1.0,25.0
15351,3.0,10.0
40489,0.0,3.0
4572,0.0,16.0
21504,4.0,
13099,4.0,14.0
35127,7.0,14.0
47564,4.0,12.0
23966,5.0,19.0
18080,0.0,13.0
45024,5.0,18.0
44974,4.0,14.0
9819,2.0,15.0
48552,2.0,9.0
26153,0.0,16.0
31970,2.0,13.0
35472,3.0,
23447,1.0,100.0
36338,3.0,13.0
2496,0.0,3.0
35546,0.0,4.0
22695,2.0,14.0
29972,2.0,22.0
13879,2.0,13.0
34620,3.0,19.0
11323,3.0,10.0
38216,0.0,3.0
32868,4.0,10.0
31176,2.0,11.0
16666,2.0,8.0
43054,0.0,0.0
37071,0.0,3.0
20917,5.0,8.0
45616,5.0,17.0
32415,1.0,17.0
23278,2.0,17.0
32359,2.0,13.0
13020,3.0,17.0
38605,1.0,15.0
24267,0.0,
42344,1.0,15.0
18528,7.0,13.0
11729,5.0,16.0
21260,4.0,140.0
25029,2.0,19.0
15916,4.0,13.0
32872,2.0,18.0
20492,6.0,14.0
37177,5.0,13.0
36350,,7.0
37222,5.0,16.0
20733,3.0,16.0
24181,2.0,12.0
14463,0.0,3.0
28613,3.0,15.0
19803,3.0,13.0
35682,3.0,10.0
15708,0.0,3.0
36495,4.0,14.0
3924,2.0,21.0
756,2.0,8.0
2327,3.0,13.0
49265,7.0,12.0
26884,0.0,12.0
49812,5.0,10.0
23723,4.0,17.0
7980,2.0,20.0
37006,3.0,10.0
29588,1.0,15.0
27751,,13.0
39993,0.0,13.0
11935,0.0,18.0
46988,2.0,
39229,2.0,14.0
16766,4.0,13.0
12688,1.0,15.0
43451,0.0,3.0
6368,,11.0
46221,3.0,16.0
33990,3.0,14.0
3813,4.0,15.0
9232,2.0,20.0
6729,3.0,8.0
16227,3.0,14.0
40954,2.0,16.0
23361,3.0,9.0
37630,5.0,7.0
20037,5.0,8.0
21370,3.0,13.0
2104,2.0,
42927,4.0,13.0
29850,4.0,11.0
13746,2.0,17.0
40297,0.0,1.0
44618,1.0,19.0
4163,1.0,20.0
47169,3.0,19.0
10767,2.0,14.0
8375,2.0,8.0
48801,3.0,17.0
32530,3.0,14.0
21439,2.0,16.0
34760,5.0,9.0
31212,0.0,2.0
24539,2.0,15.0
45069,4.0,17.0
39360,2.0,11.0
11408,1.0,15.0
10302,4.0,19.0
21718,2.0,11.0
2282,3.0,18.0
37031,2.0,16.0
33319,3.0,14.0
22402,1.0,12.0
48343,1.0,16.0
2633,1.0,11.0
28618,4.0,15.0
3956,5.0,19.0
24673,3.0,
12043,3.0,17.0
44976,2.0,9.0
1433,1.0,10.0
39055,3.0,13.0
407,0.0,17.0
17190,3.0,18.0
16307,2.0,12.0
37301,5.0,16.0
4475,6.0,14.0
37858,0.0,3.0
25157,5.0,12.0
36836,0.0,1.0
38565,4.0,13.0
36120,5.0,8.0
42648,0.0,6.0
7089,2.0,13.0
24868,3.0,12.0
25558,3.0,14.0
16106,2.0,9.0
21416,0.0,3.0
21249,2.0,10.0
12423,3.0,11.0
37024,4.0,17.0
38829,2.0,10.0
25684,2.0,8.0
24985,4.0,15.0
42254,4.0,18.0
49020,3.0,17.0
2126,0.0,7.0
13012,3.0,10.0
21707,0.0,12.0
32981,1.0,13.0
5308,5.0,11.0
33811,1.0,15.0
30825,7.0,13.0
34921,3.0,19.0
15812,0.0,13.0
11032,2.0,16.0
39909,0.0,1.0
32326,4.0,11.0
25186,1.0,10.0
40330,0.0,4.0
18281,7.0,19.0
39413,5.0,8.0
43169,1.0,14.0
48213,2.0,16.0
36585,1.0,10.0
30231,0.0,2.0
42454,3.0,15.0
39582,6.0,11.0
42365,3.0,22.0
5207,2.0,11.0
10641,3.0,17.0
18221,1.0,15.0
47968,4.0,10.0
25964,2.0,13.0
46736,1.0,12.0
15662,4.0,9.0
9255,0.0,6.0
12149,5.0,13.0
40007,2.0,9.0
28612,6.0,17.0
8079,0.0,13.0
21402,3.0,12.0
11818,2.0,10.0
40378,5.0,18.0
49118,3.0,13.0
20475,,18.0
46075,7.0,16.0
30761,0.0,3.0
15163,2.0,8.0
33279,5.0,9.0
13278,4.0,17.0
23550,2.0,12.0
23064,6.0,15.0
38240,5.0,11.0
13715,4.0,16.0
24864,5.0,11.0
35029,4.0,17.0
45846,3.0,14.0
14742,3.0,14.0
28674,0.0,16.0
25231,2.0,11.0
17515,3.0,16.0
27399,6.0,11.0
13236,3.0,17.0
38680,3.0,14.0
9114,3.0,16.0
45417,0.0,1.0
42636,4.0,12.0
29315,6.0,9.0
45274,4.0,14.0
31319,3.0,12.0
25975,4.0,16.0
46716,4.0,12.0
7862,0.0,1.0
44803,0.0,4.0
36949,3.0,18.0
48331,3.0,13.0
22059,4.0,9.0
28706,0.0,13.0
43024,5.0,16.0
44053,,7.0
38641,0.0,0.0
2940,3.0,110.0
14298,1.0,15.0
42475,3.0,14.0
12397,2.0,12.0
46818,6.0,17.0
13415,3.0,16.0
28050,4.0,11.0
34226,0.0,11.0
24285,0.0,1.0
18116,3.0,10.0
8695,3.0,15.0
3953,5.0,12.0
34603,5.0,21.0
35303,1.0,11.0
14743,2.0,10.0
41844,3.0,12.0
40742,2.0,
35157,5.0,15.0
39082,7.0,17.0
37657,2.0,15.0
28029,1.0,10.0
38729,1.0,15.0
35064,3.0,9.0
37590,2.0,13.0
48741,1.0,13.0
42458,5.0,16.0
16526,4.0,12.0
5603,2.0,18.0
8294,4.0,19.0
36458,5.0,14.0
12754,3.0,12.0
7185,3.0,20.0
23409,0.0,3.0
32353,3.0,14.0
30113,3.0,12.0
12347,6.0,21.0
13648,2.0,17.0
45207,3.0,9.0
21114,4.0,15.0
49439,4.0,9.0
4311,5.0,12.0
47929,3.0,
31060,3.0,
37994,3.0,15.0
47940,2.0,11.0
9694,5.0,13.0
34787,5.0,16.0
41606,,13.0
7565,6.0,12.0
14770,3.0,11.0
6551,2.0,23.0
41969,2.0,100.0
47631,5.0,13.0
4051,2.0,12.0
38279,3.0,14.0
38975,1.0,14.0
3644,6.0,21.0
15849,2.0,6.0
36896,4.0,17.0
46233,6.0,17.0
4531,1.0,11.0
43112,4.0,14.0
14654,3.0,8.0
40591,3.0,14.0
41722,3.0,10.0
23885,2.0,15.0
25423,3.0,14.0
7392,3.0,10.0
463,5.0,12.0
5395,4.0,20.0
49975,2.0,14.0
5957,7.0,13.0
13376,1.0,18.0
19185,5.0,20.0
23938,3.0,10.0
25637,4.0,7.0
48313,3.0,14.0
42702,2.0,14.0
4804,6.0,11.0
47816,0.0,18.0
5561,4.0,14.0
23142,3.0,14.0
23881,5.0,13.0
3913,2.0,10.0
20972,5.0,18.0
44991,4.0,6.0
14497,10.0,11.0
32145,3.0,
10391,5.0,19.0
31144,6.0,14.0
24622,0.0,4.0
44688,3.0,13.0
25933,2.0,13.0
10925,3.0,9.0
3283,3.0,10.0
47908,3.0,17.0
41255,3.0,13.0
47011,3.0,16.0
28927,2.0,10.0
49369,2.0,19.0
45265,1.0,15.0
43506,1.0,15.0
38338,0.0,8.0
49395,0.0,2.0
630,5.0,16.0
41634,5.0,14.0
45849,2.0,18.0
34246,1.0,10.0
23068,3.0,7.0
14682,5.0,11.0
39087,2.0,13.0
24897,8.0,9.0
18906,0.0,4.0
48944,6.0,24.0
2556,,13.0
16479,0.0,1.0
3718,2.0,14.0
28848,2.0,19.0
47585,2.0,26.0
48210,3.0,
10268,0.0,15.0
48811,,10.0
49525,1.0,10.0
8828,2.0,13.0
14165,2.0,11.0
47488,5.0,13.0
21511,0.0,3.0
34723,1.0,19.0
30650,3.0,19.0
47057,4.0,20.0
15244,2.0,17.0
37672,2.0,11.0
11220,1.0,11.0
19052,4.0,20.0
11403,5.0,14.0
25841,4.0,15.0
39358,4.0,12.0
616,0.0,3.0
2320,,9.0
16971,3.0,120.0
18554,0.0,1.0
6485,,10.0
26695,3.0,12.0
22945,4.0,13.0
4054,2.0,11.0
21742,4.0,15.0
46285,1.0,11.0
18631,0.0,7.0
31464,2.0,13.0
12634,2.0,14.0
44148,1.0,11.0
309,0.0,5.0
13489,3.0,13.0
9734,2.0,18.0
13225,4.0,16.0
29158,3.0,12.0
35005,4.0,160.0
18669,4.0,16.0
49403,2.0,12.0
40313,8.0,18.0
20368,0.0,1.0
24759,5.0,9.0
4035,2.0,21.0
29701,1.0,20.0
12298,3.0,13.0
32143,0.0,2.0
24653,3.0,11.0
13059,2.0,15.0
12045,2.0,12.0
40750,0.0,3.0
48563,5.0,14.0
4736,6.0,12.0
25374,,12.0
21561,5.0,17.0
34404,3.0,12.0
13036,4.0,12.0
3097,6.0,16.0
16149,4.0,10.0
40537,,0.0
37544,0.0,16.0
2093,4.0,20.0
47769,2.0,10.0
19027,6.0,20.0
13083,7.0,11.0
13297,2.0,18.0
35387,2.0,20.0
31473,3.0,24.0
33032,0.0,2.0
34569,4.0,19.0
38999,0.0,5.0
27784,5.0,16.0
34462,4.0,9.0
26618,3.0,9.0
20952,1.0,9.0
19382,2.0,17.0
47175,2.0,14.0
14586,3.0,12.0
45750,0.0,8.0
18576,3.0,16.0
17919,4.0,15.0
26291,5.0,14.0
48821,3.0,17.0
7588,3.0,11.0
39243,1.0,16.0
39523,5.0,21.0
38888,6.0,11.0
29255,5.0,11.0
24059,4.0,12.0
21387,4.0,16.0
9337,3.0,10.0
43940,4.0,16.0
42727,2.0,14.0
41059,4.0,12.0
37372,3.0,15.0
6999,2.0,24.0
29632,1.0,17.0
21441,4.0,14.0
33037,6.0,13.0
1515,0.0,7.0
13097,6.0,15.0
49327,1.0,9.0
16507,0.0,4.0
40504,2.0,15.0
27116,5.0,9.0
6181,2.0,15.0
33380,4.0,17.0
1091,5.0,20.0
15317,3.0,16.0
23840,7.0,12.0
31777,3.0,13.0
25790,0.0,1.0
49314,1.0,14.0
47396,4.0,15.0
7801,5.0,19.0
8638,0.0,2.0
19223,3.0,14.0
1161,1.0,16.0
29287,0.0,1.0
35320,2.0,10.0
31650,3.0,9.0
47384,7.0,15.0
34630,0.0,7.0
9602,1.0,18.0
43325,4.0,19.0
12914,0.0,1.0
41579,6.0,9.0
41706,4.0,19.0
17786,2.0,16.0
43041,2.0,18.0
41200,4.0,21.0
36058,0.0,1.0
41788,0.0,4.0
2921,3.0,15.0
7737,9.0,18.0
15527,4.0,22.0
43161,4.0,9.0
21146,4.0,9.0
9902,2.0,16.0
7705,1.0,10.0
22194,2.0,18.0
39349,1.0,
5418,3.0,10.0
43586,3.0,12.0
4800,1.0,12.0
41910,5.0,20.0
44200,4.0,15.0
47381,2.0,
10293,3.0,15.0
21639,2.0,9.0
30723,0.0,3.0
38979,5.0,110.0
43165,4.0,14.0
30730,4.0,15.0
42869,1.0,17.0
10252,1.0,13.0
47656,4.0,21.0
381,7.0,14.0
39023,2.0,11.0
46625,0.0,11.0
15275,4.0,8.0
4224,3.0,7.0
3844,2.0,14.0
47781,1.0,10.0
33817,5.0,13.0
49326,1.0,15.0
1421,3.0,12.0
5018,4.0,15.0
26145,1.0,
39501,7.0,26.0
4954,0.0,5.0
15837,,12.0
33900,1.0,11.0
19741,2.0,12.0
29077,3.0,14.0
21958,5.0,14.0
40407,1.0,15.0
27629,0.0,1.0
12834,4.0,10.0
30393,0.0,3.0
6509,3.0,11.0
34649,3.0,14.0
15700,1.0,18.0
1203,4.0,12.0
34363,0.0,1.0
10418,1.0,110.0
44069,,16.0
24555,4.0,16.0
15721,5.0,14.0
1748,0.0,13.0
14942,4.0,15.0
34631,1.0,10.0
161,1.0,16.0
48425,2.0,13.0
6820,3.0,15.0
13840,3.0,19.0
17434,1.0,22.0
22020,0.0,1.0
36575,2.0,
334,4.0,9.0
40526,7.0,13.0
2812,4.0,15.0
27145,5.0,10.0
37870,5.0,17.0
41891,3.0,11.0
44590,0.0,4.0
9000,2.0,16.0
43680,5.0,17.0
27619,4.0,20.0
22068,1.0,5.0
28864,5.0,12.0
6530,0.0,3.0
37738,1.0,13.0
12223,3.0,15.0
32482,4.0,9.0
1305,3.0,10.0
47178,1.0,14.0
24915,3.0,15.0
25417,5.0,16.0
37816,3.0,16.0
3364,3.0,9.0
42008,3.0,15.0
2685,2.0,19.0
21870,0.0,11.0
31803,3.0,9.0
19341,5.0,19.0
18550,,19.0
49334,3.0,9.0
42943,4.0,17.0
23486,3.0,24.0
23181,4.0,13.0
45287,1.0,15.0
3400,4.0,17.0
41792,4.0,21.0
4866,,15.0
32043,2.0,16.0
11713,0.0,5.0
43885,0.0,2.0
42139,5.0,17.0
23867,2.0,14.0
25406,2.0,8.0
30703,0.0,18.0
49350,3.0,13.0
46128,5.0,10.0
17217,5.0,4.0
5609,6.0,15.0
664,7.0,18.0
25806,5.0,10.0
28574,2.0,15.0
38113,4.0,22.0
10087,9.0,15.0
45098,3.0,22.0
10758,0.0,12.0
4731,0.0,1.0
6247,4.0,13.0
37986,2.0,8.0
37365,4.0,18.0
42263,5.0,15.0
37261,1.0,21.0
2457,3.0,17.0
14982,2.0,20.0
33977,4.0,14.0
29189,3.0,13.0
44660,2.0,7.0
20648,5.0,15.0
10499,2.0,11.0
12967,3.0,15.0
77,6.0,11.0
38044,7.0,10.0
24221,0.0,6.0
48321,1.0,17.0
20537,3.0,11.0
14691,0.0,15.0
27327,1.0,17.0
42404,3.0,7.0
17735,2.0,15.0
8711,3.0,14.0
11321,4.0,9.0
31018,6.0,22.0
25386,5.0,15.0
46583,4.0,17.0
12819,2.0,15.0
13838,2.0,13.0
28243,2.0,8.0
1040,0.0,0.0
11573,2.0,15.0
2863,2.0,9.0
20446,7.0,16.0
48905,4.0,15.0
37745,0.0,3.0
10366,2.0,15.0
45786,7.0,18.0
39709,2.0,19.0
29592,0.0,17.0
26099,0.0,3.0
2114,8.0,11.0
3806,6.0,15.0
22934,1.0,17.0
16725,0.0,4.0
27427,3.0,13.0
3939,2.0,14.0
14563,,21.0
5305,6.0,16.0
20934,1.0,23.0
2121,2.0,14.0
1194,3.0,10.0
35612,5.0,18.0
19749,7.0,14.0
16882,5.0,13.0
31822,4.0,9.0
25711,2.0,11.0
19294,5.0,15.0
13319,3.0,9.0
11680,7.0,17.0
34761,,11.0
34541,0.0,2.0
18280,2.0,14.0
7411,3.0,16.0
26236,0.0,3.0
32160,3.0,7.0
319,4.0,9.0
31809,3.0,12.0
44256,1.0,6.0
49922,4.0,10.0
4637,5.0,13.0
26670,5.0,10.0
25045,6.0,12.0
3206,1.0,16.0
39399,0.0,1.0
17908,2.0,12.0
4955,1.0,17.0
31112,0.0,9.0
4334,1.0,15.0
36544,0.0,2.0
19149,6.0,16.0
12102,3.0,22.0
27773,,11.0
46101,4.0,16.0
29918,3.0,14.0
4349,2.0,8.0
35628,0.0,16.0
18945,3.0,14.0
23526,2.0,13.0
16808,2.0,10.0
187,3.0,14.0
45055,4.0,13.0
5232,2.0,12.0
1677,0.0,16.0
1614,5.0,18.0
38110,0.0,1.0
47076,1.0,9.0
22896,3.0,13.0
33970,2.0,9.0
13586,0.0,5.0
41398,0.0,7.0
4115,2.0,17.0
32365,2.0,18.0
14731,0.0,17.0
47195,2.0,
21375,3.0,11.0
14803,4.0,15.0
41517,4.0,10.0
31301,0.0,4.0
13313,2.0,18.0
27673,0.0,2.0
12758,1.0,12.0
8015,2.0,21.0
44008,5.0,15.0
27466,1.0,19.0
32794,6.0,20.0
37453,2.0,16.0
11985,3.0,6.0
43709,0.0,15.0
7398,1.0,13.0
29839,7.0,14.0
12699,5.0,19.0
47212,3.0,10.0
25183,4.0,12.0
23807,0.0,2.0
16934,1.0,17.0
20092,3.0,16.0
30198,2.0,13.0
23820,2.0,15.0
24070,2.0,14.0
18798,1.0,14.0
2032,3.0,10.0
7440,6.0,14.0
16232,3.0,14.0
39351,6.0,12.0
23488,0.0,14.0
10915,2.0,12.0
38041,3.0,9.0
2930,3.0,15.0
30301,3.0,16.0
21710,3.0,17.0
16005,4.0,16.0
20387,6.0,8.0
16198,5.0,6.0
1658,9.0,19.0
43910,4.0,11.0
34138,3.0,18.0
47120,2.0,17.0
5350,2.0,15.0
46131,2.0,11.0
40614,2.0,12.0
4694,3.0,20.0
43026,0.0,14.0
32613,6.0,16.0
2314,1.0,12.0
28836,0.0,3.0
29664,2.0,17.0
34245,2.0,13.0
10764,1.0,19.0
37543,3.0,12.0
5651,2.0,11.0
32754,1.0,10.0
36093,3.0,9.0
10690,7.0,12.0
6599,6.0,8.0
13092,1.0,14.0
3209,2.0,18.0
4609,3.0,12.0
3397,5.0,13.0
18151,0.0,13.0
9789,6.0,17.0
47689,0.0,2.0
49034,2.0,19.0
32288,4.0,11.0
9775,0.0,0.0
22517,7.0,13.0
46879,3.0,12.0
48311,3.0,19.0
9511,3.0,15.0
4241,5.0,14.0
19246,2.0,9.0
33885,1.0,11.0
48107,3.0,80.0
46321,0.0,2.0
25331,2.0,11.0
46513,6.0,9.0
20191,4.0,13.0
7703,2.0,14.0
8423,1.0,
20605,6.0,17.0
34970,4.0,22.0
30801,6.0,15.0
12095,0.0,0.0
5325,2.0,16.0
24576,2.0,16.0
38938,4.0,20.0
26316,1.0,26.0
23495,5.0,18.0
46135,,16.0
12597,6.0,
4747,1.0,18.0
8384,1.0,100.0
37827,10.0,15.0
12171,2.0,8.0
710,4.0,16.0
39061,3.0,22.0
4003,0.0,18.0
27370,2.0,17.0
9141,0.0,1.0
11687,2.0,19.0
34743,3.0,17.0
14866,1.0,16.0
703,3.0,12.0
41354,0.0,16.0
36210,0.0,4.0
43856,3.0,16.0
37705,5.0,13.0
15959,4.0,11.0
36709,4.0,20.0
893,0.0,2.0
27880,2.0,13.0
42924,4.0,16.0
41074,2.0,16.0
45874,3.0,10.0
20141,1.0,10.0
37447,1.0,11.0
40852,3.0,17.0
31797,4.0,13.0
6352,3.0,14.0
49627,4.0,12.0
5589,3.0,16.0
14864,5.0,10.0
24891,6.0,17.0
41624,3.0,13.0
27769,1.0,9.0
32403,4.0,17.0
30293,5.0,13.0
31099,6.0,9.0
10766,6.0,17.0
28133,3.0,23.0
24301,3.0,11.0
10501,2.0,13.0
27328,3.0,14.0
31785,1.0,20.0
8987,1.0,14.0
44246,0.0,3.0
4600,5.0,5.0
20433,5.0,8.0
16805,0.0,18.0
10311,2.0,12.0
44644,5.0,12.0
49474,4.0,23.0
44009,3.0,13.0
35522,5.0,14.0
21211,4.0,14.0
20038,5.0,9.0
8337,0.0,3.0
17048,3.0,11.0
23394,2.0,9.0
20512,2.0,15.0
21274,1.0,12.0
27352,6.0,14.0
47584,1.0,10.0
8949,4.0,14.0
43842,10.0,11.0
3584,4.0,11.0
8227,2.0,15.0
1805,4.0,15.0
12862,2.0,17.0
2689,4.0,12.0
30722,1.0,9.0
30083,3.0,9.0
34315,1.0,14.0
47375,3.0,16.0
43317,2.0,14.0
428,0.0,4.0
22670,3.0,12.0
24984,4.0,16.0
44325,3.0,17.0
43079,5.0,10.0
13428,3.0,
10593,2.0,10.0
11458,4.0,16.0
47642,4.0,7.0
48623,,13.0
33164,0.0,12.0
39885,3.0,12.0
5674,5.0,18.0
11631,3.0,14.0
49351,4.0,10.0
28062,1.0,8.0
21086,4.0,
5719,4.0,16.0
14979,3.0,10.0
49661,3.0,8.0
18926,2.0,9.0
5101,2.0,7.0
27290,0.0,0.0
9464,0.0,16.0
17254,1.0,20.0
24686,7.0,15.0
6367,5.0,18.0
30337,2.0,17.0
36422,5.0,14.0
5356,2.0,17.0
38555,2.0,13.0
13768,4.0,13.0
46459,6.0,13.0
25786,3.0,12.0
10359,3.0,18.0
12052,5.0,13.0
42457,5.0,17.0
701,3.0,16.0
33531,3.0,16.0
40004,3.0,16.0
31898,0.0,8.0
5570,4.0,13.0
37018,3.0,8.0
44210,4.0,13.0
49116,4.0,12.0
47215,6.0,12.0
40576,6.0,18.0
35632,2.0,14.0
49002,0.0,3.0
5229,7.0,22.0
22220,0.0,2.0
17146,0.0,1.0
13787,5.0,16.0
34714,7.0,130.0
13965,1.0,11.0
2746,0.0,3.0
3957,5.0,18.0
46784,4.0,13.0
33779,4.0,15.0
6562,0.0,2.0
27152,4.0,21.0
21339,2.0,12.0
42847,6.0,20.0
19600,0.0,6.0
8092,2.0,6.0
33540,4.0,24.0
9125,3.0,23.0
43953,5.0,12.0
29236,4.0,9.0
15657,,11.0
39692,3.0,18.0
15513,2.0,14.0
8126,0.0,14.0
21464,4.0,15.0
1891,5.0,12.0
13774,1.0,16.0
23494,1.0,17.0
22834,4.0,8.0
32296,1.0,14.0
2105,1.0,16.0
36910,6.0,16.0
15443,3.0,18.0
41698,3.0,9.0
37311,2.0,7.0
45448,5.0,13.0
9481,5.0,16.0
9731,2.0,23.0
49455,4.0,13.0
14740,1.0,11.0
41989,3.0,9.0
34691,0.0,
16474,6.0,
2552,0.0,3.0
26992,0.0,5.0
22275,1.0,12.0
43195,0.0,6.0
25610,7.0,8.0
4402,1.0,19.0
28780,3.0,12.0
13289,0.0,13.0
11890,3.0,10.0
1000,3.0,12.0
19590,3.0,11.0
30309,3.0,15.0
10326,3.0,9.0
48292,3.0,13.0
34937,1.0,15.0
18395,5.0,6.0
19443,0.0,5.0
841,3.0,17.0
35785,3.0,11.0
20636,0.0,2.0
41791,2.0,14.0
33471,3.0,18.0
39201,3.0,14.0
34348,6.0,13.0
46379,2.0,9.0
37971,4.0,
27933,3.0,15.0
27283,0.0,0.0
7622,2.0,16.0
39472,2.0,13.0
18829,6.0,17.0
42930,3.0,12.0
39330,3.0,22.0
13540,1.0,18.0
36808,1.0,
8249,3.0,11.0
44163,3.0,16.0
18776,6.0,
10009,0.0,5.0
46648,5.0,10.0
10335,4.0,16.0
38676,2.0,10.0
44655,3.0,14.0
37075,5.0,15.0
14530,2.0,16.0
1363,8.0,18.0
30462,4.0,13.0
23569,6.0,11.0
42354,0.0,4.0
15430,2.0,13.0
24530,1.0,15.0
19248,3.0,11.0
17060,3.0,17.0
15918,2.0,11.0
22403,6.0,17.0
46857,4.0,13.0
27393,3.0,8.0
41432,3.0,14.0
48933,2.0,14.0
10959,3.0,11.0
21361,5.0,14.0
24887,4.0,12.0
12641,4.0,13.0
31860,0.0,0.0
28925,0.0,5.0
14329,2.0,12.0
17615,2.0,10.0
39255,5.0,19.0
6023,5.0,10.0
39021,5.0,22.0
37987,2.0,
35608,,14.0
4960,6.0,20.0
15872,7.0,17.0
13474,2.0,23.0
38705,3.0,19.0
31991,2.0,11.0
14318,0.0,6.0
39116,1.0,
4947,2.0,
24263,6.0,7.0
10478,0.0,4.0
22598,3.0,13.0
4216,4.0,
29563,4.0,13.0
1333,3.0,14.0
24838,7.0,16.0
31663,4.0,14.0
15020,4.0,11.0
34782,6.0,14.0
44302,4.0,15.0
39991,6.0,20.0
41713,2.0,10.0
5078,0.0,4.0
41730,6.0,15.0
5337,6.0,19.0
2135,6.0,17.0
35805,3.0,12.0
6427,1.0,18.0
7182,0.0,3.0
43036,,13.0
17868,3.0,19.0
31482,1.0,13.0
14541,2.0,16.0
6119,1.0,14.0
7679,0.0,14.0
37322,2.0,17.0
23039,3.0,7.0
1557,4.0,8.0
49763,2.0,18.0
23006,4.0,6.0
30317,4.0,11.0
3127,6.0,13.0
21637,6.0,20.0
28576,6.0,16.0
1937,3.0,14.0
47097,6.0,18.0
12432,,18.0
5064,5.0,18.0
9289,2.0,14.0
23848,8.0,16.0
3479,5.0,14.0
23385,6.0,15.0
9755,1.0,11.0
15891,2.0,16.0
10273,2.0,10.0
14050,,12.0
41176,7.0,13.0
26364,2.0,13.0
41650,2.0,20.0
43800,0.0,3.0
45861,1.0,16.0
32500,1.0,14.0
4474,6.0,16.0
12790,2.0,13.0
42514,4.0,12.0
14360,2.0,17.0
15229,5.0,13.0
43449,2.0,14.0
45061,2.0,16.0
36401,2.0,10.0
11612,1.0,16.0
12405,3.0,12.0
40261,3.0,17.0
19546,3.0,19.0
245,4.0,16.0
5091,2.0,12.0
12629,2.0,15.0
26080,3.0,20.0
33063,6.0,16.0
12708,4.0,18.0
25185,5.0,18.0
14198,1.0,15.0
9170,5.0,9.0
19080,4.0,14.0
37711,0.0,4.0
24791,1.0,19.0
9446,1.0,9.0
35165,0.0,5.0
46672,0.0,3.0
17664,2.0,12.0
27119,3.0,13.0
22110,2.0,10.0
39751,3.0,13.0
10544,,13.0
39195,2.0,6.0
9815,3.0,13.0
1785,3.0,6.0
842,3.0,9.0
23209,7.0,15.0
4359,8.0,15.0
4379,2.0,12.0
20006,4.0,11.0
49376,0.0,2.0
8667,1.0,14.0
31269,0.0,5.0
30133,2.0,
16183,1.0,
43696,3.0,16.0
41715,2.0,12.0
35664,4.0,10.0
43887,3.0,25.0
24247,4.0,8.0
2195,5.0,10.0
132,4.0,14.0
936,6.0,
19348,3.0,11.0
45923,3.0,
33830,4.0,10.0
46388,1.0,23.0
33158,0.0,3.0
30125,2.0,20.0
26257,,13.0
49671,0.0,4.0
34677,6.0,15.0
47448,1.0,20.0
2418,4.0,9.0
11135,0.0,2.0
28038,1.0,13.0
42643,5.0,9.0
40705,0.0,12.0
32514,1.0,16.0
37496,1.0,15.0
21239,2.0,18.0
20501,3.0,16.0
29834,3.0,11.0
46071,5.0,14.0
15289,2.0,9.0
6817,2.0,17.0
34407,2.0,16.0
28037,2.0,13.0
41799,3.0,20.0
10783,2.0,
48480,2.0,7.0
15947,3.0,4.0
9393,5.0,10.0
8020,3.0,12.0
48090,3.0,13.0
11829,3.0,18.0
32859,2.0,15.0
5209,0.0,2.0
547,2.0,
34033,6.0,13.0
9037,6.0,12.0
7536,0.0,1.0
40201,3.0,11.0
47145,3.0,10.0
37169,1.0,10.0
27561,2.0,11.0
20229,5.0,13.0
43942,,15.0
19962,2.0,15.0
18076,2.0,16.0
46706,2.0,18.0
18238,0.0,20.0
10096,0.0,0.0
22449,3.0,16.0
5378,0.0,12.0
3058,1.0,18.0
12167,4.0,14.0
24865,5.0,14.0
35492,3.0,12.0
19516,2.0,13.0
15375,0.0,1.0
25843,0.0,3.0
9666,2.0,13.0
43840,1.0,14.0
30985,3.0,17.0
31446,2.0,9.0
1008,4.0,8.0
46126,2.0,16.0
36936,2.0,15.0
32802,6.0,18.0
9869,0.0,3.0
25673,5.0,
28987,6.0,12.0
40743,3.0,14.0
1273,1.0,10.0
33671,4.0,12.0
27033,9.0,11.0
6945,0.0,18.0
43991,3.0,12.0
21792,1.0,14.0
18369,2.0,14.0
13555,3.0,13.0
48948,4.0,18.0
5590,3.0,11.0
16398,0.0,21.0
27874,2.0,16.0
8884,4.0,12.0
22970,0.0,5.0
42031,0.0,3.0
24965,0.0,3.0
35238,4.0,190.0
42700,3.0,16.0
554,2.0,13.0
18363,1.0,16.0
42035,1.0,12.0
23521,2.0,16.0
22060,3.0,21.0
26740,5.0,17.0
33583,5.0,17.0
20422,4.0,4.0
46317,3.0,11.0
16282,5.0,19.0
20067,3.0,18.0
49500,1.0,
13256,6.0,20.0
3369,2.0,19.0
38412,3.0,10.0
30054,9.0,11.0
27854,5.0,13.0
24551,3.0,14.0
46658,2.0,17.0
24944,2.0,16.0
21365,,14.0
26866,,14.0
2506,1.0,15.0
22488,1.0,10.0
31124,3.0,16.0
3581,1.0,13.0
16791,4.0,21.0
29383,2.0,13.0
26167,5.0,7.0
35524,3.0,9.0
23411,3.0,13.0
3013,3.0,6.0
2936,0.0,6.0
30460,5.0,13.0
2636,1.0,17.0
36035,5.0,16.0
22460,4.0,13.0
41264,3.0,17.0
8721,2.0,12.0
13204,6.0,19.0
5034,7.0,11.0
33456,4.0,15.0
11952,4.0,12.0
16283,2.0,13.0
20318,6.0,17.0
44752,2.0,17.0
24196,3.0,12.0
373,4.0,14.0
41603,5.0,13.0
27013,2.0,12.0
32425,1.0,18.0
40768,4.0,15.0
622,3.0,7.0
12296,4.0,11.0
27301,4.0,22.0
33441,,14.0
40120,0.0,4.0
35409,1.0,18.0
32270,4.0,11.0
22000,1.0,13.0
3571,1.0,10.0
27571,5.0,16.0
26355,6.0,7.0
44326,2.0,12.0
43704,0.0,4.0
28437,3.0,17.0
14991,9.0,14.0
18996,0.0,12.0
2693,0.0,2.0
18589,6.0,18.0
23376,0.0,2.0
1570,1.0,13.0
36984,0.0,3.0
3254,5.0,13.0
11630,0.0,3.0
14885,4.0,11.0
36333,2.0,12.0
47874,6.0,15.0
32502,1.0,11.0
4496,2.0,7.0
46410,2.0,12.0
6771,3.0,12.0
39454,3.0,14.0
31613,6.0,16.0
13227,1.0,13.0
33699,3.0,15.0
8001,4.0,13.0
5744,0.0,18.0
21360,4.0,18.0
9828,8.0,9.0
1737,5.0,22.0
18884,2.0,19.0
6814,6.0,13.0
38756,4.0,11.0
6591,3.0,19.0
9070,1.0,14.0
18922,0.0,4.0
1825,2.0,7.0
15383,5.0,15.0
15706,3.0,12.0
38356,6.0,13.0
30676,4.0,11.0
30503,,12.0
1866,2.0,15.0
34509,0.0,10.0
9093,6.0,12.0
16876,6.0,14.0
35862,7.0,15.0
1762,0.0,15.0
10860,3.0,22.0
39824,3.0,13.0
30817,5.0,19.0
39018,2.0,13.0
31870,4.0,14.0
17303,2.0,17.0
19229,0.0,3.0
46034,1.0,9.0
16509,4.0,14.0
36530,5.0,6.0
25227,3.0,13.0
49894,0.0,4.0
47516,2.0,15.0
5681,2.0,14.0
10935,3.0,20.0
33051,1.0,10.0
24581,7.0,10.0
35733,2.0,12.0
3384,3.0,15.0
41682,5.0,9.0
4041,4.0,17.0
33518,0.0,4.0
40030,2.0,11.0
44084,1.0,17.0
13934,5.0,11.0
45096,3.0,15.0
9804,2.0,19.0
43104,0.0,10.0
3999,3.0,12.0
3122,3.0,13.0
40033,6.0,13.0
12714,2.0,15.0
13816,1.0,16.0
1138,2.0,13.0
8121,4.0,17.0
3557,6.0,12.0
12439,3.0,6.0
31461,4.0,19.0
16,2.0,19.0
19823,1.0,12.0
16748,3.0,11.0
22321,1.0,25.0
32109,0.0,13.0
33593,0.0,2.0
33865,1.0,14.0
49058,0.0,2.0
29864,0.0,3.0
23788,3.0,9.0
26172,2.0,11.0
39800,1.0,9.0
13123,1.0,14.0
5312,0.0,5.0
33254,1.0,15.0
20122,5.0,13.0
9312,0.0,9.0
28349,1.0,15.0
48617,3.0,17.0
33309,4.0,16.0
48105,4.0,13.0
19163,1.0,15.0
5576,2.0,10.0
48580,0.0,16.0
22442,5.0,17.0
21121,2.0,13.0
21750,4.0,21.0
4840,0.0,3.0
30565,1.0,11.0
45724,4.0,17.0
45922,1.0,18.0
41536,,14.0
30278,4.0,12.0
6369,0.0,11.0
48058,1.0,12.0
22946,4.0,19.0
14587,6.0,17.0
26032,5.0,15.0
25735,7.0,19.0
32162,3.0,15.0
48885,,15.0
28572,5.0,20.0
10292,2.0,14.0
34369,3.0,10.0
35026,3.0,17.0
7203,4.0,20.0
26107,0.0,11.0
35903,0.0,1.0
12899,4.0,13.0
32642,3.0,14.0
25364,7.0,11.0
28963,3.0,17.0
35109,2.0,17.0
12985,1.0,11.0
33344,3.0,13.0
29569,0.0,3.0
6712,2.0,17.0
9179,1.0,12.0
19855,2.0,14.0
30751,7.0,14.0
2106,3.0,11.0
7611,2.0,8.0
11300,2.0,9.0
38371,1.0,
1238,4.0,9.0
6579,7.0,15.0
41770,0.0,3.0
15776,4.0,15.0
41078,4.0,15.0
41940,3.0,13.0
36363,3.0,
12931,0.0,2.0
36502,3.0,13.0
6666,2.0,9.0
28360,2.0,15.0
26426,0.0,2.0
36459,2.0,21.0
18404,2.0,6.0
28655,5.0,15.0
44958,2.0,14.0
11972,1.0,20.0
6839,5.0,18.0
25202,8.0,16.0
12817,4.0,19.0
21853,8.0,6.0
19677,4.0,140.0
22356,6.0,12.0
4034,2.0,12.0
4607,2.0,14.0
36226,4.0,10.0
32558,5.0,11.0
15018,3.0,20.0
25605,2.0,21.0
24200,2.0,17.0
13221,2.0,9.0
16655,2.0,17.0
31374,0.0,8.0
39954,0.0,3.0
30323,6.0,
3100,2.0,15.0
1157,2.0,15.0
16089,6.0,16.0
27129,4.0,15.0
42596,6.0,17.0
3839,3.0,17.0
248,,11.0
23186,2.0,9.0
43944,1.0,18.0
46303,,11.0
47630,4.0,8.0
20411,3.0,17.0
46678,2.0,11.0
22393,4.0,
1690,4.0,12.0
46154,2.0,10.0
483,4.0,12.0
20586,1.0,12.0
20583,6.0,17.0
37052,3.0,11.0
35839,6.0,15.0
37855,0.0,6.0
13911,4.0,13.0
34750,3.0,9.0
44808,,21.0
16340,4.0,11.0
3201,3.0,12.0
8855,2.0,12.0
32231,4.0,16.0
36371,6.0,13.0
39403,,12.0
36033,2.0,9.0
30701,0.0,3.0
45087,3.0,15.0
27025,,11.0
13112,2.0,13.0
4036,2.0,16.0
20378,4.0,8.0
1731,0.0,16.0
39834,5.0,12.0
5347,2.0,11.0
8492,2.0,19.0
13860,1.0,15.0
20899,1.0,11.0
3407,7.0,14.0
37045,1.0,19.0
11146,0.0,12.0
8803,1.0,15.0
41198,4.0,10.0
5179,0.0,3.0
32723,8.0,20.0
46565,2.0,18.0
37919,1.0,4.0
6957,4.0,9.0
27926,0.0,2.0
27036,4.0,25.0
49036,3.0,12.0
49794,0.0,3.0
14567,3.0,17.0
10982,1.0,10.0
43375,,17.0
24612,3.0,14.0
17127,8.0,13.0
25880,5.0,9.0
19870,5.0,9.0
30781,2.0,20.0
5081,2.0,12.0
29849,3.0,12.0
5527,2.0,15.0
6487,4.0,15.0
18013,4.0,12.0
39699,3.0,13.0
39581,5.0,11.0
43272,2.0,9.0
15588,2.0,14.0
37429,4.0,16.0
49021,5.0,11.0
35647,5.0,14.0
8318,4.0,22.0
45427,4.0,15.0
12254,5.0,24.0
21892,0.0,4.0
39245,0.0,1.0
26588,0.0,11.0
44550,2.0,15.0
41825,1.0,20.0
45486,4.0,9.0
35190,3.0,10.0
43703,,15.0
1173,2.0,16.0
27551,,14.0
20332,6.0,12.0
17617,3.0,12.0
35140,1.0,18.0
21353,6.0,23.0
18588,4.0,20.0
36160,1.0,11.0
44891,3.0,20.0
31263,5.0,13.0
30744,2.0,16.0
45454,3.0,11.0
9042,4.0,18.0
28056,3.0,14.0
17555,2.0,11.0
18006,4.0,12.0
12574,2.0,8.0
10142,1.0,12.0
10698,3.0,16.0
16872,5.0,13.0
33131,2.0,14.0
32912,5.0,18.0
32367,,11.0
28549,1.0,9.0
13773,3.0,9.0
22316,6.0,22.0
19416,4.0,15.0
17090,3.0,12.0
42522,0.0,1.0
29286,4.0,12.0
25857,4.0,7.0
7065,0.0,15.0
26290,5.0,16.0
7803,3.0,
41167,2.0,8.0
30276,3.0,13.0
3663,5.0,10.0
22325,1.0,11.0
37328,5.0,11.0
4906,3.0,17.0
40738,6.0,17.0
39532,0.0,4.0
40624,3.0,11.0
49967,0.0,12.0
47302,1.0,17.0
26444,3.0,
10174,1.0,19.0
5702,5.0,10.0
21234,5.0,19.0
43979,3.0,13.0
14773,1.0,15.0
20206,7.0,11.0
5727,4.0,16.0
20613,4.0,11.0
31274,3.0,15.0
12299,5.0,8.0
45321,4.0,12.0
15305,1.0,10.0
7535,0.0,7.0
14962,3.0,16.0
16061,1.0,11.0
36409,2.0,14.0
22279,1.0,12.0
26005,1.0,16.0
2677,3.0,12.0
43360,4.0,16.0
17661,3.0,8.0
36554,0.0,3.0
20739,,4.0
29008,0.0,2.0
49441,1.0,11.0
46842,2.0,18.0
11399,3.0,15.0
21217,,20.0
6607,7.0,21.0
26809,4.0,18.0
25785,4.0,12.0
12869,1.0,15.0
4046,6.0,9.0
32080,5.0,25.0
10433,7.0,8.0
1494,4.0,17.0
41205,3.0,14.0
15072,1.0,17.0
42400,6.0,14.0
39146,4.0,11.0
49227,4.0,14.0
3064,3.0,14.0
17803,2.0,10.0
24700,,14.0
49886,3.0,8.0
29907,0.0,13.0
9136,2.0,16.0
26864,0.0,5.0
5139,2.0,19.0
771,4.0,15.0
6706,4.0,13.0
30938,1.0,15.0
48048,2.0,15.0
8537,2.0,16.0
9509,2.0,12.0
37524,3.0,14.0
2625,4.0,13.0
33443,0.0,0.0
25588,6.0,9.0
2646,1.0,17.0
2982,0.0,5.0
19360,1.0,10.0
45408,2.0,19.0
41669,3.0,17.0
11901,2.0,13.0
8794,0.0,3.0
25834,2.0,11.0
190,4.0,17.0
10615,1.0,11.0
8278,1.0,13.0
28652,1.0,15.0
14448,4.0,29.0
6713,2.0,9.0
18774,0.0,5.0
17626,3.0,9.0
33233,1.0,
15225,6.0,16.0
17602,5.0,11.0
13883,2.0,15.0
48047,4.0,18.0
5610,7.0,16.0
20575,1.0,12.0
16860,,16.0
32380,1.0,17.0
31386,1.0,5.0
22782,3.0,14.0
22480,,2.0
19833,2.0,15.0
27232,,10.0
34104,1.0,18.0
24711,1.0,15.0
8275,2.0,100.0
29787,3.0,12.0
48015,1.0,22.0
7800,0.0,13.0
1223,4.0,14.0
5441,2.0,15.0
10586,2.0,12.0
36217,3.0,11.0
17787,2.0,20.0
46839,1.0,17.0
39998,1.0,17.0
34858,9.0,18.0
30663,1.0,13.0
1447,1.0,14.0
11623,6.0,15.0
41456,3.0,15.0
46783,6.0,13.0
7176,1.0,11.0
19953,2.0,17.0
7469,3.0,14.0
11526,4.0,14.0
25063,,16.0
14793,4.0,7.0
9580,0.0,2.0
49798,1.0,12.0
11302,4.0,17.0
43420,4.0,16.0
29760,4.0,13.0
30099,1.0,13.0
29033,3.0,13.0
5877,4.0,10.0
4962,4.0,22.0
32728,3.0,13.0
23944,2.0,14.0
27767,0.0,3.0
14608,5.0,13.0
5574,2.0,19.0
40487,3.0,12.0
18091,3.0,7.0
39382,1.0,14.0
27300,5.0,15.0
6494,3.0,14.0
5652,2.0,15.0
15870,4.0,5.0
24655,1.0,9.0
11034,2.0,19.0
36435,2.0,9.0
19309,2.0,11.0
44909,6.0,13.0
37979,1.0,14.0
6293,0.0,12.0
32855,8.0,13.0
17345,0.0,20.0
32401,0.0,1.0
41600,2.0,11.0
22664,3.0,11.0
47944,2.0,13.0
911,6.0,12.0
18856,3.0,18.0
15572,3.0,14.0
9242,3.0,9.0
24098,3.0,13.0
38863,4.0,13.0
19376,6.0,15.0
22466,3.0,12.0
37137,4.0,10.0
24395,2.0,13.0
2171,1.0,18.0
38428,10.0,17.0
7344,5.0,20.0
44817,0.0,2.0
41332,3.0,18.0
15057,5.0,8.0
23890,1.0,8.0
37059,4.0,20.0
13967,2.0,18.0
26377,3.0,10.0
17553,5.0,11.0
5351,3.0,11.0
34298,2.0,13.0
9112,2.0,8.0
28269,3.0,18.0
40118,4.0,14.0
23822,6.0,9.0
37173,2.0,15.0
36321,,13.0
2486,0.0,13.0
15463,2.0,21.0
18792,4.0,13.0
7414,2.0,9.0
4658,4.0,12.0
18726,2.0,11.0
14005,6.0,7.0
29040,0.0,2.0
22532,3.0,15.0
28302,1.0,19.0
43748,2.0,11.0
6822,4.0,20.0
7019,0.0,14.0
37361,5.0,14.0
3167,3.0,12.0
20951,4.0,10.0
33431,4.0,9.0
49249,5.0,11.0
19021,3.0,16.0
46624,3.0,15.0
9268,2.0,160.0
12937,6.0,11.0
2484,4.0,10.0
27568,4.0,13.0
35697,4.0,17.0
26535,4.0,11.0
23513,3.0,17.0
46851,3.0,17.0
11564,4.0,16.0
28308,0.0,3.0
38792,,10.0
48960,6.0,17.0
27028,3.0,13.0
38631,4.0,13.0
48544,4.0,14.0
34953,3.0,16.0
24981,6.0,17.0
32923,1.0,17.0
6507,2.0,9.0
31314,7.0,16.0
49867,4.0,14.0
39463,7.0,7.0
9593,3.0,18.0
33120,0.0,1.0
47578,2.0,17.0
31655,1.0,12.0
11763,3.0,15.0
39497,,
18892,0.0,12.0
46206,4.0,17.0
7428,3.0,17.0
18600,3.0,16.0
46188,3.0,14.0
45790,2.0,16.0
48991,4.0,13.0
37405,3.0,9.0
24760,1.0,7.0
34939,0.0,5.0
46237,2.0,14.0
26862,4.0,21.0
43205,4.0,8.0
16196,6.0,13.0
35402,2.0,15.0
13119,1.0,19.0
1625,3.0,11.0
17029,3.0,9.0
17321,0.0,12.0
4354,5.0,19.0
21225,2.0,13.0
22590,2.0,17.0
30127,3.0,25.0
29187,4.0,13.0
332,3.0,15.0
45717,7.0,10.0
34795,0.0,1.0
36942,2.0,15.0
45681,5.0,15.0
264,4.0,10.0
35750,1.0,13.0
42584,3.0,14.0
4434,2.0,11.0
41944,3.0,13.0
38797,4.0,10.0
36052,3.0,15.0
2591,1.0,12.0
36119,,9.0
28404,2.0,14.0
26995,3.0,17.0
6286,4.0,18.0
10291,6.0,19.0
22837,2.0,16.0
2574,2.0,19.0
44998,5.0,15.0
1398,3.0,13.0
38564,1.0,7.0
22477,5.0,
31510,1.0,21.0
36432,5.0,5.0
15526,1.0,16.0
23056,3.0,10.0
44733,3.0,18.0
21522,4.0,14.0
29439,5.0,19.0
46801,3.0,12.0
1463,2.0,13.0
34592,5.0,14.0
32192,4.0,
36662,0.0,6.0
41362,4.0,19.0
47607,0.0,
47679,2.0,22.0
5804,4.0,8.0
13670,3.0,16.0
24498,1.0,14.0
31939,4.0,22.0
3881,7.0,18.0
30620,5.0,16.0
34406,2.0,14.0
2674,3.0,9.0
467,,
17153,2.0,
12809,5.0,9.0
45595,2.0,16.0
3438,4.0,13.0
21477,8.0,11.0
7177,3.0,15.0
4133,2.0,13.0
49770,0.0,23.0
18719,5.0,11.0
24350,2.0,12.0
32956,1.0,17.0
8895,4.0,12.0
44272,4.0,16.0
9530,5.0,18.0
40676,1.0,19.0
41845,2.0,11.0
10312,1.0,11.0
48055,0.0,3.0
10694,6.0,7.0
22892,2.0,15.0
23623,,24.0
23910,3.0,14.0
20592,4.0,12.0
40643,3.0,12.0
12006,6.0,15.0
19863,2.0,14.0
32932,4.0,12.0
5475,5.0,19.0
36787,4.0,9.0
6212,5.0,12.0
8026,5.0,26.0
17265,2.0,9.0
40914,3.0,11.0
8769,5.0,130.0
5128,9.0,9.0
47784,5.0,19.0
37881,3.0,11.0
24740,0.0,4.0
24362,4.0,15.0
42488,4.0,12.0
20019,8.0,11.0
41415,4.0,14.0
4781,3.0,12.0
17544,4.0,5.0
34695,5.0,7.0
27087,3.0,18.0
308,3.0,16.0
19469,4.0,21.0
25121,0.0,4.0
31825,4.0,14.0
48936,4.0,14.0
28405,0.0,3.0
26149,5.0,15.0
41451,2.0,12.0
28130,5.0,19.0
34222,3.0,13.0
47579,5.0,22.0
46846,3.0,12.0
16064,6.0,12.0
13966,1.0,16.0
28270,2.0,16.0
20902,2.0,8.0
42047,1.0,19.0
44262,3.0,11.0
44744,,3.0
20945,1.0,8.0
45178,4.0,14.0
25577,2.0,14.0
26819,2.0,5.0
7429,3.0,13.0
47257,3.0,18.0
45350,3.0,10.0
12103,5.0,13.0
25890,1.0,13.0
35858,0.0,3.0
7985,0.0,
4751,2.0,16.0
38193,2.0,17.0
34753,3.0,10.0
39417,2.0,
14457,2.0,11.0
43780,0.0,3.0
9253,2.0,10.0
1028,0.0,4.0
29508,3.0,8.0
49451,3.0,
42687,5.0,19.0
16990,4.0,13.0
1258,2.0,9.0
15180,5.0,14.0
45547,4.0,19.0
22839,2.0,15.0
45476,3.0,9.0
814,6.0,19.0
37270,2.0,12.0
43893,5.0,17.0
41554,1.0,15.0
11368,2.0,14.0
31106,2.0,9.0
9051,2.0,6.0
47685,4.0,
48523,7.0,11.0
41469,0.0,2.0
40913,0.0,
27448,2.0,9.0
37224,0.0,15.0
30536,4.0,8.0
35028,3.0,15.0
30712,5.0,11.0
34459,0.0,2.0
10098,2.0,16.0
23355,0.0,1.0
12549,3.0,20.0
30890,6.0,12.0
18585,0.0,4.0
47915,2.0,6.0
9265,3.0,9.0
4231,,10.0
45183,0.0,3.0
27816,6.0,18.0
40726,1.0,13.0
25483,1.0,16.0
42406,5.0,7.0
28582,8.0,20.0
48219,0.0,14.0
30435,0.0,3.0
9810,,17.0
2964,0.0,1.0
35661,4.0,16.0
1680,3.0,21.0
49638,2.0,10.0
30333,3.0,9.0
32740,1.0,18.0
23923,3.0,18.0
23368,3.0,13.0
49488,0.0,18.0
38546,6.0,10.0
28023,0.0,13.0
41692,3.0,8.0
13928,4.0,17.0
12389,,20.0
16218,,20.0
35890,3.0,11.0
29401,3.0,
32474,2.0,14.0
25323,2.0,14.0
7955,0.0,16.0
22864,6.0,11.0
18065,4.0,8.0
581,5.0,9.0
24107,5.0,17.0
5094,0.0,20.0
22257,0.0,4.0
45187,8.0,20.0
21006,2.0,17.0
7170,1.0,18.0
23833,5.0,10.0
27404,4.0,13.0
38614,1.0,10.0
13228,2.0,9.0
33834,1.0,15.0
34377,4.0,11.0
43911,1.0,11.0
14308,3.0,12.0
17640,6.0,18.0
44723,5.0,13.0
15097,1.0,10.0
13282,4.0,
11965,3.0,12.0
2262,4.0,10.0
28534,4.0,23.0
48151,3.0,12.0
17898,3.0,10.0
25334,1.0,13.0
18952,0.0,1.0
12642,2.0,22.0
19455,5.0,
45954,4.0,14.0
3253,2.0,12.0
33659,3.0,10.0
49699,3.0,
2981,2.0,13.0
39788,2.0,14.0
43059,2.0,16.0
30236,1.0,12.0
26332,3.0,12.0
12406,4.0,17.0
41259,0.0,3.0
48694,6.0,12.0
18061,7.0,20.0
29297,4.0,17.0
26375,1.0,10.0
12014,2.0,20.0
19159,1.0,15.0
4574,4.0,19.0
32825,4.0,15.0
39282,1.0,
19708,2.0,10.0
47616,2.0,13.0
38330,6.0,10.0
33875,6.0,11.0
42182,2.0,12.0
21111,2.0,12.0
39372,3.0,16.0
43545,7.0,14.0
45113,4.0,13.0
48638,3.0,15.0
21238,1.0,18.0
37766,2.0,13.0
15003,,18.0
10912,2.0,15.0
13198,7.0,15.0
45797,0.0,3.0
20544,5.0,13.0
2866,4.0,11.0
23145,2.0,12.0
255,5.0,13.0
30997,5.0,12.0
47859,1.0,11.0
46869,0.0,4.0
8276,5.0,16.0
7623,1.0,15.0
10612,2.0,12.0
23085,4.0,18.0
20144,3.0,17.0
27898,4.0,
48945,3.0,12.0
30563,2.0,
41528,0.0,6.0
25532,8.0,14.0
27426,2.0,4.0
36801,3.0,13.0
18338,2.0,18.0
2053,3.0,20.0
35536,10.0,10.0
31471,4.0,16.0
40831,3.0,9.0
43611,4.0,9.0
38753,9.0,16.0
34669,,9.0
36700,4.0,16.0
14863,0.0,10.0
12865,2.0,11.0
17332,6.0,15.0
43458,5.0,10.0
42108,1.0,8.0
9294,3.0,18.0
7022,1.0,18.0
1832,0.0,3.0
21374,2.0,
3549,2.0,5.0
22926,5.0,15.0
17035,1.0,16.0
18899,1.0,18.0
21489,1.0,11.0
43031,2.0,21.0
23451,1.0,11.0
48942,2.0,17.0
5897,5.0,9.0
36462,6.0,10.0
25820,4.0,12.0
38814,3.0,13.0
45406,4.0,25.0
26118,3.0,8.0
49434,7.0,13.0
26450,0.0,0.0
39289,5.0,12.0
44591,4.0,21.0
6755,2.0,16.0
36407,5.0,9.0
48302,3.0,13.0
48766,3.0,15.0
38843,6.0,11.0
16240,8.0,19.0
33504,3.0,11.0
11992,5.0,11.0
30366,0.0,14.0
32171,3.0,13.0
16616,5.0,20.0
11097,2.0,13.0
10816,1.0,12.0
39649,5.0,13.0
48440,3.0,19.0
26958,3.0,14.0
24914,1.0,11.0
36408,3.0,
16818,3.0,17.0
20692,0.0,3.0
44038,2.0,18.0
2395,2.0,11.0
10024,7.0,17.0
25628,3.0,14.0
36710,3.0,17.0
22929,2.0,14.0
30106,6.0,17.0
38138,5.0,16.0
32953,1.0,9.0
36048,2.0,16.0
29319,3.0,15.0
25667,4.0,12.0
4018,4.0,18.0
24489,1.0,6.0
1899,5.0,14.0
40510,0.0,2.0
20892,4.0,13.0
21196,3.0,11.0
37748,4.0,17.0
22801,3.0,21.0
18953,2.0,18.0
5549,3.0,15.0
45034,5.0,20.0
26111,4.0,19.0
48408,4.0,15.0
20227,3.0,18.0
5151,3.0,11.0
31788,5.0,20.0
21188,0.0,15.0
48360,3.0,16.0
6429,2.0,17.0
27310,6.0,20.0
7258,2.0,17.0
44918,3.0,13.0
35356,1.0,18.0
21927,0.0,3.0
39976,0.0,13.0
9794,1.0,17.0
7453,4.0,14.0
9466,4.0,15.0
46984,5.0,13.0
31913,5.0,14.0
3126,2.0,13.0
45267,4.0,10.0
40619,4.0,15.0
39453,2.0,21.0
7560,0.0,4.0
49710,5.0,14.0
25198,1.0,
15417,0.0,1.0
617,1.0,11.0
43143,0.0,2.0
40397,4.0,8.0
27296,2.0,16.0
24599,1.0,8.0
37624,4.0,100.0
9085,5.0,15.0
37696,7.0,
41149,1.0,13.0
991,,20.0
16949,6.0,15.0
24739,3.0,12.0
9233,0.0,3.0
45817,4.0,
16188,6.0,25.0
29438,3.0,17.0
3808,2.0,14.0
18744,0.0,
46909,4.0,10.0
42712,2.0,10.0
26248,0.0,0.0
4663,3.0,15.0
36200,2.0,12.0
3525,8.0,13.0
29604,4.0,13.0
33889,5.0,14.0
1701,4.0,11.0
34035,2.0,16.0
17232,3.0,14.0
14312,0.0,10.0
44258,5.0,13.0
22227,7.0,15.0
40958,2.0,
40306,5.0,19.0
12860,4.0,23.0
46892,6.0,12.0
16289,0.0,4.0
29141,2.0,16.0
23314,2.0,12.0
28211,4.0,12.0
47982,0.0,1.0
25264,5.0,8.0
27366,0.0,3.0
4940,2.0,11.0
30179,3.0,9.0
13076,4.0,19.0
41345,4.0,16.0
12930,6.0,11.0
4008,6.0,16.0
10062,4.0,14.0
1672,2.0,15.0
26391,3.0,10.0
12997,4.0,11.0
9475,2.0,12.0
28492,1.0,21.0
41106,3.0,24.0
9103,4.0,13.0
25441,3.0,12.0
32820,2.0,16.0
37470,3.0,16.0
7552,3.0,10.0
15609,4.0,14.0
47559,4.0,21.0
22209,,15.0
27954,4.0,18.0
24545,3.0,12.0
23381,2.0,12.0
34080,0.0,10.0
1741,3.0,16.0
47090,4.0,15.0
448,1.0,13.0
44450,3.0,16.0
46820,1.0,18.0
18161,1.0,18.0
272,4.0,15.0
29436,4.0,17.0
22243,0.0,1.0
26903,3.0,8.0
15128,4.0,18.0
45937,2.0,14.0
25086,6.0,20.0
40793,5.0,10.0
28356,2.0,11.0
3404,3.0,14.0
22055,1.0,9.0
47149,4.0,13.0
36758,4.0,14.0
204,2.0,12.0
10333,3.0,15.0
39782,3.0,11.0
24999,2.0,20.0
14816,3.0,18.0
22317,8.0,16.0
11038,5.0,
14830,2.0,14.0
2849,1.0,12.0
39688,3.0,15.0
5571,2.0,18.0
16637,0.0,4.0
27308,3.0,9.0
47268,2.0,16.0
25580,3.0,15.0
18813,4.0,9.0
14206,6.0,22.0
35945,0.0,23.0
44640,1.0,20.0
44495,2.0,9.0
18139,3.0,12.0
41295,2.0,12.0
46957,5.0,25.0
4676,0.0,2.0
41867,1.0,19.0
46947,4.0,11.0
6471,2.0,17.0
2347,3.0,16.0
36040,2.0,13.0
46352,4.0,10.0
24385,2.0,17.0
9680,3.0,9.0
1603,7.0,14.0
7358,0.0,5.0
12128,1.0,10.0
9290,3.0,22.0
41857,3.0,15.0
24758,3.0,13.0
1003,0.0,
41890,7.0,15.0
30268,2.0,17.0
39477,2.0,13.0
48680,0.0,18.0
32771,3.0,11.0
36908,5.0,12.0
11664,1.0,12.0
35267,3.0,11.0
25738,0.0,20.0
12228,2.0,12.0
33097,5.0,15.0
47171,0.0,12.0
47871,3.0,17.0
8831,5.0,12.0
43798,2.0,9.0
42481,1.0,14.0
19440,2.0,17.0
24476,0.0,4.0
43628,2.0,16.0
44057,2.0,16.0
47035,0.0,2.0
23366,1.0,10.0
15429,3.0,19.0
3668,4.0,21.0
18849,4.0,12.0
3840,4.0,10.0
24175,0.0,5.0
8911,4.0,15.0
40466,3.0,24.0
29406,2.0,17.0
44777,5.0,19.0
19037,2.0,6.0
39301,0.0,8.0
28430,4.0,14.0
29867,1.0,18.0
20482,0.0,6.0
15737,2.0,12.0
41265,0.0,3.0
31986,,10.0
8786,,13.0
44219,0.0,6.0
21040,1.0,13.0
34686,2.0,16.0
29491,0.0,4.0
40276,,15.0
14981,0.0,1.0
10909,3.0,9.0
21172,2.0,12.0
36051,5.0,15.0
22808,7.0,16.0
159,2.0,14.0
20026,0.0,13.0
10172,1.0,13.0
10743,3.0,12.0
48636,3.0,18.0
18413,2.0,
34821,1.0,12.0
8639,4.0,15.0
34117,3.0,8.0
21240,5.0,14.0
1118,4.0,20.0
31040,3.0,14.0
20018,0.0,14.0
42897,0.0,16.0
958,1.0,16.0
23701,4.0,15.0
3493,5.0,7.0
13497,0.0,4.0
35052,2.0,20.0
34567,2.0,19.0
25976,0.0,8.0
44516,0.0,4.0
31305,0.0,18.0
2635,0.0,4.0
12577,1.0,16.0
40941,0.0,1.0
21162,,16.0
14516,3.0,17.0
9087,2.0,15.0
3573,4.0,20.0
16874,1.0,13.0
27316,5.0,13.0
30791,2.0,16.0
40228,2.0,10.0
34122,1.0,10.0
30453,1.0,23.0
27284,2.0,10.0
28061,1.0,19.0
19734,,12.0
3233,4.0,13.0
46227,0.0,11.0
13243,5.0,15.0
34593,2.0,11.0
13737,4.0,13.0
10616,0.0,20.0
15335,2.0,8.0
14439,3.0,8.0
11392,1.0,13.0
9690,0.0,6.0
14841,1.0,12.0
35484,3.0,10.0
28521,2.0,13.0
4568,3.0,11.0
35972,3.0,5.0
10708,4.0,13.0
19182,4.0,13.0
36424,2.0,12.0
28663,3.0,10.0
32407,3.0,12.0
39171,3.0,8.0
44517,2.0,14.0
29615,5.0,19.0
44339,,19.0
47048,0.0,14.0
43679,3.0,11.0
33020,,3.0
3940,2.0,15.0
49132,1.0,
38200,4.0,15.0
28069,3.0,13.0
44253,3.0,19.0
15505,4.0,12.0
7754,2.0,14.0
29418,2.0,17.0
15669,0.0,2.0
25956,5.0,11.0
44559,2.0,10.0
27336,1.0,15.0
7124,3.0,12.0
25194,0.0,14.0
28942,2.0,16.0
3911,6.0,10.0
3652,4.0,15.0
27537,0.0,3.0
33064,2.0,11.0
12650,4.0,11.0
16301,7.0,11.0
36999,4.0,19.0
30361,4.0,12.0
20465,6.0,14.0
39246,5.0,15.0
40332,1.0,11.0
7699,7.0,9.0
43872,5.0,11.0
49747,4.0,15.0
4030,4.0,10.0
6231,4.0,17.0
9759,1.0,15.0
44473,5.0,25.0
22982,0.0,26.0
8560,10.0,18.0
29778,3.0,10.0
44742,0.0,1.0
2844,3.0,18.0
12725,3.0,13.0
12952,2.0,18.0
20526,1.0,220.0
26575,0.0,14.0
13365,,12.0
14356,0.0,15.0
31399,4.0,20.0
10647,2.0,17.0
22653,2.0,13.0
47848,4.0,13.0
7735,2.0,13.0
46883,4.0,14.0
8450,3.0,13.0
19048,3.0,12.0
41012,3.0,16.0
47903,2.0,14.0
48316,6.0,13.0
40184,4.0,13.0
12096,3.0,13.0
2181,4.0,14.0
16379,2.0,16.0
19282,2.0,9.0
16051,4.0,13.0
47414,5.0,15.0
2888,1.0,9.0
23700,2.0,13.0
10643,2.0,9.0
13414,3.0,15.0
6129,0.0,5.0
28290,6.0,11.0
38343,5.0,13.0
36827,3.0,12.0
9076,2.0,16.0
21024,7.0,13.0
3979,0.0,2.0
38505,2.0,19.0
9143,0.0,6.0
10381,1.0,15.0
26262,4.0,15.0
16033,2.0,19.0
13372,0.0,7.0
44051,8.0,12.0
19871,3.0,14.0
13151,2.0,130.0
27462,5.0,
17344,4.0,15.0
18872,3.0,26.0
1330,0.0,2.0
46710,2.0,15.0
6297,3.0,12.0
48457,3.0,16.0
25958,1.0,14.0
27222,3.0,7.0
8258,3.0,13.0
27809,0.0,1.0
42472,2.0,
7341,2.0,11.0
47313,0.0,3.0
844,0.0,3.0
36526,4.0,9.0
5573,1.0,16.0
24600,4.0,17.0
10878,2.0,18.0
35398,1.0,21.0
1548,3.0,13.0
1505,2.0,12.0
17019,,2.0
26750,4.0,14.0
12300,2.0,14.0
20821,0.0,3.0
19624,1.0,
13685,1.0,17.0
2515,0.0,5.0
20738,1.0,11.0
38600,3.0,14.0
20909,3.0,10.0
4855,4.0,130.0
28217,2.0,12.0
20448,3.0,18.0
26084,1.0,12.0
47805,5.0,17.0
17572,2.0,27.0
16352,3.0,10.0
32215,2.0,13.0
14768,2.0,12.0
44833,3.0,14.0
6827,0.0,5.0
43122,5.0,12.0
45960,1.0,7.0
25438,4.0,11.0
20276,4.0,12.0
18362,1.0,13.0
12174,0.0,4.0
31484,3.0,13.0
4200,2.0,16.0
29793,0.0,2.0
12622,2.0,14.0
6070,3.0,14.0
40497,0.0,2.0
36806,5.0,9.0
4479,2.0,14.0
38427,2.0,9.0
28876,2.0,9.0
7522,3.0,15.0
12857,3.0,15.0
49734,0.0,4.0
32448,3.0,9.0
25782,5.0,13.0
30211,3.0,15.0
27876,1.0,13.0
2628,,10.0
1352,4.0,12.0
6194,4.0,7.0
19632,0.0,17.0
28454,6.0,16.0
35254,2.0,15.0
36596,3.0,17.0
22397,4.0,19.0
21969,4.0,15.0
4897,4.0,16.0
7831,3.0,16.0
24091,2.0,13.0
9388,4.0,13.0
22591,4.0,12.0
7187,,14.0
19051,3.0,11.0
1443,3.0,10.0
36325,3.0,20.0
42764,3.0,17.0
5404,2.0,16.0
33317,4.0,18.0
42531,3.0,11.0
31600,3.0,
1577,3.0,
16417,,16.0
4999,4.0,9.0
27647,4.0,9.0
1628,0.0,2.0
38740,1.0,17.0
30883,4.0,20.0
39320,5.0,16.0
23601,13.0,12.0
8153,0.0,24.0
36361,5.0,180.0
13563,5.0,17.0
46520,2.0,10.0
2100,0.0,2.0
3611,4.0,8.0
17497,2.0,15.0
32237,4.0,12.0
42833,4.0,18.0
30631,0.0,2.0
44963,0.0,0.0
26312,7.0,15.0
12457,2.0,11.0
940,1.0,11.0
43802,1.0,10.0
9181,1.0,21.0
3837,0.0,2.0
2256,5.0,5.0
28687,4.0,14.0
29310,2.0,18.0
4013,3.0,12.0
48951,2.0,16.0
28645,2.0,11.0
47040,4.0,12.0
44176,1.0,18.0
13222,3.0,14.0
15120,5.0,16.0
1753,2.0,12.0
36319,5.0,15.0
9482,3.0,13.0
22409,2.0,15.0
22704,4.0,18.0
6341,3.0,20.0
24908,3.0,17.0
32967,5.0,12.0
19215,8.0,16.0
7192,,13.0
13550,6.0,13.0
23523,0.0,5.0
20407,4.0,19.0
14096,3.0,18.0
23886,2.0,10.0
43747,3.0,17.0
21116,3.0,17.0
42049,2.0,15.0
38092,1.0,16.0
4544,3.0,22.0
17018,3.0,18.0
42923,2.0,11.0
40210,4.0,12.0
8012,3.0,19.0
9622,1.0,13.0
4214,,
10454,3.0,15.0
9089,5.0,20.0
35317,2.0,10.0
29,4.0,18.0
19061,3.0,14.0
27368,0.0,2.0
14832,5.0,14.0
20365,5.0,16.0
2059,5.0,7.0
26367,2.0,15.0
1982,4.0,15.0
21733,2.0,11.0
28671,0.0,4.0
2843,2.0,12.0
2382,3.0,16.0
16904,3.0,13.0
27733,4.0,15.0
42403,3.0,12.0
4990,0.0,5.0
7199,4.0,14.0
31245,4.0,13.0
18903,3.0,14.0
17496,,10.0
41409,7.0,18.0
18433,4.0,17.0
41030,1.0,16.0
11081,4.0,15.0
36946,4.0,12.0
27838,2.0,22.0
1826,1.0,23.0
30711,2.0,17.0
3184,2.0,19.0
37808,3.0,
18110,4.0,12.0
32708,2.0,15.0
11092,6.0,16.0
40239,3.0,16.0
30344,0.0,
15217,3.0,20.0
32987,1.0,13.0
34324,3.0,13.0
41865,3.0,7.0
23262,2.0,17.0
23102,2.0,9.0
2501,4.0,13.0
20197,6.0,
11510,3.0,14.0
3423,6.0,12.0
7377,4.0,15.0
47727,5.0,11.0
22189,5.0,15.0
27525,0.0,1.0
12455,3.0,19.0
23354,2.0,22.0
44020,4.0,16.0
48777,2.0,11.0
26846,1.0,10.0
1381,3.0,9.0
41021,4.0,13.0
19852,5.0,18.0
4441,2.0,10.0
13591,0.0,3.0
21831,7.0,18.0
41357,0.0,7.0
17430,7.0,13.0
5439,6.0,10.0
3630,6.0,9.0
2754,2.0,20.0
11306,5.0,12.0
34551,8.0,7.0
10820,1.0,13.0
5644,3.0,18.0
49746,1.0,14.0
5963,0.0,5.0
48334,4.0,10.0
43029,6.0,21.0
1226,4.0,8.0
12243,,19.0
36484,3.0,12.0
34002,5.0,11.0
8822,0.0,2.0
21692,1.0,13.0
9387,7.0,10.0
27358,7.0,14.0
8525,3.0,14.0
4824,1.0,15.0
31408,4.0,12.0
41835,0.0,15.0
35359,5.0,11.0
5364,2.0,25.0
39889,5.0,15.0
31957,3.0,12.0
33684,,12.0
41098,2.0,14.0
36624,2.0,14.0
4796,4.0,14.0
17993,2.0,10.0
9932,0.0,0.0
19982,2.0,12.0
8752,2.0,15.0
16364,4.0,12.0
14987,3.0,13.0
39718,4.0,13.0
29376,2.0,10.0
2882,4.0,10.0
17598,5.0,15.0
42095,3.0,17.0
24388,5.0,18.0
12005,1.0,13.0
8957,2.0,8.0
23444,3.0,14.0
376,1.0,13.0
22182,1.0,
1755,3.0,10.0
9904,0.0,6.0
396,5.0,21.0
28661,0.0,
43281,4.0,22.0
47709,2.0,15.0
11880,8.0,16.0
31116,2.0,12.0
1960,7.0,8.0
15048,3.0,22.0
16923,4.0,11.0
15386,5.0,13.0
654,7.0,13.0
29695,6.0,11.0
17311,1.0,17.0
12077,2.0,12.0
24608,4.0,11.0
25745,,16.0
5572,3.0,16.0
31858,2.0,13.0
24676,0.0,2.0
26244,4.0,160.0
1650,6.0,23.0
34530,1.0,15.0
1659,4.0,14.0
4446,0.0,1.0
46110,1.0,15.0
31424,8.0,16.0
27909,1.0,13.0
48770,4.0,15.0
7850,3.0,8.0
4942,3.0,27.0
11667,3.0,21.0
11885,4.0,11.0
7743,3.0,10.0
19949,1.0,21.0
11381,1.0,18.0
16618,1.0,12.0
1464,2.0,17.0
35432,3.0,7.0
25545,1.0,
43349,,20.0
46682,,15.0
16698,2.0,12.0
37604,4.0,10.0
22874,1.0,13.0
27965,3.0,10.0
2394,2.0,6.0
34106,5.0,19.0
27747,4.0,13.0
27536,2.0,10.0
31732,3.0,15.0
7875,1.0,9.0
48737,3.0,17.0
3386,4.0,20.0
20279,2.0,15.0
9582,0.0,19.0
24511,0.0,3.0
9280,3.0,14.0
30931,0.0,2.0
30822,3.0,14.0
1366,,3.0
30522,2.0,12.0
45965,3.0,17.0
37255,3.0,17.0
22483,3.0,12.0
8739,3.0,15.0
44406,3.0,14.0
25897,3.0,27.0
13747,3.0,11.0
29544,1.0,14.0
44581,6.0,14.0
17259,3.0,8.0
42620,7.0,12.0
36678,2.0,9.0
30759,2.0,17.0
21177,5.0,13.0
3741,1.0,15.0
3075,7.0,14.0
23658,5.0,13.0
26479,0.0,0.0
4458,2.0,14.0
33676,2.0,15.0
23768,4.0,13.0
41153,6.0,16.0
18846,0.0,6.0
38337,0.0,2.0
7824,4.0,13.0
26009,1.0,15.0
23069,1.0,8.0
2070,5.0,20.0
45806,3.0,13.0
16922,2.0,12.0
488,4.0,8.0
4542,2.0,16.0
10206,3.0,15.0
18191,,14.0
21818,8.0,4.0
19780,5.0,12.0
17393,0.0,13.0
10561,2.0,9.0
25743,4.0,11.0
42421,,13.0
45334,2.0,11.0
10345,7.0,6.0
38968,4.0,15.0
23308,0.0,1.0
9654,0.0,6.0
41962,3.0,16.0
34461,4.0,18.0
2174,1.0,13.0
14958,7.0,10.0
28108,2.0,10.0
7952,3.0,13.0
3449,5.0,12.0
32844,4.0,22.0
36144,7.0,10.0
33196,0.0,2.0
26647,4.0,17.0
17752,2.0,12.0
49866,2.0,18.0
41190,4.0,130.0
24227,2.0,12.0
46289,3.0,21.0
45778,4.0,15.0
9036,0.0,
6465,4.0,12.0
35123,5.0,17.0
8177,3.0,17.0
1390,0.0,11.0
25582,2.0,12.0
15993,4.0,11.0
3181,5.0,12.0
7306,6.0,11.0
9199,4.0,11.0
33712,1.0,15.0
15345,0.0,5.0
33223,1.0,19.0
45859,3.0,11.0
39559,5.0,18.0
1492,2.0,13.0
5812,3.0,10.0
39639,3.0,15.0
440,3.0,17.0
29164,1.0,13.0
26073,3.0,8.0
36943,4.0,12.0
435,2.0,19.0
36118,5.0,15.0
15369,3.0,7.0
31708,4.0,
39963,4.0,14.0
29991,3.0,11.0
47187,7.0,18.0
35341,3.0,10.0
46337,,12.0
12927,3.0,21.0
24519,0.0,5.0
12836,2.0,13.0
13291,2.0,12.0
19167,2.0,19.0
40020,,12.0
28485,4.0,17.0
41797,2.0,16.0
45742,0.0,16.0
22774,1.0,12.0
2845,3.0,18.0
46751,3.0,12.0
46755,5.0,11.0
21513,1.0,18.0
14786,3.0,19.0
10881,5.0,19.0
7422,0.0,5.0
5664,1.0,15.0
45999,2.0,11.0
11970,4.0,12.0
8520,1.0,10.0
7856,,17.0
39588,4.0,15.0
7545,3.0,17.0
30800,4.0,17.0
33049,2.0,19.0
42784,2.0,11.0
29237,6.0,9.0
17301,4.0,14.0
4857,5.0,12.0
6423,4.0,11.0
45793,2.0,19.0
14316,3.0,17.0
6435,0.0,2.0
6010,0.0,15.0
3798,0.0,3.0
16903,4.0,14.0
10410,5.0,12.0
1253,3.0,17.0
11874,1.0,13.0
16349,4.0,16.0
26757,1.0,15.0
31656,0.0,6.0
18712,0.0,5.0
15323,2.0,10.0
31530,7.0,12.0
37662,0.0,3.0
38956,1.0,12.0
13482,6.0,7.0
15187,4.0,8.0
10319,5.0,14.0
18869,4.0,14.0
9566,7.0,12.0
41842,3.0,18.0
40429,2.0,12.0
2334,7.0,14.0
25251,0.0,9.0
42109,1.0,13.0
43457,7.0,12.0
46475,6.0,18.0
41042,0.0,15.0
36327,4.0,16.0
48574,0.0,3.0
41010,2.0,10.0
38474,0.0,12.0
5654,1.0,12.0
40047,0.0,1.0
42688,4.0,14.0
1077,5.0,22.0
31546,2.0,10.0
20136,1.0,7.0
33888,1.0,15.0
35360,1.0,16.0
3585,2.0,9.0
25801,0.0,3.0
9495,1.0,14.0
8669,2.0,11.0
13169,5.0,14.0
10442,0.0,6.0
41339,0.0,7.0
3347,2.0,19.0
18560,2.0,16.0
25594,1.0,11.0
48467,5.0,13.0
28363,3.0,17.0
21530,1.0,13.0
5680,1.0,9.0
4893,4.0,19.0
18659,1.0,21.0
29737,4.0,23.0
18814,5.0,10.0
32795,4.0,16.0
32240,3.0,14.0
34341,2.0,20.0
38284,3.0,17.0
21158,4.0,11.0
41313,,14.0
49582,0.0,12.0
9492,4.0,13.0
26169,5.0,19.0
10132,4.0,11.0
47713,3.0,13.0
43194,3.0,19.0
29770,4.0,15.0
37621,0.0,7.0
39900,0.0,3.0
1081,0.0,3.0
32772,1.0,15.0
9336,2.0,17.0
44532,1.0,17.0
36336,2.0,16.0
2664,1.0,9.0
38072,2.0,10.0
46895,4.0,9.0
40940,2.0,12.0
41060,3.0,13.0
3672,4.0,16.0
8962,4.0,16.0
13124,1.0,17.0
34980,0.0,4.0
34184,6.0,19.0
21708,3.0,7.0
3745,3.0,15.0
21141,5.0,13.0
27867,1.0,11.0
33277,0.0,2.0
27102,0.0,4.0
37820,2.0,19.0
30811,3.0,18.0
38282,1.0,14.0
42181,0.0,4.0
33829,0.0,3.0
15695,2.0,12.0
44255,4.0,16.0
34028,2.0,12.0
28317,1.0,9.0
9747,5.0,13.0
12125,1.0,12.0
25168,1.0,14.0
29675,3.0,20.0
17699,1.0,7.0
11971,2.0,22.0
10825,3.0,16.0
39897,4.0,15.0
26733,6.0,14.0
32546,6.0,14.0
43671,4.0,12.0
43299,5.0,17.0
34617,4.0,10.0
42938,2.0,11.0
39379,5.0,21.0
22521,1.0,11.0
9084,3.0,20.0
37616,7.0,15.0
235,3.0,15.0
3762,2.0,17.0
29881,,15.0
31661,3.0,18.0
22144,3.0,22.0
46381,1.0,15.0
21299,1.0,12.0
8201,4.0,14.0
41449,4.0,14.0
30438,0.0,2.0
22711,2.0,11.0
16932,0.0,15.0
14111,4.0,17.0
20672,3.0,12.0
24324,1.0,13.0
19283,4.0,9.0
14471,4.0,13.0
49755,1.0,15.0
39145,4.0,12.0
22288,3.0,10.0
7063,3.0,16.0
42226,3.0,13.0
10217,3.0,18.0
34559,2.0,15.0
8466,1.0,19.0
12971,2.0,18.0
15550,5.0,11.0
22830,2.0,20.0
17690,3.0,9.0
21917,4.0,16.0
26894,0.0,1.0
11607,1.0,13.0
48278,5.0,14.0
18186,2.0,17.0
24297,0.0,2.0
33278,3.0,14.0
8261,5.0,6.0
24847,2.0,17.0
49793,2.0,18.0
22884,2.0,16.0
5995,5.0,16.0
11725,4.0,11.0
33584,4.0,12.0
45262,2.0,17.0
14877,4.0,14.0
11810,2.0,16.0
26843,0.0,5.0
29982,4.0,10.0
31438,0.0,2.0
29851,2.0,11.0
12563,2.0,14.0
26951,4.0,10.0
12318,4.0,18.0
19043,3.0,
10774,1.0,16.0
6479,2.0,10.0
45632,4.0,13.0
32907,5.0,15.0
28301,0.0,4.0
45735,3.0,16.0
19970,,12.0
17194,7.0,16.0
30059,0.0,5.0
41537,3.0,14.0
19381,2.0,20.0
33250,2.0,17.0
43634,4.0,16.0
6995,5.0,16.0
10949,0.0,0.0
29859,,3.0
34258,3.0,22.0
35448,2.0,13.0
12548,0.0,4.0
47338,3.0,14.0
31642,2.0,15.0
30824,5.0,20.0
45676,0.0,4.0
43058,4.0,11.0
3787,0.0,3.0
23152,5.0,19.0
48941,7.0,26.0
34856,3.0,13.0
27457,0.0,1.0
4732,4.0,12.0
2231,3.0,11.0
17205,5.0,15.0
44698,2.0,7.0
26644,1.0,7.0
44627,1.0,19.0
6174,5.0,10.0
38948,1.0,14.0
39502,3.0,17.0
41971,5.0,15.0
35327,1.0,13.0
12344,5.0,100.0
17025,4.0,21.0
1983,1.0,12.0
5089,1.0,15.0
27055,3.0,17.0
1760,0.0,8.0
16787,4.0,14.0
20271,4.0,14.0
2624,6.0,12.0
30241,,13.0
36646,2.0,15.0
37308,1.0,18.0
37180,0.0,15.0
15754,2.0,18.0
30300,3.0,20.0
46344,4.0,11.0
18100,4.0,12.0
16689,3.0,10.0
5844,5.0,10.0
49844,3.0,11.0
14727,3.0,14.0
1657,4.0,11.0
13777,2.0,12.0
12845,2.0,22.0
35515,4.0,11.0
30926,7.0,140.0
20238,2.0,13.0
36757,5.0,19.0
17981,4.0,17.0
4621,2.0,13.0
48155,4.0,15.0
5052,6.0,8.0
40059,2.0,14.0
45791,3.0,17.0
546,2.0,18.0
31821,7.0,14.0
29202,3.0,
45848,8.0,20.0
30774,7.0,16.0
42009,5.0,17.0
1133,1.0,14.0
31549,6.0,12.0
9250,4.0,19.0
12285,0.0,1.0
29835,5.0,13.0
39935,3.0,10.0
14637,0.0,5.0
4915,3.0,17.0
14965,1.0,14.0
3274,3.0,110.0
43268,4.0,15.0
43801,2.0,14.0
29476,2.0,12.0
36762,1.0,11.0
15024,1.0,10.0
38764,4.0,9.0
997,0.0,1.0
33598,2.0,210.0
41679,3.0,20.0
29386,4.0,16.0
36337,5.0,12.0
19961,6.0,17.0
3710,0.0,0.0
41237,3.0,10.0
11809,3.0,11.0
35956,,13.0
41993,5.0,12.0
8609,5.0,14.0
49030,2.0,9.0
39731,2.0,17.0
35996,4.0,16.0
1931,3.0,19.0
14583,5.0,9.0
46687,4.0,12.0
6292,5.0,13.0
34418,3.0,6.0
13269,1.0,13.0
32416,0.0,2.0
3750,1.0,13.0
4695,5.0,15.0
2081,2.0,12.0
29044,4.0,13.0
41687,5.0,19.0
36919,4.0,15.0
18720,1.0,11.0
47290,7.0,15.0
21793,0.0,6.0
28520,3.0,110.0
45241,6.0,12.0
23636,4.0,9.0
16228,5.0,18.0
4753,2.0,18.0
34030,4.0,22.0
22458,1.0,15.0
18168,4.0,17.0
30544,2.0,16.0
26464,2.0,19.0
11967,0.0,3.0
28258,3.0,13.0
44968,2.0,11.0
30803,3.0,13.0
4648,0.0,4.0
44981,5.0,10.0
21593,5.0,16.0
22010,2.0,7.0
34099,2.0,13.0
28337,4.0,18.0
24654,7.0,14.0
32565,4.0,11.0
46681,5.0,17.0
8003,3.0,10.0
35916,0.0,4.0
40600,1.0,13.0
44112,2.0,17.0
9291,0.0,2.0
160,3.0,11.0
34756,5.0,9.0
42305,3.0,10.0
26283,4.0,14.0
20487,4.0,17.0
29076,4.0,11.0
40577,0.0,4.0
23154,0.0,4.0
27782,2.0,13.0
13229,6.0,9.0
24775,4.0,16.0
19356,5.0,7.0
20921,6.0,16.0
14720,7.0,11.0
15266,2.0,19.0
47216,0.0,14.0
45459,6.0,10.0
46765,0.0,4.0
41288,6.0,11.0
13844,0.0,2.0
22706,4.0,12.0
28633,3.0,12.0
44299,3.0,12.0
22231,1.0,130.0
30842,4.0,16.0
1754,1.0,27.0
19322,4.0,19.0
22984,3.0,15.0
12355,4.0,11.0
45561,,12.0
36238,2.0,
13419,4.0,20.0
7963,3.0,13.0
6000,1.0,21.0
7553,2.0,8.0
33965,1.0,14.0
46615,5.0,20.0
26512,2.0,14.0
27717,3.0,18.0
20677,2.0,9.0
34687,3.0,19.0
40493,3.0,13.0
15405,4.0,18.0
17144,2.0,8.0
49888,,9.0
11276,4.0,16.0
13807,2.0,19.0
27771,3.0,13.0
48846,3.0,17.0
47673,6.0,5.0
36937,0.0,0.0
48703,0.0,16.0
19680,4.0,14.0
39536,2.0,14.0
3522,1.0,14.0
15778,2.0,15.0
2444,,18.0
23988,0.0,1.0
3533,2.0,16.0
33610,5.0,13.0
32245,0.0,11.0
20462,2.0,18.0
25210,4.0,8.0
1364,0.0,7.0
41638,3.0,14.0
8885,1.0,14.0
15658,0.0,2.0
2326,3.0,14.0
33559,1.0,11.0
21786,2.0,14.0
38666,0.0,14.0
16155,0.0,3.0
8860,2.0,
31138,5.0,12.0
45073,4.0,21.0
43388,2.0,14.0
18108,3.0,16.0
39143,2.0,12.0
12087,2.0,
12588,4.0,10.0
16943,0.0,2.0
38586,0.0,17.0
16170,4.0,16.0
23825,3.0,16.0
15404,1.0,15.0
26439,7.0,
41471,0.0,3.0
20653,4.0,18.0
35172,3.0,8.0
34183,4.0,14.0
11129,4.0,11.0
22709,0.0,14.0
16298,3.0,14.0
25347,1.0,12.0
42060,1.0,13.0
45230,2.0,19.0
44873,0.0,16.0
8166,0.0,
5976,5.0,13.0
4929,4.0,15.0
48206,1.0,11.0
18225,1.0,7.0
26615,5.0,16.0
40380,0.0,8.0
31961,3.0,16.0
35477,1.0,22.0
10431,2.0,11.0
49613,0.0,17.0
31594,1.0,9.0
44748,1.0,7.0
7040,0.0,0.0
25948,3.0,9.0
30648,3.0,21.0
10990,2.0,14.0
4951,4.0,16.0
839,9.0,12.0
6106,3.0,13.0
31434,2.0,11.0
10719,0.0,16.0
23839,5.0,9.0
44365,3.0,18.0
27199,2.0,15.0
14739,5.0,
47652,0.0,10.0
38553,4.0,19.0
37608,5.0,20.0
37850,0.0,19.0
21135,4.0,14.0
27479,,23.0
44502,3.0,12.0
26390,,11.0
36219,5.0,15.0
2872,5.0,17.0
34877,1.0,16.0
28119,5.0,15.0
19251,0.0,3.0
48025,3.0,14.0
37057,2.0,12.0
31228,,18.0
5272,2.0,16.0
13464,5.0,17.0
42887,6.0,14.0
32016,8.0,13.0
42107,0.0,13.0
11124,4.0,17.0
34205,5.0,
33982,,2.0
6442,2.0,8.0
25248,2.0,15.0
10583,0.0,6.0
29994,4.0,16.0
35565,4.0,9.0
41147,1.0,12.0
34663,1.0,12.0
40610,3.0,14.0
5362,1.0,12.0
14365,2.0,18.0
5119,4.0,11.0
21648,3.0,15.0
20405,7.0,12.0
36890,2.0,19.0
8483,0.0,3.0
42905,2.0,7.0
18768,3.0,12.0
36092,6.0,20.0
35866,1.0,22.0
7717,2.0,11.0
42130,3.0,16.0
21630,4.0,14.0
24088,3.0,17.0
7123,5.0,14.0
5520,5.0,23.0
19364,2.0,12.0
26442,3.0,7.0
37692,4.0,19.0
18570,0.0,5.0
37773,4.0,20.0
31406,2.0,14.0
5717,6.0,11.0
13360,1.0,14.0
15666,1.0,20.0
36663,1.0,16.0
22340,2.0,9.0
12297,3.0,8.0
17556,0.0,4.0
27146,1.0,17.0
28946,1.0,14.0
45509,8.0,17.0
20563,0.0,1.0
16844,0.0,12.0
30480,2.0,8.0
47112,0.0,4.0
1819,3.0,13.0
28608,3.0,12.0
34742,5.0,11.0
38521,6.0,15.0
17476,3.0,19.0
1405,2.0,23.0
9407,4.0,20.0
2720,6.0,13.0
29098,3.0,17.0
45651,6.0,8.0
22936,2.0,14.0
10710,3.0,14.0
47309,1.0,17.0
21302,0.0,4.0
7876,2.0,13.0
48384,7.0,18.0
3707,5.0,18.0
1200,2.0,12.0
19886,4.0,12.0
49295,3.0,13.0
35090,3.0,12.0
6798,0.0,2.0
5360,3.0,11.0
19934,3.0,12.0
9020,1.0,15.0
36583,2.0,12.0
22836,1.0,15.0
4282,5.0,15.0
11792,3.0,10.0
8910,4.0,15.0
41614,4.0,17.0
9703,2.0,20.0
10933,5.0,20.0
38543,1.0,17.0
21185,4.0,16.0
14934,3.0,12.0
28316,3.0,
18725,1.0,12.0
21009,1.0,10.0
760,3.0,24.0
22443,7.0,20.0
13311,2.0,17.0
37898,2.0,21.0
15392,3.0,15.0
45983,5.0,15.0
20194,0.0,6.0
17599,0.0,3.0
4885,1.0,21.0
15864,0.0,6.0
30952,3.0,11.0
15888,0.0,15.0
44101,9.0,13.0
47353,4.0,14.0
35053,1.0,16.0
21132,2.0,17.0
39380,3.0,10.0
23469,3.0,
43006,1.0,9.0
49183,3.0,9.0
13520,5.0,12.0
1188,3.0,19.0
9135,0.0,1.0
19186,1.0,17.0
26028,6.0,11.0
43812,4.0,12.0
3998,0.0,8.0
14997,1.0,14.0
37415,,11.0
824,1.0,17.0
8585,4.0,23.0
249,3.0,150.0
18699,0.0,5.0
21170,4.0,13.0
30161,0.0,2.0
7568,3.0,21.0
4994,4.0,14.0
11747,6.0,17.0
15355,2.0,16.0
9056,0.0,12.0
2259,1.0,13.0
15117,0.0,13.0
32782,1.0,13.0
42300,3.0,140.0
45209,2.0,26.0
9236,5.0,14.0
27465,0.0,2.0
12658,2.0,9.0
24797,9.0,13.0
6844,2.0,12.0
21806,1.0,7.0
227,1.0,12.0
13267,2.0,9.0
21332,0.0,4.0
4255,6.0,13.0
24117,5.0,9.0
9248,3.0,18.0
35596,4.0,20.0
20854,1.0,9.0
34411,6.0,10.0
5376,2.0,14.0
35116,0.0,3.0
1904,2.0,17.0
1332,3.0,15.0
2969,5.0,18.0
11065,0.0,13.0
19652,5.0,19.0
43683,6.0,10.0
6027,4.0,17.0
48080,1.0,
39231,1.0,26.0
2127,8.0,
5631,4.0,13.0
1887,4.0,14.0
24764,3.0,17.0
39248,6.0,11.0
22100,5.0,18.0
17654,2.0,9.0
34074,4.0,20.0
29396,3.0,20.0
11487,6.0,13.0
21926,2.0,18.0
3660,4.0,17.0
31178,0.0,7.0
12367,0.0,3.0
2840,3.0,14.0
32680,5.0,17.0
39521,4.0,
2617,2.0,21.0
3603,1.0,15.0
13163,0.0,3.0
12219,6.0,19.0
32774,5.0,11.0
11465,3.0,15.0
33551,7.0,11.0
44447,6.0,17.0
9674,2.0,11.0
4591,,9.0
49297,3.0,13.0
27651,1.0,
45191,10.0,14.0
27004,4.0,17.0
22499,4.0,17.0
38292,,26.0
32347,0.0,3.0
33072,3.0,16.0
13491,5.0,11.0
9175,3.0,7.0
10944,3.0,16.0
6460,5.0,17.0
33503,0.0,2.0
8474,0.0,7.0
25705,3.0,17.0
6319,0.0,14.0
13873,2.0,12.0
28033,0.0,14.0
33384,5.0,13.0
45820,6.0,14.0
45958,1.0,15.0
44988,6.0,9.0
12003,6.0,17.0
23685,4.0,13.0
33327,1.0,12.0
20797,5.0,10.0
5528,2.0,9.0
9617,0.0,1.0
13888,3.0,13.0
32368,4.0,15.0
20421,5.0,13.0
49432,5.0,11.0
42334,0.0,3.0
37478,6.0,21.0
1790,2.0,8.0
15887,4.0,15.0
43129,1.0,15.0
3647,4.0,17.0
48870,7.0,18.0
6227,3.0,10.0
48342,,18.0
30963,2.0,14.0
20504,4.0,6.0
17530,3.0,10.0
5829,5.0,26.0
37654,3.0,12.0
17299,0.0,4.0
21882,0.0,2.0
29619,2.0,16.0
42070,2.0,9.0
43174,0.0,15.0
26821,1.0,16.0
35485,2.0,14.0
47509,2.0,10.0
14465,2.0,16.0
21937,4.0,17.0
43035,0.0,16.0
4602,1.0,13.0
23794,3.0,17.0
24898,1.0,12.0
24364,5.0,14.0
45805,4.0,15.0
2841,,11.0
40209,6.0,7.0
15758,0.0,19.0
40357,4.0,10.0
39778,8.0,12.0
34860,1.0,17.0
20285,4.0,10.0
38222,6.0,15.0
41810,1.0,15.0
28288,3.0,21.0
48347,4.0,17.0
23442,0.0,2.0
22592,5.0,13.0
40805,2.0,12.0
39056,5.0,19.0
43781,3.0,14.0
24826,2.0,9.0
21346,3.0,16.0
3694,3.0,14.0
45211,0.0,0.0
17191,7.0,13.0
34967,1.0,
44010,1.0,10.0
37815,1.0,17.0
25369,5.0,14.0
13964,3.0,19.0
5698,3.0,20.0
31268,3.0,13.0
13607,7.0,14.0
9518,2.0,13.0
31051,,15.0
31107,2.0,14.0
44011,4.0,15.0
46642,3.0,16.0
502,0.0,2.0
8381,3.0,17.0
27925,5.0,14.0
4388,5.0,13.0
11812,0.0,17.0
36858,2.0,6.0
13731,0.0,14.0
43404,4.0,20.0
45290,0.0,14.0
33180,3.0,13.0
23057,7.0,18.0
31628,3.0,12.0
20896,3.0,11.0
25122,0.0,12.0
49241,4.0,10.0
28466,5.0,20.0
11115,8.0,15.0
31561,1.0,8.0
30760,1.0,10.0
24991,6.0,7.0
34866,5.0,12.0
10576,1.0,16.0
23021,3.0,9.0
27544,4.0,10.0
45130,4.0,16.0
37824,2.0,18.0
33773,6.0,15.0
20436,,14.0
46841,2.0,13.0
21867,1.0,19.0
13308,5.0,21.0
43146,1.0,22.0
8030,2.0,16.0
285,2.0,19.0
22595,3.0,11.0
11548,3.0,11.0
17980,3.0,12.0
18879,2.0,14.0
28326,2.0,5.0
24504,2.0,18.0
44129,1.0,13.0
40704,3.0,19.0
28956,1.0,17.0
39836,6.0,14.0
36478,3.0,8.0
46370,5.0,17.0
39672,1.0,10.0
28817,3.0,14.0
48417,0.0,15.0
8976,0.0,1.0
20097,2.0,13.0
45013,5.0,11.0
16376,4.0,9.0
16448,3.0,19.0
43552,4.0,10.0
3270,0.0,4.0
49040,4.0,9.0
34862,5.0,16.0
13007,3.0,17.0
7107,5.0,16.0
4968,1.0,14.0
18978,3.0,9.0
18540,2.0,14.0
33981,4.0,10.0
44769,7.0,17.0
35196,1.0,14.0
13771,0.0,14.0
25289,2.0,12.0
48275,2.0,15.0
48251,,12.0
803,1.0,10.0
25031,0.0,3.0
44410,2.0,21.0
23063,3.0,15.0
26352,4.0,16.0
37472,2.0,11.0
1752,0.0,0.0
26897,3.0,8.0
36356,0.0,8.0
29970,2.0,14.0
26496,3.0,16.0
9708,3.0,17.0
20166,3.0,11.0
12514,1.0,90.0
29116,1.0,9.0
31513,3.0,15.0
41278,0.0,4.0
48324,5.0,17.0
29754,2.0,12.0
42105,2.0,15.0
6408,5.0,12.0
28890,4.0,15.0
23573,4.0,14.0
37444,3.0,16.0
42158,1.0,17.0
7207,4.0,15.0
28446,1.0,14.0
13478,0.0,3.0
18760,2.0,10.0
3925,4.0,9.0
44006,2.0,8.0
14512,0.0,12.0
41690,2.0,13.0
40345,8.0,11.0
10563,3.0,11.0
49654,1.0,11.0
5553,3.0,13.0
3968,8.0,16.0
28262,2.0,9.0
16632,1.0,18.0
46582,4.0,15.0
4097,,11.0
29655,3.0,14.0
40556,3.0,18.0
6440,4.0,10.0
6355,2.0,25.0
31969,4.0,7.0
22602,3.0,15.0
47939,1.0,17.0
35366,3.0,17.0
32563,3.0,13.0
39262,2.0,13.0
39757,6.0,12.0
26839,3.0,12.0
22148,2.0,13.0
39512,4.0,13.0
19696,2.0,16.0
47352,2.0,15.0
35724,3.0,8.0
10309,2.0,18.0
16843,0.0,12.0
15222,5.0,15.0
8446,2.0,11.0
40506,2.0,16.0
1756,3.0,13.0
47434,0.0,0.0
18519,,10.0
5506,5.0,12.0
12832,2.0,17.0
34954,0.0,4.0
11520,3.0,16.0
12402,1.0,17.0
40150,2.0,17.0
7401,4.0,12.0
13411,5.0,14.0
24119,4.0,10.0
15080,2.0,11.0
11189,3.0,18.0
29954,3.0,15.0
36539,4.0,12.0
33770,6.0,20.0
34054,3.0,16.0
49803,2.0,15.0
6262,4.0,15.0
12134,4.0,
11595,4.0,20.0
47804,3.0,15.0
1136,2.0,12.0
25033,2.0,13.0
34801,0.0,4.0
18517,6.0,110.0
19695,1.0,8.0
35852,2.0,13.0
34331,0.0,1.0
7409,0.0,12.0
10788,3.0,11.0
37797,,4.0
14607,0.0,17.0
38339,3.0,18.0
3728,2.0,
47703,4.0,12.0
18650,0.0,6.0
10053,3.0,13.0
17756,0.0,5.0
49862,4.0,10.0
47021,0.0,1.0
43252,4.0,11.0
14814,0.0,15.0
23312,6.0,12.0
24340,3.0,16.0
44916,2.0,22.0
17805,2.0,12.0
20714,3.0,17.0
29341,1.0,150.0
19917,1.0,11.0
34827,4.0,11.0
12181,7.0,22.0
48714,5.0,17.0
38847,0.0,6.0
27528,3.0,14.0
15633,0.0,2.0
7049,0.0,16.0
8984,2.0,18.0
24904,0.0,2.0
4836,0.0,2.0
5975,3.0,19.0
33337,8.0,11.0
12958,3.0,20.0
29814,0.0,4.0
43084,5.0,14.0
28571,2.0,9.0
20525,2.0,15.0
48652,1.0,17.0
36805,4.0,14.0
43461,1.0,18.0
27003,1.0,19.0
26309,4.0,19.0
12248,5.0,12.0
14304,1.0,13.0
39044,0.0,4.0
30745,0.0,2.0
1340,2.0,7.0
19541,6.0,14.0
18823,1.0,13.0
28049,4.0,12.0
35061,2.0,11.0
28091,5.0,12.0
26452,4.0,16.0
12579,3.0,15.0
17395,2.0,18.0
38701,2.0,21.0
21559,4.0,20.0
31696,2.0,12.0
12269,3.0,17.0
28721,2.0,13.0
40939,1.0,11.0
28641,3.0,12.0
24279,5.0,12.0
43055,4.0,13.0
19853,1.0,14.0
44871,3.0,12.0
13114,3.0,15.0
6816,1.0,19.0
28967,0.0,1.0
44849,3.0,23.0
11123,0.0,2.0
25592,,18.0
17648,1.0,10.0
29303,3.0,11.0
44281,4.0,13.0
6519,6.0,15.0
15912,2.0,13.0
37835,3.0,17.0
31259,4.0,20.0
13839,0.0,1.0
12716,0.0,3.0
29258,4.0,9.0
27593,0.0,1.0
28819,2.0,10.0
46054,5.0,19.0
17195,3.0,14.0
23877,1.0,19.0
41180,5.0,22.0
19554,0.0,11.0
22790,5.0,13.0
40943,2.0,22.0
45402,5.0,19.0
9649,3.0,14.0
29819,,15.0
21301,4.0,9.0
43834,1.0,4.0
44643,4.0,13.0
45261,0.0,6.0
18038,7.0,14.0
34465,,11.0
48699,5.0,15.0
49628,7.0,14.0
47056,2.0,9.0
2578,0.0,0.0
34391,0.0,19.0
32810,2.0,
1089,2.0,6.0
36031,3.0,14.0
28074,6.0,14.0
22012,2.0,11.0
3246,1.0,17.0
33873,5.0,15.0
28637,2.0,13.0
13783,2.0,15.0
16134,0.0,14.0
11691,4.0,13.0
17396,8.0,11.0
30255,5.0,20.0
1802,2.0,10.0
28683,2.0,11.0
10537,3.0,13.0
15268,6.0,12.0
18548,2.0,8.0
45396,5.0,11.0
6359,1.0,16.0
2047,1.0,11.0
31009,0.0,5.0
35058,4.0,12.0
15449,1.0,11.0
45646,1.0,11.0
22683,3.0,15.0
45925,2.0,12.0
30609,,15.0
14123,4.0,10.0
16086,0.0,4.0
23245,2.0,20.0
19478,0.0,3.0
13455,2.0,18.0
48853,6.0,14.0
35775,0.0,2.0
17872,4.0,17.0
11045,3.0,12.0
12473,3.0,14.0
33475,4.0,17.0
16542,1.0,13.0
21430,3.0,10.0
46104,1.0,12.0
39329,4.0,20.0
17065,0.0,3.0
24188,1.0,17.0
40278,4.0,13.0
4756,0.0,4.0
43522,2.0,13.0
23888,4.0,6.0
42979,0.0,6.0
4834,2.0,11.0
32761,5.0,9.0
18875,3.0,
1712,0.0,4.0
35508,6.0,11.0
12823,4.0,16.0
34223,4.0,9.0
39601,9.0,15.0
19725,4.0,15.0
31449,1.0,20.0
20486,4.0,23.0
7745,3.0,22.0
8627,9.0,
33167,4.0,16.0
21834,0.0,3.0
10201,7.0,13.0
30028,2.0,12.0
28139,5.0,18.0
42913,3.0,12.0
13257,4.0,18.0
26577,5.0,12.0
43999,3.0,13.0
28820,2.0,11.0
40018,4.0,11.0
18632,3.0,18.0
955,3.0,16.0
44736,4.0,17.0
30272,2.0,14.0
4629,6.0,11.0
13939,1.0,8.0
14771,2.0,15.0
27886,2.0,12.0
18635,1.0,10.0
1996,2.0,19.0
42759,2.0,9.0
30443,0.0,5.0
36150,4.0,
30434,5.0,14.0
20760,5.0,16.0
35946,3.0,13.0
22731,7.0,15.0
28295,4.0,10.0
42131,0.0,5.0
10546,2.0,17.0
40425,8.0,19.0
32063,3.0,3.0
38226,4.0,19.0
27802,0.0,1.0
34532,5.0,11.0
22303,2.0,7.0
11514,5.0,18.0
40631,2.0,17.0
36264,7.0,15.0
29795,1.0,16.0
9145,1.0,15.0
14213,,5.0
27581,2.0,11.0
10472,3.0,13.0
8469,6.0,16.0
32217,4.0,11.0
4299,3.0,9.0
34996,0.0,19.0
38357,2.0,19.0
13061,0.0,5.0
43367,0.0,14.0
23578,1.0,16.0
4135,0.0,13.0
49375,,16.0
8821,2.0,13.0
15172,3.0,19.0
19195,3.0,6.0
46526,2.0,17.0
47085,5.0,18.0
6948,1.0,10.0
20623,6.0,12.0
21311,1.0,9.0
40024,6.0,10.0
8823,4.0,10.0
11261,3.0,15.0
12366,3.0,8.0
36125,1.0,19.0
47492,3.0,10.0
43869,6.0,14.0
5550,3.0,8.0
35062,4.0,19.0
37459,4.0,10.0
10388,3.0,19.0
25519,0.0,2.0
14818,0.0,5.0
10942,1.0,5.0
36719,2.0,18.0
4256,6.0,18.0
39542,0.0,6.0
3807,2.0,14.0
19731,2.0,10.0
17163,2.0,11.0
8901,3.0,21.0
38724,1.0,23.0
32031,4.0,120.0
6522,3.0,20.0
12068,4.0,12.0
8703,4.0,24.0
23466,7.0,20.0
18530,3.0,8.0
32592,1.0,10.0
16814,5.0,15.0
36214,6.0,17.0
38265,3.0,170.0
38152,3.0,11.0
19824,0.0,
42465,2.0,11.0
27975,2.0,16.0
30044,3.0,17.0
2687,1.0,18.0
29412,4.0,13.0
49729,6.0,9.0
19385,0.0,0.0
16945,3.0,10.0
32618,4.0,13.0
37487,4.0,11.0
41439,0.0,13.0
31364,5.0,15.0
34832,6.0,17.0
45173,3.0,13.0
24361,4.0,10.0
46078,0.0,5.0
2682,0.0,4.0
31045,2.0,12.0
47724,2.0,19.0
44306,0.0,0.0
21919,3.0,14.0
48802,2.0,18.0
37203,2.0,13.0
42117,6.0,12.0
9627,5.0,19.0
32191,5.0,17.0
20775,6.0,16.0
9046,1.0,12.0
24598,5.0,16.0
44658,3.0,12.0
33357,0.0,4.0
31302,3.0,13.0
7823,4.0,17.0
48840,3.0,14.0
27955,0.0,3.0
31043,7.0,7.0
36632,0.0,
4476,3.0,10.0
31412,6.0,11.0
42802,5.0,8.0
10141,0.0,10.0
39232,2.0,17.0
12,4.0,18.0
20851,1.0,9.0
42463,5.0,21.0
262,3.0,10.0
46750,2.0,19.0
27760,0.0,1.0
41847,7.0,21.0
17040,2.0,7.0
37025,7.0,12.0
48585,3.0,10.0
13316,6.0,11.0
44497,0.0,14.0
47729,0.0,0.0
30120,0.0,3.0
49378,3.0,10.0
23156,3.0,11.0
5747,3.0,14.0
15883,4.0,13.0
25567,0.0,4.0
33045,,4.0
44496,0.0,15.0
47336,3.0,14.0
7987,3.0,19.0
14081,4.0,10.0
22971,5.0,14.0
32066,0.0,3.0
21145,3.0,12.0
6649,2.0,8.0
48203,0.0,0.0
30248,4.0,17.0
41662,2.0,14.0
6615,1.0,14.0
12172,0.0,1.0
39870,7.0,6.0
2142,7.0,
6303,3.0,13.0
39211,4.0,16.0
20298,2.0,11.0
2002,1.0,11.0
45296,5.0,11.0
47245,3.0,16.0
8089,3.0,16.0
14057,2.0,14.0
8687,0.0,3.0
13191,0.0,6.0
25403,1.0,140.0
45070,3.0,16.0
48432,3.0,10.0
27939,9.0,8.0
2821,4.0,14.0
49479,3.0,13.0
45689,5.0,14.0
6459,2.0,12.0
46826,4.0,15.0
48294,0.0,1.0
33751,1.0,10.0
25327,1.0,10.0
2176,3.0,11.0
24065,5.0,11.0
10858,5.0,13.0
32899,8.0,16.0
22910,0.0,21.0
45197,2.0,11.0
18442,3.0,18.0
10680,2.0,19.0
23082,1.0,13.0
10675,0.0,5.0
30961,1.0,13.0
7486,1.0,18.0
14483,,15.0
30644,3.0,13.0
22248,1.0,13.0
17364,3.0,16.0
10894,0.0,2.0
6932,4.0,15.0
21201,3.0,12.0
13389,4.0,140.0
36551,3.0,16.0
28996,0.0,3.0
13427,3.0,
28790,4.0,22.0
36818,5.0,17.0
17656,0.0,1.0
23292,1.0,14.0
6845,4.0,160.0
17963,2.0,8.0
16119,1.0,16.0
6076,4.0,15.0
49684,4.0,
9449,0.0,22.0
2660,4.0,9.0
36026,4.0,12.0
40841,0.0,1.0
27628,2.0,12.0
34956,5.0,22.0
20374,4.0,17.0
33869,0.0,2.0
25195,1.0,11.0
11233,2.0,13.0
45673,4.0,11.0
21408,2.0,17.0
4623,1.0,11.0
21933,4.0,14.0
33287,3.0,20.0
35731,5.0,17.0
6396,2.0,18.0
8931,0.0,3.0
26513,0.0,4.0
49517,1.0,21.0
14332,2.0,17.0
42422,2.0,17.0
46796,3.0,16.0
49092,,5.0
1300,2.0,24.0
5460,5.0,14.0
33621,0.0,1.0
46115,0.0,3.0
20027,1.0,14.0
27890,4.0,14.0
21518,6.0,17.0
5874,4.0,15.0
17213,2.0,23.0
40732,2.0,17.0
33023,5.0,13.0
20361,0.0,2.0
44257,0.0,5.0
27562,0.0,13.0
13403,5.0,20.0
31119,1.0,18.0
6320,3.0,8.0
29241,6.0,20.0
792,8.0,13.0
11735,2.0,10.0
8225,1.0,15.0
13602,4.0,17.0
15067,3.0,20.0
3506,0.0,9.0
42777,3.0,15.0
7563,4.0,12.0
49849,8.0,7.0
7410,5.0,22.0
7793,2.0,16.0
38782,4.0,13.0
42931,5.0,14.0
6811,2.0,120.0
30390,1.0,16.0
22557,2.0,6.0
11495,1.0,8.0
41022,3.0,15.0
39323,4.0,13.0
11808,2.0,18.0
13329,1.0,16.0
40396,1.0,16.0
26397,2.0,9.0
45740,5.0,17.0
6953,2.0,12.0
31859,5.0,19.0
34340,3.0,9.0
3079,4.0,16.0
5923,4.0,16.0
6871,4.0,15.0
19370,1.0,23.0
6633,3.0,14.0
15096,3.0,14.0
48227,6.0,14.0
49605,5.0,16.0
8710,3.0,14.0
23560,6.0,17.0
14659,4.0,16.0
41926,0.0,4.0
15373,0.0,1.0
9146,3.0,9.0
38307,4.0,12.0
29636,8.0,8.0
6188,4.0,9.0
36842,2.0,19.0
15961,5.0,20.0
46420,,13.0
47248,0.0,12.0
17887,3.0,16.0
3468,6.0,11.0
16305,3.0,10.0
48398,5.0,11.0
17624,4.0,12.0
44897,0.0,3.0
43227,4.0,14.0
40359,0.0,2.0
6048,0.0,3.0
419,6.0,15.0
9015,2.0,8.0
22298,1.0,
13953,4.0,15.0
6546,2.0,16.0
4810,2.0,10.0
6617,6.0,19.0
30538,5.0,11.0
17937,5.0,15.0
12442,5.0,20.0
7070,5.0,25.0
47574,3.0,17.0
47166,2.0,14.0
22441,0.0,14.0
33725,5.0,12.0
40752,4.0,8.0
30016,0.0,11.0
21845,2.0,19.0
32914,1.0,14.0
34784,1.0,20.0
13559,0.0,2.0
36527,3.0,10.0
49792,6.0,16.0
6915,3.0,22.0
19549,6.0,15.0
37013,5.0,16.0
43963,3.0,23.0
17180,2.0,
24393,5.0,9.0
14666,2.0,9.0
10508,0.0,6.0
36661,6.0,17.0
13136,0.0,4.0
37803,2.0,13.0
13890,1.0,13.0
22454,4.0,14.0
13674,2.0,9.0
23139,4.0,10.0
36261,4.0,13.0
37299,5.0,10.0
36313,4.0,18.0
45712,4.0,19.0
33165,4.0,17.0
24882,4.0,11.0
33232,0.0,2.0
40022,4.0,
28824,3.0,8.0
6567,,17.0
44423,1.0,15.0
27227,4.0,13.0
11243,0.0,13.0
48430,1.0,12.0
37951,4.0,17.0
19566,,15.0
6529,3.0,9.0
35334,0.0,18.0
35883,4.0,12.0
42115,1.0,14.0
31641,3.0,10.0
11026,6.0,15.0
4876,2.0,10.0
42147,3.0,12.0
28386,,14.0
27574,3.0,22.0
25549,7.0,14.0
32778,6.0,10.0
40188,3.0,18.0
39896,1.0,4.0
5569,3.0,7.0
46735,4.0,11.0
40304,1.0,11.0
28733,2.0,14.0
6784,1.0,14.0
39708,0.0,6.0
46297,3.0,15.0
23729,3.0,13.0
8951,2.0,14.0
34156,4.0,16.0
3396,2.0,18.0
27162,2.0,14.0
38395,2.0,14.0
29349,4.0,8.0
34594,2.0,15.0
13058,3.0,16.0
412,1.0,13.0
37670,3.0,13.0
27438,2.0,12.0
43179,1.0,10.0
35152,2.0,16.0
43354,0.0,5.0
40760,6.0,10.0
17238,5.0,11.0
42961,5.0,18.0
19644,2.0,15.0
43833,3.0,13.0
9958,7.0,8.0
30602,0.0,4.0
22813,1.0,14.0
9599,2.0,14.0
11849,8.0,12.0
2890,3.0,14.0
11209,4.0,21.0
31280,3.0,12.0
628,8.0,19.0
25664,4.0,23.0
11746,5.0,10.0
8601,2.0,14.0
32074,3.0,9.0
27822,2.0,16.0
11628,2.0,11.0
25482,1.0,10.0
32672,0.0,16.0
1810,4.0,10.0
3708,0.0,1.0
21128,1.0,14.0
31191,2.0,17.0
20490,5.0,13.0
178,1.0,140.0
30820,3.0,12.0
10837,0.0,12.0
23858,,16.0
38935,3.0,16.0
39020,,9.0
25127,6.0,22.0
17873,3.0,
26508,4.0,19.0
16645,1.0,15.0
6241,1.0,13.0
8109,,13.0
30753,3.0,12.0
46666,4.0,15.0
24547,6.0,11.0
18613,0.0,15.0
16506,1.0,20.0
18882,4.0,11.0
6993,1.0,11.0
30552,4.0,12.0
2785,7.0,8.0
3203,0.0,2.0
19538,0.0,2.0
34057,0.0,7.0
20694,0.0,1.0
1377,3.0,15.0
25457,,12.0
31469,1.0,
3865,3.0,10.0
43765,2.0,16.0
11431,4.0,
26579,2.0,12.0
45067,6.0,13.0
31795,1.0,14.0
27063,2.0,11.0
21988,3.0,21.0
22241,0.0,4.0
33791,2.0,
4139,1.0,12.0
36980,3.0,12.0
21197,2.0,21.0
47519,4.0,9.0
45442,6.0,14.0
2937,0.0,5.0
11620,7.0,17.0
21344,0.0,3.0
22416,1.0,12.0
38394,0.0,5.0
14306,1.0,10.0
45210,1.0,22.0
44751,6.0,13.0
5650,3.0,10.0
48525,7.0,14.0
32094,3.0,12.0
42603,3.0,14.0
26031,4.0,12.0
11988,4.0,6.0
242,3.0,18.0
1730,6.0,
4608,4.0,12.0
40539,1.0,10.0
18293,2.0,13.0
29505,5.0,11.0
28366,1.0,13.0
2398,0.0,3.0
22069,2.0,16.0
16648,1.0,16.0
40819,1.0,13.0
42929,0.0,4.0
6838,4.0,10.0
145,1.0,13.0
8641,3.0,18.0
9081,5.0,14.0
6911,2.0,14.0
36559,,
16057,3.0,20.0
41125,5.0,16.0
46790,6.0,15.0
18427,1.0,20.0
7732,4.0,8.0
48758,4.0,15.0
38911,8.0,17.0
17614,3.0,16.0
13802,,13.0
11597,2.0,14.0
17218,5.0,18.0
1006,1.0,22.0
48364,6.0,16.0
1572,3.0,18.0
24097,3.0,13.0
36440,3.0,14.0
21629,5.0,10.0
1633,,12.0
26038,2.0,17.0
1139,4.0,9.0
7032,2.0,11.0
38821,4.0,10.0
2894,0.0,5.0
28273,5.0,10.0
23246,4.0,16.0
26057,,15.0
5087,3.0,24.0
46728,5.0,14.0
4220,4.0,13.0
7976,0.0,6.0
8189,0.0,5.0
45447,5.0,14.0
19990,3.0,12.0
25566,6.0,15.0
46426,3.0,13.0
39774,0.0,8.0
9898,0.0,4.0
47100,2.0,140.0
23364,0.0,6.0
17827,7.0,18.0
38881,1.0,9.0
28512,3.0,17.0
32620,6.0,10.0
16866,6.0,15.0
1318,1.0,12.0
23032,0.0,14.0
49292,4.0,10.0
17776,2.0,8.0
21810,4.0,14.0
42452,0.0,2.0
10243,0.0,4.0
31805,4.0,16.0
47813,3.0,8.0
49980,3.0,15.0
5798,3.0,14.0
25388,2.0,15.0
5623,3.0,14.0
46004,3.0,9.0
49694,7.0,12.0
7256,5.0,13.0
4952,0.0,12.0
9802,3.0,12.0
8434,4.0,12.0
8548,3.0,19.0
27282,1.0,16.0
39507,2.0,19.0
35532,2.0,16.0
23901,1.0,
40674,4.0,11.0
38266,4.0,13.0
32254,6.0,13.0
45988,1.0,12.0
14426,3.0,14.0
37003,0.0,12.0
45609,0.0,3.0
26838,1.0,7.0
3461,4.0,15.0
14599,1.0,13.0
4386,3.0,13.0
10279,0.0,12.0
20718,1.0,20.0
18781,,11.0
46152,3.0,17.0
2190,3.0,17.0
19274,7.0,16.0
31091,6.0,14.0
17304,3.0,11.0
1711,2.0,11.0
39832,3.0,11.0
49856,3.0,16.0
37931,4.0,12.0
42118,4.0,
29676,1.0,15.0
37741,4.0,9.0
20716,3.0,16.0
43131,3.0,16.0
41141,5.0,16.0
1230,5.0,12.0
42096,6.0,18.0
29032,,8.0
32252,1.0,13.0
43645,3.0,12.0
14825,1.0,11.0
32294,3.0,6.0
14550,5.0,8.0
15731,2.0,13.0
31645,,3.0
32709,2.0,14.0
18479,2.0,13.0
26488,2.0,7.0
33130,4.0,9.0
23079,1.0,11.0
42864,3.0,13.0
34145,2.0,7.0
15116,3.0,
46320,2.0,10.0
43298,5.0,11.0
38511,4.0,13.0
31574,2.0,19.0
22610,3.0,12.0
49258,3.0,20.0
25442,4.0,10.0
46978,3.0,21.0
37144,3.0,10.0
17881,0.0,1.0
30105,1.0,11.0
35281,1.0,7.0
13558,3.0,20.0
26185,1.0,18.0
39165,7.0,16.0
16811,4.0,17.0
16955,2.0,13.0
26627,5.0,14.0
21617,0.0,23.0
6038,3.0,18.0
19521,4.0,14.0
32779,4.0,
10432,4.0,17.0
33618,3.0,11.0
29969,4.0,16.0
21048,0.0,
27506,0.0,2.0
16329,0.0,4.0
31229,3.0,12.0
20010,1.0,13.0
20042,3.0,17.0
45869,6.0,14.0
7625,3.0,
22435,1.0,16.0
38615,4.0,11.0
44027,1.0,15.0
9513,3.0,12.0
15664,7.0,15.0
36366,2.0,14.0
40295,0.0,3.0
11448,4.0,14.0
48065,0.0,4.0
31238,3.0,21.0
2667,2.0,10.0
5340,4.0,17.0
31983,1.0,10.0
11044,4.0,12.0
25468,5.0,12.0
17250,2.0,14.0
43882,3.0,17.0
4463,4.0,4.0
48735,1.0,17.0
45812,3.0,
2351,1.0,19.0
11854,5.0,16.0
12523,0.0,7.0
36519,3.0,
36970,3.0,18.0
48195,1.0,14.0
33581,2.0,16.0
24428,2.0,11.0
37020,1.0,16.0
25448,5.0,16.0
27626,3.0,19.0
7637,1.0,15.0
12324,3.0,11.0
49234,1.0,10.0
37269,3.0,13.0
18680,2.0,13.0
32668,5.0,15.0
16388,0.0,4.0
27633,5.0,16.0
6863,2.0,14.0
10686,4.0,23.0
4408,2.0,19.0
27614,0.0,14.0
41404,2.0,13.0
38105,2.0,12.0
7884,6.0,11.0
20301,3.0,9.0
924,4.0,16.0
4009,1.0,11.0
7403,4.0,16.0
22915,3.0,14.0
12551,3.0,9.0
11434,9.0,12.0
49271,3.0,14.0
45496,3.0,9.0
31579,5.0,12.0
48762,5.0,16.0
30924,4.0,14.0
35562,3.0,25.0
32007,2.0,13.0
370,5.0,10.0
6267,2.0,13.0
38963,4.0,9.0
34032,1.0,15.0
29559,3.0,15.0
23625,0.0,16.0
2632,5.0,12.0
27184,2.0,14.0
3301,5.0,12.0
26888,0.0,4.0
62,0.0,14.0
5082,2.0,18.0
3846,1.0,13.0
30634,0.0,3.0
597,2.0,19.0
19673,3.0,13.0
7811,0.0,3.0
24922,1.0,13.0
13470,0.0,4.0
7664,2.0,7.0
29488,2.0,14.0
30903,2.0,19.0
14646,3.0,13.0
41389,3.0,15.0
44863,4.0,17.0
30262,4.0,17.0
36190,7.0,16.0
32533,10.0,9.0
47025,1.0,12.0
40834,2.0,14.0
45220,8.0,18.0
42384,2.0,16.0
18939,0.0,16.0
16833,2.0,18.0
1279,2.0,20.0
13663,0.0,4.0
31845,2.0,13.0
25061,4.0,25.0
19994,2.0,13.0
35057,2.0,16.0
22726,6.0,11.0
28932,4.0,15.0
14064,,3.0
21406,5.0,6.0
44192,3.0,
9591,2.0,11.0
19475,0.0,10.0
32687,4.0,10.0
31081,7.0,14.0
24531,,15.0
37680,6.0,12.0
26798,2.0,13.0
39272,3.0,15.0
23183,2.0,
10386,0.0,2.0
13711,0.0,4.0
44729,5.0,11.0
32913,0.0,16.0
40225,5.0,16.0
9491,3.0,14.0
27080,4.0,15.0
49981,5.0,21.0
18258,3.0,
19477,2.0,19.0
15682,0.0,3.0
38788,3.0,7.0
44774,1.0,20.0
49244,2.0,15.0
21129,2.0,17.0
45411,3.0,17.0
43369,2.0,13.0
46358,2.0,11.0
76,0.0,4.0
21097,5.0,14.0
3451,4.0,17.0
33743,1.0,15.0
39517,3.0,13.0
9462,2.0,17.0
48200,5.0,12.0
48583,5.0,15.0
23845,3.0,17.0
24814,1.0,17.0
1457,2.0,18.0
41875,4.0,14.0
34250,4.0,17.0
2601,3.0,14.0
15151,3.0,14.0
6125,3.0,10.0
13971,3.0,14.0
29221,5.0,19.0
1163,3.0,10.0
4415,5.0,18.0
17117,7.0,17.0
49599,1.0,19.0
42960,0.0,4.0
41580,4.0,7.0
34445,0.0,2.0
36388,3.0,16.0
27329,1.0,11.0
26964,3.0,19.0
41569,4.0,12.0
34005,8.0,
13368,1.0,9.0
42951,0.0,
32193,2.0,17.0
48073,7.0,11.0
24309,3.0,17.0
19791,9.0,10.0
28293,6.0,20.0
45766,3.0,11.0
39898,1.0,13.0
41186,4.0,9.0
27076,4.0,8.0
27083,6.0,18.0
8604,0.0,13.0
31403,3.0,16.0
48462,4.0,17.0
356,0.0,10.0
749,3.0,16.0
34648,3.0,11.0
36509,4.0,15.0
25205,0.0,5.0
31206,0.0,6.0
7652,0.0,3.0
12325,0.0,18.0
34486,2.0,8.0
8704,4.0,15.0
6089,,15.0
21099,3.0,9.0
8327,1.0,19.0
23737,0.0,14.0
1654,3.0,14.0
22313,2.0,14.0
45119,,13.0
9966,0.0,10.0
39339,5.0,13.0
13800,5.0,19.0
5193,6.0,14.0
20601,2.0,6.0
29175,8.0,15.0
44003,4.0,9.0
216,3.0,17.0
43202,3.0,19.0
19599,0.0,6.0
38525,2.0,20.0
12567,5.0,15.0
3991,5.0,11.0
18014,4.0,12.0
2283,4.0,13.0
47526,5.0,16.0
18465,3.0,7.0
43090,5.0,15.0
11819,3.0,6.0
14423,7.0,10.0
15632,7.0,12.0
20818,4.0,15.0
8301,3.0,12.0
3920,4.0,8.0
48362,3.0,22.0
43453,2.0,16.0
46144,1.0,9.0
41210,3.0,12.0
6478,4.0,14.0
41207,3.0,19.0
36105,3.0,18.0
48077,7.0,13.0
30489,4.0,14.0
21628,0.0,12.0
22586,4.0,21.0
3712,5.0,11.0
29836,0.0,
19972,2.0,14.0
25082,4.0,15.0
23941,5.0,7.0
11586,5.0,12.0
5010,4.0,15.0
17745,3.0,16.0
8740,1.0,110.0
45844,3.0,14.0
8008,2.0,9.0
24017,3.0,14.0
27742,6.0,21.0
46731,3.0,11.0
1011,5.0,12.0
17122,0.0,9.0
5277,6.0,15.0
21596,4.0,18.0
47778,0.0,4.0
17755,5.0,15.0
35672,0.0,2.0
29936,1.0,7.0
30635,2.0,10.0
26181,4.0,16.0
12009,3.0,14.0
33234,1.0,130.0
47849,5.0,13.0
7504,4.0,15.0
3224,2.0,11.0
33696,1.0,18.0
21568,6.0,23.0
47209,7.0,13.0
34716,5.0,17.0
35746,4.0,15.0
46179,3.0,12.0
36901,1.0,17.0
48307,3.0,13.0
18916,2.0,21.0
34091,3.0,15.0
48299,7.0,19.0
21575,4.0,17.0
39980,3.0,23.0
44997,4.0,9.0
11770,0.0,1.0
29014,2.0,
7561,4.0,16.0
15145,5.0,8.0
29457,4.0,
3568,1.0,12.0
17747,2.0,11.0
23605,0.0,3.0
27442,2.0,80.0
23823,9.0,16.0
23418,0.0,13.0
47259,5.0,14.0
15184,2.0,25.0
45788,1.0,19.0
21136,1.0,12.0
27333,1.0,13.0
49163,3.0,17.0
5400,5.0,12.0
28423,3.0,12.0
1558,0.0,9.0
42237,2.0,11.0
22870,1.0,11.0
47220,5.0,17.0
41754,2.0,8.0
39577,6.0,15.0
17622,2.0,18.0
13694,3.0,22.0
24779,3.0,14.0
38804,2.0,
4584,5.0,23.0
31445,0.0,3.0
5423,2.0,15.0
16169,8.0,19.0
16724,4.0,13.0
2185,4.0,14.0
8942,6.0,17.0
31295,4.0,
5345,4.0,13.0
16841,2.0,13.0
13251,3.0,16.0
10579,0.0,2.0
34182,0.0,14.0
16919,3.0,18.0
16893,4.0,15.0
29854,0.0,1.0
26631,3.0,8.0
25916,3.0,13.0
15389,0.0,2.0
37300,4.0,14.0
31589,3.0,200.0
34522,0.0,13.0
2640,0.0,3.0
31480,6.0,14.0
41522,2.0,17.0
43413,4.0,14.0
4010,3.0,12.0
20595,1.0,15.0
2041,3.0,20.0
21911,3.0,17.0
12065,5.0,11.0
22472,,13.0
101,6.0,12.0
15655,0.0,11.0
4341,2.0,14.0
22346,,17.0
5153,4.0,15.0
36765,0.0,0.0
40998,0.0,12.0
22493,4.0,14.0
11199,3.0,12.0
1215,4.0,18.0
7688,5.0,15.0
33560,3.0,15.0
25030,3.0,16.0
12368,1.0,9.0
31194,4.0,15.0
43015,3.0,13.0
18425,0.0,1.0
31010,1.0,13.0
34673,3.0,13.0
26743,3.0,17.0
3776,1.0,12.0
41358,3.0,17.0
34672,1.0,13.0
30399,0.0,20.0
28516,0.0,1.0
26351,3.0,17.0
28129,5.0,13.0
15176,2.0,11.0
30148,7.0,6.0
31703,3.0,14.0
17804,4.0,12.0
20721,0.0,3.0
49686,3.0,13.0
15884,1.0,12.0
12624,6.0,18.0
41505,1.0,13.0
10263,8.0,13.0
33567,3.0,
43258,4.0,15.0
22698,0.0,14.0
14459,0.0,4.0
17057,0.0,18.0
4920,1.0,14.0
36973,7.0,8.0
36107,2.0,12.0
23059,3.0,13.0
43899,0.0,6.0
22333,3.0,13.0
588,3.0,15.0
24674,1.0,11.0
40117,2.0,20.0
28709,6.0,11.0
43130,5.0,14.0
44937,3.0,17.0
45382,3.0,16.0
14810,3.0,14.0
17921,2.0,14.0
9691,1.0,12.0
38645,0.0,2.0
5803,2.0,18.0
40965,5.0,8.0
1528,2.0,20.0
35994,6.0,17.0
4525,6.0,18.0
7809,3.0,13.0
7638,0.0,4.0
38859,3.0,14.0
38225,3.0,14.0
21521,4.0,14.0
20326,4.0,16.0
19653,4.0,12.0
39252,3.0,16.0
6147,2.0,17.0
42724,1.0,17.0
29765,0.0,11.0
46864,5.0,9.0
19659,3.0,15.0
14103,4.0,17.0
30279,5.0,14.0
41335,3.0,17.0
12794,2.0,15.0
38436,4.0,13.0
34785,5.0,14.0
15426,3.0,8.0
20585,0.0,2.0
48579,7.0,9.0
25518,0.0,4.0
11782,2.0,9.0
29627,3.0,12.0
9841,5.0,13.0
16137,5.0,11.0
31001,3.0,15.0
2516,1.0,20.0
2612,0.0,6.0
19319,4.0,12.0
20404,1.0,13.0
5437,6.0,9.0
26861,4.0,20.0
660,3.0,14.0
4263,5.0,
13137,2.0,14.0
7408,4.0,
22348,2.0,14.0
42319,5.0,14.0
2508,2.0,14.0
6221,5.0,20.0
36427,0.0,2.0
43421,3.0,12.0
45050,3.0,12.0
4977,3.0,17.0
4891,4.0,10.0
33958,4.0,7.0
25826,,10.0
37083,4.0,9.0
38021,,20.0
44297,3.0,7.0
6467,3.0,16.0
13851,2.0,14.0
44703,2.0,12.0
10601,3.0,24.0
18236,0.0,2.0
13616,0.0,15.0
11908,4.0,6.0
30195,3.0,160.0
38928,0.0,4.0
12157,5.0,12.0
44822,0.0,12.0
33173,2.0,16.0
14949,1.0,12.0
46434,5.0,14.0
48497,3.0,12.0
1114,1.0,14.0
41064,,17.0
14643,2.0,18.0
16534,5.0,11.0
20311,2.0,10.0
43370,3.0,8.0
28964,3.0,14.0
29943,3.0,17.0
42617,7.0,15.0
6307,3.0,14.0
1980,4.0,17.0
27723,3.0,19.0
31611,,1.0
1148,3.0,18.0
3760,4.0,11.0
28959,1.0,18.0
39486,7.0,20.0
27804,3.0,6.0
29626,6.0,8.0
38312,,15.0
37292,2.0,15.0
46745,6.0,11.0
43535,3.0,20.0
24150,3.0,20.0
10296,3.0,11.0
30821,5.0,16.0
43093,2.0,14.0
46914,6.0,13.0
27196,4.0,16.0
19076,5.0,9.0
36117,5.0,18.0
13799,2.0,13.0
15476,5.0,15.0
20011,5.0,17.0
2762,4.0,8.0
21051,6.0,10.0
18655,6.0,17.0
24943,4.0,17.0
27865,3.0,16.0
41115,,15.0
25172,2.0,10.0
12059,6.0,9.0
11635,5.0,14.0
17064,6.0,15.0
31814,2.0,9.0
35957,3.0,15.0
24992,1.0,17.0
9100,0.0,30.0
40759,4.0,11.0
21532,0.0,15.0
1778,1.0,11.0
27379,8.0,18.0
40993,5.0,18.0
5748,6.0,13.0
41656,7.0,13.0
2254,5.0,22.0
42370,4.0,13.0
15167,2.0,13.0
25095,6.0,14.0
15495,,11.0
37114,1.0,13.0
18313,2.0,19.0
13468,5.0,14.0
22588,5.0,24.0
46140,2.0,16.0
7682,2.0,19.0
3989,3.0,11.0
17466,3.0,16.0
2261,4.0,17.0
14875,3.0,14.0
10023,4.0,13.0
18920,5.0,14.0
31713,2.0,20.0
10328,3.0,13.0
28117,5.0,20.0
43107,4.0,16.0
2403,1.0,16.0
4244,2.0,11.0
32971,2.0,11.0
40215,3.0,8.0
41922,2.0,14.0
15026,6.0,13.0
47752,3.0,20.0
33793,3.0,14.0
542,4.0,12.0
20754,2.0,11.0
30540,4.0,18.0
47897,6.0,17.0
9283,5.0,12.0
36491,,15.0
21858,0.0,3.0
19263,3.0,18.0
46549,2.0,13.0
35991,3.0,13.0
7602,0.0,4.0
30981,,18.0
3592,2.0,14.0
48707,5.0,17.0
9440,5.0,10.0
2492,4.0,16.0
2352,1.0,10.0
26804,3.0,16.0
40273,7.0,14.0
12827,5.0,12.0
26692,6.0,16.0
44055,3.0,14.0
4603,1.0,9.0
9702,3.0,15.0
7045,2.0,15.0
4159,2.0,160.0
11375,3.0,16.0
18354,5.0,14.0
23580,4.0,11.0
11050,8.0,7.0
26232,3.0,13.0
32067,1.0,12.0
49769,1.0,15.0
8344,5.0,18.0
14935,2.0,16.0
19895,7.0,19.0
21669,1.0,15.0
28916,4.0,9.0
40716,4.0,11.0
5816,4.0,14.0
24863,4.0,6.0
23251,6.0,11.0
46442,2.0,11.0
36290,6.0,20.0
13617,1.0,19.0
31065,3.0,10.0
36823,0.0,5.0
33774,5.0,13.0
49415,5.0,13.0
514,,18.0
6644,3.0,13.0
37102,2.0,13.0
37724,0.0,11.0
49782,2.0,14.0
9586,1.0,12.0
29322,1.0,
16076,2.0,17.0
34873,3.0,15.0
6544,5.0,14.0
37183,2.0,11.0
6200,3.0,14.0
48756,3.0,11.0
39393,4.0,16.0
37701,4.0,12.0
1941,6.0,10.0
16631,0.0,12.0
42642,2.0,13.0
6671,3.0,18.0
21652,4.0,13.0
13919,1.0,15.0
46724,4.0,12.0
18496,0.0,4.0
26243,3.0,16.0
20500,7.0,10.0
41779,2.0,9.0
20472,3.0,12.0
46725,4.0,14.0
39522,1.0,14.0
33166,2.0,15.0
2537,4.0,14.0
32414,2.0,21.0
37119,4.0,17.0
12742,1.0,19.0
27473,1.0,19.0
22250,3.0,11.0
11420,1.0,14.0
13185,5.0,15.0
151,4.0,14.0
12156,6.0,20.0
39729,1.0,11.0
27691,1.0,13.0
30865,1.0,
9653,4.0,22.0
33326,3.0,12.0
15987,1.0,13.0
42238,1.0,8.0
13186,6.0,20.0
20470,2.0,26.0
21819,3.0,24.0
2130,2.0,17.0
35913,4.0,11.0
38489,5.0,14.0
14800,1.0,18.0
8653,0.0,2.0
5622,2.0,15.0
1874,4.0,17.0
11089,1.0,10.0
42001,2.0,13.0
33682,0.0,0.0
48809,6.0,10.0
40477,8.0,7.0
42610,2.0,13.0
2833,2.0,13.0
2967,1.0,11.0
48635,3.0,12.0
40748,5.0,15.0
1822,0.0,5.0
7640,5.0,8.0
982,0.0,3.0
13306,2.0,11.0
35386,2.0,9.0
9034,6.0,16.0
10450,0.0,14.0
36756,,21.0
1365,5.0,14.0
27015,0.0,3.0
42116,2.0,12.0
27458,2.0,10.0
5835,3.0,15.0
3382,4.0,9.0
47786,1.0,14.0
35271,2.0,17.0
3393,2.0,9.0
34194,4.0,14.0
11944,0.0,10.0
7402,1.0,9.0
31716,2.0,19.0
40311,6.0,200.0
41193,3.0,12.0
24211,2.0,11.0
35226,2.0,14.0
21483,3.0,17.0
42542,0.0,4.0
8887,3.0,22.0
38808,2.0,14.0
31287,1.0,11.0
40262,0.0,0.0
40048,0.0,2.0
48500,,14.0
19262,1.0,17.0
22083,0.0,2.0
5720,3.0,13.0
25883,0.0,1.0
49807,6.0,12.0
3650,5.0,14.0
46890,3.0,7.0
12892,1.0,14.0
9745,0.0,2.0
38043,5.0,12.0
24164,3.0,16.0
40294,5.0,15.0
9128,2.0,14.0
46470,3.0,12.0
48999,7.0,10.0
27983,1.0,12.0
15989,5.0,14.0
4656,4.0,8.0
31079,5.0,14.0
40780,3.0,15.0
31356,3.0,110.0
32561,0.0,8.0
37758,3.0,13.0
20900,2.0,18.0
34287,4.0,14.0
22827,0.0,7.0
19447,1.0,15.0
41919,3.0,13.0
11492,6.0,11.0
2919,4.0,19.0
29527,1.0,15.0
24370,0.0,1.0
20872,0.0,10.0
15442,0.0,3.0
2343,3.0,13.0
39027,4.0,14.0
19025,1.0,13.0
14812,4.0,17.0
36379,4.0,13.0
25927,4.0,22.0
47272,1.0,20.0
34905,2.0,15.0
15563,0.0,3.0
39097,1.0,9.0
8498,5.0,15.0
37436,5.0,20.0
5264,3.0,11.0
42417,5.0,16.0
12786,0.0,3.0
40427,4.0,11.0
10329,7.0,7.0
31646,7.0,10.0
36535,3.0,10.0
16426,6.0,7.0
1485,1.0,18.0
34476,1.0,190.0
14900,3.0,14.0
37502,1.0,11.0
3227,1.0,11.0
2694,1.0,10.0
47109,3.0,15.0
42306,,12.0
11419,2.0,25.0
31968,1.0,13.0
34836,5.0,15.0
27100,2.0,14.0
1795,2.0,13.0
26703,1.0,14.0
7426,4.0,140.0
25689,3.0,18.0
12913,2.0,18.0
28260,3.0,19.0
28411,6.0,8.0
35318,3.0,11.0
12723,1.0,26.0
43091,3.0,17.0
23940,5.0,11.0
9273,4.0,16.0
18514,1.0,7.0
40711,3.0,15.0
8235,5.0,12.0
38932,4.0,13.0
44668,4.0,9.0
24774,5.0,17.0
45649,0.0,3.0
42264,5.0,17.0
46481,3.0,15.0
41229,3.0,14.0
4903,5.0,12.0
34317,5.0,10.0
44164,2.0,11.0
38258,5.0,10.0
12698,2.0,19.0
26650,2.0,11.0
10082,2.0,11.0
26445,4.0,12.0
18194,4.0,15.0
34973,4.0,19.0
23686,4.0,6.0
44180,2.0,9.0
17369,2.0,13.0
23766,2.0,20.0
25079,3.0,
38700,0.0,5.0
35042,1.0,15.0
3794,1.0,19.0
41258,1.0,13.0
22271,4.0,9.0
7879,0.0,1.0
16297,9.0,17.0
46785,2.0,17.0
2060,4.0,23.0
31754,3.0,17.0
44099,2.0,17.0
6108,0.0,4.0
25724,4.0,90.0
45596,0.0,1.0
39919,2.0,150.0
12164,2.0,10.0
9148,6.0,15.0
5704,4.0,14.0
8460,3.0,15.0
40003,5.0,18.0
38542,2.0,14.0
5585,2.0,
30061,2.0,15.0
3379,2.0,18.0
14155,0.0,5.0
8834,2.0,18.0
28152,3.0,12.0
11923,3.0,10.0
11190,4.0,15.0
4233,0.0,1.0
6954,1.0,11.0
26953,1.0,17.0
44399,0.0,1.0
8191,1.0,9.0
9629,2.0,11.0
31897,7.0,
14697,3.0,14.0
13433,8.0,14.0
37495,4.0,13.0
47398,0.0,1.0
33836,5.0,16.0
364,3.0,18.0
29413,0.0,17.0
43072,7.0,11.0
15065,3.0,21.0
36347,5.0,14.0
12808,2.0,16.0
19314,5.0,21.0
36469,2.0,14.0
5686,7.0,15.0
27681,5.0,15.0
37211,7.0,
46691,4.0,3.0
43741,1.0,16.0
36763,0.0,7.0
34477,3.0,
36460,2.0,13.0
12896,6.0,18.0
23913,3.0,14.0
27255,,20.0
8005,3.0,14.0
11851,2.0,10.0
11604,2.0,14.0
5615,0.0,2.0
28254,1.0,15.0
669,4.0,150.0
7571,0.0,4.0
16430,4.0,14.0
18492,4.0,12.0
10582,4.0,14.0
6321,1.0,11.0
14951,4.0,12.0
34681,5.0,13.0
48812,5.0,14.0
5714,2.0,14.0
9430,3.0,9.0
30913,3.0,11.0
25850,3.0,17.0
17371,0.0,3.0
18150,3.0,7.0
6540,5.0,19.0
12721,2.0,15.0
39478,5.0,8.0
10852,3.0,12.0
17323,1.0,11.0
28468,6.0,12.0
33182,5.0,19.0
24993,2.0,14.0
22838,0.0,12.0
48409,0.0,1.0
21306,3.0,7.0
32604,5.0,16.0
7529,3.0,13.0
16010,3.0,130.0
47741,0.0,3.0
10750,2.0,23.0
23516,3.0,15.0
34985,2.0,13.0
36106,4.0,10.0
11460,2.0,11.0
38682,3.0,15.0
656,3.0,19.0
5852,5.0,14.0
29708,3.0,18.0
21294,1.0,16.0
906,1.0,10.0
45385,5.0,14.0
43565,2.0,21.0
16718,0.0,
40333,6.0,14.0
19606,4.0,10.0
34273,3.0,17.0
30625,5.0,12.0
25213,0.0,4.0
25119,0.0,2.0
20553,1.0,14.0
47457,1.0,22.0
22260,5.0,23.0
28011,5.0,12.0
45842,3.0,20.0
22265,7.0,13.0
40315,6.0,11.0
9957,0.0,0.0
725,2.0,11.0
9200,1.0,15.0
38260,2.0,18.0
49841,,10.0
46617,5.0,14.0
28276,2.0,13.0
2027,5.0,11.0
42043,0.0,3.0
46885,3.0,10.0
43551,3.0,10.0
11480,4.0,19.0
35253,1.0,19.0
14453,2.0,12.0
9524,3.0,16.0
38120,1.0,14.0
601,2.0,16.0
11727,0.0,16.0
35321,2.0,17.0
34224,3.0,
32775,3.0,9.0
14698,3.0,10.0
3885,0.0,1.0
15346,3.0,12.0
46065,5.0,13.0
40807,4.0,15.0
41974,5.0,16.0
47735,1.0,12.0
4805,1.0,11.0
15183,1.0,10.0
16262,3.0,12.0
47988,1.0,15.0
10745,1.0,10.0
13396,3.0,16.0
24718,7.0,12.0
27128,4.0,10.0
46514,3.0,
16356,4.0,7.0
2873,2.0,14.0
49503,3.0,10.0
33318,0.0,5.0
48117,2.0,16.0
34290,6.0,12.0
29038,1.0,
47958,7.0,15.0
6836,5.0,13.0
44683,0.0,16.0
42578,4.0,17.0
32292,4.0,13.0
23146,3.0,20.0
40838,0.0,0.0
34077,2.0,10.0
43570,2.0,12.0
4730,0.0,8.0
36288,2.0,12.0
20939,2.0,13.0
25821,3.0,15.0
25747,6.0,11.0
27190,1.0,14.0
31844,1.0,14.0
6392,1.0,16.0
16628,4.0,13.0
43157,0.0,11.0
29896,3.0,11.0
27866,1.0,10.0
15060,1.0,14.0
32396,1.0,14.0
1938,5.0,10.0
15485,4.0,15.0
37097,3.0,10.0
3526,2.0,16.0
40226,4.0,13.0
7200,1.0,9.0
49707,5.0,8.0
19699,,16.0
12806,2.0,11.0
28486,2.0,7.0
442,3.0,14.0
35691,4.0,19.0
49174,,11.0
31188,1.0,11.0
12277,0.0,1.0
1995,2.0,21.0
40921,2.0,9.0
9577,8.0,16.0
39390,2.0,9.0
35955,1.0,12.0
6264,5.0,15.0
37973,2.0,14.0
44949,5.0,17.0
3638,2.0,11.0
32942,2.0,
9172,2.0,14.0
34421,7.0,17.0
29657,1.0,21.0
12237,1.0,12.0
32777,6.0,16.0
31372,0.0,2.0
34612,5.0,19.0
11561,1.0,16.0
5303,3.0,15.0
21982,1.0,19.0
17770,5.0,13.0
30970,3.0,11.0
33307,3.0,13.0
25649,4.0,10.0
16930,2.0,17.0
20796,1.0,11.0
46197,2.0,7.0
43434,3.0,14.0
23884,4.0,15.0
47660,0.0,3.0
34516,4.0,12.0
37291,6.0,17.0
41228,3.0,12.0
2445,4.0,11.0
1265,1.0,19.0
45213,2.0,19.0
45819,2.0,21.0
49706,3.0,16.0
18936,4.0,16.0
31093,5.0,13.0
27981,4.0,14.0
21715,3.0,14.0
21038,2.0,14.0
45837,5.0,19.0
24238,0.0,2.0
34912,4.0,14.0
39072,0.0,6.0
39388,1.0,12.0
32134,6.0,16.0
4594,3.0,10.0
48492,2.0,9.0
20878,4.0,7.0
9445,3.0,110.0
18957,4.0,15.0
48315,4.0,13.0
22791,2.0,14.0
30166,5.0,8.0
32811,4.0,18.0
11876,6.0,12.0
45578,4.0,15.0
25109,2.0,6.0
26499,0.0,3.0
9069,4.0,13.0
46789,3.0,18.0
14189,3.0,14.0
37289,6.0,10.0
47277,3.0,15.0
12633,2.0,20.0
25827,1.0,13.0
41004,3.0,16.0
37387,2.0,
29613,7.0,23.0
47049,2.0,15.0
18181,3.0,10.0
38034,3.0,17.0
35231,5.0,17.0
29767,0.0,15.0
48348,0.0,4.0
7860,,15.0
5062,0.0,13.0
22879,3.0,
43021,4.0,14.0
38524,0.0,8.0
43876,4.0,16.0
40937,2.0,21.0
49220,2.0,18.0
39540,2.0,17.0
6602,3.0,13.0
20481,2.0,10.0
43133,5.0,17.0
8340,6.0,14.0
47087,4.0,11.0
39221,5.0,11.0
20722,2.0,15.0
40416,0.0,3.0
33282,4.0,11.0
18663,2.0,19.0
24126,2.0,17.0
1551,2.0,16.0
46343,2.0,15.0
21502,3.0,14.0
27612,0.0,3.0
32731,0.0,1.0
11786,1.0,9.0
46073,5.0,11.0
5564,6.0,14.0
42368,2.0,12.0
28071,4.0,10.0
39906,3.0,9.0
8543,2.0,15.0
45950,3.0,17.0
22512,4.0,22.0
15697,4.0,13.0
27208,2.0,21.0
7519,0.0,7.0
12738,4.0,18.0
24390,2.0,15.0
39534,4.0,9.0
40458,0.0,18.0
10823,0.0,2.0
39,2.0,22.0
34917,5.0,12.0
21212,2.0,11.0
17,3.0,14.0
17724,1.0,18.0
2404,2.0,10.0
23400,0.0,4.0
48012,1.0,12.0
25642,4.0,16.0
16109,3.0,18.0
20684,5.0,20.0
46611,2.0,11.0
39038,3.0,
4552,2.0,21.0
22375,6.0,15.0
17375,4.0,17.0
25023,7.0,8.0
12433,,18.0
11177,0.0,3.0
46212,6.0,17.0
27741,2.0,19.0
21424,7.0,13.0
5764,1.0,12.0
19084,2.0,13.0
40267,6.0,12.0
31373,0.0,2.0
18486,4.0,9.0
31551,2.0,13.0
47916,0.0,4.0
12453,3.0,24.0
9671,5.0,13.0
31714,,10.0
28361,3.0,11.0
22038,0.0,6.0
12870,5.0,16.0
20133,2.0,17.0
9026,2.0,130.0
39842,5.0,15.0
24508,4.0,
20039,1.0,13.0
12498,2.0,16.0
49982,2.0,16.0
19672,2.0,12.0
21869,5.0,10.0
47975,4.0,17.0
16960,2.0,10.0
18329,4.0,20.0
23976,2.0,13.0
28140,6.0,11.0
20665,1.0,22.0
35022,2.0,16.0
47514,3.0,14.0
15034,2.0,18.0
5530,4.0,10.0
16821,0.0,3.0
11007,5.0,12.0
20015,1.0,22.0
11942,4.0,16.0
38341,3.0,15.0
5137,0.0,2.0
45615,4.0,14.0
35696,0.0,2.0
34963,4.0,20.0
29832,0.0,12.0
26651,5.0,12.0
19926,0.0,14.0
5391,2.0,
24799,3.0,15.0
23556,3.0,24.0
32557,4.0,18.0
39851,0.0,2.0
5830,4.0,13.0
46863,4.0,11.0
31477,4.0,12.0
7074,1.0,20.0
2504,4.0,13.0
8245,0.0,4.0
18372,7.0,19.0
48158,3.0,15.0
45668,5.0,16.0
25353,2.0,20.0
29181,1.0,11.0
18187,4.0,7.0
28342,0.0,3.0
39265,3.0,13.0
44166,,21.0
20034,1.0,20.0
16274,6.0,
30319,7.0,11.0
38901,4.0,12.0
36009,5.0,19.0
42624,2.0,12.0
10639,4.0,15.0
39081,3.0,7.0
20001,0.0,1.0
33925,4.0,19.0
1342,4.0,13.0
35939,4.0,15.0
27783,8.0,11.0
42165,1.0,17.0
42941,3.0,14.0
46203,4.0,11.0
35812,4.0,12.0
6513,4.0,12.0
9866,0.0,17.0
9885,0.0,10.0
700,1.0,11.0
14903,7.0,8.0
25058,3.0,17.0
2809,5.0,9.0
16639,5.0,12.0
17564,5.0,10.0
44097,2.0,14.0
34923,4.0,8.0
16996,2.0,13.0
38589,1.0,8.0
13651,0.0,2.0
48640,6.0,24.0
8544,2.0,17.0
31411,2.0,16.0
37924,4.0,17.0
27006,3.0,17.0
30841,4.0,15.0
14419,2.0,16.0
4986,1.0,11.0
43594,0.0,13.0
45020,3.0,17.0
40962,0.0,3.0
22256,3.0,10.0
1290,5.0,14.0
5872,4.0,22.0
21936,0.0,5.0
762,3.0,210.0
35914,1.0,12.0
37367,2.0,14.0
13079,4.0,16.0
40251,3.0,14.0
11995,5.0,15.0
23194,6.0,11.0
510,3.0,7.0
40349,3.0,13.0
18405,0.0,4.0
47170,1.0,17.0
21392,0.0,12.0
11277,5.0,15.0
34783,1.0,10.0
44348,5.0,16.0
7212,4.0,5.0
26043,4.0,17.0
18890,2.0,16.0
17995,7.0,9.0
39091,6.0,16.0
14940,2.0,8.0
44973,0.0,
19965,2.0,10.0
25666,2.0,10.0
38558,6.0,17.0
8262,3.0,17.0
49177,1.0,15.0
15850,3.0,21.0
6143,5.0,14.0
36370,2.0,17.0
21549,1.0,15.0
15788,1.0,13.0
32582,1.0,12.0
9786,3.0,15.0
48743,0.0,3.0
20699,3.0,17.0
36642,0.0,2.0
6324,3.0,14.0
25809,2.0,12.0
7309,5.0,13.0
4326,0.0,2.0
3725,3.0,14.0
7439,2.0,15.0
8462,5.0,11.0
19338,4.0,12.0
42012,4.0,20.0
4638,0.0,3.0
14314,3.0,12.0
40354,4.0,8.0
32883,,13.0
31699,4.0,12.0
19950,2.0,12.0
9711,0.0,13.0
39984,3.0,12.0
36480,4.0,17.0
17785,1.0,12.0
785,5.0,15.0
41374,2.0,19.0
1726,6.0,16.0
24461,6.0,18.0
44535,4.0,19.0
35795,1.0,16.0
21292,3.0,
15079,4.0,18.0
21647,4.0,13.0
3161,,17.0
17120,0.0,18.0
19353,4.0,15.0
40274,2.0,16.0
5188,5.0,13.0
45940,1.0,12.0
22379,7.0,11.0
30971,7.0,11.0
4529,3.0,14.0
46373,2.0,15.0
21149,3.0,27.0
8599,7.0,13.0
41493,4.0,14.0
33229,2.0,14.0
17429,0.0,3.0
7386,5.0,12.0
26576,1.0,16.0
3078,0.0,2.0
28994,4.0,20.0
35347,1.0,17.0
7684,5.0,14.0
27026,4.0,16.0
25376,2.0,18.0
47586,7.0,18.0
40857,0.0,3.0
33399,2.0,16.0
25440,3.0,10.0
23107,2.0,17.0
24874,2.0,19.0
38983,,14.0
30310,5.0,14.0
42296,4.0,13.0
11869,0.0,2.0
20505,4.0,15.0
15879,5.0,11.0
40901,5.0,12.0
32763,3.0,11.0
21481,5.0,11.0
10304,4.0,9.0
23996,3.0,17.0
21117,3.0,14.0
15946,3.0,17.0
17479,2.0,7.0
36463,7.0,10.0
13739,7.0,16.0
23880,4.0,14.0
42644,1.0,21.0
5868,0.0,0.0
10182,6.0,13.0
46485,,18.0
2439,5.0,16.0
29566,5.0,12.0
43358,3.0,14.0
7233,1.0,17.0
37974,2.0,12.0
4788,0.0,
33274,2.0,13.0
8616,0.0,2.0
13337,1.0,13.0
21258,0.0,15.0
37400,0.0,4.0
40143,0.0,4.0
18563,3.0,16.0
40175,5.0,13.0
12683,4.0,13.0
41984,4.0,16.0
21700,3.0,20.0
23994,4.0,24.0
13265,3.0,9.0
4352,3.0,
27938,1.0,20.0
29294,3.0,
10993,3.0,8.0
37901,7.0,12.0
1296,3.0,16.0
4612,2.0,16.0
46362,4.0,15.0
44676,5.0,14.0
11182,4.0,15.0
41393,,12.0
5127,4.0,16.0
26719,4.0,12.0
42205,2.0,18.0
37863,1.0,19.0
22505,4.0,14.0
11796,3.0,14.0
42515,4.0,18.0
17829,3.0,18.0
9486,2.0,9.0
38162,0.0,4.0
41930,4.0,10.0
33303,9.0,13.0
35716,2.0,12.0
894,0.0,18.0
38597,2.0,15.0
9606,3.0,18.0
44922,5.0,15.0
45093,5.0,16.0
16261,1.0,16.0
46003,3.0,17.0
19307,3.0,21.0
42398,8.0,8.0
40617,4.0,15.0
8624,5.0,16.0
12994,3.0,14.0
15554,0.0,3.0
36046,1.0,15.0
17188,5.0,15.0
10761,4.0,17.0
15199,2.0,17.0
22515,2.0,13.0
31507,8.0,15.0
38102,0.0,15.0
29352,2.0,
5820,0.0,0.0
29072,4.0,100.0
22412,5.0,18.0
34719,,16.0
3675,3.0,16.0
10110,4.0,16.0
7,5.0,12.0
5194,8.0,17.0
40942,2.0,17.0
2,3.0,24.0
42329,0.0,12.0
3155,3.0,18.0
28731,1.0,13.0
45323,8.0,18.0
21712,6.0,9.0
16015,5.0,19.0
6008,0.0,19.0
5275,4.0,10.0
5586,1.0,13.0
35414,2.0,15.0
26849,5.0,19.0
23261,5.0,20.0
5954,3.0,17.0
1172,2.0,16.0
20289,5.0,18.0
11848,5.0,12.0
45795,4.0,13.0
44819,0.0,6.0
6792,5.0,17.0
37213,3.0,16.0
6834,4.0,
14094,1.0,10.0
46093,6.0,17.0
40183,1.0,15.0
36116,5.0,16.0
11933,2.0,10.0
8787,4.0,15.0
47718,1.0,13.0
22246,3.0,15.0
13892,5.0,14.0
46205,2.0,13.0
15119,1.0,14.0
6289,1.0,10.0
31697,2.0,15.0
41020,0.0,4.0
13726,3.0,12.0
33787,2.0,16.0
18706,2.0,12.0
759,4.0,11.0
23687,2.0,12.0
3690,5.0,16.0
35502,1.0,15.0
42894,5.0,14.0
4261,3.0,8.0
5429,5.0,20.0
17145,0.0,12.0
2353,2.0,14.0
31208,4.0,11.0
48145,4.0,15.0
44114,8.0,15.0
31679,2.0,14.0
9064,3.0,16.0
49119,2.0,16.0
42962,2.0,8.0
5511,0.0,4.0
49955,3.0,10.0
21634,6.0,16.0
47891,6.0,14.0
36172,3.0,11.0
28487,0.0,5.0
17443,2.0,6.0
25137,6.0,15.0
29949,5.0,14.0
11756,3.0,13.0
46557,5.0,15.0
21663,5.0,14.0
27070,7.0,16.0
40002,3.0,8.0
41954,1.0,15.0
9695,6.0,15.0
8986,,9.0
17901,2.0,11.0
4047,0.0,3.0
19506,0.0,2.0
27903,5.0,
11309,3.0,10.0
15734,3.0,15.0
31601,7.0,11.0
30519,0.0,
44634,3.0,11.0
17411,2.0,19.0
11090,0.0,13.0
10525,7.0,13.0
11231,0.0,4.0
36871,3.0,10.0
10191,2.0,12.0
5385,0.0,
16164,1.0,15.0
38869,5.0,
10281,3.0,13.0
7923,4.0,22.0
38204,1.0,18.0
22162,1.0,12.0
39946,,11.0
45157,4.0,8.0
28026,6.0,22.0
35080,3.0,18.0
18883,3.0,19.0
7661,5.0,18.0
22579,0.0,17.0
23033,0.0,16.0
12866,0.0,2.0
31169,4.0,16.0
43541,2.0,12.0
40989,0.0,7.0
12118,4.0,10.0
35556,0.0,20.0
44323,2.0,14.0
39828,5.0,15.0
27963,3.0,11.0
19585,2.0,12.0
3457,4.0,16.0
48391,3.0,10.0
4411,3.0,15.0
48934,5.0,12.0
9911,4.0,12.0
13258,5.0,18.0
31222,1.0,11.0
23755,2.0,9.0
14054,1.0,9.0
31806,0.0,4.0
5837,3.0,14.0
10520,3.0,14.0
5532,2.0,13.0
27703,4.0,15.0
10492,5.0,15.0
31103,2.0,
6335,0.0,1.0
42442,4.0,19.0
8034,4.0,14.0
25051,3.0,14.0
35418,4.0,12.0
6466,1.0,9.0
25717,1.0,12.0
26815,3.0,12.0
20753,2.0,9.0
27575,1.0,14.0
20801,0.0,1.0
33197,0.0,1.0
5607,3.0,9.0
7296,2.0,14.0
38677,2.0,160.0
19131,2.0,11.0
19429,5.0,11.0
25096,0.0,19.0
40903,0.0,2.0
1854,1.0,17.0
4012,0.0,13.0
33835,2.0,12.0
8369,2.0,13.0
28998,3.0,19.0
34529,3.0,15.0
20640,5.0,10.0
12475,,4.0
17547,,11.0
42528,0.0,0.0
49480,3.0,16.0
20245,4.0,17.0
10055,6.0,14.0
47511,3.0,19.0
3285,5.0,18.0
4381,6.0,
33334,4.0,14.0
38559,4.0,16.0
5488,2.0,15.0
17032,3.0,12.0
37001,2.0,13.0
22236,1.0,8.0
3275,3.0,17.0
31475,0.0,1.0
22560,2.0,130.0
44485,3.0,11.0
12599,2.0,12.0
45155,0.0,5.0
28344,5.0,13.0
31894,1.0,18.0
3418,1.0,10.0
4768,3.0,14.0
1694,1.0,13.0
44439,3.0,12.0
26700,1.0,14.0
15230,0.0,15.0
13507,6.0,14.0
39876,,15.0
20957,,13.0
8254,3.0,22.0
25223,4.0,8.0
35211,4.0,11.0
26002,3.0,18.0
15062,1.0,16.0
24977,2.0,18.0
25692,3.0,11.0
42092,0.0,3.0
29522,2.0,14.0
5005,1.0,17.0
1988,4.0,17.0
10189,6.0,12.0
30167,1.0,14.0
46308,5.0,14.0
22961,3.0,15.0
13667,6.0,10.0
36421,3.0,18.0
14983,4.0,18.0
24589,5.0,8.0
31618,2.0,7.0
49240,5.0,10.0
45502,1.0,14.0
11002,1.0,12.0
40318,0.0,2.0
39345,6.0,14.0
32791,6.0,10.0
20713,2.0,10.0
12358,6.0,14.0
29020,,12.0
22206,4.0,14.0
22471,4.0,11.0
29347,3.0,16.0
74,6.0,16.0
10364,3.0,17.0
445,0.0,4.0
7722,8.0,16.0
3658,4.0,19.0
19829,0.0,4.0
7169,2.0,
35707,1.0,14.0
24360,7.0,17.0
1063,1.0,18.0
24141,4.0,13.0
45272,3.0,26.0
21445,4.0,18.0
8517,0.0,1.0
48373,1.0,13.0
26859,2.0,15.0
13683,2.0,12.0
16916,2.0,22.0
35367,3.0,14.0
3336,2.0,15.0
28232,4.0,15.0
42471,1.0,15.0
34215,5.0,
2791,2.0,18.0
34347,2.0,17.0
41834,3.0,15.0
24926,2.0,13.0
21542,3.0,17.0
4076,2.0,6.0
17256,4.0,9.0
4770,1.0,19.0
37540,6.0,13.0
22556,2.0,15.0
17955,2.0,11.0
9332,2.0,19.0
45532,3.0,22.0
393,2.0,9.0
3891,0.0,3.0
46323,4.0,10.0
25394,6.0,13.0
11837,5.0,16.0
47108,3.0,27.0
46570,5.0,22.0
22717,3.0,8.0
39409,1.0,10.0
30282,3.0,
39162,1.0,17.0
48957,0.0,3.0
49059,,17.0
21940,4.0,18.0
2015,1.0,16.0
24520,2.0,17.0
6173,4.0,12.0
13286,1.0,12.0
14535,5.0,21.0
8160,2.0,15.0
9008,1.0,10.0
44162,2.0,20.0
49230,4.0,14.0
14191,3.0,13.0
34664,5.0,170.0
29858,5.0,13.0
10456,0.0,15.0
15044,5.0,18.0
4577,2.0,16.0
7665,2.0,12.0
5000,7.0,
6072,3.0,16.0
26928,4.0,16.0
4066,0.0,7.0
14523,5.0,13.0
36907,5.0,7.0
48078,5.0,8.0
33921,3.0,17.0
4965,6.0,16.0
7559,3.0,20.0
2067,3.0,23.0
9679,0.0,11.0
39130,,11.0
2167,3.0,
42740,2.0,11.0
42033,4.0,9.0
39820,3.0,11.0
40826,0.0,7.0
47796,3.0,16.0
12722,2.0,8.0
28515,3.0,14.0
40323,5.0,15.0
40515,3.0,17.0
8679,1.0,13.0
1406,4.0,15.0
27272,0.0,2.0
30053,0.0,16.0
9836,0.0,18.0
19150,1.0,25.0
18298,3.0,21.0
37563,3.0,19.0
47665,2.0,14.0
20621,4.0,8.0
4913,3.0,130.0
8836,1.0,15.0
33453,3.0,22.0
26901,3.0,11.0
5220,4.0,16.0
45569,7.0,13.0
41509,4.0,12.0
10314,3.0,14.0
18934,5.0,17.0
46276,1.0,12.0
41576,5.0,11.0
17316,3.0,10.0
44492,7.0,10.0
2431,1.0,15.0
31056,0.0,5.0
19144,1.0,17.0
37927,5.0,19.0
5411,2.0,9.0
2999,1.0,13.0
400,2.0,15.0
40595,1.0,12.0
15241,4.0,19.0
28174,5.0,20.0
37906,1.0,13.0
26950,2.0,9.0
17326,3.0,10.0
30685,4.0,10.0
37264,,16.0
34092,1.0,13.0
46194,0.0,12.0
44352,3.0,6.0
16641,8.0,19.0
33534,1.0,13.0
29519,3.0,17.0
10018,3.0,10.0
19527,1.0,12.0
37559,2.0,16.0
26463,8.0,17.0
14280,1.0,13.0
21778,1.0,15.0
16845,4.0,20.0
339,4.0,16.0
48950,6.0,22.0
49062,0.0,21.0
40157,3.0,14.0
45823,4.0,12.0
12497,3.0,22.0
269,0.0,1.0
29728,2.0,12.0
26294,5.0,13.0
36945,4.0,9.0
28825,3.0,19.0
46764,0.0,2.0
44098,4.0,15.0
34328,3.0,17.0
37807,2.0,10.0
39736,0.0,15.0
25293,3.0,18.0
14971,2.0,12.0
33985,4.0,9.0
33119,4.0,13.0
4410,0.0,3.0
45583,2.0,
42289,1.0,18.0
39917,0.0,5.0
33947,1.0,12.0
16397,4.0,12.0
10803,5.0,12.0
38146,6.0,9.0
7574,,
40277,1.0,15.0
41256,4.0,11.0
13606,3.0,15.0
36443,0.0,1.0
2690,4.0,11.0
7002,2.0,11.0
24093,2.0,10.0
40596,2.0,11.0
45182,4.0,13.0
32690,1.0,18.0
25337,4.0,11.0
17693,2.0,15.0
13461,2.0,11.0
18691,5.0,14.0
47295,0.0,2.0
32809,2.0,10.0
37017,2.0,13.0
27441,3.0,16.0
26606,4.0,18.0
20117,2.0,15.0
8457,3.0,12.0
5936,2.0,27.0
47217,2.0,10.0
5334,4.0,12.0
47105,0.0,4.0
25116,2.0,11.0
11981,7.0,15.0
17418,0.0,2.0
16620,5.0,16.0
49204,1.0,13.0
46675,2.0,20.0
44821,5.0,10.0
17482,4.0,17.0
23298,0.0,2.0
3374,5.0,14.0
32025,3.0,13.0
46112,2.0,6.0
44584,3.0,22.0
25499,0.0,15.0
24817,2.0,11.0
32537,4.0,
2132,3.0,13.0
31349,4.0,17.0
36390,1.0,18.0
34125,0.0,12.0
44758,6.0,14.0
37064,3.0,12.0
19164,4.0,8.0
25148,5.0,16.0
11069,5.0,15.0
23192,0.0,24.0
44222,7.0,18.0
14993,2.0,19.0
34822,0.0,12.0
15836,3.0,14.0
38048,4.0,16.0
46975,0.0,1.0
19627,4.0,14.0
40524,2.0,13.0
11599,3.0,11.0
35337,0.0,3.0
49272,2.0,14.0
31535,1.0,220.0
20987,0.0,2.0
15166,2.0,8.0
48236,2.0,14.0
25042,2.0,18.0
36355,3.0,10.0
10729,1.0,15.0
21929,6.0,14.0
9416,0.0,4.0
45185,5.0,15.0
25004,0.0,2.0
5612,3.0,15.0
27340,3.0,8.0
6585,7.0,19.0
41075,4.0,14.0
37376,3.0,15.0
10498,2.0,16.0
10460,4.0,13.0
6643,5.0,18.0
42028,4.0,14.0
26176,2.0,13.0
43712,3.0,13.0
30256,6.0,20.0
17586,3.0,15.0
1806,4.0,17.0
12947,0.0,13.0
31063,2.0,12.0
22008,3.0,14.0
34713,0.0,1.0
49773,2.0,14.0
18692,2.0,12.0
35397,0.0,6.0
20428,0.0,6.0
23260,2.0,11.0
44851,1.0,6.0
2123,5.0,10.0
13784,4.0,5.0
16619,2.0,10.0
19243,,12.0
41642,,10.0
42877,4.0,14.0
30387,5.0,16.0
25556,2.0,19.0
10770,0.0,13.0
5635,1.0,12.0
24780,5.0,7.0
19955,7.0,14.0
49121,3.0,18.0
40479,3.0,23.0
38255,,7.0
34813,0.0,16.0
48399,1.0,12.0
24463,0.0,
38127,1.0,17.0
4442,0.0,2.0
47678,1.0,16.0
26516,4.0,20.0
28422,2.0,14.0
37952,2.0,14.0
8837,1.0,12.0
26114,3.0,140.0
24032,,9.0
4426,6.0,12.0
24667,5.0,13.0
20971,5.0,15.0
34430,2.0,23.0
24337,0.0,2.0
22901,4.0,12.0
27598,1.0,16.0
1186,,9.0
49052,4.0,11.0
27305,3.0,16.0
20292,4.0,14.0
17493,2.0,13.0
26837,3.0,11.0
27764,3.0,16.0
10109,3.0,9.0
994,2.0,5.0
20741,4.0,17.0
9718,2.0,17.0
2557,3.0,18.0
39111,7.0,12.0
7129,0.0,4.0
22632,2.0,19.0
5709,3.0,15.0
46884,4.0,16.0
46005,4.0,15.0
41488,5.0,16.0
21591,6.0,7.0
45434,3.0,20.0
15402,,16.0
46504,,13.0
35329,3.0,16.0
6037,4.0,19.0
35085,2.0,17.0
13154,4.0,
7015,1.0,19.0
7331,2.0,8.0
6312,5.0,8.0
18988,3.0,14.0
19139,2.0,14.0
9883,0.0,2.0
36418,2.0,14.0
41162,4.0,14.0
14421,3.0,5.0
18580,4.0,7.0
28179,1.0,15.0
2824,2.0,10.0
298,4.0,17.0
32154,5.0,14.0
6075,1.0,10.0
9468,0.0,2.0
13379,2.0,24.0
11224,4.0,11.0
9503,3.0,8.0
48410,3.0,14.0
37723,7.0,17.0
36285,1.0,12.0
44575,5.0,20.0
303,4.0,22.0
32595,8.0,15.0
13518,0.0,3.0
11075,1.0,14.0
42641,1.0,13.0
40421,1.0,11.0
29109,,16.0
38696,5.0,17.0
17741,2.0,
4585,6.0,9.0
1706,4.0,10.0
38098,4.0,12.0
27924,2.0,17.0
47227,5.0,
408,0.0,3.0
33338,2.0,18.0
34045,3.0,24.0
10396,2.0,17.0
11343,4.0,12.0
5265,3.0,10.0
9075,1.0,13.0
5796,3.0,11.0
36161,5.0,19.0
16495,2.0,17.0
6906,6.0,12.0
6259,0.0,7.0
16577,6.0,21.0
41686,4.0,9.0
7446,3.0,12.0
24295,1.0,16.0
7586,1.0,13.0
31410,4.0,10.0
49712,0.0,3.0
36306,3.0,14.0
202,0.0,4.0
35589,5.0,6.0
20388,2.0,13.0
39369,1.0,11.0
41702,6.0,14.0
2308,4.0,12.0
3780,1.0,17.0
47189,2.0,17.0
33705,3.0,18.0
24694,0.0,17.0
43503,5.0,10.0
9432,5.0,17.0
38588,2.0,17.0
1190,1.0,21.0
18366,4.0,16.0
27697,2.0,16.0
48352,4.0,12.0
42006,0.0,2.0
11767,2.0,13.0
21645,5.0,16.0
49577,2.0,10.0
47898,3.0,7.0
29119,3.0,22.0
35404,1.0,21.0
22987,1.0,15.0
18928,0.0,1.0
15909,2.0,11.0
19461,,18.0
6632,3.0,12.0
7476,0.0,4.0
30623,4.0,11.0
48822,0.0,
42291,1.0,17.0
32479,2.0,12.0
26639,2.0,10.0
21386,4.0,19.0
46843,3.0,12.0
8418,0.0,2.0
32116,0.0,3.0
44368,2.0,16.0
12412,6.0,15.0
34402,5.0,10.0
9122,2.0,13.0
41224,4.0,18.0
33872,7.0,11.0
21409,2.0,90.0
1162,3.0,4.0
14766,2.0,13.0
17712,2.0,13.0
23341,2.0,12.0
35370,5.0,19.0
39543,6.0,13.0
39150,4.0,15.0
2280,3.0,16.0
2245,2.0,15.0
37811,4.0,14.0
9608,9.0,16.0
12878,4.0,10.0
30930,,15.0
45519,6.0,14.0
37891,2.0,15.0
41417,2.0,12.0
5348,2.0,16.0
45444,2.0,15.0
23849,5.0,15.0
36485,3.0,16.0
5908,0.0,3.0
49827,,17.0
36305,1.0,18.0
9205,2.0,14.0
36717,1.0,16.0
22547,4.0,10.0
28579,3.0,15.0
41072,1.0,16.0
38893,3.0,18.0
7528,0.0,14.0
11395,1.0,11.0
23004,2.0,12.0
32876,3.0,16.0
29059,0.0,4.0
35323,6.0,14.0
23528,5.0,12.0
14876,2.0,16.0
2385,3.0,13.0
21308,5.0,13.0
28847,2.0,16.0
18456,1.0,10.0
25387,1.0,19.0
3896,2.0,15.0
14346,2.0,11.0
28879,5.0,13.0
23264,6.0,21.0
24328,5.0,23.0
11119,5.0,16.0
8735,0.0,5.0
30239,3.0,11.0
7924,0.0,1.0
4161,2.0,14.0
40122,2.0,15.0
20607,2.0,18.0
22459,2.0,15.0
23856,2.0,15.0
12727,4.0,14.0
25635,1.0,11.0
32478,5.0,12.0
5746,0.0,1.0
21987,2.0,10.0
23150,5.0,10.0
38777,0.0,3.0
4494,3.0,19.0
39686,1.0,11.0
43004,2.0,13.0
10971,0.0,17.0
8083,5.0,11.0
9004,3.0,9.0
11317,1.0,
18894,2.0,17.0
37188,2.0,8.0
7839,1.0,15.0
40648,2.0,14.0
24229,7.0,
38291,3.0,10.0
37972,4.0,9.0
12583,1.0,10.0
23456,4.0,11.0
32588,0.0,4.0
19797,5.0,9.0
41444,2.0,9.0
18390,3.0,21.0
30063,3.0,15.0
10879,2.0,10.0
46587,2.0,16.0
11693,2.0,8.0
48501,3.0,8.0
21139,3.0,13.0
29426,4.0,6.0
4144,2.0,14.0
37195,3.0,22.0
12240,5.0,14.0
5839,,14.0
3030,7.0,13.0
2354,4.0,9.0
39911,1.0,23.0
45196,4.0,7.0
23035,2.0,19.0
6770,0.0,2.0
44344,6.0,19.0
22071,1.0,10.0
19799,3.0,13.0
9402,2.0,11.0
43241,0.0,3.0
25641,3.0,11.0
23296,3.0,16.0
33175,1.0,19.0
33913,4.0,16.0
27623,1.0,12.0
6470,5.0,14.0
42566,2.0,16.0
31522,2.0,16.0
40554,2.0,10.0
48148,2.0,13.0
31671,3.0,9.0
34774,4.0,17.0
45907,8.0,16.0
37944,2.0,11.0
25870,6.0,16.0
2600,2.0,12.0
39640,5.0,14.0
20219,5.0,27.0
30496,0.0,4.0
20057,2.0,13.0
27659,8.0,22.0
47379,5.0,19.0
29741,0.0,8.0
22434,2.0,13.0
6630,,18.0
3419,5.0,17.0
18032,0.0,2.0
9751,3.0,10.0
2802,0.0,2.0
49775,,14.0
19744,5.0,6.0
31020,4.0,8.0
10547,3.0,9.0
43676,2.0,18.0
3801,2.0,19.0
38191,2.0,17.0
6014,4.0,12.0
25646,3.0,13.0
15859,0.0,15.0
29905,5.0,13.0
35429,6.0,16.0
26889,3.0,22.0
45644,4.0,19.0
3938,4.0,23.0
39434,4.0,20.0
1912,1.0,19.0
15082,7.0,14.0
20306,3.0,15.0
14960,4.0,13.0
9963,2.0,22.0
8424,4.0,17.0
42267,2.0,20.0
46383,6.0,14.0
44844,5.0,18.0
30893,7.0,21.0
49311,3.0,18.0
41725,2.0,11.0
32757,3.0,13.0
19346,0.0,2.0
47964,2.0,12.0
11409,,16.0
17125,0.0,2.0
136,3.0,8.0
42312,2.0,12.0
28201,4.0,14.0
556,4.0,19.0
9062,4.0,13.0
46705,2.0,
30874,0.0,11.0
13665,6.0,19.0
11006,2.0,11.0
37385,5.0,14.0
41055,0.0,3.0
38446,4.0,14.0
47720,5.0,12.0
24318,6.0,14.0
38824,3.0,15.0
21436,,14.0
30322,0.0,11.0
47192,1.0,15.0
1512,2.0,12.0
10355,2.0,15.0
49366,1.0,15.0
39108,1.0,20.0
26910,2.0,15.0
14635,2.0,17.0
18640,4.0,10.0
10604,2.0,13.0
31177,,12.0
41138,1.0,17.0
34964,2.0,12.0
32499,6.0,18.0
10716,4.0,21.0
39406,2.0,22.0
2800,1.0,11.0
21954,2.0,23.0
29780,0.0,3.0
23957,,8.0
30646,9.0,13.0
112,6.0,13.0
14577,1.0,15.0
35168,3.0,
16961,5.0,15.0
45548,6.0,21.0
15578,3.0,11.0
11079,5.0,16.0
49193,,16.0
4060,0.0,
20789,1.0,15.0
47388,2.0,140.0
29213,3.0,15.0
38681,7.0,12.0
45639,1.0,22.0
21794,5.0,8.0
11324,,10.0
45746,0.0,5.0
971,2.0,14.0
28628,4.0,15.0
18176,9.0,10.0
5071,5.0,20.0
7835,0.0,4.0
36601,4.0,12.0
9922,7.0,11.0
883,7.0,19.0
44651,2.0,19.0
13450,2.0,12.0
3934,0.0,2.0
6081,0.0,2.0
19242,7.0,13.0
20339,5.0,16.0
26699,2.0,16.0
8273,3.0,9.0
4236,1.0,15.0
4331,1.0,12.0
19004,0.0,1.0
31740,2.0,11.0
30384,5.0,16.0
2058,5.0,11.0
21734,4.0,10.0
25560,4.0,17.0
49167,6.0,21.0
17932,,18.0
8795,5.0,8.0
3388,3.0,27.0
22702,0.0,0.0
9829,0.0,2.0
3869,,15.0
44773,2.0,
38310,6.0,10.0
27411,5.0,24.0
44790,3.0,19.0
20914,2.0,12.0
17041,2.0,17.0
14381,3.0,15.0
26225,1.0,14.0
18462,3.0,12.0
24418,3.0,17.0
4518,2.0,13.0
19217,2.0,8.0
7799,5.0,18.0
18607,1.0,14.0
47432,0.0,4.0
14703,4.0,17.0
17296,4.0,14.0
12861,1.0,120.0
15343,3.0,21.0
46685,1.0,23.0
28601,1.0,19.0
6559,0.0,14.0
26896,3.0,15.0
47794,3.0,19.0
14401,5.0,11.0
9852,4.0,
49246,5.0,
21320,5.0,17.0
18285,0.0,0.0
19119,4.0,11.0
42027,2.0,20.0
21498,1.0,12.0
5831,2.0,15.0
39923,3.0,16.0
13796,5.0,6.0
31710,2.0,14.0
19168,5.0,16.0
18297,6.0,14.0
36008,3.0,17.0
48011,2.0,25.0
45072,4.0,15.0
19374,6.0,20.0
41924,4.0,16.0
9473,2.0,80.0
25672,2.0,12.0
44892,3.0,17.0
45280,5.0,15.0
1513,1.0,19.0
21983,3.0,11.0
25301,0.0,2.0
20198,0.0,6.0
40227,0.0,2.0
9476,5.0,150.0
16701,4.0,15.0
16834,,16.0
48,3.0,13.0
11145,2.0,10.0
21826,4.0,20.0
331,6.0,11.0
46189,2.0,11.0
45044,1.0,15.0
46939,0.0,17.0
10178,2.0,19.0
35290,6.0,190.0
24400,2.0,14.0
5646,3.0,12.0
41775,3.0,21.0
16691,0.0,4.0
45768,2.0,16.0
19851,1.0,12.0
38449,1.0,17.0
2411,3.0,11.0
10370,2.0,13.0
26949,0.0,4.0
8558,1.0,12.0
17007,7.0,14.0
34090,2.0,16.0
36606,3.0,8.0
46455,3.0,18.0
1929,3.0,12.0
12813,7.0,15.0
10516,1.0,12.0
4290,4.0,20.0
9941,2.0,16.0
24971,6.0,
41711,3.0,11.0
33961,5.0,17.0
20550,4.0,16.0
42195,4.0,14.0
26676,,11.0
8355,2.0,20.0
2113,4.0,8.0
49187,2.0,17.0
9502,5.0,7.0
37902,1.0,22.0
36680,3.0,11.0
6033,2.0,11.0
45652,1.0,8.0
21986,5.0,11.0
44235,2.0,12.0
6773,6.0,16.0
26370,5.0,10.0
9540,4.0,11.0
32189,4.0,14.0
20108,0.0,
13295,5.0,12.0
9401,3.0,11.0
13630,1.0,10.0
41252,0.0,17.0
44188,2.0,11.0
41320,2.0,10.0
13918,4.0,7.0
16502,5.0,18.0
43204,5.0,
40850,3.0,
47695,3.0,19.0
38656,3.0,16.0
26455,5.0,11.0
13082,1.0,17.0
6896,4.0,15.0
9116,2.0,16.0
39803,3.0,9.0
46145,0.0,16.0
6473,1.0,8.0
31750,9.0,13.0
1016,2.0,9.0
4346,4.0,12.0
15095,3.0,22.0
21081,0.0,4.0
25659,3.0,13.0
12842,3.0,
32729,4.0,17.0
46538,3.0,14.0
40756,6.0,12.0
22270,1.0,7.0
37862,4.0,10.0
26737,3.0,15.0
38137,3.0,7.0
33451,4.0,13.0
36108,3.0,6.0
14454,2.0,18.0
28279,3.0,10.0
39036,4.0,90.0
21413,2.0,13.0
1634,,13.0
43743,1.0,
1414,4.0,3.0
15007,5.0,
7858,3.0,10.0
40230,7.0,13.0
7235,2.0,11.0
25140,2.0,10.0
49149,0.0,16.0
45629,5.0,10.0
17245,5.0,12.0
47549,3.0,10.0
11587,,5.0
45694,1.0,9.0
17758,4.0,15.0
34149,2.0,
39969,1.0,12.0
15602,3.0,13.0
41334,4.0,
1244,6.0,17.0
857,2.0,12.0
32638,3.0,14.0
13443,6.0,17.0
35427,5.0,19.0
47704,3.0,16.0
35548,4.0,23.0
8760,5.0,10.0
413,2.0,13.0
45847,2.0,19.0
30535,8.0,18.0
16266,,13.0
4660,4.0,19.0
21280,2.0,13.0
39112,6.0,
41040,0.0,2.0
11490,2.0,13.0
19710,3.0,7.0
25321,2.0,14.0
34580,,14.0
46360,2.0,20.0
34211,2.0,13.0
35685,2.0,10.0
358,2.0,10.0
28086,7.0,18.0
49447,0.0,11.0
2908,5.0,16.0
7491,3.0,14.0
31497,2.0,10.0
38889,3.0,15.0
46025,1.0,11.0
3413,4.0,15.0
10463,2.0,9.0
277,3.0,14.0
13929,3.0,17.0
40977,2.0,13.0
233,5.0,10.0
17715,,18.0
21154,2.0,13.0
13213,4.0,16.0
31736,4.0,18.0
27211,2.0,15.0
41034,7.0,16.0
45145,3.0,90.0
23070,1.0,12.0
15371,2.0,15.0
47264,6.0,16.0
17506,3.0,13.0
40334,4.0,10.0
40670,5.0,16.0
49681,4.0,10.0
14685,0.0,19.0
3375,4.0,8.0
17288,0.0,2.0
14393,4.0,17.0
11969,2.0,18.0
24916,3.0,11.0
36487,4.0,11.0
30135,0.0,3.0
141,2.0,12.0
20594,2.0,12.0
30654,3.0,11.0
3507,3.0,16.0
27436,2.0,
31189,3.0,8.0
3462,1.0,11.0
48607,1.0,15.0
748,1.0,130.0
33454,3.0,9.0
49483,3.0,10.0
31685,4.0,19.0
17925,2.0,15.0
19781,11.0,10.0
42557,,15.0
11153,2.0,12.0
20442,3.0,19.0
23072,4.0,10.0
24738,1.0,14.0
35093,2.0,10.0
10676,0.0,5.0
8948,4.0,13.0
18993,1.0,7.0
966,1.0,23.0
13931,4.0,17.0
15936,2.0,6.0
20901,5.0,17.0
12609,3.0,9.0
19928,2.0,15.0
39199,1.0,12.0
28881,4.0,17.0
19901,4.0,15.0
45117,2.0,13.0
11269,3.0,17.0
46416,3.0,20.0
878,6.0,16.0
26017,4.0,15.0
48064,3.0,9.0
25270,2.0,16.0
38635,0.0,4.0
48414,1.0,12.0
39324,2.0,14.0
9307,6.0,16.0
30709,1.0,23.0
32905,4.0,11.0
11042,4.0,13.0
18617,5.0,15.0
6069,4.0,19.0
24818,6.0,
33881,5.0,9.0
20193,1.0,
23280,3.0,20.0
28192,0.0,7.0
28531,2.0,11.0
33657,3.0,14.0
39754,3.0,14.0
29977,0.0,3.0
18216,2.0,16.0
28289,3.0,11.0
14398,3.0,17.0
16100,8.0,10.0
16244,4.0,12.0
6032,3.0,14.0
28522,7.0,11.0
48066,4.0,15.0
1890,3.0,14.0
45982,0.0,3.0
14149,2.0,14.0
26608,1.0,14.0
40463,2.0,
48418,1.0,16.0
49296,0.0,13.0
9818,5.0,13.0
45755,3.0,22.0
9865,0.0,5.0
23842,1.0,12.0
15150,4.0,15.0
46581,6.0,8.0
36247,2.0,11.0
24578,2.0,17.0
7632,6.0,17.0
31168,3.0,12.0
8968,1.0,13.0
49508,6.0,11.0
47344,0.0,18.0
12759,7.0,8.0
36,2.0,28.0
42866,1.0,19.0
35851,4.0,19.0
49935,3.0,16.0
33299,2.0,13.0
38786,3.0,17.0
26630,2.0,11.0
7278,5.0,12.0
41644,2.0,12.0
28600,0.0,12.0
48918,5.0,18.0
29893,1.0,22.0
36453,2.0,11.0
25561,3.0,16.0
45617,4.0,15.0
29979,2.0,18.0
23313,6.0,10.0
8392,5.0,11.0
16044,9.0,20.0
12225,4.0,16.0
7585,0.0,0.0
46262,4.0,16.0
7136,3.0,12.0
8056,4.0,15.0
19297,5.0,13.0
35072,1.0,9.0
45009,,17.0
23122,0.0,3.0
15372,3.0,18.0
41280,5.0,11.0
7237,0.0,20.0
44370,4.0,15.0
41968,1.0,20.0
46050,7.0,11.0
28044,1.0,15.0
28595,7.0,20.0
23805,2.0,18.0
17058,0.0,0.0
17670,,16.0
35352,3.0,
43841,4.0,14.0
47382,3.0,15.0
116,5.0,17.0
35481,2.0,21.0
16007,0.0,1.0
46941,5.0,15.0
42988,7.0,14.0
41602,0.0,18.0
41607,4.0,14.0
5745,1.0,16.0
25543,1.0,17.0
5454,0.0,1.0
1763,3.0,11.0
23013,2.0,12.0
29948,3.0,11.0
6205,2.0,4.0
21357,1.0,
10588,0.0,12.0
27807,0.0,4.0
17516,3.0,14.0
9715,4.0,10.0
19472,3.0,14.0
49781,,9.0
18836,1.0,17.0
13447,4.0,6.0
49473,0.0,8.0
40032,3.0,15.0
37390,5.0,14.0
8070,5.0,16.0
47696,5.0,11.0
9658,0.0,18.0
598,2.0,15.0
22283,2.0,10.0
37356,5.0,8.0
22305,3.0,10.0
19706,3.0,17.0
45352,,11.0
24424,3.0,15.0
5155,1.0,23.0
32218,2.0,19.0
44606,1.0,18.0
36476,4.0,14.0
3048,5.0,12.0
12383,3.0,9.0
3895,4.0,11.0
45856,2.0,15.0
45662,1.0,10.0
19053,6.0,11.0
34338,3.0,16.0
13534,1.0,14.0
15409,5.0,12.0
39149,0.0,3.0
2536,5.0,11.0
14085,0.0,
48201,3.0,8.0
30383,3.0,16.0
49963,2.0,16.0
6587,2.0,
25741,3.0,15.0
27916,6.0,13.0
35506,4.0,14.0
40374,4.0,10.0
49784,2.0,17.0
46460,3.0,16.0
48854,1.0,13.0
28774,4.0,16.0
16974,0.0,7.0
21181,4.0,10.0
23377,0.0,1.0
31917,3.0,10.0
48419,1.0,12.0
29805,0.0,2.0
20508,2.0,17.0
43427,3.0,10.0
46055,0.0,5.0
31343,3.0,14.0
44934,4.0,15.0
27342,2.0,11.0
22082,3.0,14.0
5281,4.0,12.0
4837,1.0,15.0
895,5.0,17.0
8628,2.0,18.0
48187,2.0,15.0
11538,5.0,13.0
49810,,22.0
30048,5.0,11.0
34575,2.0,10.0
39850,4.0,15.0
18541,2.0,18.0
11332,3.0,17.0
17623,9.0,10.0
25132,8.0,16.0
26660,1.0,9.0
33428,1.0,10.0
35312,3.0,12.0
13874,3.0,19.0
2494,5.0,21.0
19906,6.0,17.0
35041,4.0,12.0
48555,2.0,10.0
26877,3.0,14.0
43430,1.0,18.0
14100,2.0,16.0
17912,5.0,9.0
44689,4.0,12.0
35487,0.0,11.0
2435,4.0,11.0
11621,5.0,10.0
39458,4.0,16.0
9165,3.0,11.0
35200,1.0,17.0
28319,0.0,1.0
44768,0.0,4.0
24636,4.0,12.0
39461,,13.0
49833,2.0,13.0
31748,0.0,0.0
41215,3.0,14.0
2456,3.0,9.0
32418,2.0,14.0
27727,3.0,11.0
13214,4.0,18.0
6198,3.0,12.0
17671,5.0,10.0
3892,0.0,2.0
34992,,25.0
5057,5.0,11.0
42750,3.0,
48642,4.0,10.0
45482,1.0,13.0
6514,3.0,13.0
11181,5.0,13.0
41801,6.0,14.0
47134,6.0,20.0
24488,7.0,11.0
21033,8.0,12.0
38169,2.0,12.0
40649,4.0,7.0
20924,2.0,19.0
3542,1.0,11.0
30219,2.0,9.0
37012,0.0,5.0
41736,3.0,15.0
30121,1.0,18.0
33979,0.0,2.0
7266,3.0,17.0
31559,6.0,13.0
6336,5.0,17.0
8993,2.0,12.0
13205,3.0,6.0
19394,2.0,14.0
13526,4.0,19.0
38390,5.0,14.0
33626,2.0,11.0
1739,0.0,6.0
22821,1.0,12.0
22237,7.0,16.0
41952,1.0,12.0
17802,2.0,14.0
12083,8.0,15.0
36274,0.0,11.0
36410,4.0,13.0
40778,6.0,17.0
25184,4.0,11.0
22708,1.0,14.0
29605,2.0,12.0
40207,3.0,13.0
46230,3.0,14.0
23337,3.0,13.0
6791,4.0,7.0
46996,3.0,18.0
20882,0.0,4.0
22006,5.0,11.0
22132,1.0,8.0
36503,8.0,
20627,3.0,11.0
39474,0.0,2.0
27421,5.0,23.0
3398,5.0,19.0
29446,3.0,12.0
1256,6.0,16.0
17583,6.0,13.0
11158,0.0,2.0
24009,4.0,19.0
3834,2.0,12.0
2172,1.0,19.0
43866,2.0,11.0
26137,3.0,16.0
45997,4.0,19.0
593,6.0,17.0
46016,2.0,18.0
17465,6.0,16.0
23774,5.0,18.0
44665,7.0,12.0
33001,0.0,3.0
39755,4.0,13.0
38599,3.0,15.0
40083,0.0,1.0
29016,2.0,15.0
11241,1.0,17.0
47512,8.0,14.0
43654,4.0,150.0
2670,3.0,18.0
30653,2.0,12.0
12780,1.0,10.0
45667,3.0,10.0
9762,4.0,8.0
43302,4.0,20.0
16117,3.0,20.0
1526,4.0,17.0
39214,3.0,11.0
12446,2.0,16.0
10322,2.0,20.0
15787,3.0,14.0
27911,3.0,18.0
38598,2.0,13.0
7202,3.0,16.0
6063,2.0,19.0
37492,1.0,170.0
4921,2.0,12.0
44926,0.0,4.0
8702,0.0,11.0
44475,7.0,15.0
27941,5.0,15.0
31203,2.0,120.0
22930,2.0,19.0
26610,1.0,17.0
1813,3.0,11.0
14133,3.0,20.0
19419,3.0,12.0
17726,4.0,13.0
32017,1.0,11.0
29690,2.0,15.0
13981,6.0,16.0
18272,1.0,7.0
36154,6.0,15.0
27040,,2.0
39901,1.0,14.0
22247,4.0,16.0
44625,4.0,16.0
40473,4.0,12.0
11262,3.0,17.0
42760,3.0,5.0
48063,1.0,12.0
17157,4.0,18.0
48382,1.0,20.0
37516,2.0,16.0
32853,4.0,16.0
36605,7.0,11.0
8545,2.0,11.0
28594,1.0,11.0
27295,1.0,110.0
46454,8.0,
31139,0.0,3.0
42940,,14.0
30111,4.0,13.0
49616,5.0,13.0
46636,0.0,3.0
46524,0.0,4.0
28052,0.0,2.0
20047,1.0,16.0
46732,0.0,
30058,0.0,17.0
32484,2.0,15.0
46539,1.0,17.0
44121,1.0,17.0
9791,1.0,13.0
40219,3.0,16.0
43425,0.0,3.0
46387,1.0,22.0
24336,6.0,17.0
26228,3.0,
21390,2.0,
13466,0.0,6.0
30968,3.0,13.0
27896,4.0,18.0
1007,3.0,19.0
7627,2.0,9.0
886,5.0,9.0
14026,6.0,17.0
33645,2.0,11.0
45944,5.0,14.0
46968,4.0,9.0
16871,5.0,140.0
25432,0.0,
39576,0.0,4.0
2597,5.0,14.0
21781,3.0,16.0
4610,3.0,11.0
20081,3.0,21.0
35230,6.0,11.0
44889,3.0,14.0
45,3.0,12.0
25281,0.0,6.0
29791,0.0,10.0
7903,1.0,14.0
21304,4.0,13.0
25813,1.0,12.0
8335,2.0,14.0
35625,1.0,13.0
16166,1.0,10.0
2700,0.0,9.0
36249,4.0,12.0
33727,,1.0
21478,3.0,
13575,4.0,13.0
40925,2.0,10.0
14899,4.0,15.0
12092,2.0,19.0
27491,7.0,17.0
39936,1.0,15.0
20134,0.0,1.0
16728,2.0,23.0
23547,2.0,13.0
27728,1.0,9.0
14619,0.0,10.0
46868,4.0,13.0
42970,4.0,17.0
21772,4.0,14.0
27010,7.0,16.0
45466,1.0,14.0
13400,5.0,19.0
19979,7.0,20.0
32349,0.0,7.0
48613,3.0,
27700,8.0,10.0
15723,,11.0
26691,2.0,11.0
42412,3.0,12.0
1354,0.0,7.0
6940,4.0,21.0
14680,1.0,18.0
39680,,13.0
16210,5.0,17.0
28263,1.0,7.0
46952,3.0,13.0
19688,1.0,14.0
45898,3.0,10.0
3625,5.0,13.0
32845,,8.0
8240,5.0,13.0
46267,3.0,15.0
24452,0.0,17.0
26139,7.0,12.0
9797,0.0,19.0
4511,3.0,7.0
47869,0.0,2.0
5890,4.0,16.0
37521,6.0,18.0
5988,1.0,13.0
37469,4.0,13.0
33860,3.0,13.0
23471,4.0,11.0
21678,2.0,18.0
18927,5.0,13.0
37355,2.0,14.0
45737,2.0,16.0
48851,4.0,15.0
48345,0.0,2.0
30090,6.0,15.0
24035,7.0,12.0
17905,3.0,16.0
34527,4.0,14.0
28253,3.0,13.0
38582,4.0,10.0
12429,2.0,10.0
48001,2.0,130.0
24312,1.0,20.0
48141,3.0,15.0
6714,3.0,12.0
1862,,15.0
41816,7.0,13.0
32806,0.0,24.0
3049,7.0,14.0
19035,1.0,20.0
35954,0.0,27.0
30041,3.0,9.0
47502,2.0,21.0
44307,3.0,11.0
40177,0.0,4.0
20319,3.0,13.0
42852,4.0,15.0
45245,0.0,12.0
9296,2.0,27.0
32965,3.0,14.0
49043,6.0,15.0
15228,,6.0
16736,1.0,17.0
9768,4.0,5.0
4371,3.0,13.0
7484,0.0,
49484,3.0,12.0
16726,2.0,9.0
46817,7.0,17.0
11588,3.0,13.0
472,3.0,21.0
861,0.0,3.0
46904,2.0,10.0
9675,3.0,12.0
156,3.0,13.0
26096,5.0,11.0
48529,4.0,16.0
21414,4.0,20.0
19887,6.0,15.0
8152,,11.0
13781,3.0,12.0
43677,2.0,11.0
4668,5.0,15.0
22957,0.0,4.0
11502,3.0,13.0
32490,0.0,10.0
12570,1.0,18.0
35049,1.0,18.0
22090,4.0,14.0
28734,4.0,17.0
29358,5.0,20.0
26289,1.0,13.0
5332,3.0,17.0
15755,2.0,21.0
16162,1.0,16.0
25502,,4.0
6042,2.0,27.0
37404,2.0,12.0
42478,2.0,14.0
16370,1.0,17.0
37060,2.0,16.0
31320,4.0,15.0
38348,4.0,13.0
46299,1.0,14.0
46721,4.0,16.0
26566,0.0,2.0
2301,4.0,15.0
23425,4.0,17.0
45469,6.0,12.0
6780,2.0,13.0
6019,3.0,21.0
22854,2.0,14.0
21077,4.0,22.0
42,4.0,14.0
33864,2.0,15.0
35014,3.0,22.0
38486,0.0,5.0
3,1.0,9.0
25454,4.0,16.0
22754,0.0,2.0
38370,2.0,11.0
23609,1.0,15.0
36146,2.0,19.0
14519,3.0,16.0
23170,6.0,8.0
49548,0.0,3.0
32559,0.0,3.0
20898,4.0,13.0
28846,7.0,12.0
14066,1.0,14.0
8622,6.0,7.0
13344,0.0,5.0
46812,4.0,13.0
3351,0.0,17.0
48828,5.0,10.0
27518,3.0,13.0
14209,2.0,16.0
15086,1.0,18.0
40369,3.0,12.0
37340,3.0,12.0
23109,4.0,13.0
24966,9.0,12.0
3205,6.0,20.0
11903,3.0,15.0
9934,3.0,17.0
16652,,14.0
3164,0.0,8.0
7763,6.0,12.0
48389,2.0,11.0
39491,5.0,11.0
36828,4.0,17.0
15314,4.0,22.0
32538,4.0,17.0
46925,2.0,11.0
17439,6.0,12.0
14112,6.0,18.0
18408,1.0,8.0
42851,2.0,19.0
43067,2.0,12.0
28259,4.0,9.0
48740,5.0,12.0
3138,5.0,9.0
49502,0.0,18.0
2362,5.0,10.0
10253,0.0,14.0
5219,1.0,12.0
31855,0.0,4.0
2663,3.0,16.0
45419,2.0,19.0
39811,3.0,5.0
36789,1.0,19.0
3981,3.0,15.0
21351,0.0,4.0
4980,3.0,19.0
2954,0.0,7.0
25271,1.0,21.0
10121,5.0,16.0
34270,0.0,15.0
45573,4.0,16.0
2567,,15.0
48388,5.0,10.0
39641,6.0,17.0
8383,1.0,13.0
5363,2.0,20.0
26014,2.0,17.0
8181,6.0,
48484,3.0,15.0
30827,2.0,19.0
14980,3.0,16.0
20869,2.0,15.0
47597,1.0,15.0
23589,4.0,12.0
1903,2.0,16.0
11091,3.0,12.0
29533,3.0,19.0
12394,2.0,6.0
43695,2.0,13.0
26906,4.0,15.0
252,2.0,15.0
41903,5.0,13.0
6873,0.0,3.0
34179,1.0,9.0
19757,3.0,12.0
25551,3.0,18.0
31680,3.0,14.0
16278,7.0,10.0
823,4.0,14.0
39721,2.0,10.0
47318,3.0,10.0
31752,5.0,6.0
29035,3.0,20.0
14313,3.0,15.0
17639,2.0,8.0
37895,1.0,16.0
11694,2.0,14.0
21950,2.0,9.0
25039,4.0,17.0
18538,3.0,11.0
26004,2.0,10.0
14954,4.0,17.0
11866,5.0,12.0
32995,3.0,14.0
39869,1.0,11.0
37133,,11.0
47154,3.0,12.0
18943,0.0,5.0
10840,3.0,13.0
24096,3.0,16.0
48452,3.0,14.0
21859,3.0,14.0
37849,5.0,11.0
31526,7.0,17.0
27476,5.0,16.0
42315,4.0,16.0
7152,3.0,7.0
46723,6.0,11.0
5262,4.0,13.0
24442,1.0,13.0
23942,4.0,18.0
28246,3.0,17.0
9615,4.0,10.0
38065,,1.0
21036,6.0,7.0
2188,3.0,10.0
32803,7.0,11.0
9249,3.0,16.0
46695,5.0,19.0
13378,0.0,6.0
35154,1.0,17.0
20581,,9.0
5493,1.0,24.0
24233,2.0,11.0
18115,4.0,13.0
35572,4.0,15.0
5879,0.0,14.0
24625,4.0,21.0
23533,6.0,15.0
18145,3.0,8.0
33066,0.0,4.0
36894,6.0,8.0
44566,6.0,9.0
29139,4.0,15.0
30037,3.0,12.0
31610,4.0,17.0
38369,3.0,
8333,2.0,12.0
27988,4.0,13.0
44301,1.0,6.0
4974,0.0,12.0
33972,0.0,17.0
23524,2.0,14.0
43162,0.0,9.0
26411,3.0,18.0
421,6.0,9.0
26697,5.0,15.0
27540,2.0,17.0
38018,2.0,17.0
37884,4.0,11.0
35905,3.0,14.0
34913,3.0,12.0
43583,2.0,16.0
21336,2.0,17.0
7362,4.0,10.0
25366,,12.0
30160,3.0,12.0
5294,7.0,20.0
33496,0.0,0.0
44045,4.0,9.0
33683,3.0,13.0
43816,4.0,13.0
12193,0.0,0.0
46639,3.0,15.0
41809,5.0,19.0
3107,2.0,19.0
26741,5.0,15.0
42127,1.0,16.0
27096,8.0,18.0
10480,1.0,13.0
17927,0.0,13.0
41154,2.0,17.0
48355,2.0,16.0
32951,3.0,10.0
20894,3.0,13.0
19613,0.0,3.0
45901,0.0,5.0
11572,2.0,14.0
38253,3.0,16.0
7645,3.0,16.0
30029,2.0,30.0
13426,2.0,10.0
11977,0.0,1.0
35222,4.0,20.0
32946,3.0,9.0
7351,6.0,10.0
12034,3.0,11.0
15139,3.0,13.0
25015,3.0,12.0
2003,0.0,14.0
31835,4.0,6.0
40559,2.0,14.0
14503,4.0,20.0
14385,5.0,17.0
26793,1.0,10.0
3130,1.0,19.0
3086,2.0,10.0
30698,3.0,13.0
14524,1.0,14.0
24103,5.0,15.0
2065,3.0,13.0
9301,4.0,13.0
8965,0.0,12.0
41243,0.0,0.0
38091,0.0,3.0
44682,1.0,14.0
18149,0.0,1.0
13598,0.0,5.0
17633,2.0,11.0
1143,1.0,13.0
5167,6.0,10.0
16935,3.0,10.0
49357,3.0,13.0
45251,4.0,6.0
44601,2.0,9.0
28287,2.0,18.0
28219,2.0,10.0
20656,2.0,13.0
34115,0.0,7.0
24226,3.0,11.0
18353,3.0,14.0
2232,1.0,22.0
18449,2.0,14.0
39436,4.0,12.0
33393,4.0,14.0
28596,4.0,18.0
20174,0.0,1.0
45647,1.0,10.0
21527,4.0,16.0
20853,4.0,14.0
34243,5.0,15.0
34433,2.0,10.0
39114,2.0,10.0
18619,2.0,20.0
24525,2.0,17.0
12872,6.0,14.0
35526,4.0,12.0
5961,3.0,15.0
3993,0.0,5.0
18357,1.0,12.0
8753,4.0,9.0
2626,2.0,19.0
47009,3.0,17.0
40773,4.0,20.0
27225,6.0,16.0
43211,3.0,9.0
43917,0.0,13.0
26822,3.0,9.0
10567,0.0,2.0
20591,0.0,1.0
40533,,10.0
40417,0.0,15.0
41740,6.0,13.0
33859,2.0,14.0
6582,3.0,11.0
33260,6.0,12.0
13044,4.0,14.0
34938,4.0,18.0
17143,3.0,13.0
44519,3.0,19.0
2129,3.0,14.0
10948,2.0,13.0
44341,3.0,110.0
43447,1.0,13.0
15913,5.0,11.0
5914,5.0,11.0
45540,4.0,17.0
15310,0.0,6.0
38839,2.0,18.0
24095,4.0,21.0
8538,1.0,14.0
9484,2.0,13.0
3080,4.0,13.0
1685,2.0,14.0
21528,6.0,10.0
10889,4.0,13.0
14522,1.0,16.0
2568,0.0,7.0
29480,2.0,10.0
11239,3.0,16.0
43481,2.0,7.0
15017,0.0,1.0
10066,4.0,10.0
46882,5.0,20.0
35652,4.0,16.0
14667,2.0,15.0
34660,5.0,19.0
9772,2.0,12.0
3824,4.0,8.0
17260,7.0,10.0
47990,5.0,10.0
9192,1.0,9.0
3440,6.0,10.0
11717,3.0,16.0
416,0.0,6.0
46243,4.0,9.0
37727,6.0,12.0
23203,4.0,13.0
45665,7.0,17.0
2009,3.0,15.0
32695,1.0,13.0
18755,2.0,12.0
18166,0.0,2.0
565,3.0,
3223,0.0,5.0
42704,1.0,15.0
29583,0.0,4.0
46528,2.0,15.0
21003,4.0,14.0
18154,4.0,16.0
21053,8.0,14.0
25929,3.0,8.0
2737,0.0,3.0
25191,2.0,14.0
43605,0.0,0.0
10153,1.0,17.0
29693,4.0,21.0
14366,1.0,3.0
30639,2.0,17.0
48842,0.0,16.0
3119,4.0,13.0
8647,2.0,16.0
37776,0.0,
10360,0.0,2.0
43815,4.0,14.0
21395,4.0,13.0
28160,3.0,14.0
4344,0.0,3.0
36954,3.0,9.0
260,2.0,8.0
44435,6.0,15.0
3589,2.0,
9035,4.0,18.0
17591,2.0,14.0
31400,4.0,16.0
1355,0.0,2.0
4578,7.0,14.0
5349,0.0,0.0
20783,4.0,18.0
45612,5.0,13.0
7479,1.0,10.0
12883,0.0,4.0
36417,,6.0
43998,3.0,
14210,0.0,12.0
14947,2.0,15.0
27908,6.0,16.0
22432,5.0,8.0
12321,8.0,7.0
46590,6.0,15.0
37341,7.0,14.0
21757,0.0,3.0
46425,0.0,6.0
1871,0.0,6.0
49573,3.0,22.0
21069,4.0,13.0
34412,3.0,6.0
41204,2.0,17.0
13254,5.0,21.0
11696,4.0,8.0
36578,5.0,12.0
49352,3.0,11.0
4283,5.0,16.0
7669,0.0,4.0
35799,3.0,12.0
17619,0.0,1.0
15719,1.0,12.0
36075,5.0,19.0
11653,3.0,10.0
10397,2.0,19.0
18728,,17.0
39475,8.0,15.0
9689,4.0,12.0
7276,2.0,15.0
9735,,13.0
8785,2.0,16.0
46733,1.0,21.0
8593,2.0,8.0
24371,3.0,14.0
13601,2.0,14.0
46536,2.0,23.0
16390,1.0,13.0
11820,3.0,8.0
22553,1.0,14.0
42313,1.0,16.0
49991,4.0,20.0
34047,1.0,16.0
13449,,13.0
46326,1.0,13.0
11072,1.0,11.0
6578,5.0,13.0
30485,0.0,3.0
44460,5.0,6.0
21886,6.0,16.0
30537,7.0,16.0
34478,4.0,11.0
20032,0.0,2.0
20913,,16.0
43208,2.0,16.0
13565,3.0,10.0
29300,3.0,14.0
15370,5.0,20.0
41476,0.0,2.0
4938,2.0,
45112,1.0,10.0
18069,2.0,8.0
10988,7.0,16.0
28388,0.0,4.0
33709,7.0,13.0
25280,1.0,12.0
28743,1.0,12.0
48515,2.0,15.0
35826,2.0,15.0
48584,3.0,17.0
31987,2.0,12.0
9978,2.0,19.0
28606,0.0,12.0
37220,3.0,20.0
33125,0.0,4.0
18231,3.0,14.0
22406,2.0,
26012,3.0,13.0
3477,6.0,15.0
44293,1.0,14.0
29160,4.0,11.0
37789,3.0,14.0
8403,0.0,9.0
30487,4.0,12.0
31620,1.0,17.0
48491,4.0,20.0
18564,5.0,10.0
25178,0.0,2.0
44585,4.0,11.0
46906,4.0,14.0
45077,1.0,21.0
19343,2.0,12.0
7769,2.0,16.0
30713,1.0,13.0
31759,4.0,14.0
42848,3.0,16.0
21297,3.0,12.0
26427,5.0,14.0
40660,2.0,13.0
16604,3.0,18.0
4112,2.0,15.0
3932,2.0,13.0
22618,2.0,13.0
22559,2.0,16.0
33674,0.0,2.0
3958,2.0,20.0
12998,0.0,3.0
17883,1.0,10.0
34036,1.0,12.0
9198,6.0,15.0
18780,,8.0
9183,1.0,13.0
38620,0.0,3.0
39571,,2.0
29610,2.0,15.0
48093,3.0,20.0
19935,6.0,12.0
8123,4.0,14.0
31922,2.0,6.0
28209,5.0,17.0
41546,0.0,4.0
49665,,13.0
13556,2.0,23.0
14129,4.0,14.0
447,2.0,12.0
17185,1.0,12.0
43494,,11.0
23722,5.0,14.0
13106,6.0,16.0
43794,0.0,11.0
38227,4.0,10.0
23576,3.0,19.0
8242,5.0,15.0
30457,0.0,17.0
46468,1.0,17.0
27200,4.0,12.0
27140,0.0,4.0
26467,,12.0
46616,0.0,5.0
10913,3.0,7.0
16472,7.0,16.0
27198,3.0,20.0
30812,8.0,14.0
36130,4.0,17.0
31762,2.0,18.0
6980,3.0,16.0
17725,1.0,
11386,1.0,
9817,4.0,19.0
47836,6.0,13.0
32447,1.0,16.0
3163,4.0,11.0
31829,7.0,19.0
10404,5.0,11.0
19679,3.0,10.0
8554,5.0,16.0
45515,7.0,15.0
24434,0.0,4.0
21605,7.0,14.0
8009,2.0,16.0
30652,4.0,90.0
43475,4.0,130.0
25974,2.0,14.0
32889,6.0,19.0
45803,2.0,17.0
29992,1.0,22.0
6781,2.0,15.0
42958,0.0,0.0
24527,0.0,4.0
3606,5.0,10.0
11602,4.0,15.0
15541,2.0,10.0
9861,3.0,18.0
7346,6.0,7.0
10709,4.0,15.0
46047,4.0,11.0
4238,,
27740,2.0,12.0
49590,3.0,11.0
33689,3.0,16.0
4646,6.0,11.0
18835,5.0,21.0
41116,2.0,14.0
35389,0.0,4.0
11015,3.0,21.0
22912,2.0,16.0
14821,0.0,13.0
36444,3.0,9.0
48685,2.0,17.0
39119,0.0,1.0
15747,0.0,3.0
13852,0.0,2.0
34242,2.0,14.0
29260,2.0,180.0
10759,2.0,11.0
43077,6.0,11.0
15036,4.0,11.0
46931,2.0,
3669,1.0,16.0
43080,3.0,13.0
5943,4.0,15.0
43078,4.0,13.0
18195,5.0,20.0
43300,2.0,14.0
8909,5.0,17.0
40395,3.0,13.0
3843,2.0,14.0
3229,0.0,1.0
19625,1.0,16.0
3876,2.0,19.0
9347,5.0,15.0
12169,5.0,9.0
770,1.0,7.0
21735,4.0,16.0
26311,4.0,12.0
16440,1.0,11.0
17884,4.0,10.0
15702,5.0,11.0
23268,5.0,12.0
3860,2.0,14.0
32686,1.0,13.0
48186,4.0,17.0
31704,2.0,
12849,1.0,13.0
30380,8.0,18.0
42082,3.0,11.0
22675,4.0,12.0
44070,1.0,
44416,3.0,21.0
15593,1.0,16.0
41441,4.0,12.0
46813,3.0,15.0
24671,5.0,12.0
14835,2.0,22.0
6295,2.0,12.0
8042,0.0,3.0
21789,0.0,5.0
1132,1.0,14.0
47167,4.0,13.0
13425,0.0,12.0
46640,1.0,14.0
18886,7.0,12.0
26349,0.0,1.0
34851,4.0,15.0
24717,5.0,12.0
17425,4.0,12.0
10423,6.0,15.0
14009,2.0,16.0
27814,3.0,13.0
3244,4.0,10.0
45734,4.0,23.0
38042,5.0,9.0
26541,5.0,23.0
22911,2.0,13.0
29079,3.0,15.0
49518,5.0,16.0
37067,3.0,12.0
8745,5.0,11.0
10025,5.0,9.0
8507,2.0,17.0
21730,5.0,15.0
12963,0.0,11.0
35001,1.0,11.0
44927,5.0,14.0
42259,2.0,13.0
35909,4.0,12.0
47710,2.0,14.0
40924,2.0,13.0
3886,1.0,9.0
28107,3.0,14.0
23045,1.0,18.0
7984,3.0,15.0
28500,5.0,17.0
5749,0.0,1.0
24802,0.0,1.0
17958,6.0,20.0
45291,1.0,19.0
45576,8.0,
47323,3.0,16.0
43986,3.0,8.0
32335,0.0,13.0
18947,3.0,13.0
18294,3.0,16.0
27636,4.0,18.0
21359,0.0,1.0
45428,2.0,18.0
24118,3.0,16.0
44901,3.0,19.0
45455,3.0,13.0
23258,4.0,12.0
20870,1.0,13.0
19582,3.0,6.0
5017,,13.0
29088,3.0,14.0
14340,5.0,12.0
24630,2.0,15.0
26492,2.0,16.0
32048,1.0,18.0
37352,2.0,12.0
6563,0.0,7.0
20984,4.0,16.0
12295,2.0,16.0
28379,1.0,12.0
13605,7.0,14.0
15945,4.0,15.0
15403,3.0,17.0
28660,0.0,1.0
37852,5.0,11.0
16323,4.0,19.0
3499,5.0,9.0
32652,6.0,14.0
30969,6.0,12.0
4488,2.0,16.0
17659,1.0,13.0
15642,3.0,10.0
42554,5.0,10.0
27705,5.0,15.0
24431,3.0,17.0
34426,5.0,18.0
14436,1.0,16.0
9612,4.0,7.0
12904,1.0,12.0
19588,3.0,16.0
20724,0.0,5.0
40428,4.0,14.0
6045,3.0,14.0
128,3.0,9.0
45226,3.0,16.0
43553,4.0,10.0
14694,3.0,14.0
12494,2.0,10.0
13248,2.0,12.0
17206,4.0,11.0
45254,1.0,15.0
2773,3.0,18.0
41342,3.0,10.0
39151,3.0,9.0
27884,,17.0
7172,,19.0
4533,3.0,10.0
24481,3.0,8.0
4155,6.0,15.0
28995,0.0,3.0
43222,2.0,11.0
757,4.0,17.0
7822,3.0,22.0
5568,5.0,14.0
38533,0.0,3.0
36571,4.0,20.0
47853,1.0,17.0
8947,2.0,17.0
9856,1.0,15.0
3338,0.0,2.0
44204,2.0,15.0
20927,3.0,18.0
28077,4.0,9.0
16241,5.0,18.0
20667,0.0,18.0
20893,,4.0
46619,2.0,17.0
33068,1.0,12.0
34107,5.0,11.0
6490,4.0,12.0
34661,4.0,19.0
28229,3.0,14.0
3257,2.0,12.0
23638,4.0,16.0
9014,5.0,15.0
36488,4.0,17.0
40842,5.0,15.0
321,5.0,11.0
5393,2.0,
2233,3.0,15.0
42154,1.0,19.0
35204,1.0,13.0
45505,4.0,10.0
45026,3.0,17.0
17099,,20.0
10941,4.0,13.0
44453,3.0,16.0
38335,6.0,17.0
18282,1.0,9.0
23357,0.0,
31712,2.0,11.0
16759,5.0,16.0
46776,3.0,8.0
10651,3.0,9.0
13318,5.0,13.0
10511,4.0,100.0
39186,4.0,16.0
575,1.0,15.0
33578,4.0,13.0
3387,3.0,14.0
42455,5.0,18.0
13974,0.0,8.0
26828,4.0,15.0
26633,0.0,1.0
34371,3.0,12.0
30953,2.0,14.0
26511,6.0,21.0
39971,5.0,11.0
37584,1.0,7.0
12273,3.0,12.0
32098,8.0,15.0
27541,2.0,13.0
9960,1.0,14.0
32421,2.0,14.0
37449,2.0,10.0
16662,1.0,15.0
45878,7.0,9.0
48374,2.0,10.0
12151,4.0,19.0
48782,2.0,15.0
5986,2.0,19.0
41041,0.0,2.0
47312,1.0,13.0
38242,1.0,10.0
12640,4.0,11.0
48475,1.0,13.0
26327,3.0,9.0
16487,7.0,16.0
43610,3.0,19.0
15523,0.0,3.0
42772,1.0,13.0
35384,4.0,16.0
12821,1.0,15.0
35745,0.0,7.0
10146,5.0,10.0
9480,5.0,17.0
25622,5.0,9.0
32776,5.0,14.0
47768,6.0,10.0
38256,3.0,13.0
32510,3.0,13.0
2563,5.0,18.0
19835,2.0,14.0
12427,2.0,14.0
19556,2.0,11.0
33563,5.0,8.0
41175,4.0,18.0
23640,3.0,9.0
33795,3.0,18.0
10365,3.0,16.0
39983,6.0,15.0
5199,3.0,14.0
31255,4.0,10.0
37425,5.0,11.0
19089,2.0,14.0
33017,0.0,2.0
49150,4.0,9.0
20817,5.0,16.0
32873,2.0,14.0
4735,3.0,13.0
29706,1.0,16.0
37009,0.0,8.0
33444,1.0,13.0
3180,5.0,18.0
49520,3.0,13.0
4710,5.0,13.0
45522,1.0,16.0
48046,0.0,3.0
25411,6.0,17.0
9992,5.0,18.0
48889,0.0,15.0
22575,4.0,18.0
11396,2.0,9.0
41014,7.0,12.0
2970,3.0,17.0
5797,3.0,14.0
19102,4.0,16.0
47074,4.0,9.0
35942,2.0,15.0
2554,0.0,13.0
46852,3.0,14.0
45195,2.0,16.0
32997,6.0,10.0
10679,1.0,10.0
7882,1.0,15.0
38182,2.0,12.0
26403,2.0,14.0
7226,,12.0
6786,2.0,21.0
35137,3.0,12.0
11811,1.0,10.0
1473,5.0,20.0
5440,4.0,14.0
35425,2.0,11.0
29460,2.0,12.0
39465,1.0,16.0
27170,4.0,14.0
42018,2.0,16.0
8556,3.0,12.0
26027,,14.0
4440,4.0,12.0
49397,3.0,10.0
21388,2.0,8.0
36175,2.0,17.0
47450,0.0,21.0
41416,1.0,23.0
43818,4.0,12.0
29974,1.0,22.0
16597,3.0,9.0
14493,1.0,20.0
41341,3.0,15.0
8128,5.0,17.0
33756,1.0,10.0
7906,3.0,110.0
49923,0.0,15.0
20510,3.0,17.0
37828,5.0,18.0
35430,3.0,12.0
28470,1.0,14.0
1123,4.0,20.0
25671,5.0,10.0
11109,5.0,17.0
34983,5.0,17.0
49462,2.0,
19306,5.0,10.0
5737,1.0,23.0
14869,2.0,21.0
28399,3.0,19.0
4553,4.0,23.0
46260,3.0,12.0
1768,3.0,17.0
29547,1.0,13.0
18925,7.0,15.0
34596,5.0,13.0
26879,0.0,14.0
29877,4.0,22.0
1742,0.0,3.0
22396,5.0,17.0
3088,2.0,11.0
35535,2.0,23.0
45165,3.0,16.0
25989,,16.0
2312,0.0,2.0
20098,0.0,15.0
9554,5.0,19.0
41743,0.0,1.0
10091,3.0,
36582,3.0,14.0
21316,1.0,14.0
35868,,11.0
29267,2.0,
41192,4.0,19.0
33489,2.0,13.0
47458,2.0,14.0
11283,0.0,11.0
11555,3.0,12.0
39964,4.0,14.0
8218,4.0,12.0
4739,1.0,17.0
11384,2.0,8.0
9991,6.0,17.0
26141,6.0,18.0
35577,0.0,18.0
1615,1.0,8.0
22643,0.0,5.0
9351,2.0,14.0
22240,4.0,13.0
17227,2.0,18.0
49143,4.0,16.0
32166,3.0,17.0
33477,4.0,14.0
42202,2.0,15.0
22535,5.0,17.0
7127,2.0,16.0
1344,4.0,11.0
31528,3.0,18.0
34058,2.0,13.0
31766,5.0,12.0
40661,4.0,12.0
1349,2.0,12.0
36626,2.0,14.0
37985,3.0,13.0
24756,5.0,13.0
49677,1.0,12.0
48516,5.0,10.0
24503,9.0,10.0
29538,6.0,9.0
295,3.0,11.0
7148,5.0,12.0
49634,3.0,13.0
31213,3.0,10.0
46022,1.0,12.0
38206,2.0,6.0
15687,4.0,
14229,3.0,16.0
23222,4.0,15.0
9334,2.0,9.0
34088,3.0,20.0
35148,1.0,15.0
30242,4.0,10.0
3721,5.0,15.0
30203,3.0,20.0
35615,3.0,17.0
38128,8.0,18.0
8762,3.0,14.0
16360,1.0,10.0
41312,4.0,12.0
31636,4.0,18.0
36800,3.0,11.0
33412,0.0,1.0
23542,4.0,13.0
26041,1.0,7.0
7516,4.0,14.0
42240,2.0,17.0
6206,8.0,10.0
39337,0.0,6.0
2088,3.0,17.0
43659,8.0,19.0
31734,7.0,18.0
42337,2.0,16.0
37238,4.0,15.0
16062,1.0,15.0
2793,3.0,
9801,0.0,
47506,0.0,11.0
35809,1.0,14.0
4851,0.0,4.0
33237,2.0,11.0
46443,3.0,9.0
29065,3.0,16.0
46708,4.0,12.0
14564,4.0,9.0
35856,3.0,12.0
26601,,13.0
7106,0.0,1.0
38063,7.0,27.0
11066,2.0,11.0
27851,2.0,15.0
21084,2.0,10.0
5721,3.0,14.0
16328,4.0,16.0
13442,2.0,13.0
41302,1.0,15.0
47127,1.0,18.0
36479,3.0,14.0
26342,5.0,20.0
25835,6.0,8.0
24843,2.0,11.0
39524,3.0,15.0
7481,4.0,15.0
27905,2.0,14.0
25413,2.0,20.0
33235,2.0,12.0
43193,2.0,13.0
38498,,18.0
31199,1.0,17.0
48394,3.0,14.0
466,4.0,5.0
45317,4.0,12.0
34436,0.0,3.0
23343,4.0,9.0
34221,0.0,19.0
25192,3.0,17.0
26432,5.0,11.0
45886,3.0,23.0
22897,5.0,18.0
2604,2.0,17.0
2511,1.0,14.0
26227,3.0,10.0
47075,3.0,22.0
24075,5.0,10.0
34560,5.0,11.0
21160,5.0,15.0
27105,1.0,10.0
2994,1.0,18.0
23434,3.0,11.0
30164,0.0,2.0
16296,2.0,14.0
608,2.0,14.0
14895,2.0,15.0
22468,6.0,6.0
39848,2.0,16.0
18042,5.0,15.0
29804,4.0,15.0
40051,2.0,7.0
5056,7.0,22.0
2605,4.0,14.0
26415,3.0,14.0
14675,2.0,20.0
29993,1.0,20.0
25193,5.0,10.0
23813,2.0,16.0
25617,1.0,11.0
49650,4.0,12.0
26414,2.0,15.0
48216,3.0,11.0
23034,1.0,11.0
4447,4.0,13.0
34316,3.0,14.0
47300,2.0,11.0
13088,5.0,13.0
23529,3.0,15.0
49791,2.0,17.0
39608,2.0,16.0
4536,0.0,3.0
45227,1.0,13.0
23738,4.0,
28609,,3.0
2916,4.0,11.0
40431,3.0,13.0
1476,4.0,17.0
2553,3.0,15.0
33160,6.0,90.0
38550,3.0,16.0
16912,0.0,
48469,2.0,12.0
9876,0.0,14.0
37709,0.0,12.0
24546,3.0,11.0
23060,3.0,21.0
196,3.0,7.0
722,3.0,
21749,3.0,11.0
44161,2.0,6.0
39014,4.0,10.0
12934,0.0,0.0
28539,2.0,17.0
37868,4.0,9.0
20377,2.0,18.0
6224,3.0,6.0
44384,3.0,12.0
38473,2.0,16.0
30645,0.0,16.0
7206,0.0,2.0
5539,4.0,13.0
36844,4.0,13.0
10393,0.0,4.0
46451,4.0,17.0
36003,1.0,11.0
45952,4.0,14.0
46436,4.0,16.0
33242,1.0,17.0
13880,2.0,13.0
36265,4.0,11.0
35734,0.0,1.0
15533,4.0,18.0
12338,6.0,13.0
1582,4.0,14.0
45906,4.0,15.0
40253,5.0,16.0
13339,3.0,11.0
46458,3.0,10.0
41584,0.0,9.0
44537,0.0,2.0
38667,2.0,13.0
16090,2.0,12.0
15118,1.0,10.0
17478,2.0,8.0
37178,5.0,
11951,5.0,16.0
46907,5.0,15.0
41096,0.0,2.0
7517,4.0,9.0
6904,1.0,
41373,6.0,12.0
22551,5.0,13.0
16859,4.0,23.0
18210,3.0,18.0
18779,4.0,13.0
3349,0.0,3.0
35597,1.0,8.0
46064,4.0,11.0
15818,2.0,16.0
23143,4.0,15.0
16332,2.0,14.0
33028,4.0,12.0
40657,3.0,13.0
36168,2.0,12.0
152,2.0,21.0
14969,3.0,15.0
30974,1.0,9.0
46629,,150.0
1099,1.0,7.0
7483,0.0,3.0
28155,4.0,19.0
23391,2.0,20.0
18388,4.0,17.0
3904,1.0,15.0
777,3.0,6.0
33359,3.0,16.0
33694,2.0,9.0
12735,1.0,15.0
18119,5.0,13.0
35037,3.0,11.0
38616,3.0,10.0
13026,0.0,0.0
42219,2.0,17.0
29688,0.0,14.0
5632,3.0,18.0
21775,2.0,13.0
43639,3.0,9.0
3564,3.0,13.0
34475,4.0,12.0
25062,3.0,12.0
38400,3.0,13.0
15446,0.0,6.0
21428,3.0,13.0
21928,4.0,17.0
6876,4.0,16.0
49842,3.0,14.0
18084,3.0,9.0
16606,2.0,16.0
12990,0.0,4.0
1404,4.0,16.0
39012,4.0,13.0
36979,6.0,15.0
9901,7.0,13.0
45437,1.0,14.0
30792,3.0,18.0
46165,5.0,21.0
36508,7.0,20.0
18226,4.0,18.0
1776,0.0,5.0
34131,7.0,13.0
8800,,13.0
9748,2.0,17.0
28839,4.0,16.0
6250,,9.0
2329,5.0,14.0
15450,5.0,8.0
4931,1.0,17.0
11222,0.0,16.0
29111,1.0,9.0
17888,0.0,6.0
20156,9.0,17.0
6155,,16.0
41298,4.0,15.0
38955,0.0,14.0
26010,0.0,2.0
33627,5.0,12.0
42717,8.0,20.0
2729,2.0,10.0
29803,3.0,9.0
2828,0.0,
8285,3.0,12.0
38002,4.0,16.0
2379,6.0,12.0
49335,4.0,15.0
43874,6.0,16.0
6412,3.0,16.0
47497,2.0,20.0
619,4.0,20.0
2569,,13.0
30515,0.0,3.0
5253,1.0,12.0
32085,2.0,11.0
46302,4.0,15.0
38993,1.0,12.0
26254,2.0,20.0
40558,0.0,5.0
7847,0.0,4.0
28215,4.0,15.0
1841,0.0,4.0
11955,2.0,18.0
23694,4.0,16.0
25415,6.0,18.0
49039,0.0,3.0
12889,5.0,10.0
6854,0.0,11.0
17938,7.0,10.0
34384,0.0,16.0
21618,3.0,6.0
34840,2.0,11.0
3391,5.0,14.0
38478,0.0,1.0
17427,1.0,8.0
17956,2.0,12.0
10955,1.0,17.0
8664,3.0,21.0
31061,3.0,17.0
13273,5.0,16.0
29243,0.0,16.0
35150,5.0,14.0
43304,2.0,13.0
31077,5.0,14.0
19226,6.0,21.0
28325,5.0,17.0
40053,2.0,19.0
45560,3.0,16.0
45309,4.0,9.0
31597,5.0,9.0
27797,1.0,13.0
48150,3.0,13.0
2482,0.0,8.0
38218,2.0,13.0
14218,1.0,9.0
30450,0.0,5.0
28410,0.0,0.0
3726,5.0,15.0
13070,5.0,
44515,2.0,15.0
5663,0.0,18.0
21953,6.0,18.0
5270,3.0,14.0
39541,2.0,18.0
1493,5.0,12.0
21724,5.0,12.0
9807,0.0,4.0
36215,3.0,23.0
17717,9.0,21.0
18942,5.0,13.0
15029,3.0,16.0
10227,7.0,18.0
32299,0.0,4.0
3069,2.0,23.0
33554,5.0,9.0
24086,4.0,21.0
1283,3.0,11.0
23958,1.0,16.0
14772,1.0,15.0
33062,3.0,15.0
41140,2.0,13.0
48057,3.0,15.0
9131,2.0,18.0
27929,3.0,17.0
45653,7.0,17.0
125,5.0,7.0
18339,7.0,20.0
3050,6.0,17.0
5426,6.0,14.0
37375,,13.0
27265,1.0,14.0
21220,3.0,9.0
16027,1.0,20.0
41627,0.0,4.0
40375,6.0,16.0
38572,3.0,9.0
31839,2.0,12.0
26456,1.0,
39801,4.0,18.0
20236,4.0,11.0
34260,4.0,8.0
28664,8.0,9.0
15049,3.0,12.0
45623,2.0,16.0
15688,0.0,2.0
36897,1.0,14.0
28749,0.0,20.0
20661,3.0,12.0
40331,4.0,14.0
30002,4.0,23.0
32849,3.0,13.0
13725,6.0,9.0
35163,2.0,7.0
20150,1.0,14.0
18463,0.0,3.0
13855,4.0,9.0
41695,4.0,14.0
38223,4.0,16.0
4193,2.0,15.0
36237,1.0,9.0
21178,0.0,3.0
34762,3.0,17.0
5472,6.0,14.0
45607,5.0,12.0
15556,0.0,4.0
47889,2.0,16.0
36677,4.0,15.0
45206,5.0,17.0
27099,5.0,
11498,3.0,9.0
45691,3.0,11.0
1384,0.0,4.0
371,5.0,11.0
42440,5.0,16.0
39990,5.0,13.0
3269,1.0,19.0
40641,3.0,19.0
15200,3.0,13.0
24877,3.0,22.0
43739,4.0,9.0
34023,4.0,8.0
25779,3.0,20.0
20382,4.0,12.0
23933,3.0,12.0
26195,,7.0
19438,2.0,13.0
34997,2.0,14.0
36173,1.0,12.0
15559,5.0,7.0
41337,1.0,25.0
24415,1.0,15.0
30237,2.0,6.0
29393,1.0,19.0
27226,3.0,21.0
4871,3.0,17.0
24215,0.0,7.0
27991,3.0,15.0
8428,2.0,13.0
12799,3.0,11.0
24148,2.0,20.0
17992,0.0,11.0
9153,3.0,11.0
3604,2.0,14.0
8284,1.0,14.0
41712,5.0,13.0
42094,5.0,21.0
27667,2.0,15.0
27743,1.0,17.0
44923,3.0,8.0
19400,5.0,19.0
29747,4.0,15.0
48819,4.0,14.0
49133,4.0,20.0
21602,1.0,8.0
32633,3.0,13.0
6743,2.0,16.0
40853,6.0,13.0
5198,6.0,18.0
38220,2.0,11.0
27656,4.0,14.0
21863,6.0,13.0
934,0.0,10.0
15760,3.0,11.0
30809,6.0,13.0
25562,0.0,3.0
30772,0.0,3.0
18089,3.0,16.0
29024,6.0,13.0
30529,3.0,13.0
8681,2.0,19.0
48185,7.0,15.0
44328,2.0,14.0
18316,5.0,16.0
24956,3.0,18.0
12553,3.0,12.0
27350,5.0,20.0
45851,1.0,18.0
32463,4.0,10.0
7455,0.0,1.0
23005,2.0,14.0
6691,2.0,26.0
26668,7.0,13.0
35552,4.0,14.0
17549,,16.0
38068,4.0,18.0
33178,4.0,9.0
8435,2.0,19.0
24496,3.0,11.0
47244,0.0,13.0
3792,8.0,13.0
14434,2.0,8.0
21714,7.0,9.0
19551,3.0,15.0
18707,4.0,17.0
14986,2.0,12.0
18212,4.0,17.0
38365,5.0,13.0
27810,2.0,13.0
43627,0.0,2.0
15398,4.0,13.0
17667,4.0,15.0
18567,0.0,13.0
6,2.0,
22174,2.0,16.0
12546,1.0,10.0
19002,4.0,17.0
46881,5.0,14.0
5712,3.0,17.0
11039,3.0,11.0
42690,,18.0
19742,4.0,18.0
46006,3.0,9.0
23435,2.0,13.0
31264,2.0,17.0
28704,5.0,10.0
8420,5.0,20.0
19422,0.0,
49612,4.0,20.0
39040,3.0,15.0
49689,1.0,17.0
32692,0.0,0.0
22453,1.0,12.0
7653,2.0,13.0
17705,0.0,6.0
17051,0.0,17.0
1343,4.0,18.0
4114,4.0,13.0
24923,2.0,11.0
17130,2.0,9.0
18827,0.0,1.0
3654,0.0,4.0
49749,2.0,20.0
20353,2.0,12.0
17095,3.0,10.0
3303,0.0,3.0
42056,3.0,14.0
29140,5.0,13.0
17655,4.0,10.0
7779,5.0,13.0
48865,3.0,19.0
46860,3.0,7.0
4023,7.0,17.0
16643,2.0,11.0
39288,3.0,9.0
47197,4.0,19.0
48068,3.0,10.0
6858,4.0,11.0
23413,5.0,15.0
22641,,11.0
44106,1.0,3.0
1872,3.0,16.0
33697,2.0,15.0
45042,3.0,12.0
35549,2.0,13.0
7994,0.0,1.0
17863,0.0,5.0
8906,2.0,11.0
10866,3.0,12.0
38936,3.0,11.0
45636,,9.0
45134,1.0,14.0
22902,4.0,22.0
8591,0.0,1.0
32355,3.0,11.0
31881,1.0,14.0
45917,1.0,18.0
49331,3.0,20.0
37189,5.0,13.0
42655,6.0,9.0
8174,0.0,2.0
9413,4.0,13.0
19198,1.0,15.0
40299,4.0,11.0
43660,4.0,7.0
47647,3.0,20.0
27244,5.0,12.0
39840,2.0,16.0
4978,3.0,17.0
45426,4.0,14.0
10535,2.0,14.0
3768,3.0,10.0
2252,0.0,9.0
42785,6.0,7.0
39352,4.0,12.0
4240,1.0,6.0
48913,1.0,12.0
24860,7.0,9.0
30087,3.0,11.0
47254,4.0,15.0
885,6.0,8.0
19170,1.0,18.0
31466,5.0,19.0
40193,5.0,16.0
32253,4.0,19.0
40727,0.0,6.0
25047,0.0,3.0
6550,1.0,19.0
19192,4.0,24.0
44034,2.0,16.0
13613,0.0,5.0
6218,4.0,12.0
19607,4.0,17.0
36664,6.0,8.0
49214,6.0,17.0
13262,3.0,17.0
39669,6.0,21.0
39206,4.0,10.0
2212,3.0,4.0
24812,2.0,9.0
45282,4.0,19.0
48504,7.0,18.0
8380,7.0,10.0
28882,3.0,16.0
15242,4.0,10.0
1808,2.0,19.0
18426,9.0,23.0
7932,2.0,15.0
632,4.0,11.0
41355,1.0,9.0
29540,6.0,16.0
18163,1.0,17.0
23912,0.0,
34507,0.0,2.0
30658,3.0,13.0
22885,0.0,1.0
2161,2.0,13.0
43799,2.0,13.0
22621,5.0,9.0
15730,4.0,15.0
42934,2.0,21.0
2897,4.0,19.0
4190,4.0,18.0
2697,1.0,10.0
33124,3.0,17.0
35729,7.0,16.0
7383,0.0,5.0
3906,3.0,10.0
29144,3.0,9.0
19138,6.0,18.0
22574,3.0,12.0
6425,5.0,15.0
36399,5.0,14.0
16792,2.0,18.0
49583,5.0,10.0
44434,4.0,
14854,1.0,29.0
43861,2.0,15.0
43180,4.0,15.0
27261,,9.0
38733,0.0,3.0
35079,0.0,12.0
49607,4.0,6.0
11622,4.0,17.0
651,4.0,18.0
9214,2.0,14.0
33027,0.0,2.0
30599,2.0,15.0
30228,4.0,12.0
37092,9.0,13.0
14751,6.0,14.0
13763,3.0,14.0
29042,3.0,9.0
38267,0.0,2.0
43385,2.0,9.0
35832,4.0,15.0
34641,3.0,9.0
8156,,9.0
27650,0.0,4.0
35650,2.0,12.0
45619,3.0,10.0
24951,4.0,12.0
1530,2.0,17.0
30493,3.0,18.0
10531,2.0,14.0
22691,2.0,15.0
16348,1.0,16.0
28802,4.0,21.0
34738,2.0,8.0
37221,5.0,16.0
38109,2.0,17.0
49467,4.0,
48507,2.0,17.0
48458,1.0,20.0
49453,6.0,16.0
21264,1.0,15.0
30715,0.0,11.0
18085,2.0,13.0
46223,2.0,18.0
28677,5.0,14.0
38717,1.0,17.0
13060,2.0,13.0
47176,,11.0
15798,1.0,10.0
34153,4.0,16.0
8263,1.0,16.0
33975,1.0,20.0
18041,2.0,10.0
1579,7.0,16.0
38816,8.0,21.0
12891,2.0,17.0
31158,1.0,12.0
18288,2.0,15.0
44582,4.0,10.0
34399,1.0,14.0
19045,4.0,20.0
41592,4.0,20.0
12127,5.0,19.0
44738,3.0,16.0
29608,3.0,16.0
30966,2.0,14.0
12647,5.0,18.0
37262,0.0,15.0
42302,0.0,10.0
39190,3.0,12.0
3228,6.0,15.0
583,2.0,18.0
33962,2.0,8.0
9343,4.0,
46037,4.0,11.0
28535,2.0,15.0
27520,4.0,18.0
16496,5.0,16.0
42855,2.0,13.0
1293,3.0,11.0
655,2.0,15.0
36952,5.0,11.0
48109,3.0,16.0
6865,3.0,12.0
37462,4.0,16.0
3662,4.0,12.0
24351,2.0,11.0
23770,5.0,18.0
19562,0.0,2.0
16516,3.0,17.0
10007,2.0,21.0
48088,2.0,16.0
27780,2.0,14.0
32966,6.0,13.0
36644,2.0,12.0
41859,3.0,15.0
16640,4.0,11.0
35683,2.0,13.0
19086,3.0,16.0
12072,6.0,11.0
4397,7.0,16.0
7229,3.0,8.0
25160,3.0,18.0
39291,5.0,17.0
47782,4.0,15.0
15934,3.0,12.0
15423,1.0,14.0
27873,4.0,8.0
37823,4.0,13.0
42904,2.0,10.0
17941,0.0,
11481,0.0,10.0
8508,1.0,12.0
12795,9.0,12.0
40424,3.0,23.0
25339,6.0,13.0
23218,3.0,12.0
43291,0.0,3.0
38241,1.0,17.0
5972,1.0,17.0
27696,6.0,10.0
30093,3.0,12.0
36406,2.0,12.0
29063,2.0,11.0
6348,4.0,20.0
14852,6.0,12.0
38906,1.0,21.0
19956,3.0,11.0
38278,2.0,9.0
29132,2.0,15.0
18101,2.0,13.0
41787,1.0,11.0
42598,4.0,12.0
39794,0.0,1.0
3495,0.0,3.0
40352,4.0,11.0
1418,0.0,3.0
30688,4.0,14.0
6135,5.0,15.0
7933,3.0,18.0
30354,4.0,17.0
31013,0.0,3.0
39495,1.0,16.0
40291,0.0,3.0
33474,4.0,13.0
31877,,13.0
42166,,19.0
12694,3.0,8.0
10210,2.0,12.0
1166,2.0,12.0
17886,2.0,20.0
48340,2.0,9.0
18812,4.0,13.0
22993,4.0,8.0
44539,0.0,9.0
9923,0.0,2.0
10908,4.0,180.0
26166,4.0,8.0
38461,4.0,18.0
38039,4.0,10.0
34610,,15.0
1066,4.0,14.0
4453,3.0,25.0
47993,5.0,12.0
28111,4.0,14.0
23859,0.0,12.0
23061,4.0,13.0
16767,5.0,15.0
34213,4.0,17.0
7716,4.0,6.0
45610,1.0,8.0
35075,3.0,10.0
47962,2.0,13.0
38713,5.0,24.0
44194,2.0,10.0
34051,5.0,17.0
29879,5.0,22.0
42102,0.0,0.0
25385,0.0,2.0
40154,0.0,11.0
14736,5.0,13.0
36109,5.0,20.0
34755,7.0,9.0
36684,5.0,18.0
40528,3.0,10.0
26526,2.0,11.0
13748,4.0,15.0
1459,1.0,17.0
30815,2.0,10.0
30683,0.0,2.0
12280,1.0,21.0
25272,1.0,10.0
28949,3.0,12.0
6819,2.0,16.0
27904,3.0,15.0
47188,2.0,13.0
27331,4.0,14.0
23131,1.0,13.0
18290,3.0,16.0
47433,2.0,11.0
16803,6.0,17.0
41649,2.0,21.0
11651,4.0,5.0
3110,3.0,14.0
48237,5.0,18.0
12197,4.0,15.0
5105,0.0,5.0
2458,2.0,14.0
20391,8.0,18.0
41729,5.0,15.0
19630,2.0,14.0
28705,0.0,13.0
19498,5.0,15.0
2699,5.0,18.0
29684,2.0,13.0
43735,6.0,16.0
17267,1.0,10.0
12676,0.0,1.0
29323,4.0,10.0
6026,2.0,18.0
33905,4.0,8.0
37627,3.0,13.0
24,3.0,14.0
34133,4.0,24.0
14089,3.0,12.0
29575,2.0,19.0
48298,0.0,6.0
13417,4.0,9.0
44214,6.0,16.0
38178,4.0,10.0
18398,6.0,9.0
18616,2.0,15.0
40346,3.0,11.0
14422,6.0,14.0
34935,4.0,20.0
32944,4.0,18.0
29244,4.0,20.0
27603,,12.0
31431,3.0,19.0
38853,2.0,18.0
40139,5.0,13.0
15777,3.0,16.0
36457,5.0,18.0
12232,1.0,12.0
47069,0.0,21.0
8580,2.0,10.0
13625,2.0,11.0
23663,4.0,19.0
679,2.0,16.0
35378,3.0,14.0
37770,,14.0
41899,0.0,2.0
40076,2.0,13.0
38750,0.0,1.0
33397,4.0,14.0
30863,2.0,12.0
42677,6.0,12.0
35726,0.0,13.0
3900,3.0,15.0
49341,1.0,9.0
28228,2.0,11.0
16962,3.0,14.0
31317,3.0,14.0
36835,2.0,9.0
25814,1.0,7.0
12711,1.0,15.0
14460,2.0,16.0
39656,0.0,2.0
7766,5.0,15.0
8326,0.0,5.0
5176,1.0,8.0
5598,5.0,15.0
25685,5.0,13.0
40434,2.0,14.0
48983,1.0,17.0
4761,1.0,11.0
11359,2.0,16.0
8297,0.0,11.0
38698,2.0,15.0
37856,0.0,1.0
3666,7.0,14.0
47868,3.0,14.0
29857,0.0,3.0
13325,3.0,21.0
28873,3.0,13.0
15487,5.0,9.0
43725,4.0,18.0
40757,,16.0
43243,2.0,18.0
39528,0.0,10.0
35331,3.0,13.0
15779,6.0,16.0
42895,0.0,
4966,0.0,0.0
23379,1.0,13.0
43848,6.0,13.0
47759,0.0,3.0
12058,6.0,12.0
9302,3.0,15.0
21887,4.0,11.0
6414,3.0,14.0
33136,1.0,18.0
39251,4.0,9.0
10197,2.0,16.0
25207,3.0,22.0
21722,0.0,4.0
31804,3.0,13.0
39655,2.0,14.0
17917,0.0,1.0
19905,1.0,7.0
2089,3.0,10.0
32994,3.0,14.0
21285,4.0,13.0
14007,2.0,17.0
21039,0.0,1.0
31794,5.0,10.0
36759,0.0,1.0
20961,0.0,15.0
4670,0.0,15.0
2880,6.0,11.0
2203,7.0,7.0
41785,3.0,
28394,1.0,11.0
3092,,17.0
41061,3.0,17.0
31452,4.0,15.0
17894,2.0,8.0
20766,2.0,9.0
12611,5.0,18.0
49594,3.0,14.0
4630,2.0,10.0
9914,3.0,20.0
37804,1.0,14.0
39745,3.0,11.0
35067,,16.0
48168,2.0,16.0
33708,3.0,9.0
2524,2.0,14.0
35658,7.0,9.0
16884,0.0,3.0
41587,2.0,9.0
34831,4.0,13.0
10610,,12.0
4319,2.0,10.0
33329,2.0,11.0
30046,2.0,21.0
46918,8.0,13.0
6907,4.0,19.0
31304,4.0,20.0
26293,1.0,15.0
19631,3.0,9.0
7115,3.0,9.0
19489,0.0,1.0
144,4.0,12.0
46622,1.0,16.0
4105,3.0,16.0
6722,3.0,10.0
43870,5.0,14.0
27986,5.0,
27914,0.0,4.0
22914,2.0,80.0
49308,9.0,18.0
3783,8.0,15.0
39489,6.0,11.0
33789,0.0,5.0
33432,1.0,9.0
16078,3.0,13.0
15704,4.0,6.0
14333,2.0,19.0
12829,6.0,18.0
45946,3.0,10.0
39742,3.0,15.0
10815,4.0,14.0
31125,,15.0
25244,3.0,18.0
4865,2.0,15.0
3510,5.0,18.0
3295,0.0,14.0
10811,1.0,21.0
23698,8.0,15.0
31008,0.0,1.0
40432,4.0,17.0
6638,2.0,12.0
49007,4.0,18.0
49320,10.0,11.0
40486,0.0,2.0
33721,2.0,10.0
28292,2.0,11.0
32110,3.0,13.0
23044,4.0,12.0
37638,5.0,21.0
34538,7.0,18.0
8093,2.0,15.0
10229,3.0,12.0
30838,2.0,6.0
25144,4.0,7.0
2014,4.0,12.0
20758,3.0,17.0
22070,2.0,15.0
41110,3.0,17.0
1978,4.0,15.0
3975,1.0,13.0
25408,6.0,12.0
23955,5.0,14.0
29900,2.0,
49936,2.0,13.0
21496,7.0,8.0
47955,7.0,18.0
18614,4.0,11.0
41900,5.0,15.0
49721,4.0,14.0
1775,4.0,14.0
1934,0.0,1.0
8700,2.0,12.0
15599,1.0,8.0
26844,4.0,13.0
43688,2.0,12.0
40222,4.0,13.0
40561,1.0,17.0
30555,4.0,13.0
23254,6.0,9.0
17297,2.0,13.0
42587,,13.0
41069,5.0,21.0
31247,4.0,10.0
41786,2.0,16.0
11860,4.0,15.0
6308,2.0,9.0
5038,1.0,14.0
24855,0.0,6.0
7814,3.0,14.0
17585,2.0,22.0
32770,3.0,19.0
18754,0.0,3.0
11203,1.0,18.0
41422,7.0,16.0
44528,1.0,19.0
48606,1.0,21.0
7612,3.0,6.0
2901,,3.0
15958,1.0,13.0
10228,2.0,11.0
39313,0.0,15.0
21096,1.0,10.0
914,0.0,9.0
33660,5.0,8.0
5541,3.0,18.0
20994,2.0,9.0
3659,3.0,17.0
1154,5.0,13.0
18025,3.0,13.0
4722,2.0,16.0
19146,2.0,12.0
39276,2.0,13.0
43557,7.0,16.0
47722,,13.0
7509,6.0,12.0
10256,0.0,1.0
30691,2.0,17.0
23327,5.0,11.0
10407,0.0,2.0
40127,6.0,13.0
20816,3.0,12.0
20341,5.0,12.0
2905,5.0,14.0
480,3.0,14.0
49913,2.0,15.0
12208,4.0,13.0
16118,1.0,18.0
8437,4.0,15.0
40162,5.0,
36889,2.0,17.0
10682,3.0,17.0
7520,3.0,12.0
6309,5.0,17.0
43164,0.0,2.0
19611,5.0,11.0
23000,0.0,2.0
17115,2.0,4.0
46551,0.0,5.0
1814,3.0,14.0
6480,4.0,11.0
16915,,3.0
19913,2.0,12.0
7027,3.0,13.0
49087,0.0,4.0
3923,3.0,11.0
8912,5.0,8.0
13689,8.0,10.0
38159,1.0,19.0
876,0.0,3.0
8244,5.0,14.0
8132,0.0,2.0
15948,2.0,17.0
4091,3.0,18.0
40404,2.0,9.0
18756,3.0,17.0
35469,5.0,20.0
35155,0.0,2.0
14939,1.0,13.0
1392,0.0,4.0
27719,1.0,16.0
5494,5.0,14.0
40861,3.0,14.0
14498,3.0,15.0
44464,4.0,16.0
24668,3.0,7.0
35393,5.0,12.0
20852,3.0,15.0
39155,0.0,1.0
22771,4.0,20.0
34556,0.0,3.0
36846,0.0,13.0
7992,5.0,13.0
2006,4.0,12.0
38439,0.0,15.0
4138,0.0,3.0
10046,4.0,15.0
44248,1.0,6.0
26217,,9.0
17942,2.0,12.0
44784,0.0,3.0
31518,5.0,15.0
29449,4.0,8.0
38197,2.0,14.0
3995,4.0,20.0
25825,4.0,20.0
30486,3.0,22.0
24972,3.0,
49248,4.0,18.0
16176,0.0,3.0
15659,3.0,17.0
15656,2.0,13.0
38986,2.0,14.0
32203,5.0,11.0
15750,4.0,17.0
24151,3.0,18.0
42546,0.0,2.0
23270,2.0,16.0
42426,,5.0
32128,5.0,12.0
14533,4.0,14.0
17047,5.0,13.0
5959,4.0,18.0
49490,0.0,1.0
44540,0.0,2.0
6279,3.0,17.0
11832,4.0,14.0
25133,9.0,20.0
26065,2.0,18.0
5950,1.0,8.0
5982,4.0,15.0
17709,1.0,9.0
29351,1.0,13.0
27197,4.0,9.0
30304,3.0,11.0
48686,5.0,9.0
27079,2.0,9.0
19826,6.0,11.0
19779,1.0,12.0
35291,3.0,17.0
4088,2.0,16.0
16050,2.0,9.0
13826,1.0,14.0
35950,6.0,11.0
2319,0.0,13.0
25954,2.0,15.0
3057,3.0,19.0
27156,1.0,7.0
8175,4.0,15.0
17991,,6.0
41590,3.0,13.0
12763,6.0,16.0
37652,3.0,24.0
2825,4.0,13.0
35679,4.0,11.0
31541,4.0,9.0
3474,4.0,110.0
3483,6.0,
22306,0.0,4.0
38462,0.0,1.0
18022,1.0,19.0
23951,1.0,8.0
28605,0.0,4.0
34424,1.0,15.0
33906,6.0,11.0
49761,7.0,11.0
1610,4.0,19.0
23664,6.0,10.0
850,0.0,11.0
9732,3.0,27.0
1490,1.0,13.0
43585,5.0,13.0
42829,2.0,15.0
36220,0.0,2.0
24930,6.0,16.0
21957,1.0,9.0
44626,1.0,16.0
12411,2.0,6.0
26525,1.0,12.0
43237,5.0,14.0
4258,3.0,13.0
46371,0.0,2.0
40907,2.0,13.0
4071,2.0,14.0
25153,2.0,12.0
31731,3.0,14.0
47808,3.0,13.0
2069,6.0,17.0
39418,3.0,15.0
5994,,5.0
46477,6.0,22.0
15603,5.0,11.0
10569,5.0,10.0
14237,2.0,15.0
27481,1.0,11.0
16776,5.0,11.0
16461,3.0,19.0
10468,2.0,11.0
46395,0.0,5.0
13465,1.0,16.0
16928,2.0,7.0
32943,3.0,18.0
731,5.0,11.0
41088,3.0,11.0
27444,3.0,14.0
11356,1.0,13.0
37407,1.0,11.0
49621,4.0,14.0
35550,3.0,20.0
25512,4.0,16.0
36667,2.0,
47115,2.0,12.0
16944,3.0,18.0
48981,2.0,19.0
31311,3.0,12.0
12979,3.0,12.0
19520,9.0,10.0
13008,3.0,15.0
45555,0.0,2.0
44474,2.0,15.0
29350,2.0,15.0
9161,6.0,13.0
19729,4.0,12.0
31569,1.0,16.0
43423,0.0,0.0
6998,0.0,5.0
40498,0.0,6.0
47571,2.0,10.0
32033,2.0,13.0
17284,2.0,10.0
2358,2.0,
29678,3.0,13.0
20371,5.0,14.0
49353,2.0,14.0
11411,3.0,15.0
44725,2.0,8.0
37281,2.0,11.0
24912,5.0,18.0
42014,3.0,15.0
6493,6.0,19.0
17092,,8.0
30224,0.0,2.0
31889,4.0,13.0
19598,2.0,15.0
990,2.0,13.0
1966,0.0,1.0
24425,6.0,9.0
7988,3.0,17.0
48787,2.0,10.0
2741,2.0,17.0
12691,1.0,8.0
17091,1.0,11.0
10833,3.0,17.0
30294,3.0,13.0
45932,4.0,11.0
42292,6.0,14.0
19099,3.0,10.0
14197,2.0,15.0
1972,2.0,12.0
11240,,19.0
16832,3.0,14.0
43145,0.0,10.0
7044,6.0,11.0
43621,2.0,13.0
1111,4.0,17.0
43822,1.0,11.0
41647,2.0,16.0
8534,3.0,14.0
19441,5.0,12.0
49510,3.0,24.0
41723,5.0,13.0
47651,0.0,2.0
29567,6.0,12.0
28701,0.0,2.0
21289,3.0,14.0
15646,4.0,12.0
33448,0.0,2.0
46097,4.0,10.0
5531,,16.0
7284,0.0,14.0
48535,3.0,12.0
6451,4.0,12.0
23793,3.0,16.0
27359,3.0,13.0
28981,2.0,13.0
49238,3.0,15.0
33672,3.0,9.0
18015,4.0,10.0
16144,5.0,12.0
7702,4.0,9.0
37864,1.0,11.0
32121,2.0,14.0
18201,6.0,11.0
2539,1.0,15.0
30510,0.0,3.0
33884,2.0,140.0
23025,1.0,10.0
13397,3.0,8.0
2342,,6.0
7760,0.0,16.0
20220,1.0,10.0
9357,2.0,17.0
45311,4.0,18.0
6239,4.0,14.0
12220,3.0,13.0
15640,3.0,14.0
29941,2.0,14.0
6306,3.0,14.0
29238,7.0,11.0
4733,3.0,13.0
32540,7.0,10.0
42850,5.0,10.0
26669,4.0,
4570,3.0,15.0
10992,3.0,16.0
49044,2.0,18.0
29285,2.0,14.0
38194,4.0,16.0
49398,3.0,10.0
4943,1.0,13.0
27843,4.0,7.0
9005,1.0,17.0
30465,2.0,17.0
48719,4.0,20.0
39667,4.0,18.0
23960,2.0,16.0
900,1.0,15.0
49992,1.0,16.0
34885,5.0,
25621,2.0,16.0
41676,7.0,12.0
29171,1.0,14.0
25277,1.0,13.0
46486,,13.0
32374,0.0,16.0
20915,5.0,18.0
2985,7.0,10.0
42413,5.0,12.0
34232,0.0,4.0
29372,0.0,1.0
45544,4.0,8.0
10887,4.0,13.0
13201,3.0,18.0
10037,2.0,16.0
4433,3.0,18.0
49336,1.0,19.0
16745,2.0,16.0
10108,0.0,4.0
7505,,3.0
45991,7.0,20.0
1002,,18.0
24737,0.0,5.0
17361,0.0,1.0
15171,3.0,15.0
28752,0.0,3.0
32435,3.0,22.0
39109,3.0,17.0
32834,2.0,10.0
9601,2.0,12.0
29229,4.0,13.0
15726,3.0,12.0
15455,4.0,11.0
49506,2.0,17.0
16404,4.0,18.0
29717,3.0,11.0
1298,2.0,14.0
31087,0.0,24.0
10267,2.0,15.0
4614,0.0,3.0
33095,5.0,14.0
49567,3.0,12.0
20282,3.0,8.0
27755,1.0,17.0
43463,2.0,16.0
47862,1.0,10.0
6938,4.0,14.0
29156,1.0,11.0
20259,4.0,9.0
32812,3.0,15.0
23133,1.0,11.0
40592,3.0,19.0
4911,0.0,6.0
20406,1.0,14.0
48554,2.0,13.0
35307,2.0,14.0
16857,2.0,15.0
44243,3.0,14.0
34489,1.0,12.0
5754,3.0,20.0
43476,2.0,13.0
561,3.0,15.0
41710,5.0,12.0
6004,3.0,16.0
21247,7.0,15.0
13287,,13.0
18855,4.0,13.0
40061,2.0,8.0
26507,4.0,9.0
41750,4.0,20.0
5125,2.0,12.0
21333,6.0,15.0
14163,3.0,13.0
18777,0.0,16.0
22073,4.0,16.0
14597,1.0,22.0
47725,3.0,12.0
3842,1.0,13.0
40928,1.0,17.0
24820,3.0,18.0
22881,1.0,7.0
9384,1.0,10.0
9238,5.0,14.0
5315,0.0,2.0
38621,3.0,10.0
2750,3.0,11.0
30558,3.0,12.0
2630,4.0,15.0
45045,0.0,3.0
41185,4.0,19.0
24938,0.0,1.0
45355,5.0,12.0
44190,5.0,20.0
39016,3.0,19.0
6144,4.0,17.0
43197,5.0,
33103,4.0,15.0
32198,1.0,13.0
36861,1.0,13.0
3594,3.0,16.0
18821,,15.0
7950,5.0,16.0
18506,4.0,10.0
48646,1.0,16.0
20232,0.0,3.0
25977,0.0,2.0
1303,1.0,10.0
20666,2.0,9.0
18205,2.0,15.0
36029,0.0,2.0
30990,2.0,11.0
5788,4.0,11.0
17604,4.0,14.0
40525,2.0,12.0
32410,2.0,12.0
15282,,23.0
38714,1.0,13.0
31462,3.0,22.0
47010,3.0,13.0
20755,0.0,3.0
1598,4.0,16.0
30169,0.0,15.0
24090,3.0,16.0
3671,2.0,11.0
24798,3.0,9.0
42371,6.0,11.0
42671,4.0,18.0
13887,0.0,3.0
37132,1.0,10.0
40391,5.0,10.0
26425,2.0,16.0
3128,4.0,12.0
15971,3.0,12.0
41615,4.0,11.0
31755,3.0,5.0
10159,1.0,10.0
21643,6.0,11.0
31226,5.0,20.0
24416,2.0,17.0
23439,6.0,9.0
15869,3.0,15.0
37015,5.0,11.0
36140,4.0,16.0
47018,2.0,9.0
14410,3.0,9.0
38454,4.0,25.0
10712,3.0,18.0
3826,4.0,140.0
44189,4.0,14.0
47530,1.0,14.0
25749,4.0,15.0
13074,1.0,14.0
11294,5.0,14.0
21205,4.0,17.0
518,6.0,12.0
778,3.0,
32409,0.0,1.0
43814,1.0,17.0
32636,3.0,9.0
19830,3.0,18.0
36755,0.0,1.0
7908,6.0,18.0
24430,0.0,18.0
29431,4.0,11.0
39239,0.0,18.0
8346,1.0,7.0
18552,0.0,3.0
7161,0.0,3.0
7094,6.0,11.0
28448,4.0,19.0
17521,2.0,15.0
1571,4.0,17.0
40713,3.0,16.0
3218,1.0,19.0
21790,1.0,15.0
3494,5.0,18.0
48931,4.0,14.0
29813,0.0,20.0
26956,4.0,16.0
9124,3.0,9.0
32930,4.0,20.0
33401,1.0,14.0
359,6.0,13.0
5859,2.0,15.0
42411,3.0,16.0
26855,6.0,19.0
20682,3.0,18.0
13476,5.0,11.0
24243,5.0,11.0
35763,1.0,14.0
28965,2.0,12.0
25362,1.0,13.0
18,2.0,9.0
45675,4.0,12.0
2077,4.0,20.0
36049,2.0,12.0
39180,6.0,
12911,0.0,2.0
14511,1.0,10.0
4279,2.0,11.0
11757,1.0,11.0
46044,5.0,14.0
13429,0.0,0.0
41150,5.0,13.0
41623,3.0,7.0
15416,3.0,12.0
49145,0.0,6.0
25771,,16.0
25736,2.0,19.0
4404,2.0,16.0
29731,1.0,16.0
18727,5.0,21.0
19288,4.0,11.0
25145,1.0,9.0
39473,,10.0
4342,0.0,26.0
38739,0.0,3.0
10775,6.0,12.0
31880,6.0,12.0
48938,5.0,7.0
18515,3.0,13.0
11105,,15.0
10122,,19.0
16973,4.0,16.0
19425,0.0,1.0
5673,1.0,20.0
27243,1.0,15.0
25352,2.0,
15784,0.0,13.0
42271,11.0,16.0
26996,5.0,12.0
27279,3.0,
13211,6.0,17.0
14542,2.0,10.0
16823,3.0,13.0
12561,6.0,19.0
46009,2.0,11.0
18422,7.0,17.0
27847,0.0,4.0
25268,0.0,18.0
3152,4.0,15.0
48208,3.0,9.0
49651,6.0,10.0
33730,2.0,21.0
33371,3.0,7.0
449,0.0,12.0
27490,3.0,16.0
41400,4.0,17.0
8043,0.0,15.0
42983,4.0,15.0
29808,3.0,14.0
22392,3.0,12.0
10280,0.0,5.0
28764,1.0,10.0
39309,2.0,12.0
10987,3.0,15.0
33940,4.0,16.0
659,1.0,8.0
22783,5.0,8.0
311,2.0,10.0
5042,5.0,12.0
19,2.0,21.0
31826,,19.0
1682,2.0,
31195,3.0,20.0
3903,1.0,10.0
22445,2.0,12.0
12613,2.0,12.0
31164,1.0,12.0
32352,,13.0
8903,6.0,11.0
35272,3.0,17.0
36477,0.0,4.0
20078,6.0,11.0
6375,6.0,16.0
32485,0.0,2.0
23113,3.0,13.0
30818,,20.0
46637,5.0,16.0
9864,3.0,14.0
21567,0.0,14.0
19190,2.0,16.0
36847,2.0,14.0
6908,6.0,14.0
45335,3.0,11.0
6994,3.0,15.0
7417,4.0,15.0
29288,0.0,2.0
29531,3.0,13.0
42331,4.0,19.0
49492,3.0,17.0
40422,,13.0
36870,2.0,18.0
26389,3.0,18.0
45048,2.0,15.0
24234,4.0,13.0
45641,2.0,9.0
44708,3.0,14.0
33170,1.0,10.0
14321,3.0,20.0
24514,1.0,18.0
47163,7.0,12.0
33737,2.0,9.0
13014,3.0,12.0
29262,6.0,12.0
27053,4.0,9.0
10211,1.0,19.0
21668,1.0,11.0
24420,0.0,1.0
40401,0.0,2.0
26325,4.0,10.0
28012,0.0,3.0
43932,2.0,11.0
24769,5.0,14.0
23656,4.0,17.0
43206,1.0,15.0
44428,5.0,13.0
7043,2.0,12.0
42857,4.0,16.0
47684,4.0,10.0
16467,5.0,12.0
635,3.0,12.0
13764,1.0,13.0
728,2.0,12.0
31078,1.0,12.0
37620,1.0,13.0
32303,3.0,8.0
37338,1.0,13.0
45475,5.0,21.0
16216,3.0,9.0
46791,3.0,18.0
2238,4.0,13.0
44417,0.0,4.0
9155,1.0,10.0
645,0.0,0.0
3159,4.0,18.0
39591,3.0,12.0
28381,2.0,18.0
25599,4.0,9.0
25087,2.0,10.0
25060,5.0,11.0
7691,3.0,9.0
13664,0.0,5.0
11410,6.0,7.0
30806,3.0,9.0
7112,3.0,13.0
35817,2.0,9.0
37631,3.0,22.0
34280,7.0,15.0
22648,0.0,6.0
19311,6.0,15.0
43951,0.0,12.0
35583,2.0,12.0
9983,1.0,17.0
9946,3.0,15.0
12478,2.0,13.0
39267,1.0,14.0
4409,2.0,7.0
39183,2.0,9.0
45684,4.0,12.0
30069,3.0,8.0
32818,3.0,10.0
44181,3.0,11.0
9630,1.0,14.0
39026,2.0,10.0
7757,1.0,19.0
36640,2.0,9.0
22562,2.0,17.0
21109,0.0,1.0
7810,2.0,16.0
49896,0.0,2.0
33059,7.0,17.0
29159,0.0,3.0
35803,2.0,15.0
46493,0.0,19.0
16989,2.0,7.0
33871,3.0,11.0
45186,3.0,13.0
43443,3.0,14.0
24253,4.0,21.0
48596,0.0,2.0
1075,3.0,8.0
540,0.0,1.0
16038,1.0,20.0
25010,3.0,19.0
49731,1.0,20.0
42270,1.0,14.0
9561,4.0,10.0
9050,3.0,13.0
1539,4.0,16.0
19174,2.0,17.0
8982,3.0,12.0
48599,6.0,19.0
12307,1.0,14.0
4096,0.0,1.0
9284,0.0,11.0
6665,3.0,9.0
9188,6.0,12.0
15844,0.0,10.0
11025,2.0,10.0
34234,3.0,16.0
30553,4.0,22.0
44414,2.0,21.0
10232,3.0,22.0
23585,7.0,16.0
3997,3.0,14.0
9727,2.0,6.0
13988,1.0,14.0
46771,3.0,11.0
28969,2.0,17.0
28782,0.0,3.0
29882,5.0,14.0
17053,5.0,9.0
27806,2.0,14.0
44898,2.0,11.0
43023,3.0,13.0
2928,5.0,16.0
43176,5.0,12.0
12161,3.0,15.0
17325,5.0,14.0
37560,3.0,11.0
20856,0.0,1.0
21278,5.0,13.0
34899,0.0,2.0
18960,1.0,9.0
28835,,18.0
31729,6.0,17.0
33073,5.0,12.0
4188,0.0,4.0
3114,4.0,11.0
21169,5.0,13.0
8675,0.0,2.0
4425,2.0,16.0
1562,5.0,9.0
14270,0.0,17.0
14679,4.0,10.0
16929,4.0,13.0
17668,1.0,16.0
5477,3.0,13.0
20557,3.0,12.0
46613,,13.0
6926,4.0,9.0
25266,7.0,20.0
32896,2.0,10.0
46244,0.0,13.0
23786,4.0,8.0
37747,3.0,6.0
3919,4.0,18.0
17529,2.0,12.0
22576,4.0,19.0
48056,0.0,21.0
43005,5.0,22.0
13510,,14.0
22599,6.0,22.0
38779,1.0,14.0
6215,0.0,2.0
7593,0.0,3.0
5903,7.0,13.0
14894,3.0,10.0
5828,1.0,14.0
16157,1.0,16.0
9487,2.0,13.0
24635,4.0,16.0
34763,2.0,16.0
5863,0.0,
20385,2.0,15.0
33356,2.0,12.0
33361,4.0,
46652,4.0,9.0
37274,6.0,17.0
10871,,14.0
23215,4.0,13.0
6924,4.0,16.0
34772,1.0,15.0
9375,5.0,11.0
40680,2.0,8.0
10164,0.0,2.0
24858,2.0,14.0
37298,3.0,21.0
5217,3.0,11.0
37632,2.0,15.0
21973,4.0,10.0
1307,2.0,16.0
11722,0.0,1.0
131,0.0,2.0
8936,6.0,18.0
34441,4.0,19.0
32634,0.0,2.0
12036,3.0,14.0
33204,5.0,17.0
30554,3.0,15.0
16335,2.0,18.0
41604,1.0,16.0
34991,4.0,17.0
47937,4.0,10.0
1085,3.0,11.0
46330,5.0,15.0
24171,5.0,11.0
26020,4.0,11.0
36442,1.0,22.0
36594,0.0,4.0
25842,2.0,11.0
29215,7.0,10.0
49817,8.0,
21029,4.0,16.0
43309,0.0,2.0
36323,5.0,19.0
20043,0.0,2.0
35060,3.0,17.0
27075,3.0,
28377,2.0,11.0
45190,1.0,17.0
11049,,8.0
26902,3.0,17.0
434,4.0,11.0
34480,7.0,12.0
36396,3.0,15.0
14651,2.0,10.0
44320,3.0,17.0
48676,3.0,17.0
6889,3.0,18.0
48279,5.0,5.0
11934,2.0,12.0
49423,4.0,21.0
31401,5.0,13.0
30750,2.0,18.0
15125,3.0,15.0
19646,4.0,15.0
35912,0.0,2.0
37149,3.0,12.0
7360,2.0,10.0
34571,0.0,2.0
38904,3.0,13.0
16571,6.0,13.0
27763,3.0,13.0
40996,,15.0
17697,4.0,12.0
36545,2.0,12.0
26263,3.0,15.0
21034,5.0,13.0
45645,4.0,17.0
19808,2.0,12.0
21,0.0,10.0
4227,2.0,18.0
12484,5.0,17.0
24795,5.0,
3361,5.0,18.0
5154,6.0,11.0
14295,6.0,14.0
19142,5.0,18.0
892,2.0,8.0
44732,2.0,10.0
38329,4.0,7.0
30191,1.0,12.0
3731,0.0,2.0
48149,3.0,17.0
10684,3.0,25.0
31997,4.0,15.0
17454,1.0,12.0
12697,0.0,3.0
31402,7.0,12.0
8919,7.0,
23812,2.0,16.0
21261,3.0,15.0
43183,4.0,12.0
43933,0.0,4.0
17972,2.0,19.0
30442,2.0,14.0
6832,2.0,16.0
42783,2.0,17.0
4172,0.0,17.0
40040,5.0,13.0
17354,3.0,10.0
12267,5.0,7.0
22095,,15.0
35382,0.0,18.0
30313,4.0,7.0
42873,3.0,12.0
30022,3.0,13.0
8902,1.0,19.0
12211,0.0,6.0
41043,0.0,4.0
21061,1.0,16.0
1940,7.0,15.0
22585,2.0,12.0
37111,3.0,10.0
26981,1.0,
39010,0.0,1.0
10500,1.0,17.0
26734,1.0,12.0
4740,3.0,9.0
43081,1.0,10.0
20330,2.0,19.0
29380,3.0,17.0
46677,4.0,14.0
27786,2.0,11.0
3802,0.0,3.0
24543,5.0,17.0
27433,7.0,15.0
27378,1.0,13.0
24663,6.0,16.0
38778,5.0,20.0
41242,5.0,10.0
29339,3.0,18.0
2721,4.0,9.0
36722,5.0,12.0
43070,0.0,1.0
32424,4.0,13.0
42889,3.0,12.0
32989,3.0,17.0
1353,5.0,16.0
17570,1.0,10.0
41550,4.0,9.0
38513,2.0,15.0
37208,2.0,13.0
12976,8.0,15.0
33111,3.0,20.0
2291,3.0,12.0
41862,7.0,14.0
49559,3.0,21.0
44574,0.0,5.0
48133,3.0,15.0
46137,,14.0
38976,1.0,11.0
45188,0.0,13.0
37251,3.0,12.0
25734,5.0,11.0
29581,7.0,16.0
33354,3.0,16.0
42640,,12.0
31556,4.0,6.0
6177,2.0,20.0
46181,5.0,15.0
28165,1.0,14.0
24918,0.0,2.0
46920,1.0,13.0
25180,2.0,11.0
6626,5.0,11.0
42179,2.0,10.0
29929,0.0,1.0
723,2.0,6.0
9614,0.0,6.0
35301,2.0,12.0
46418,7.0,9.0
39210,3.0,14.0
21228,4.0,14.0
19387,5.0,17.0
45974,0.0,2.0
28540,3.0,14.0
32719,1.0,17.0
17746,5.0,11.0
49097,2.0,19.0
2189,2.0,
9603,4.0,13.0
16141,3.0,12.0
31953,2.0,
49201,1.0,16.0
35742,3.0,9.0
46875,6.0,11.0
39464,2.0,13.0
18603,,17.0
17472,4.0,13.0
33365,0.0,6.0
14713,3.0,11.0
43732,1.0,18.0
34546,1.0,14.0
43555,0.0,3.0
31128,1.0,17.0
10864,4.0,15.0
38487,4.0,18.0
6447,2.0,16.0
37484,3.0,13.0
29957,0.0,11.0
5902,0.0,3.0
17183,0.0,7.0
20380,2.0,14.0
34192,5.0,14.0
18053,7.0,22.0
38491,2.0,16.0
30436,4.0,14.0
20859,4.0,8.0
47548,6.0,20.0
4113,5.0,13.0
35878,1.0,10.0
29357,5.0,18.0
35188,3.0,11.0
457,0.0,15.0
11736,5.0,10.0
18841,3.0,13.0
42311,3.0,16.0
22978,4.0,15.0
10022,8.0,14.0
19873,4.0,14.0
17581,2.0,16.0
17990,6.0,13.0
43102,3.0,13.0
31624,3.0,11.0
2579,6.0,14.0
18590,6.0,11.0
13615,0.0,1.0
22344,5.0,8.0
28472,4.0,13.0
6025,5.0,9.0
3856,0.0,2.0
10422,5.0,18.0
49572,4.0,9.0
38004,4.0,15.0
38261,3.0,16.0
27051,0.0,12.0
16485,3.0,19.0
3373,3.0,15.0
31501,4.0,14.0
29424,0.0,21.0
45553,2.0,13.0
9632,6.0,18.0
8568,0.0,4.0
26936,4.0,8.0
5741,0.0,3.0
49393,4.0,6.0
47919,3.0,15.0
45449,0.0,23.0
41148,4.0,15.0
23505,2.0,14.0
22343,0.0,4.0
44090,2.0,18.0
9637,1.0,17.0
45306,3.0,11.0
33341,6.0,19.0
17519,1.0,14.0
31453,4.0,17.0
16250,3.0,7.0
32329,3.0,9.0
6007,5.0,11.0
26261,0.0,7.0
48881,1.0,18.0
29366,2.0,18.0
34659,5.0,14.0
13831,1.0,16.0
11807,4.0,14.0
47637,4.0,15.0
28505,0.0,2.0
16599,6.0,10.0
17131,1.0,15.0
9558,2.0,16.0
47427,4.0,8.0
2376,8.0,15.0
15041,3.0,10.0
30147,1.0,13.0
19936,5.0,12.0
39831,6.0,16.0
18484,0.0,2.0
49659,4.0,5.0
33850,2.0,14.0
1050,1.0,11.0
41142,7.0,14.0
34859,5.0,11.0
12138,5.0,18.0
46641,4.0,22.0
8356,4.0,10.0
47186,2.0,
389,2.0,11.0
8408,2.0,18.0
21090,4.0,12.0
49948,2.0,12.0
22672,3.0,18.0
22692,5.0,
44647,2.0,14.0
26220,6.0,
46489,4.0,12.0
13963,3.0,17.0
32753,2.0,15.0
34946,4.0,11.0
42589,0.0,3.0
637,4.0,16.0
12074,4.0,15.0
38959,2.0,7.0
8918,2.0,9.0
1062,7.0,12.0
21393,0.0,5.0
5186,3.0,17.0
7151,1.0,8.0
32551,5.0,10.0
42602,2.0,12.0
479,2.0,18.0
33831,2.0,17.0
44336,6.0,8.0
46238,5.0,11.0
37945,3.0,21.0
44677,4.0,15.0
250,6.0,30.0
35759,0.0,17.0
22495,3.0,14.0
3810,4.0,18.0
10453,7.0,15.0
1537,5.0,15.0
34444,5.0,17.0
35068,3.0,13.0
40381,6.0,21.0
17381,2.0,10.0
6343,3.0,12.0
899,5.0,14.0
9979,7.0,14.0
22160,2.0,14.0
4421,4.0,14.0
21435,3.0,15.0
12093,3.0,11.0
24020,4.0,16.0
18985,0.0,4.0
27460,3.0,12.0
17467,4.0,14.0
8802,2.0,16.0
13688,0.0,1.0
12737,1.0,11.0
20099,5.0,19.0
25625,4.0,9.0
15605,0.0,8.0
40876,5.0,13.0
43950,1.0,12.0
7245,3.0,13.0
40170,3.0,15.0
13373,0.0,13.0
40601,5.0,14.0
25884,1.0,14.0
4773,2.0,9.0
37506,1.0,16.0
17953,,10.0
3333,0.0,5.0
21526,2.0,16.0
20805,0.0,17.0
6064,3.0,14.0
22743,6.0,10.0
10773,6.0,12.0
20651,5.0,18.0
47867,,11.0
30302,2.0,9.0
27567,2.0,13.0
34679,2.0,16.0
27881,7.0,20.0
8840,0.0,5.0
33653,3.0,10.0
33772,3.0,18.0
1801,1.0,7.0
45745,4.0,190.0
10580,4.0,20.0
5037,6.0,14.0
15245,3.0,14.0
476,1.0,16.0
20320,4.0,15.0
11912,1.0,12.0
11936,1.0,16.0
31175,1.0,18.0
15421,3.0,19.0
45275,0.0,3.0
20871,2.0,12.0
24561,7.0,8.0
25963,2.0,18.0
33786,4.0,11.0
9712,1.0,16.0
38447,3.0,10.0
37599,2.0,7.0
45223,0.0,2.0
20763,0.0,
33286,0.0,2.0
4286,4.0,11.0
501,3.0,12.0
20929,4.0,15.0
652,1.0,12.0
38288,3.0,10.0
47044,2.0,10.0
45669,6.0,14.0
2856,4.0,19.0
7342,,12.0
38585,4.0,10.0
40031,3.0,14.0
1233,4.0,17.0
25125,,8.0
47777,1.0,
38179,3.0,12.0
15433,4.0,9.0
38020,3.0,13.0
1581,2.0,15.0
35050,2.0,19.0
30850,0.0,1.0
48104,0.0,4.0
28519,3.0,11.0
44463,4.0,11.0
48586,2.0,12.0
27757,0.0,10.0
13473,2.0,16.0
10960,0.0,2.0
13458,3.0,13.0
18786,2.0,21.0
34514,3.0,12.0
38745,0.0,14.0
42729,4.0,13.0
10488,2.0,14.0
20499,0.0,1.0
30052,2.0,7.0
24217,3.0,12.0
35528,0.0,5.0
12282,4.0,16.0
28396,2.0,16.0
24087,0.0,16.0
24997,1.0,11.0
13952,1.0,11.0
36074,0.0,6.0
16621,3.0,25.0
17743,5.0,8.0
10145,1.0,12.0
29821,1.0,14.0
47242,4.0,18.0
48427,4.0,18.0
39621,2.0,13.0
11579,3.0,11.0
21293,1.0,11.0
36654,2.0,16.0
30123,4.0,15.0
23902,2.0,16.0
18652,2.0,13.0
31590,1.0,7.0
40237,4.0,18.0
44831,3.0,18.0
36080,4.0,10.0
49229,0.0,15.0
37836,2.0,14.0
43807,2.0,15.0
20258,3.0,17.0
44407,5.0,12.0
22077,1.0,20.0
36176,7.0,10.0
7663,0.0,18.0
6261,7.0,
47345,2.0,14.0
17651,5.0,4.0
37120,3.0,19.0
25208,2.0,19.0
47394,1.0,18.0
38710,3.0,13.0
17998,2.0,13.0
29707,0.0,2.0
28591,1.0,8.0
12111,,17.0
45500,1.0,8.0
18412,0.0,9.0
13272,,15.0
11207,3.0,18.0
18534,5.0,17.0
37471,3.0,10.0
26421,0.0,6.0
13875,5.0,8.0
49554,1.0,11.0
16609,0.0,1.0
41960,3.0,22.0
49343,4.0,14.0
4444,6.0,12.0
14477,0.0,5.0
3632,2.0,19.0
503,2.0,13.0
12400,3.0,12.0
40241,5.0,16.0
19077,4.0,12.0
9259,2.0,21.0
17179,3.0,13.0
18367,2.0,10.0
24069,0.0,140.0
17008,2.0,14.0
20357,0.0,3.0
45873,2.0,5.0
9063,0.0,1.0
17415,2.0,18.0
47779,2.0,13.0
48803,4.0,13.0
9728,4.0,10.0
25091,3.0,12.0
45387,4.0,7.0
28371,0.0,1.0
44284,2.0,21.0
5739,2.0,19.0
15974,3.0,12.0
41681,5.0,16.0
42572,2.0,6.0
23347,4.0,19.0
16531,1.0,16.0
11739,3.0,14.0
20685,1.0,12.0
33562,4.0,12.0
40652,,11.0
39959,3.0,15.0
7902,0.0,3.0
29471,2.0,17.0
29420,8.0,15.0
25928,3.0,18.0
36141,3.0,11.0
35933,3.0,15.0
6824,4.0,21.0
23554,3.0,10.0
34804,3.0,14.0
47133,0.0,4.0
15653,8.0,10.0
48422,1.0,11.0
45562,7.0,12.0
12999,4.0,16.0
49752,4.0,17.0
19743,3.0,18.0
26395,3.0,9.0
49009,1.0,13.0
9990,0.0,10.0
11349,2.0,13.0
22214,3.0,6.0
8330,4.0,10.0
29777,2.0,18.0
37498,,17.0
48224,3.0,11.0
1745,2.0,9.0
37511,5.0,13.0
19324,0.0,3.0
45577,5.0,21.0
589,,12.0
9359,3.0,21.0
4126,3.0,17.0
2709,3.0,13.0
48592,6.0,
12635,3.0,12.0
37844,0.0,12.0
30660,0.0,2.0
36817,3.0,17.0
47716,6.0,11.0
10420,3.0,10.0
20819,4.0,
45763,2.0,19.0
2214,2.0,18.0
34073,3.0,9.0
9264,6.0,13.0
44228,0.0,6.0
6433,4.0,11.0
10144,6.0,16.0
43961,0.0,9.0
70,1.0,17.0
40513,5.0,18.0
20248,3.0,12.0
37312,4.0,17.0
19260,2.0,15.0
31330,0.0,3.0
27559,5.0,18.0
22976,4.0,10.0
27531,1.0,10.0
34065,2.0,11.0
6232,3.0,21.0
3091,5.0,16.0
25330,2.0,9.0
21582,2.0,18.0
17257,3.0,18.0
2701,3.0,16.0
24354,2.0,12.0
11202,0.0,4.0
40344,2.0,15.0
49635,5.0,11.0
21075,0.0,1.0
26015,2.0,18.0
15076,0.0,3.0
14147,4.0,8.0
10838,5.0,11.0
38934,5.0,12.0
35665,2.0,15.0
2324,6.0,12.0
18079,0.0,3.0
33527,2.0,17.0
25737,5.0,9.0
5855,7.0,16.0
20415,1.0,13.0
40867,6.0,11.0
32373,7.0,19.0
21184,1.0,13.0
22176,4.0,10.0
4839,2.0,14.0
6575,,16.0
49333,5.0,8.0
38865,2.0,8.0
9925,4.0,16.0
49606,2.0,14.0
38534,4.0,14.0
10854,5.0,9.0
49708,4.0,17.0
10244,2.0,18.0
21837,2.0,11.0
34333,4.0,14.0
37687,0.0,3.0
47887,4.0,16.0
41164,4.0,16.0
34247,5.0,12.0
8586,0.0,2.0
15805,1.0,12.0
21571,7.0,13.0
47078,8.0,8.0
37907,2.0,18.0
33036,4.0,5.0
39604,3.0,13.0
6700,3.0,18.0
36301,2.0,8.0
20822,3.0,19.0
17526,1.0,18.0
35335,3.0,14.0
24940,7.0,17.0
47465,5.0,17.0
22075,4.0,15.0
2164,6.0,13.0
46164,3.0,20.0
6881,2.0,8.0
1812,4.0,14.0
18274,1.0,15.0
34490,0.0,2.0
14070,3.0,10.0
9409,6.0,14.0
11476,3.0,14.0
25452,3.0,18.0
18270,3.0,11.0
34984,3.0,17.0
34488,7.0,14.0
39537,4.0,13.0
35391,3.0,18.0
37069,4.0,17.0
43825,2.0,15.0
20620,2.0,12.0
2814,6.0,23.0
23367,5.0,23.0
30324,3.0,15.0
6758,3.0,14.0
33331,2.0,16.0
46023,3.0,18.0
14407,3.0,13.0
33656,4.0,19.0
22304,3.0,12.0
7555,5.0,17.0
7084,4.0,16.0
24004,2.0,10.0
35241,4.0,19.0
34811,3.0,15.0
21327,5.0,9.0
290,4.0,13.0
33092,2.0,10.0
36275,3.0,
16231,3.0,9.0
36170,5.0,19.0
292,3.0,20.0
42253,6.0,11.0
37883,1.0,19.0
33633,1.0,14.0
41371,0.0,0.0
18418,0.0,4.0
36198,1.0,16.0
20440,5.0,11.0
36103,1.0,16.0
4167,2.0,14.0
14924,1.0,14.0
761,1.0,11.0
4251,0.0,2.0
24375,3.0,15.0
43175,3.0,9.0
30505,4.0,18.0
27839,5.0,14.0
976,4.0,9.0
24771,3.0,10.0
24335,4.0,19.0
45508,1.0,16.0
46466,,10.0
19860,3.0,12.0
21621,6.0,11.0
42839,3.0,16.0
11426,,18.0
45244,7.0,22.0
27583,4.0,15.0
39133,,16.0
48312,1.0,16.0
33461,2.0,11.0
8559,6.0,8.0
7832,1.0,8.0
19794,4.0,16.0
26340,3.0,13.0
45002,2.0,10.0
592,3.0,9.0
36852,1.0,12.0
23279,5.0,12.0
49399,3.0,22.0
32712,3.0,10.0
21186,,18.0
38033,7.0,14.0
17173,3.0,17.0
342,0.0,10.0
27280,4.0,17.0
47326,2.0,8.0
15940,3.0,12.0
45879,2.0,8.0
21766,2.0,15.0
20905,3.0,12.0
15867,3.0,11.0
1098,0.0,
14220,3.0,130.0
33026,0.0,4.0
49644,4.0,12.0
19090,,18.0
438,4.0,10.0
38563,2.0,9.0
23440,0.0,2.0
42590,4.0,13.0
35675,,14.0
24643,6.0,15.0
43838,5.0,13.0
20610,3.0,16.0
8980,3.0,15.0
43518,1.0,22.0
33922,2.0,16.0
18941,3.0,17.0
21744,4.0,9.0
26583,1.0,11.0
39343,4.0,13.0
31786,5.0,15.0
183,1.0,17.0
1033,3.0,19.0
11605,3.0,9.0
30074,2.0,12.0
49401,4.0,6.0
45754,1.0,16.0
49988,4.0,13.0
30630,2.0,10.0
43379,4.0,14.0
18752,1.0,11.0
18072,4.0,18.0
30250,7.0,14.0
18185,2.0,21.0
33819,3.0,17.0
12982,3.0,10.0
10509,2.0,14.0
6274,4.0,10.0
31726,4.0,12.0
43803,4.0,16.0
16939,4.0,14.0
45104,3.0,18.0
14420,3.0,10.0
42335,8.0,12.0
19915,0.0,10.0
11897,3.0,14.0
3148,4.0,12.0
41544,2.0,13.0
11281,3.0,12.0
14285,5.0,12.0
35877,4.0,15.0
16152,6.0,12.0
17002,0.0,2.0
22723,4.0,17.0
20886,3.0,12.0
41995,2.0,14.0
7262,3.0,15.0
33081,0.0,5.0
29837,0.0,3.0
48898,2.0,17.0
48528,4.0,13.0
4806,0.0,8.0
23240,0.0,1.0
14221,7.0,10.0
22831,4.0,15.0
14242,4.0,16.0
15811,1.0,15.0
33943,1.0,19.0
38212,0.0,10.0
28857,3.0,15.0
11596,3.0,15.0
23648,3.0,12.0
44596,3.0,11.0
11019,4.0,15.0
43366,3.0,14.0
28737,5.0,18.0
29494,5.0,17.0
9756,3.0,21.0
42555,2.0,18.0
23552,5.0,14.0
10789,5.0,8.0
20403,4.0,14.0
25056,0.0,2.0
19736,4.0,19.0
18863,5.0,12.0
1884,7.0,14.0
22922,6.0,15.0
46133,3.0,16.0
17951,1.0,19.0
49829,2.0,21.0
39401,5.0,14.0
29102,0.0,5.0
31531,4.0,18.0
41990,4.0,10.0
1427,5.0,23.0
25081,4.0,12.0
33644,2.0,12.0
43764,2.0,11.0
5258,3.0,17.0
15161,5.0,17.0
48666,2.0,16.0
13515,0.0,5.0
22724,6.0,12.0
13483,2.0,17.0
26483,3.0,16.0
36034,0.0,4.0
646,2.0,11.0
10589,2.0,19.0
29568,2.0,18.0
3586,2.0,13.0
22994,4.0,8.0
6294,6.0,8.0
46655,2.0,12.0
47799,6.0,16.0
44110,,11.0
6363,2.0,15.0
13862,2.0,18.0
22558,2.0,
5601,6.0,19.0
40001,6.0,14.0
11557,3.0,18.0
27622,8.0,13.0
48799,2.0,15.0
15028,2.0,14.0
41693,3.0,18.0
34943,4.0,16.0
31706,0.0,2.0
17119,0.0,2.0
5693,5.0,15.0
19333,7.0,22.0
47932,0.0,8.0
8646,4.0,13.0
30365,3.0,8.0
13547,4.0,11.0
17793,0.0,1.0
4569,1.0,14.0
27236,4.0,10.0
37746,1.0,20.0
33224,3.0,17.0
46649,0.0,3.0
30451,0.0,5.0
4478,0.0,4.0
41973,1.0,14.0
13089,4.0,14.0
2796,2.0,18.0
16807,4.0,7.0
49172,4.0,13.0
26617,0.0,3.0
11929,2.0,18.0
26206,5.0,16.0
31853,,18.0
30287,2.0,17.0
41880,7.0,20.0
20521,0.0,2.0
29525,3.0,20.0
17424,0.0,4.0
29725,3.0,19.0
39872,4.0,12.0
46554,0.0,2.0
5928,2.0,14.0
17152,3.0,12.0
42738,2.0,13.0
21941,7.0,16.0
43956,0.0,2.0
48478,1.0,11.0
35298,2.0,5.0
96,3.0,18.0
27177,1.0,16.0
16036,4.0,20.0
26366,3.0,18.0
13359,2.0,5.0
14015,0.0,16.0
39138,0.0,3.0
10808,3.0,12.0
34883,4.0,12.0
48808,0.0,4.0
24168,3.0,14.0
41188,,13.0
49745,4.0,10.0
45471,3.0,15.0
13469,0.0,3.0
42177,3.0,12.0
1450,3.0,14.0
8188,1.0,17.0
31512,1.0,10.0
26753,4.0,11.0
3558,2.0,13.0
30444,2.0,12.0
27642,0.0,13.0
44349,1.0,19.0
37431,5.0,6.0
47737,1.0,16.0
34564,3.0,14.0
24644,4.0,11.0
8661,4.0,26.0
24788,0.0,3.0
16899,5.0,
22116,2.0,8.0
45425,1.0,19.0
21924,3.0,11.0
37374,4.0,11.0
12274,1.0,9.0
16740,5.0,11.0
10674,3.0,15.0
13253,2.0,11.0
15856,3.0,13.0
18040,5.0,
35491,3.0,8.0
14132,3.0,
3037,,
42339,1.0,13.0
25243,2.0,15.0
36138,1.0,17.0
15763,3.0,17.0
13704,2.0,15.0
33025,3.0,20.0
35176,6.0,18.0
21224,4.0,17.0
17965,3.0,9.0
3830,0.0,12.0
25878,8.0,15.0
21419,3.0,16.0
46985,4.0,11.0
17979,0.0,4.0
38693,,12.0
8205,1.0,17.0
42885,4.0,14.0
44260,3.0,14.0
29331,4.0,14.0
9210,4.0,17.0
39484,6.0,12.0
32020,3.0,12.0
46987,2.0,14.0
42575,0.0,12.0
41714,3.0,9.0
49914,0.0,6.0
25397,3.0,14.0
29564,2.0,15.0
42623,6.0,17.0
27297,1.0,11.0
37207,3.0,14.0
433,4.0,12.0
4032,5.0,15.0
17957,1.0,16.0
4698,4.0,18.0
45933,0.0,4.0
29218,2.0,11.0
28057,1.0,14.0
49464,3.0,11.0
21020,0.0,2.0
24841,4.0,19.0
42487,0.0,3.0
16914,8.0,17.0
14540,2.0,7.0
25055,4.0,8.0
39763,2.0,11.0
11674,5.0,10.0
9569,3.0,11.0
19691,4.0,12.0
32194,3.0,15.0
48171,2.0,16.0
35624,3.0,18.0
4976,2.0,18.0
22228,2.0,17.0
18370,2.0,15.0
27940,1.0,9.0
4650,2.0,12.0
38088,2.0,17.0
28390,0.0,2.0
20757,4.0,11.0
19081,,11.0
31887,2.0,16.0
4237,9.0,16.0
25763,4.0,13.0
44847,2.0,12.0
13653,4.0,15.0
19482,4.0,11.0
23502,3.0,16.0
19802,3.0,9.0
17266,2.0,12.0
31153,1.0,15.0
18247,2.0,12.0
1410,5.0,10.0
41396,0.0,17.0
43726,1.0,13.0
10780,4.0,11.0
42111,3.0,13.0
13018,5.0,8.0
23851,4.0,16.0
9592,1.0,13.0
14778,9.0,14.0
25769,3.0,15.0
18724,3.0,12.0
6330,2.0,11.0
40848,0.0,4.0
15932,2.0,18.0
11327,2.0,
34279,5.0,15.0
7518,2.0,16.0
20967,2.0,14.0
5381,4.0,12.0
35894,6.0,6.0
27597,3.0,8.0
47026,4.0,12.0
49835,5.0,10.0
46707,1.0,17.0
10479,3.0,15.0
20473,0.0,2.0
28621,2.0,19.0
26960,3.0,20.0
16182,3.0,15.0
22777,1.0,11.0
8985,1.0,14.0
40885,2.0,14.0
14922,3.0,9.0
12660,4.0,20.0
34508,4.0,13.0
15882,0.0,3.0
23919,6.0,12.0
4317,9.0,10.0
5008,2.0,11.0
28188,3.0,
27288,7.0,12.0
12645,5.0,15.0
12663,5.0,18.0
20346,3.0,12.0
21981,2.0,9.0
33950,7.0,14.0
5118,0.0,1.0
485,3.0,7.0
46632,2.0,8.0
29453,2.0,18.0
22616,2.0,14.0
34874,0.0,1.0
22088,5.0,7.0
17388,3.0,19.0
33241,5.0,13.0
45445,5.0,9.0
45895,2.0,18.0
10089,1.0,13.0
33163,4.0,
48411,5.0,15.0
34387,4.0,12.0
29648,3.0,120.0
6386,3.0,16.0
4151,3.0,20.0
35325,3.0,7.0
2420,0.0,22.0
32735,7.0,11.0
21291,4.0,9.0
38885,3.0,6.0
19748,4.0,20.0
47921,3.0,15.0
18791,4.0,24.0
49381,3.0,17.0
16564,0.0,2.0
48229,0.0,12.0
44536,4.0,15.0
10129,0.0,5.0
37410,0.0,170.0
34410,2.0,6.0
39813,7.0,14.0
41158,2.0,18.0
43649,3.0,12.0
13897,6.0,12.0
39725,0.0,2.0
17852,2.0,17.0
18446,4.0,19.0
32236,6.0,16.0
35411,0.0,14.0
4631,0.0,3.0
45094,3.0,14.0
43760,4.0,16.0
10072,3.0,13.0
18129,1.0,15.0
44230,2.0,14.0
30341,2.0,9.0
37922,,11.0
40350,4.0,14.0
49257,0.0,0.0
20541,3.0,6.0
41668,0.0,4.0
13175,7.0,15.0
29665,3.0,19.0
21444,5.0,12.0
18556,5.0,17.0
17363,3.0,8.0
38835,1.0,16.0
41479,1.0,8.0
49808,8.0,11.0
1454,4.0,17.0
27158,3.0,13.0
9749,3.0,22.0
23540,3.0,15.0
40799,3.0,10.0
32139,3.0,13.0
49410,5.0,15.0
8523,4.0,15.0
25623,0.0,20.0
6101,1.0,13.0
45911,6.0,11.0
16891,2.0,19.0
48914,4.0,180.0
19687,1.0,16.0
36425,2.0,11.0
26907,1.0,17.0
35112,3.0,12.0
18549,0.0,7.0
6049,2.0,20.0
10581,2.0,20.0
14572,4.0,7.0
21727,3.0,11.0
15988,2.0,18.0
27273,0.0,5.0
15014,2.0,17.0
46159,4.0,14.0
27990,0.0,2.0
9184,3.0,11.0
6149,2.0,7.0
865,2.0,11.0
18001,2.0,19.0
17278,7.0,15.0
7363,0.0,8.0
21215,3.0,10.0
19209,1.0,140.0
2332,3.0,14.0
44741,0.0,6.0
48392,1.0,22.0
30908,2.0,15.0
7271,3.0,10.0
31389,3.0,8.0
24158,0.0,0.0
6913,1.0,12.0
1438,7.0,15.0
6648,3.0,16.0
46143,0.0,1.0
47866,3.0,13.0
29112,3.0,14.0
15022,5.0,
28966,6.0,14.0
41781,1.0,11.0
4306,3.0,14.0
42003,0.0,4.0
19986,2.0,8.0
10344,2.0,
27538,0.0,4.0
49170,2.0,17.0
8289,1.0,13.0
12783,3.0,14.0
41691,0.0,1.0
744,6.0,10.0
44265,1.0,17.0
40893,4.0,16.0
10114,5.0,18.0
29926,5.0,15.0
36955,4.0,14.0
20207,3.0,18.0
29417,0.0,20.0
24289,5.0,16.0
13829,6.0,15.0
41500,2.0,19.0
6892,3.0,18.0
21104,0.0,3.0
49364,5.0,
30100,2.0,14.0
18969,3.0,18.0
15015,,14.0
8755,,18.0
27563,4.0,19.0
34185,5.0,10.0
12039,5.0,13.0
24357,0.0,19.0
45203,0.0,4.0
5884,3.0,5.0
41085,0.0,3.0
29774,4.0,6.0
2649,2.0,18.0
6988,3.0,14.0
15400,3.0,10.0
30189,3.0,16.0
28238,2.0,17.0
48697,1.0,19.0
27365,0.0,4.0
36820,2.0,17.0
6492,2.0,9.0
7184,5.0,17.0
41397,3.0,20.0
45483,6.0,27.0
34894,5.0,10.0
5946,2.0,13.0
41533,3.0,
23176,3.0,19.0
12085,3.0,18.0
30950,,15.0
33117,2.0,12.0
46773,0.0,1.0
17165,2.0,10.0
34314,0.0,1.0
5416,4.0,15.0
49550,5.0,11.0
49521,1.0,9.0
33797,0.0,4.0
17828,3.0,12.0
5832,2.0,16.0
19518,4.0,9.0
10868,6.0,14.0
40608,6.0,15.0
30490,3.0,10.0
37991,0.0,4.0
24894,4.0,17.0
43373,7.0,19.0
19924,1.0,150.0
33110,2.0,11.0
6376,4.0,13.0
10051,5.0,12.0
1313,3.0,20.0
29277,7.0,12.0
49184,0.0,
27682,1.0,15.0
24549,3.0,19.0
13098,4.0,18.0
33907,2.0,11.0
45897,4.0,10.0
45365,4.0,20.0
11637,2.0,19.0
32713,2.0,15.0
641,4.0,180.0
15619,0.0,13.0
44952,3.0,8.0
45634,0.0,4.0
28230,4.0,23.0
22106,0.0,4.0
41487,3.0,22.0
20830,4.0,18.0
35245,0.0,3.0
11769,3.0,16.0
26133,3.0,12.0
30886,3.0,8.0
39679,2.0,15.0
36389,2.0,12.0
25496,1.0,13.0
4378,3.0,10.0
32325,1.0,19.0
1428,3.0,12.0
18397,0.0,2.0
10814,0.0,2.0
27238,3.0,15.0
18911,3.0,9.0
43587,0.0,1.0
4532,5.0,19.0
36257,5.0,18.0
26758,1.0,14.0
19763,4.0,11.0
25012,6.0,13.0
17890,2.0,16.0
15313,3.0,11.0
9677,1.0,15.0
5886,0.0,1.0
47261,3.0,12.0
20325,0.0,2.0
30542,1.0,
7287,5.0,16.0
35263,0.0,13.0
27754,2.0,10.0
22017,6.0,16.0
24579,5.0,10.0
22550,3.0,14.0
25150,3.0,7.0
41817,4.0,14.0
26018,4.0,14.0
7478,7.0,14.0
35470,1.0,19.0
12292,5.0,17.0
9373,,3.0
38321,3.0,15.0
3631,3.0,17.0
23470,2.0,17.0
31251,0.0,7.0
42482,0.0,2.0
48665,0.0,4.0
18518,4.0,15.0
21606,0.0,3.0
13789,5.0,18.0
23850,2.0,15.0
12565,4.0,14.0
48988,3.0,12.0
21817,,11.0
325,1.0,14.0
10150,1.0,13.0
11883,4.0,14.0
44979,4.0,
3221,3.0,10.0
15885,0.0,2.0
15379,1.0,13.0
18474,4.0,12.0
3247,3.0,13.0
13856,0.0,2.0
8588,6.0,17.0
3774,3.0,18.0
27964,1.0,17.0
34740,1.0,14.0
19272,2.0,7.0
18335,1.0,15.0
30359,2.0,11.0
20734,3.0,15.0
23948,2.0,10.0
33118,6.0,8.0
7221,,13.0
1232,1.0,12.0
8790,0.0,
11178,3.0,14.0
18441,4.0,20.0
33801,0.0,1.0
7614,5.0,13.0
16981,3.0,8.0
41018,4.0,16.0
24450,1.0,17.0
44969,1.0,7.0
10524,4.0,17.0
25435,4.0,8.0
5048,0.0,5.0
22507,0.0,4.0
19241,6.0,11.0
42662,0.0,23.0
35710,4.0,20.0
13009,2.0,18.0
690,0.0,3.0
32105,4.0,12.0
47658,3.0,17.0
42754,5.0,14.0
15251,4.0,
34505,4.0,14.0
38990,2.0,13.0
41070,3.0,11.0
44191,4.0,180.0
12430,5.0,14.0
10678,1.0,18.0
2007,3.0,18.0
49695,5.0,20.0
49724,0.0,3.0
40635,0.0,4.0
26959,5.0,19.0
28533,5.0,13.0
9237,1.0,18.0
22216,7.0,7.0
42827,2.0,11.0
35322,3.0,17.0
48166,5.0,11.0
43192,1.0,15.0
18924,2.0,13.0
10449,1.0,9.0
24180,3.0,12.0
31371,5.0,9.0
45521,,21.0
42000,2.0,11.0
12037,5.0,15.0
15547,6.0,15.0
27269,6.0,19.0
31353,4.0,9.0
47518,0.0,9.0
4504,,15.0
34897,0.0,17.0
32881,2.0,12.0
38019,2.0,12.0
28838,0.0,2.0
3047,3.0,12.0
14967,3.0,15.0
32929,3.0,10.0
40589,4.0,9.0
18790,0.0,11.0
13361,1.0,12.0
702,6.0,
35324,8.0,13.0
46656,1.0,18.0
10644,0.0,11.0
11023,4.0,11.0
43614,6.0,12.0
31654,0.0,1.0
32068,4.0,11.0
11093,2.0,14.0
27680,1.0,
49958,4.0,16.0
3103,3.0,12.0
35466,4.0,15.0
26339,1.0,17.0
30604,6.0,7.0
16014,6.0,16.0
38891,3.0,23.0
34552,6.0,10.0
28494,4.0,18.0
30788,4.0,9.0
27947,5.0,19.0
45212,3.0,15.0
1622,0.0,3.0
23414,4.0,17.0
10195,0.0,1.0
30122,2.0,11.0
13472,1.0,9.0
5394,7.0,15.0
39135,3.0,14.0
10518,4.0,19.0
25607,4.0,8.0
10032,2.0,19.0
22457,3.0,11.0
12117,2.0,15.0
23120,2.0,21.0
25715,2.0,12.0
7117,3.0,14.0
26405,4.0,14.0
27251,1.0,14.0
10585,2.0,15.0
7288,3.0,23.0
30514,2.0,16.0
22324,2.0,10.0
42132,0.0,4.0
32337,9.0,10.0
1362,7.0,19.0
24722,5.0,17.0
14231,3.0,20.0
11369,3.0,18.0
1155,3.0,12.0
18458,5.0,15.0
44458,0.0,3.0
45826,5.0,14.0
41869,1.0,14.0
4068,0.0,16.0
21825,3.0,9.0
40955,3.0,17.0
19082,7.0,7.0
1869,3.0,14.0
33541,2.0,19.0
31724,5.0,12.0
10398,1.0,24.0
22028,0.0,2.0
18266,2.0,18.0
11888,3.0,19.0
15555,4.0,16.0
49839,0.0,1.0
23287,4.0,14.0
5084,2.0,15.0
24957,0.0,2.0
12487,4.0,10.0
19897,2.0,17.0
4313,2.0,11.0
15604,5.0,15.0
28480,0.0,2.0
18660,0.0,11.0
8172,4.0,12.0
16763,2.0,13.0
29922,,12.0
29324,2.0,19.0
26760,2.0,16.0
28943,4.0,15.0
13404,3.0,13.0
5776,1.0,11.0
48695,5.0,15.0
36037,0.0,2.0
10119,,2.0
25076,0.0,1.0
9438,0.0,2.0
23548,4.0,12.0
23272,0.0,5.0
15860,1.0,15.0
29250,2.0,15.0
5740,5.0,10.0
49957,,18.0
38668,3.0,14.0
6990,1.0,11.0
19437,9.0,15.0
24948,4.0,13.0
41605,5.0,25.0
39572,2.0,14.0
45049,0.0,13.0
23586,1.0,10.0
35919,8.0,17.0
33983,0.0,1.0
7087,1.0,15.0
48303,5.0,12.0
3426,3.0,13.0
2934,3.0,18.0
39695,4.0,19.0
453,0.0,2.0
41744,3.0,14.0
1930,3.0,
12375,9.0,18.0
12939,2.0,17.0
34886,3.0,18.0
41994,0.0,2.0
17546,0.0,1.0
45830,3.0,14.0
26629,4.0,14.0
2054,6.0,11.0
16880,0.0,0.0
30335,5.0,14.0
28934,3.0,
40985,2.0,10.0
8463,5.0,14.0
45748,2.0,15.0
11870,3.0,20.0
36042,2.0,15.0
32667,3.0,9.0
3185,6.0,15.0
20338,5.0,19.0
4377,7.0,12.0
26259,3.0,16.0
15359,7.0,20.0
14400,5.0,12.0
251,2.0,14.0
32974,3.0,
2723,2.0,
5043,4.0,14.0
8898,3.0,12.0
30157,2.0,
27163,1.0,22.0
2042,0.0,6.0
21616,2.0,15.0
22013,4.0,13.0
37476,0.0,5.0
47435,4.0,120.0
28867,2.0,10.0
47060,5.0,16.0
4152,1.0,19.0
12416,3.0,16.0
22205,5.0,14.0
24990,3.0,12.0
1883,,14.0
37215,6.0,10.0
37136,3.0,13.0
25540,2.0,8.0
494,2.0,21.0
17360,7.0,13.0
21298,3.0,10.0
44013,3.0,14.0
35519,3.0,10.0
6601,2.0,16.0
24218,0.0,4.0
48377,3.0,11.0
48922,4.0,
30832,3.0,16.0
35315,4.0,17.0
13162,2.0,11.0
4922,4.0,12.0
30193,3.0,8.0
40208,3.0,18.0
596,1.0,13.0
25778,2.0,21.0
34703,3.0,14.0
22289,1.0,13.0
44622,2.0,10.0
30171,4.0,17.0
38444,0.0,2.0
33364,3.0,13.0
12401,3.0,19.0
15796,0.0,1.0
14441,3.0,13.0
8842,3.0,19.0
33322,1.0,13.0
19866,3.0,8.0
15580,2.0,10.0
40560,3.0,15.0
44362,2.0,14.0
804,3.0,6.0
34718,6.0,22.0
19967,2.0,12.0
6541,3.0,14.0
49816,4.0,10.0
5242,4.0,10.0
22530,2.0,19.0
15252,2.0,19.0
39416,1.0,14.0
45295,2.0,14.0
9790,4.0,15.0
45174,5.0,18.0
3550,3.0,13.0
27553,7.0,22.0
40482,4.0,12.0
10222,2.0,17.0
29628,4.0,18.0
26275,3.0,13.0
37542,3.0,
35899,5.0,12.0
36216,3.0,16.0
20063,0.0,
41361,4.0,25.0
38890,3.0,15.0
47911,2.0,17.0
14879,1.0,11.0
25077,1.0,10.0
996,1.0,13.0
7912,3.0,10.0
11402,,7.0
30749,3.0,15.0
12047,6.0,17.0
42991,5.0,17.0
9459,3.0,
22186,3.0,17.0
45148,1.0,13.0
21213,0.0,11.0
43088,1.0,
12564,3.0,11.0
23489,5.0,14.0
16790,1.0,15.0
6620,3.0,13.0
36482,5.0,12.0
6111,0.0,1.0
806,3.0,15.0
11194,5.0,18.0
533,7.0,11.0
37038,2.0,15.0
38243,1.0,16.0
20072,4.0,15.0
29416,0.0,9.0
26501,3.0,14.0
11176,5.0,15.0
1897,0.0,3.0
3847,0.0,3.0
9230,4.0,17.0
16675,5.0,25.0
27698,2.0,10.0
21255,1.0,10.0
33403,0.0,0.0
7227,1.0,6.0
25296,5.0,17.0
4235,0.0,2.0
12569,4.0,19.0
8052,2.0,9.0
35219,3.0,10.0
3879,1.0,13.0
17407,3.0,16.0
7053,2.0,12.0
9928,13.0,15.0
28883,6.0,10.0
10140,5.0,11.0
13743,4.0,19.0
4405,4.0,13.0
40451,4.0,19.0
48472,5.0,10.0
47918,6.0,16.0
43700,3.0,14.0
31533,4.0,15.0
787,7.0,14.0
49748,4.0,21.0
7096,4.0,15.0
4622,6.0,160.0
44621,5.0,17.0
11225,5.0,16.0
41424,2.0,15.0
21256,0.0,2.0
14897,6.0,7.0
2698,2.0,13.0
8197,0.0,2.0
16446,1.0,14.0
13960,7.0,9.0
26790,2.0,11.0
43399,3.0,13.0
19298,8.0,9.0
4709,3.0,9.0
19392,0.0,2.0
5910,3.0,15.0
2777,4.0,13.0
29000,3.0,2.0
22043,4.0,10.0
35998,7.0,21.0
9834,1.0,14.0
46661,1.0,5.0
10099,5.0,16.0
12769,0.0,5.0
20873,0.0,15.0
39943,4.0,6.0
39958,5.0,16.0
32457,1.0,8.0
12365,1.0,15.0
27910,4.0,15.0
20118,2.0,9.0
8039,0.0,3.0
46737,3.0,15.0
23705,5.0,9.0
29184,5.0,14.0
25629,1.0,17.0
13949,6.0,9.0
40806,2.0,12.0
23202,3.0,12.0
21922,4.0,12.0
43395,1.0,10.0
33255,5.0,10.0
30779,2.0,13.0
721,0.0,5.0
8818,1.0,25.0
48250,2.0,13.0
35426,4.0,7.0
33458,5.0,9.0
44593,3.0,14.0
38898,3.0,10.0
11928,4.0,9.0
1120,2.0,13.0
33931,5.0,16.0
1908,4.0,13.0
14527,2.0,17.0
38268,0.0,1.0
7321,2.0,17.0
33813,3.0,15.0
31496,3.0,13.0
16773,0.0,2.0
3021,2.0,14.0
43514,2.0,15.0
12253,1.0,11.0
4098,4.0,8.0
42010,4.0,10.0
17140,,12.0
21380,4.0,11.0
48674,2.0,20.0
32065,3.0,12.0
49674,4.0,23.0
42599,4.0,6.0
28343,3.0,17.0
2761,4.0,9.0
25,2.0,13.0
26869,3.0,12.0
32141,1.0,14.0
3123,3.0,18.0
45586,0.0,3.0
9641,3.0,19.0
36136,4.0,10.0
30829,4.0,16.0
20839,2.0,20.0
981,4.0,12.0
6662,1.0,12.0
36449,1.0,18.0
38592,4.0,16.0
6901,4.0,11.0
12696,0.0,14.0
42821,5.0,13.0
32697,3.0,130.0
31309,1.0,13.0
44657,2.0,140.0
10596,4.0,8.0
47351,5.0,14.0
8025,,14.0
33410,0.0,12.0
25856,4.0,10.0
35300,4.0,
16381,4.0,18.0
36293,4.0,23.0
3803,0.0,12.0
18664,4.0,20.0
9891,3.0,13.0
16490,2.0,18.0
15006,0.0,3.0
26638,1.0,25.0
34337,2.0,18.0
48397,5.0,13.0
28711,5.0,10.0
23620,9.0,14.0
14344,2.0,17.0
41853,2.0,8.0
47051,,12.0
49274,4.0,13.0
14272,3.0,16.0
27958,2.0,10.0
43345,3.0,19.0
10063,5.0,16.0
15938,2.0,14.0
20779,5.0,18.0
30509,3.0,13.0
47881,2.0,4.0
39176,2.0,13.0
3685,1.0,16.0
16400,3.0,15.0
20764,2.0,20.0
25906,9.0,7.0
23834,3.0,13.0
3661,2.0,19.0
3489,3.0,13.0
9887,2.0,14.0
13895,6.0,17.0
16902,1.0,13.0
11407,2.0,11.0
7283,2.0,11.0
41405,3.0,16.0
34540,,12.0
5319,3.0,12.0
45585,0.0,13.0
11229,1.0,
6704,4.0,15.0
14193,4.0,16.0
543,2.0,12.0
40718,0.0,2.0
19809,6.0,15.0
19724,1.0,11.0
9127,8.0,11.0
30576,2.0,13.0
43442,4.0,17.0
32669,5.0,17.0
39098,0.0,2.0
33374,4.0,12.0
14859,2.0,18.0
25513,6.0,11.0
10628,4.0,
33556,3.0,11.0
16037,2.0,12.0
18961,3.0,10.0
38692,4.0,14.0
45239,5.0,20.0
6082,0.0,15.0
39244,0.0,2.0
5470,6.0,11.0
42719,2.0,26.0
35603,2.0,15.0
11116,3.0,15.0
47882,4.0,14.0
34440,0.0,5.0
25070,3.0,9.0
48595,3.0,11.0
36330,1.0,19.0
6565,0.0,1.0
28277,7.0,22.0
17909,2.0,14.0
46586,2.0,17.0
20855,2.0,17.0
48953,2.0,14.0
12542,2.0,5.0
6276,3.0,15.0
17338,5.0,16.0
10842,2.0,13.0
14702,4.0,14.0
19092,2.0,17.0
42856,7.0,12.0
944,3.0,10.0
380,3.0,14.0
42714,6.0,14.0
26453,3.0,16.0
38879,0.0,4.0
39985,3.0,19.0
33464,4.0,11.0
47643,8.0,15.0
29222,0.0,3.0
35510,2.0,17.0
3627,2.0,16.0
43318,3.0,11.0
21975,6.0,10.0
49898,0.0,2.0
48487,3.0,17.0
45273,5.0,14.0
38496,3.0,14.0
2637,8.0,10.0
10652,3.0,14.0
27654,1.0,5.0
34876,0.0,6.0
19259,5.0,16.0
3984,3.0,9.0
17118,1.0,19.0
31959,6.0,9.0
44270,3.0,17.0
10058,3.0,9.0
36005,2.0,11.0
17331,4.0,14.0
35265,1.0,8.0
26420,2.0,8.0
1636,4.0,7.0
18831,5.0,15.0
8054,0.0,2.0
29556,3.0,11.0
1846,4.0,14.0
6511,4.0,14.0
41557,3.0,16.0
36785,3.0,14.0
48167,8.0,
20235,1.0,21.0
24475,2.0,9.0
13634,3.0,9.0
20287,0.0,3.0
44168,5.0,6.0
644,0.0,2.0
4234,2.0,17.0
13847,2.0,12.0
48249,0.0,3.0
49111,,13.0
20807,5.0,13.0
48872,5.0,20.0
2264,8.0,12.0
15880,4.0,15.0
39203,2.0,16.0
13016,0.0,
34471,3.0,20.0
46027,0.0,14.0
39563,3.0,10.0
17902,3.0,13.0
30137,2.0,17.0
37964,0.0,2.0
42143,1.0,9.0
28892,0.0,7.0
8956,3.0,13.0
25292,0.0,2.0
44288,1.0,12.0
1531,2.0,19.0
49442,2.0,11.0
273,1.0,17.0
44062,1.0,9.0
21888,4.0,19.0
3616,2.0,12.0
32935,2.0,15.0
35120,2.0,14.0
3428,6.0,6.0
29271,3.0,10.0
34236,5.0,19.0
30710,4.0,15.0
20810,3.0,
13642,2.0,10.0
5409,1.0,16.0
21230,4.0,17.0
11361,4.0,25.0
40012,0.0,2.0
24650,4.0,14.0
48609,4.0,15.0
48929,0.0,4.0
35934,5.0,18.0
19992,2.0,18.0
47380,6.0,16.0
4687,3.0,17.0
36114,2.0,18.0
5344,3.0,3.0
44071,4.0,19.0
39689,2.0,18.0
14065,3.0,12.0
40710,3.0,16.0
48262,3.0,7.0
21011,4.0,11.0
39622,2.0,11.0
47861,2.0,17.0
42891,1.0,4.0
8637,3.0,11.0
23873,3.0,12.0
44494,0.0,1.0
2497,0.0,4.0
3527,2.0,13.0
24276,7.0,12.0
43905,6.0,11.0
34621,5.0,14.0
20079,0.0,9.0
14817,0.0,15.0
38201,2.0,13.0
30628,5.0,8.0
35944,3.0,12.0
43224,0.0,3.0
13220,4.0,17.0
37326,0.0,21.0
49696,0.0,3.0
11027,4.0,12.0
5991,2.0,21.0
47275,3.0,12.0
34162,5.0,19.0
46994,1.0,12.0
7143,4.0,15.0
39132,2.0,
1487,0.0,
24872,1.0,
29048,2.0,21.0
34472,2.0,5.0
22320,0.0,0.0
10540,1.0,19.0
39404,0.0,4.0
21014,0.0,3.0
25676,2.0,11.0
37257,6.0,13.0
22235,2.0,20.0
13067,6.0,12.0
39234,1.0,16.0
21804,7.0,11.0
21189,5.0,13.0
24669,0.0,1.0
5558,0.0,19.0
26331,1.0,13.0
42651,0.0,3.0
47499,0.0,19.0
7920,6.0,15.0
17294,3.0,15.0
2450,3.0,8.0
15468,2.0,11.0
29798,4.0,
27241,6.0,15.0
25118,2.0,15.0
36014,,14.0
3653,4.0,13.0
35480,3.0,9.0
11993,2.0,14.0
20347,0.0,1.0
35525,5.0,18.0
32575,1.0,13.0
27424,7.0,13.0
26613,5.0,13.0
6269,2.0,13.0
38262,4.0,15.0
37941,3.0,16.0
16565,1.0,15.0
34186,4.0,15.0
48807,6.0,13.0
27882,6.0,11.0
28233,6.0,12.0
26693,3.0,14.0
48817,4.0,16.0
48649,2.0,15.0
13554,0.0,2.0
21031,5.0,10.0
42410,,
20169,1.0,9.0
34368,2.0,12.0
1759,3.0,15.0
8062,1.0,12.0
38787,6.0,8.0
29995,1.0,14.0
28041,0.0,17.0
41390,0.0,2.0
18033,5.0,14.0
49373,2.0,9.0
44135,0.0,17.0
22026,5.0,13.0
3540,7.0,20.0
30047,,11.0
42661,2.0,14.0
24698,1.0,20.0
45101,,13.0
38737,1.0,19.0
33386,0.0,3.0
48165,4.0,16.0
16002,3.0,20.0
2359,5.0,15.0
13490,0.0,4.0
23930,6.0,14.0
21631,5.0,16.0
40471,2.0,7.0
9998,0.0,7.0
12084,3.0,13.0
1319,7.0,8.0
493,3.0,11.0
672,3.0,16.0
38000,0.0,1.0
46505,2.0,17.0
18179,2.0,10.0
15461,2.0,22.0
42946,,9.0
21646,3.0,13.0
40634,1.0,16.0
1329,2.0,18.0
2691,2.0,16.0
16587,3.0,17.0
38175,2.0,9.0
24274,,10.0
42397,1.0,13.0
46718,1.0,
28148,5.0,16.0
36007,4.0,13.0
13436,,21.0
18162,3.0,12.0
23922,4.0,13.0
41382,3.0,9.0
25575,3.0,11.0
41401,2.0,13.0
38512,2.0,8.0
32826,1.0,12.0
13938,0.0,4.0
28759,2.0,16.0
9535,0.0,3.0
27686,2.0,16.0
41719,6.0,16.0
15751,1.0,13.0
16772,0.0,2.0
38854,3.0,12.0
25570,2.0,19.0
39696,5.0,6.0
26870,1.0,14.0
25313,3.0,16.0
25971,8.0,15.0
2466,5.0,18.0
12566,2.0,13.0
21058,3.0,14.0
6716,0.0,2.0
40666,0.0,5.0
24909,1.0,21.0
3204,0.0,14.0
42525,4.0,16.0
49429,5.0,17.0
40347,2.0,17.0
11056,2.0,
40376,0.0,13.0
38280,3.0,11.0
20367,1.0,16.0
36563,2.0,9.0
12249,2.0,12.0
34958,0.0,14.0
36342,1.0,17.0
22242,6.0,20.0
27194,3.0,12.0
43101,4.0,22.0
42005,,13.0
9921,6.0,9.0
42480,5.0,17.0
34428,3.0,11.0
31407,5.0,16.0
35965,2.0,15.0
6217,2.0,17.0
21334,2.0,17.0
8405,4.0,16.0
6977,0.0,3.0
46183,0.0,0.0
31909,,12.0
45462,9.0,15.0
14722,4.0,11.0
14752,3.0,13.0
12119,2.0,14.0
27267,4.0,16.0
2483,3.0,9.0
41610,2.0,15.0
16900,0.0,7.0
6910,6.0,16.0
30978,0.0,3.0
11574,2.0,17.0
16344,3.0,15.0
15113,0.0,7.0
32520,1.0,22.0
48308,3.0,17.0
11856,0.0,0.0
4470,2.0,11.0
17481,,11.0
24189,4.0,18.0
32208,0.0,1.0
27532,5.0,11.0
48645,5.0,14.0
27104,6.0,12.0
47683,4.0,12.0
49960,3.0,8.0
44201,4.0,14.0
5906,6.0,15.0
33171,0.0,1.0
10383,4.0,12.0
15358,3.0,20.0
36318,2.0,14.0
28242,1.0,
37967,3.0,17.0
11477,4.0,17.0
19975,4.0,10.0
37953,3.0,12.0
43941,12.0,14.0
9241,5.0,8.0
39147,0.0,1.0
45670,4.0,16.0
32212,1.0,13.0
26939,2.0,
15170,4.0,17.0
7125,0.0,1.0
16237,2.0,13.0
3000,2.0,21.0
38951,4.0,11.0
45389,2.0,13.0
16660,0.0,15.0
3402,6.0,16.0
44856,1.0,15.0
49368,2.0,9.0
46231,0.0,17.0
41551,5.0,16.0
23696,5.0,13.0
34601,0.0,2.0
35808,5.0,13.0
7668,4.0,22.0
19390,2.0,14.0
49615,3.0,17.0
4468,0.0,2.0
35865,2.0,18.0
24800,2.0,10.0
13299,5.0,13.0
4785,1.0,17.0
31763,2.0,20.0
33314,2.0,10.0
21468,3.0,18.0
6002,8.0,12.0
19151,3.0,17.0
49262,4.0,13.0
48712,2.0,16.0
11672,2.0,14.0
6383,3.0,15.0
47455,,7.0
31337,5.0,15.0
41694,0.0,1.0
16177,4.0,11.0
29298,3.0,18.0
32906,1.0,25.0
45179,2.0,15.0
42939,6.0,10.0
38155,4.0,12.0
40496,1.0,14.0
13045,3.0,9.0
18064,2.0,16.0
35048,3.0,17.0
40970,4.0,16.0
40403,3.0,19.0
36148,4.0,16.0
4027,2.0,20.0
14552,2.0,24.0
6052,2.0,9.0
13679,3.0,17.0
14134,1.0,9.0
23764,1.0,9.0
17669,5.0,11.0
46208,,15.0
12920,3.0,15.0
28912,6.0,18.0
16840,5.0,11.0
35234,0.0,5.0
11080,0.0,1.0
36050,2.0,13.0
14974,4.0,15.0
1121,1.0,21.0
17452,0.0,2.0
14724,0.0,12.0
40632,2.0,12.0
333,2.0,16.0
6777,,9.0
44907,7.0,17.0
12362,4.0,12.0
45164,3.0,10.0
5287,0.0,3.0
43653,5.0,17.0
48610,0.0,4.0
37139,2.0,7.0
5244,5.0,13.0
28831,5.0,15.0
30327,0.0,13.0
35738,2.0,15.0
34636,4.0,11.0
34014,10.0,13.0
28507,0.0,6.0
14162,5.0,19.0
392,3.0,16.0
9404,4.0,18.0
31709,2.0,19.0
32073,1.0,12.0
28805,2.0,16.0
863,2.0,18.0
13268,0.0,18.0
6182,0.0,2.0
46781,6.0,14.0
49869,5.0,12.0
41639,5.0,
42162,5.0,23.0
34598,5.0,12.0
44707,1.0,13.0
36990,3.0,16.0
41058,4.0,17.0
30984,4.0,14.0
49313,2.0,13.0
328,2.0,19.0
1599,2.0,12.0
46926,3.0,12.0
41718,5.0,8.0
14657,3.0,16.0
1997,4.0,16.0
12556,8.0,8.0
49666,5.0,16.0
38331,3.0,12.0
43,4.0,13.0
27711,0.0,2.0
4562,8.0,20.0
21747,3.0,14.0
36303,4.0,8.0
19963,0.0,17.0
43190,3.0,15.0
22811,0.0,
16953,4.0,18.0
36162,5.0,16.0
10093,2.0,21.0
335,2.0,7.0
10181,3.0,13.0
733,3.0,21.0
2499,2.0,8.0
3910,2.0,13.0
20642,2.0,18.0
16130,5.0,9.0
7261,,18.0
26321,8.0,14.0
11061,4.0,11.0
46209,2.0,19.0
17273,1.0,16.0
27513,0.0,18.0
14611,5.0,20.0
48100,2.0,16.0
47965,2.0,18.0
26637,0.0,10.0
11822,6.0,13.0
19121,3.0,14.0
15668,4.0,16.0
17491,3.0,17.0
42408,1.0,16.0
39516,5.0,12.0
11938,1.0,17.0
17348,2.0,15.0
16561,3.0,8.0
20664,4.0,13.0
46294,9.0,8.0
44862,4.0,10.0
23704,0.0,3.0
34130,4.0,12.0
42626,1.0,10.0
26097,4.0,16.0
3601,4.0,13.0
22566,1.0,
2218,3.0,8.0
39722,8.0,12.0
28285,4.0,19.0
26659,7.0,15.0
34414,4.0,10.0
20748,3.0,15.0
3548,1.0,12.0
15854,3.0,7.0
11949,2.0,13.0
4513,2.0,14.0
38416,6.0,15.0
22668,2.0,18.0
49120,3.0,12.0
49252,5.0,14.0
34017,0.0,2.0
24053,9.0,13.0
8575,0.0,5.0
3677,4.0,19.0
4750,5.0,11.0
46246,4.0,12.0
2776,5.0,17.0
29437,3.0,14.0
815,0.0,1.0
20811,4.0,
33833,3.0,14.0
14590,3.0,10.0
28076,4.0,10.0
19764,3.0,16.0
16822,6.0,18.0
7137,6.0,17.0
930,5.0,20.0
2389,5.0,10.0
12241,5.0,19.0
17520,4.0,21.0
11790,1.0,15.0
47067,3.0,17.0
11634,0.0,16.0
38326,0.0,2.0
39893,0.0,4.0
49927,4.0,19.0
26833,2.0,80.0
7012,1.0,23.0
34251,3.0,18.0
22795,3.0,20.0
49719,6.0,12.0
24326,5.0,17.0
34303,1.0,15.0
12288,0.0,16.0
23479,2.0,15.0
49591,0.0,3.0
37529,1.0,12.0
20024,3.0,13.0
36523,4.0,17.0
28874,3.0,16.0
2611,2.0,12.0
47533,4.0,18.0
11629,4.0,10.0
45037,5.0,13.0
7104,3.0,18.0
40975,5.0,15.0
19388,2.0,11.0
12493,1.0,8.0
17445,5.0,
48550,5.0,27.0
44772,3.0,13.0
9453,2.0,11.0
32515,3.0,12.0
44734,0.0,2.0
21176,6.0,15.0
24165,0.0,
38309,1.0,16.0
33573,0.0,0.0
28723,0.0,4.0
430,2.0,23.0
21814,,16.0
19315,3.0,11.0
22184,2.0,14.0
23370,2.0,9.0
5979,4.0,13.0
49286,5.0,19.0
37879,0.0,3.0
23123,1.0,9.0
22802,2.0,13.0
44522,2.0,16.0
9433,0.0,2.0
47221,3.0,12.0
36394,0.0,9.0
13793,3.0,12.0
23302,1.0,9.0
20100,4.0,13.0
13846,4.0,20.0
26564,0.0,4.0
47410,5.0,14.0
28889,2.0,13.0
46824,2.0,15.0
38236,0.0,3.0
23783,5.0,7.0
12144,3.0,12.0
13631,4.0,16.0
15712,4.0,10.0
34357,6.0,17.0
39194,2.0,
38811,0.0,16.0
20528,4.0,12.0
39530,5.0,10.0
35819,5.0,10.0
47920,3.0,9.0
32882,3.0,17.0
20358,5.0,15.0
33491,2.0,18.0
32460,1.0,18.0
7829,4.0,18.0
14349,1.0,19.0
27811,6.0,12.0
5643,0.0,2.0
38142,4.0,18.0
32290,4.0,11.0
14006,2.0,14.0
13869,3.0,18.0
20635,2.0,14.0
36209,3.0,16.0
39182,3.0,15.0
3951,5.0,17.0
37565,1.0,17.0
1103,0.0,4.0
24367,3.0,13.0
34123,1.0,12.0
42609,4.0,10.0
8625,0.0,3.0
18708,1.0,110.0
35983,,10.0
28162,1.0,10.0
42786,6.0,20.0
12962,4.0,19.0
13955,3.0,8.0
49032,3.0,13.0
46013,4.0,17.0
26125,1.0,14.0
8727,5.0,12.0
41808,3.0,13.0
8277,1.0,12.0
31248,0.0,3.0
28542,2.0,18.0
9452,3.0,19.0
38270,4.0,12.0
37096,0.0,3.0
18039,1.0,19.0
28168,7.0,16.0
47948,3.0,15.0
9079,8.0,10.0
2798,2.0,13.0
48659,8.0,17.0
22843,1.0,18.0
10019,2.0,11.0
5523,6.0,4.0
41105,5.0,90.0
29861,5.0,11.0
48453,5.0,14.0
16804,3.0,14.0
6711,0.0,2.0
6659,2.0,16.0
44498,7.0,20.0
31094,0.0,3.0
13980,3.0,17.0
41134,3.0,16.0
37635,7.0,10.0
41054,0.0,1.0
11070,1.0,16.0
2204,0.0,15.0
8792,1.0,16.0
48191,3.0,13.0
49,3.0,19.0
45060,4.0,8.0
13487,4.0,
20091,1.0,14.0
7004,1.0,19.0
39775,,21.0
516,6.0,11.0
35787,5.0,21.0
37777,0.0,20.0
6260,6.0,14.0
8323,5.0,15.0
23128,2.0,14.0
22747,1.0,20.0
38049,0.0,4.0
42540,0.0,6.0
26860,0.0,13.0
20416,3.0,16.0
37032,0.0,7.0
36543,4.0,17.0
27693,2.0,9.0
28923,4.0,21.0
31741,1.0,17.0
15782,0.0,3.0
3873,4.0,13.0
37303,2.0,7.0
8574,7.0,14.0
16957,6.0,13.0
29862,2.0,12.0
8190,6.0,13.0
36494,0.0,2.0
36395,3.0,16.0
27017,0.0,4.0
306,3.0,17.0
14598,2.0,18.0
6443,2.0,10.0
45028,2.0,11.0
16687,3.0,28.0
43062,5.0,14.0
34499,0.0,0.0
23421,3.0,110.0
7982,2.0,19.0
36236,2.0,12.0
44271,2.0,11.0
3241,1.0,11.0
23715,1.0,13.0
32526,4.0,17.0
42779,5.0,10.0
30611,1.0,17.0
30642,4.0,17.0
26818,6.0,9.0
27974,3.0,15.0
19755,1.0,24.0
40938,4.0,14.0
37571,3.0,13.0
15671,2.0,9.0
32385,1.0,13.0
42032,3.0,10.0
19018,5.0,11.0
39318,2.0,10.0
4107,7.0,23.0
19194,2.0,11.0
12743,0.0,3.0
4347,0.0,1.0
16449,4.0,17.0
48040,7.0,21.0
2598,2.0,17.0
1936,3.0,16.0
22755,,14.0
19995,6.0,17.0
18292,5.0,12.0
11457,0.0,14.0
34140,4.0,12.0
1415,3.0,19.0
12438,1.0,
1691,,16.0
6647,4.0,22.0
35106,3.0,19.0
29966,5.0,17.0
33181,4.0,23.0
345,1.0,24.0
34318,3.0,10.0
44321,1.0,14.0
30940,4.0,14.0
32454,0.0,16.0
26776,4.0,12.0
607,3.0,9.0
48326,5.0,6.0
28265,4.0,10.0
5513,2.0,12.0
47282,3.0,9.0
43267,2.0,14.0
15025,2.0,17.0
37643,3.0,13.0
36784,2.0,12.0
32124,3.0,12.0
29442,6.0,13.0
43568,8.0,15.0
38401,2.0,19.0
16353,3.0,4.0
9816,6.0,11.0
36854,5.0,9.0
26871,6.0,14.0
15963,3.0,16.0
44868,4.0,13.0
49280,7.0,14.0
29214,2.0,17.0
20035,3.0,16.0
27701,4.0,8.0
4590,8.0,14.0
2781,5.0,7.0
39808,2.0,15.0
6083,3.0,15.0
21106,1.0,13.0
40167,2.0,15.0
17686,2.0,9.0
14568,2.0,16.0
26921,2.0,7.0
23036,2.0,12.0
27527,4.0,17.0
24946,6.0,15.0
22032,3.0,8.0
48305,2.0,14.0
35568,2.0,10.0
22019,0.0,9.0
22113,2.0,18.0
43563,1.0,14.0
48598,0.0,2.0
5679,2.0,15.0
35533,1.0,18.0
38009,4.0,14.0
11753,4.0,15.0
4919,4.0,17.0
9474,4.0,19.0
12466,0.0,1.0
41182,5.0,14.0
34053,4.0,
27637,6.0,9.0
36122,2.0,18.0
36297,3.0,10.0
41881,2.0,14.0
27274,3.0,14.0
22506,4.0,14.0
5633,3.0,9.0
42456,5.0,16.0
18377,1.0,12.0
41360,5.0,17.0
22364,6.0,10.0
39992,,
9867,0.0,6.0
11288,5.0,18.0
18763,3.0,13.0
26875,3.0,12.0
44845,6.0,13.0
44720,6.0,10.0
14181,3.0,14.0
49718,4.0,11.0
32962,1.0,17.0
22875,5.0,15.0
19342,4.0,13.0
28150,0.0,1.0
33145,1.0,16.0
9929,3.0,19.0
34941,4.0,19.0
49324,3.0,12.0
47383,4.0,20.0
7370,2.0,9.0
31012,4.0,18.0
25262,4.0,
32038,1.0,10.0
9857,0.0,1.0
36329,3.0,13.0
16694,5.0,16.0
7174,8.0,10.0
28861,0.0,2.0
21180,6.0,16.0
24453,3.0,13.0
3322,2.0,
9425,1.0,14.0
14874,0.0,2.0
1431,0.0,2.0
16302,4.0,5.0
9730,5.0,16.0
4681,0.0,
11878,2.0,12.0
2532,1.0,18.0
7369,0.0,2.0
22155,1.0,10.0
39471,5.0,11.0
24937,2.0,11.0
3305,6.0,14.0
33533,5.0,11.0
20441,3.0,13.0
3702,0.0,5.0
26689,1.0,16.0
35666,2.0,10.0
41742,,12.0
6483,3.0,17.0
20978,3.0,5.0
4859,0.0,12.0
43346,8.0,10.0
29652,0.0,8.0
7072,1.0,11.0
45961,3.0,16.0
11415,5.0,10.0
17383,2.0,19.0
48986,7.0,13.0
3065,5.0,19.0
3734,4.0,15.0
31819,0.0,2.0
49956,2.0,8.0
4120,3.0,20.0
40719,3.0,16.0
38643,5.0,14.0
1876,1.0,17.0
14261,3.0,9.0
17055,6.0,10.0
32924,3.0,17.0
37164,3.0,14.0
1379,4.0,16.0
48653,4.0,12.0
5983,2.0,9.0
46702,5.0,12.0
20674,2.0,13.0
13146,3.0,12.0
23467,2.0,15.0
13926,3.0,12.0
16940,1.0,16.0
29367,6.0,10.0
35517,4.0,16.0
28118,7.0,16.0
40836,2.0,
33910,0.0,4.0
33620,4.0,13.0
45384,5.0,14.0
44881,2.0,19.0
49409,0.0,3.0
45422,4.0,10.0
29660,3.0,8.0
25586,4.0,10.0
27335,4.0,25.0
21251,4.0,17.0
24344,4.0,11.0
17030,4.0,12.0
22463,5.0,9.0
33078,2.0,13.0
11910,3.0,5.0
39122,1.0,15.0
17398,2.0,9.0
1036,4.0,6.0
13770,2.0,17.0
28307,3.0,11.0
15491,7.0,20.0
19305,1.0,13.0
37586,6.0,12.0
43617,4.0,11.0
38069,3.0,6.0
14121,,13.0
14166,4.0,12.0
43278,2.0,10.0
28166,6.0,16.0
22589,1.0,18.0
10883,3.0,13.0
2634,4.0,15.0
47981,0.0,1.0
10476,4.0,14.0
46645,1.0,17.0
30734,4.0,17.0
18341,0.0,2.0
33038,0.0,2.0
7008,3.0,18.0
3723,2.0,16.0
37442,5.0,12.0
41165,3.0,14.0
4738,0.0,10.0
29224,0.0,18.0
6426,2.0,
36880,2.0,13.0
28629,5.0,12.0
46694,1.0,17.0
8168,6.0,13.0
46283,4.0,10.0
2904,2.0,11.0
6867,1.0,10.0
49138,0.0,4.0
40200,3.0,16.0
39212,4.0,14.0
40459,4.0,14.0
12079,2.0,15.0
17474,3.0,13.0
15208,0.0,30.0
3986,4.0,13.0
9390,4.0,17.0
39128,4.0,19.0
49541,1.0,18.0
41902,5.0,13.0
32816,4.0,9.0
2118,0.0,1.0
45129,,8.0
20522,1.0,9.0
5438,4.0,14.0
31836,0.0,12.0
43418,7.0,23.0
33400,0.0,2.0
123,3.0,18.0
29251,1.0,14.0
33601,2.0,16.0
25009,2.0,15.0
18657,2.0,14.0
42512,3.0,16.0
29621,0.0,12.0
19264,1.0,12.0
22286,0.0,1.0
15773,5.0,17.0
36282,1.0,18.0
25453,2.0,11.0
23242,5.0,11.0
37205,4.0,7.0
23269,0.0,15.0
12975,2.0,13.0
46552,5.0,15.0
29820,4.0,13.0
23348,2.0,14.0
33648,3.0,13.0
49291,0.0,1.0
44322,1.0,13.0
4132,,4.0
6344,1.0,20.0
587,3.0,13.0
21175,,15.0
443,5.0,11.0
26998,2.0,11.0
34385,6.0,8.0
42065,3.0,14.0
15066,3.0,13.0
31218,2.0,11.0
27250,3.0,17.0
13189,1.0,18.0
43219,6.0,110.0
7353,4.0,18.0
26314,0.0,1.0
11911,2.0,10.0
47089,3.0,13.0
46937,2.0,20.0
12838,2.0,12.0
30258,3.0,
1480,8.0,19.0
31575,3.0,16.0
22644,1.0,11.0
14959,3.0,15.0
1652,7.0,11.0
2900,4.0,13.0
31363,5.0,15.0
31441,2.0,11.0
14109,,13.0
23480,1.0,15.0
21885,4.0,
11291,3.0,16.0
38375,,11.0
47996,4.0,13.0
47719,3.0,17.0
22455,2.0,22.0
10303,1.0,13.0
37794,0.0,5.0
32315,4.0,11.0
15174,1.0,12.0
9564,4.0,15.0
6652,3.0,9.0
22660,,10.0
25354,4.0,14.0
39310,8.0,17.0
48739,4.0,15.0
14748,0.0,5.0
44553,4.0,9.0
2337,2.0,22.0
46749,5.0,11.0
5985,2.0,16.0
24583,3.0,13.0
6571,7.0,15.0
30182,0.0,1.0
4507,2.0,
31084,2.0,12.0
39520,2.0,10.0
24510,3.0,16.0
34904,4.0,
2087,6.0,16.0
23566,5.0,16.0
19767,,13.0
26845,0.0,6.0
16508,7.0,16.0
39170,3.0,17.0
27201,4.0,9.0
28926,4.0,13.0
43637,4.0,14.0
16937,4.0,14.0
35976,0.0,0.0
13695,1.0,13.0
2907,3.0,15.0
37614,6.0,8.0
19295,4.0,19.0
44843,2.0,11.0
10401,3.0,12.0
12617,5.0,10.0
38317,4.0,13.0
45052,3.0,16.0
42659,4.0,9.0
42668,0.0,4.0
46249,3.0,18.0
23002,0.0,1.0
4844,,13.0
49321,4.0,17.0
44244,3.0,12.0
35997,3.0,14.0
32751,4.0,16.0
34200,1.0,15.0
25893,3.0,11.0
26196,0.0,5.0
37054,2.0,13.0
6701,8.0,21.0
49889,,2.0
21198,2.0,16.0
28226,3.0,9.0
1124,3.0,16.0
37233,0.0,1.0
37805,3.0,11.0
28680,2.0,17.0
32722,,90.0
32087,0.0,1.0
46365,1.0,16.0
17149,4.0,19.0
28722,3.0,14.0
18826,3.0,10.0
13413,5.0,5.0
22919,4.0,17.0
21296,0.0,3.0
33207,2.0,15.0
47489,9.0,7.0
35579,1.0,20.0
41446,5.0,17.0
1844,6.0,21.0
45263,,18.0
42135,5.0,11.0
31086,4.0,11.0
31960,3.0,11.0
15146,0.0,8.0
21465,4.0,10.0
6041,6.0,14.0
17593,1.0,11.0
4357,3.0,20.0
32052,1.0,18.0
46347,,19.0
9994,0.0,15.0
21484,4.0,13.0
3453,5.0,16.0
16258,3.0,
10718,2.0,23.0
43791,0.0,1.0
11683,8.0,
15995,4.0,16.0
37656,4.0,11.0
37409,4.0,15.0
47182,2.0,10.0
13706,3.0,12.0
27061,1.0,
11941,4.0,10.0
29017,1.0,19.0
7674,2.0,9.0
13217,0.0,3.0
35167,3.0,12.0
13722,5.0,17.0
22112,2.0,17.0
6614,1.0,11.0
15210,2.0,11.0
17946,6.0,16.0
15675,0.0,1.0
3328,1.0,12.0
31122,5.0,15.0
39035,4.0,18.0
49254,0.0,4.0
36352,5.0,16.0
30798,6.0,16.0
26681,6.0,13.0
14809,1.0,18.0
17469,5.0,18.0
32581,1.0,15.0
44835,8.0,11.0
44713,6.0,10.0
25924,2.0,9.0
47269,,18.0
26310,2.0,16.0
49380,3.0,9.0
25789,1.0,16.0
22255,1.0,12.0
18135,1.0,7.0
31921,6.0,12.0
39931,3.0,13.0
31810,4.0,17.0
19825,1.0,16.0
20480,2.0,15.0
37448,3.0,12.0
42551,5.0,9.0
7821,4.0,16.0
43049,0.0,2.0
15727,7.0,13.0
9271,2.0,14.0
6001,0.0,1.0
17780,2.0,20.0
43454,1.0,14.0
9908,2.0,12.0
30580,2.0,14.0
39956,1.0,11.0
16999,6.0,17.0
13388,3.0,17.0
25504,1.0,14.0
13845,2.0,14.0
46690,3.0,9.0
26132,5.0,11.0
42615,0.0,5.0
49394,2.0,19.0
41866,6.0,14.0
1501,4.0,20.0
34767,4.0,14.0
907,3.0,11.0
16543,5.0,23.0
18233,5.0,10.0
24941,5.0,14.0
5187,0.0,4.0
48221,2.0,20.0
14502,3.0,19.0
18304,0.0,8.0
14288,7.0,
6884,3.0,17.0
37523,6.0,17.0
48030,5.0,18.0
30416,7.0,12.0
40669,0.0,8.0
10666,2.0,
8357,2.0,19.0
31242,3.0,14.0
49225,3.0,15.0
22009,5.0,8.0
27014,2.0,19.0
24517,4.0,12.0
781,1.0,17.0
17336,5.0,7.0
7248,0.0,4.0
37528,2.0,12.0
16368,3.0,12.0
36447,1.0,11.0
12605,0.0,11.0
10352,,5.0
19957,3.0,13.0
35838,4.0,11.0
16958,5.0,14.0
39509,4.0,13.0
42580,0.0,1.0
16369,7.0,10.0
16171,1.0,14.0
44445,3.0,19.0
11313,1.0,19.0
33614,0.0,18.0
48526,8.0,18.0
41194,5.0,15.0
17649,3.0,12.0
28083,1.0,16.0
19517,0.0,10.0
26441,1.0,20.0
15243,3.0,11.0
13475,1.0,10.0
17579,5.0,17.0
9108,3.0,10.0
19414,0.0,13.0
14529,8.0,11.0
5602,4.0,9.0
41703,3.0,15.0
30115,5.0,14.0
17854,6.0,16.0
20402,3.0,18.0
13094,3.0,9.0
16510,1.0,15.0
17751,1.0,16.0
32727,3.0,8.0
15262,1.0,14.0
31493,6.0,26.0
32383,4.0,6.0
44309,0.0,13.0
46168,4.0,14.0
31871,7.0,17.0
44082,3.0,17.0
29686,2.0,24.0
23047,2.0,12.0
4647,0.0,5.0
40935,,13.0
2684,2.0,17.0
42461,3.0,7.0
23956,2.0,16.0
11336,2.0,20.0
37761,4.0,14.0
846,4.0,14.0
1479,4.0,14.0
10617,3.0,19.0
8633,5.0,
5283,2.0,12.0
30871,1.0,11.0
29880,4.0,21.0
20634,1.0,9.0
9600,0.0,2.0
15504,0.0,8.0
26468,3.0,15.0
46888,3.0,8.0
43100,4.0,17.0
1861,5.0,13.0
28675,0.0,1.0
9228,4.0,12.0
26318,1.0,13.0
33815,4.0,14.0
18979,3.0,15.0
40767,1.0,15.0
41056,1.0,17.0
6354,2.0,20.0
24995,0.0,1.0
26003,7.0,11.0
21059,6.0,11.0
47877,5.0,10.0
1014,4.0,11.0
417,2.0,16.0
6610,4.0,16.0
11772,0.0,0.0
37023,4.0,10.0
17796,4.0,12.0
36018,3.0,17.0
6366,1.0,15.0
24586,4.0,18.0
22031,6.0,13.0
17849,5.0,7.0
45827,0.0,2.0
15816,4.0,6.0
45189,3.0,13.0
16877,5.0,15.0
1321,3.0,18.0
267,1.0,14.0
21313,5.0,9.0
25855,4.0,9.0
1224,3.0,16.0
33673,3.0,14.0
29768,6.0,22.0
27979,3.0,
5611,4.0,17.0
882,7.0,13.0
26417,6.0,16.0
29135,2.0,19.0
956,3.0,16.0
4644,3.0,14.0
41618,4.0,17.0
6969,3.0,21.0
37398,2.0,11.0
17197,3.0,18.0
30664,2.0,14.0
33067,1.0,16.0
42743,2.0,8.0
24851,1.0,17.0
43964,3.0,13.0
30346,1.0,25.0
29080,3.0,8.0
38626,4.0,12.0
40181,5.0,5.0
46761,1.0,10.0
35802,4.0,13.0
19022,2.0,14.0
49061,5.0,15.0
45789,5.0,10.0
17011,0.0,12.0
14087,5.0,17.0
25645,2.0,18.0
4335,3.0,8.0
26985,4.0,10.0
39704,3.0,16.0
38231,3.0,12.0
16242,4.0,17.0
1128,2.0,11.0
17455,0.0,11.0
4291,1.0,10.0
19487,3.0,16.0
34113,1.0,8.0
12086,2.0,13.0
10722,3.0,14.0
3095,4.0,12.0
40697,4.0,12.0
49933,1.0,10.0
32861,4.0,16.0
26282,,12.0
16683,1.0,17.0
39457,5.0,10.0
23780,5.0,15.0
49966,3.0,8.0
884,3.0,8.0
26912,2.0,11.0
17582,1.0,20.0
30769,1.0,12.0
23441,4.0,17.0
37402,0.0,26.0
19774,7.0,13.0
47552,1.0,7.0
30528,2.0,14.0
17470,4.0,9.0
20776,4.0,16.0
19133,6.0,18.0
14653,6.0,8.0
5551,1.0,15.0
20680,3.0,20.0
15481,5.0,12.0
4,0.0,3.0
4615,1.0,18.0
24306,5.0,23.0
2822,5.0,11.0
8756,2.0,18.0
11537,1.0,12.0
27888,2.0,16.0
20932,4.0,
39167,0.0,3.0
26729,5.0,18.0
26690,0.0,3.0
43212,4.0,13.0
24380,1.0,15.0
31799,5.0,18.0
11084,4.0,20.0
21874,5.0,20.0
36287,6.0,13.0
9493,0.0,6.0
18544,2.0,10.0
29759,3.0,10.0
20770,0.0,2.0
31948,1.0,17.0
21682,5.0,11.0
48779,4.0,11.0
4294,4.0,14.0
5799,8.0,11.0
1818,2.0,8.0
28015,4.0,17.0
34160,4.0,9.0
46983,0.0,18.0
30321,2.0,18.0
44763,0.0,3.0
22787,0.0,2.0
30271,6.0,25.0
10097,,15.0
39766,0.0,3.0
28830,4.0,16.0
6060,6.0,12.0
14701,4.0,13.0
39719,6.0,18.0
26748,1.0,8.0
7366,4.0,12.0
9288,4.0,22.0
10763,2.0,
47833,3.0,11.0
20538,8.0,14.0
25422,6.0,9.0
11627,5.0,14.0
32090,3.0,11.0
6058,4.0,15.0
27485,3.0,10.0
14427,5.0,15.0
12717,3.0,13.0
3520,3.0,16.0
27149,3.0,18.0
37796,1.0,14.0
19721,1.0,
14414,4.0,15.0
25126,3.0,11.0
36445,1.0,17.0
11853,2.0,15.0
30790,0.0,10.0
23157,0.0,10.0
22438,1.0,13.0
11267,3.0,21.0
43324,5.0,19.0
46201,1.0,13.0
37617,6.0,16.0
42618,3.0,14.0
8187,5.0,13.0
31593,4.0,12.0
23151,4.0,18.0
16394,1.0,19.0
32539,2.0,10.0
28991,1.0,6.0
31220,1.0,8.0
34615,0.0,3.0
32206,5.0,13.0
6947,0.0,4.0
5504,1.0,11.0
39368,2.0,12.0
20831,4.0,14.0
26110,1.0,10.0
28650,3.0,18.0
30987,0.0,2.0
35831,0.0,3.0
39127,3.0,15.0
10416,3.0,12.0
46960,0.0,12.0
8143,3.0,15.0
44285,5.0,16.0
13812,5.0,13.0
37954,4.0,11.0
6437,2.0,12.0
17224,3.0,16.0
25072,4.0,15.0
8228,3.0,12.0
26578,3.0,20.0
47677,3.0,
34464,1.0,17.0
8072,5.0,14.0
3320,3.0,12.0
44421,7.0,10.0
44422,7.0,15.0
21607,0.0,21.0
3250,4.0,10.0
36326,0.0,10.0
44058,5.0,9.0
25648,4.0,17.0
43862,0.0,17.0
22475,1.0,18.0
2242,2.0,11.0
34632,4.0,11.0
27131,6.0,17.0
31883,5.0,12.0
17356,2.0,23.0
2860,1.0,15.0
26857,1.0,15.0
24478,4.0,12.0
21147,10.0,14.0
21089,4.0,11.0
35776,6.0,11.0
12199,2.0,11.0
34506,3.0,12.0
18112,3.0,16.0
32112,5.0,17.0
27088,5.0,18.0
32051,6.0,12.0
38636,3.0,11.0
35727,2.0,13.0
34646,6.0,12.0
14386,2.0,13.0
12966,1.0,18.0
42828,2.0,19.0
33698,2.0,14.0
12434,2.0,10.0
3174,3.0,6.0
31384,1.0,16.0
10689,2.0,11.0
39430,3.0,25.0
35295,7.0,7.0
21595,0.0,16.0
30288,1.0,14.0
23649,0.0,2.0
11021,5.0,14.0
44446,5.0,9.0
29987,0.0,4.0
54,3.0,13.0
20701,0.0,4.0
43361,0.0,2.0
49450,4.0,19.0
35881,4.0,12.0
26982,1.0,4.0
4103,3.0,12.0
32037,5.0,17.0
26603,2.0,13.0
40138,2.0,16.0
36167,5.0,9.0
2530,6.0,8.0
18424,5.0,17.0
22056,4.0,13.0
15413,4.0,12.0
45204,3.0,9.0
43398,3.0,9.0
2136,7.0,16.0
31660,0.0,9.0
19339,4.0,18.0
29711,2.0,15.0
33142,4.0,16.0
38081,1.0,13.0
8856,3.0,15.0
48028,2.0,9.0
7720,4.0,10.0
42040,2.0,15.0
698,2.0,17.0
20941,5.0,19.0
38084,7.0,11.0
26646,2.0,12.0
41749,2.0,15.0
143,5.0,8.0
13599,5.0,16.0
43574,2.0,15.0
40721,3.0,19.0
2770,4.0,12.0
35982,4.0,10.0
29649,3.0,12.0
40247,4.0,18.0
43424,5.0,17.0
32390,0.0,4.0
1944,2.0,17.0
38396,0.0,9.0
40013,0.0,1.0
14044,0.0,4.0
33150,6.0,8.0
42281,4.0,15.0
27313,4.0,12.0
15857,2.0,14.0
42055,1.0,14.0
49063,0.0,2.0
41225,2.0,18.0
3972,1.0,12.0
13039,3.0,16.0
43792,3.0,12.0
34359,4.0,11.0
8899,4.0,11.0
12518,5.0,10.0
20075,1.0,14.0
29712,4.0,9.0
12496,5.0,17.0
16644,0.0,10.0
20838,3.0,15.0
606,5.0,11.0
36579,2.0,18.0
42639,4.0,5.0
3916,5.0,17.0
1064,1.0,9.0
38384,4.0,14.0
19839,4.0,15.0
10419,1.0,12.0
30336,4.0,14.0
22440,3.0,13.0
599,4.0,9.0
29978,3.0,7.0
39913,5.0,14.0
48868,4.0,18.0
7777,7.0,14.0
27045,8.0,16.0
5013,3.0,8.0
27978,3.0,20.0
47320,2.0,16.0
38298,0.0,14.0
5025,2.0,
32170,5.0,13.0
15976,4.0,17.0
7171,1.0,16.0
21486,3.0,10.0
23675,4.0,13.0
22210,4.0,16.0
8954,3.0,13.0
2019,4.0,16.0
17494,1.0,10.0
13463,3.0,11.0
33048,7.0,10.0
10633,2.0,6.0
41906,4.0,18.0
13744,3.0,20.0
2323,,17.0
40039,2.0,13.0
37241,4.0,16.0
39612,4.0,14.0
33649,6.0,13.0
30802,2.0,11.0
43156,1.0,16.0
44111,8.0,
15365,,16.0
48132,3.0,10.0
38488,4.0,15.0
24526,6.0,13.0
46082,5.0,16.0
34901,3.0,13.0
27957,3.0,16.0
48890,4.0,15.0
45170,5.0,9.0
14192,5.0,16.0
26382,7.0,
45090,0.0,2.0
19050,2.0,9.0
10923,0.0,4.0
23212,6.0,16.0
28636,3.0,10.0
7232,3.0,19.0
4858,6.0,13.0
37790,1.0,11.0
32760,5.0,16.0
40688,3.0,5.0
37999,2.0,20.0
33460,6.0,11.0
2960,4.0,20.0
37283,5.0,13.0
20094,0.0,5.0
32295,2.0,
38363,1.0,13.0
14469,,13.0
32598,3.0,22.0
38735,1.0,19.0
13587,5.0,18.0
12578,0.0,4.0
11698,,20.0
19987,3.0,9.0
6695,,60.0
25465,2.0,16.0
20650,4.0,15.0
9668,2.0,18.0
12636,5.0,11.0
8398,7.0,10.0
1119,11.0,21.0
22229,,15.0
27950,1.0,21.0
39181,,23.0
44788,4.0,12.0
48856,5.0,14.0
22164,5.0,15.0
13961,5.0,13.0
3772,2.0,10.0
3680,5.0,11.0
40906,3.0,9.0
20400,2.0,14.0
37325,1.0,11.0
11437,2.0,12.0
40442,7.0,
49643,3.0,22.0
4522,5.0,9.0
30988,2.0,11.0
21507,1.0,16.0
13328,,14.0
21868,2.0,10.0
38070,1.0,13.0
38882,0.0,13.0
18999,1.0,13.0
35124,0.0,3.0
6725,4.0,16.0
46421,2.0,11.0
36893,5.0,15.0
19112,4.0,18.0
2838,4.0,12.0
6510,4.0,12.0
45161,3.0,8.0
8280,5.0,20.0
27631,8.0,11.0
39986,1.0,13.0
20561,1.0,18.0
23200,5.0,10.0
39366,2.0,20.0
45621,4.0,15.0
35907,3.0,14.0
48650,,15.0
1715,1.0,22.0
43625,1.0,17.0
14380,3.0,14.0
41380,5.0,13.0
25288,0.0,3.0
24054,2.0,13.0
7113,4.0,16.0
26162,3.0,14.0
14995,3.0,4.0
9500,0.0,2.0
29292,3.0,15.0
43392,5.0,16.0
34790,4.0,
17277,3.0,
18901,5.0,16.0
12239,4.0,13.0
31830,2.0,15.0
34075,9.0,13.0
32919,2.0,8.0
11797,2.0,15.0
17464,0.0,4.0
47608,5.0,15.0
19807,3.0,18.0
24936,2.0,11.0
8650,2.0,13.0
6146,1.0,15.0
12104,2.0,8.0
10928,3.0,19.0
32492,4.0,18.0
43904,1.0,14.0
44316,3.0,12.0
34031,3.0,8.0
40028,0.0,2.0
12461,4.0,13.0
5810,3.0,14.0
471,2.0,6.0
19700,4.0,10.0
45499,3.0,24.0
38433,2.0,16.0
41323,6.0,18.0
44639,3.0,10.0
47350,4.0,8.0
2874,0.0,15.0
10434,4.0,11.0
30777,2.0,19.0
28032,3.0,14.0
19933,1.0,10.0
29672,2.0,10.0
43935,2.0,10.0
41394,3.0,16.0
15226,2.0,15.0
31367,2.0,15.0
34863,4.0,16.0
30501,6.0,17.0
24130,,14.0
16909,2.0,19.0
18885,,10.0
39678,4.0,20.0
34553,1.0,17.0
469,7.0,16.0
4197,2.0,16.0
21067,2.0,16.0
4671,1.0,17.0
16271,3.0,9.0
39094,1.0,17.0
18300,0.0,1.0
48752,4.0,16.0
16314,5.0,13.0
40761,2.0,17.0
22125,2.0,14.0
11479,2.0,11.0
21115,0.0,1.0
9488,0.0,16.0
3422,4.0,15.0
34981,1.0,15.0
23307,2.0,13.0
3131,1.0,14.0
34948,,10.0
5183,0.0,1.0
2599,0.0,13.0
25302,4.0,12.0
19210,3.0,14.0
8941,4.0,17.0
29512,1.0,18.0
8247,3.0,10.0
47008,2.0,13.0
46547,4.0,14.0
31499,5.0,19.0
8555,3.0,7.0
43311,4.0,11.0
38883,0.0,23.0
23896,5.0,14.0
17501,,15.0
31937,3.0,
37088,2.0,19.0
32351,5.0,19.0
26710,2.0,18.0
26640,5.0,11.0
35036,3.0,10.0
3927,6.0,14.0
28060,1.0,13.0
43273,6.0,14.0
45386,3.0,13.0
23253,4.0,8.0
24627,4.0,18.0
31472,0.0,0.0
43417,2.0,13.0
17357,2.0,17.0
47104,3.0,12.0
18645,1.0,15.0
13000,2.0,16.0
23450,1.0,16.0
49088,3.0,17.0
6664,3.0,19.0
34366,1.0,22.0
18012,2.0,18.0
37769,0.0,3.0
18759,,11.0
4972,4.0,
32817,1.0,17.0
46981,4.0,11.0
25882,5.0,13.0
34467,1.0,15.0
44869,1.0,19.0
48893,2.0,16.0
38420,1.0,25.0
4445,2.0,11.0
5251,1.0,13.0
19820,,13.0
49900,2.0,
2722,0.0,4.0
28698,7.0,17.0
6724,0.0,3.0
36393,3.0,9.0
22716,2.0,21.0
12945,7.0,15.0
8386,5.0,13.0
47583,5.0,15.0
47746,3.0,14.0
41849,9.0,9.0
49158,2.0,16.0
7418,5.0,15.0
19267,2.0,10.0
24491,2.0,14.0
7289,2.0,14.0
15735,4.0,8.0
2519,3.0,6.0
30921,2.0,23.0
35031,4.0,13.0
10294,2.0,15.0
38157,2.0,13.0
22628,2.0,12.0
36134,0.0,15.0
32084,4.0,11.0
26922,2.0,15.0
42367,0.0,14.0
47425,3.0,16.0
35210,0.0,1.0
2804,1.0,18.0
16341,8.0,17.0
25816,4.0,15.0
41066,4.0,
10677,5.0,20.0
37679,2.0,13.0
1015,4.0,15.0
6439,3.0,14.0
40144,3.0,17.0
49512,6.0,
37485,2.0,17.0
47314,4.0,16.0
48053,2.0,19.0
20767,4.0,9.0
38646,3.0,13.0
11511,0.0,4.0
32950,3.0,12.0
44526,4.0,17.0
45989,5.0,17.0
27507,1.0,14.0
11433,5.0,16.0
31157,,13.0
35145,0.0,16.0
14560,,9.0
21864,6.0,16.0
43274,2.0,20.0
34644,4.0,19.0
14083,3.0,23.0
31994,2.0,10.0
6187,1.0,14.0
42523,5.0,17.0
46471,7.0,10.0
17646,2.0,12.0
23219,0.0,4.0
38283,2.0,18.0
2703,6.0,11.0
30692,2.0,19.0
12729,3.0,16.0
388,3.0,16.0
24734,6.0,
4829,1.0,15.0
13933,5.0,14.0
20233,4.0,16.0
35971,2.0,17.0
24813,0.0,3.0
35227,0.0,
11155,1.0,12.0
38300,5.0,16.0
26975,4.0,16.0
47662,8.0,12.0
33295,3.0,14.0
37050,4.0,19.0
37509,6.0,16.0
1422,0.0,12.0
34854,4.0,10.0
37062,1.0,10.0
22540,5.0,15.0
19344,3.0,12.0
15743,2.0,15.0
25503,1.0,11.0
45138,0.0,3.0
18428,0.0,5.0
25951,5.0,14.0
14808,,13.0
42516,2.0,15.0
31607,2.0,16.0
21232,0.0,4.0
34920,5.0,10.0
45041,3.0,13.0
6655,2.0,11.0
34042,5.0,10.0
30477,7.0,15.0
83,4.0,12.0
39646,3.0,12.0
23437,,11.0
22689,4.0,17.0
45929,3.0,12.0
1400,3.0,13.0
23112,4.0,110.0
7746,5.0,9.0
22172,1.0,14.0
32034,3.0,8.0
31405,4.0,14.0
35297,2.0,11.0
3515,2.0,20.0
29197,3.0,11.0
46540,6.0,21.0
39784,2.0,19.0
626,2.0,8.0
11170,3.0,13.0
26582,2.0,19.0
16067,3.0,10.0
43172,1.0,11.0
39546,3.0,12.0
35717,4.0,11.0
48439,0.0,7.0
2140,2.0,13.0
32916,6.0,11.0
49419,2.0,9.0
26026,5.0,11.0
8712,1.0,21.0
31773,7.0,19.0
47924,0.0,6.0
212,4.0,19.0
25838,2.0,14.0
15376,5.0,16.0
23196,1.0,5.0
3136,0.0,1.0
15123,7.0,10.0
46083,2.0,17.0
19009,,10.0
16646,2.0,20.0
36542,6.0,14.0
17405,3.0,8.0
47093,4.0,9.0
32040,3.0,13.0
47151,3.0,13.0
35704,4.0,13.0
24261,5.0,8.0
20373,3.0,11.0
22156,3.0,14.0
18254,3.0,18.0
14945,1.0,16.0
10687,1.0,
33742,2.0,8.0
34312,2.0,16.0
19642,3.0,13.0
17775,7.0,11.0
15134,4.0,17.0
708,6.0,10.0
27999,1.0,15.0
26705,5.0,19.0
13266,6.0,15.0
16136,0.0,17.0
15532,0.0,3.0
46614,4.0,17.0
2740,2.0,9.0
19692,1.0,8.0
47899,2.0,12.0
42766,1.0,13.0
15636,1.0,10.0
33512,2.0,14.0
18787,6.0,16.0
47404,3.0,17.0
18624,3.0,13.0
32431,4.0,10.0
13943,,10.0
28631,5.0,11.0
7591,3.0,19.0
39277,1.0,13.0
49513,0.0,3.0
19126,6.0,
43137,0.0,2.0
11824,5.0,13.0
2638,4.0,15.0
19183,3.0,15.0
48416,2.0,14.0
40476,2.0,13.0
8904,7.0,17.0
32554,3.0,13.0
15941,4.0,14.0
40884,3.0,16.0
2380,3.0,16.0
23624,0.0,3.0
9821,4.0,16.0
15363,4.0,13.0
47646,4.0,13.0
1852,3.0,10.0
39698,,12.0
44221,3.0,15.0
42120,3.0,16.0
22016,3.0,10.0
24159,3.0,14.0
43719,1.0,16.0
7105,3.0,16.0
4481,3.0,14.0
18232,5.0,17.0
28141,0.0,2.0
45565,3.0,13.0
15357,2.0,24.0
14641,7.0,16.0
14706,0.0,15.0
25371,4.0,11.0
20577,3.0,18.0
43499,4.0,7.0
33385,5.0,9.0
38822,1.0,14.0
49171,2.0,4.0
11417,10.0,13.0
30622,4.0,17.0
39095,6.0,17.0
44864,1.0,13.0
24610,,14.0
39340,3.0,17.0
39664,4.0,15.0
9455,3.0,9.0
19601,3.0,
31097,3.0,11.0
45575,0.0,20.0
25238,4.0,15.0
23708,6.0,10.0
35749,0.0,4.0
42936,3.0,18.0
40152,1.0,11.0
43520,2.0,14.0
14777,4.0,15.0
25829,3.0,17.0
5648,2.0,12.0
30400,1.0,16.0
49406,0.0,2.0
14538,4.0,19.0
40151,2.0,10.0
22538,2.0,16.0
36623,6.0,11.0
8207,4.0,13.0
13902,2.0,11.0
5840,4.0,16.0
24155,2.0,13.0
4823,3.0,14.0
7828,4.0,14.0
26296,2.0,15.0
6598,5.0,12.0
24735,2.0,9.0
43967,4.0,15.0
31659,6.0,16.0
43356,1.0,15.0
16439,2.0,16.0
33012,2.0,15.0
35405,5.0,18.0
5827,5.0,16.0
11264,2.0,12.0
7356,3.0,21.0
1859,5.0,18.0
1024,2.0,15.0
8913,1.0,15.0
18840,4.0,12.0
23132,2.0,13.0
49670,5.0,12.0
6621,2.0,15.0
24587,1.0,16.0
39603,4.0,11.0
20399,0.0,16.0
48304,2.0,10.0
22617,1.0,7.0
16545,5.0,21.0
36631,3.0,18.0
39247,2.0,17.0
49926,0.0,3.0
5468,2.0,14.0
31291,,11.0
46331,3.0,100.0
8765,2.0,16.0
30506,3.0,14.0
29104,0.0,4.0
3977,2.0,8.0
43756,0.0,4.0
4547,0.0,13.0
19312,0.0,16.0
17203,2.0,19.0
45248,4.0,12.0
46870,3.0,11.0
30875,4.0,19.0
34555,2.0,
19265,3.0,
34979,8.0,11.0
18393,1.0,21.0
46959,1.0,11.0
24623,3.0,14.0
7329,1.0,10.0
31279,,16.0
45738,2.0,18.0
13374,3.0,17.0
2061,0.0,8.0
34871,6.0,12.0
22494,0.0,2.0
46269,5.0,15.0
48341,4.0,15.0
46341,8.0,11.0
16253,7.0,9.0
7138,3.0,19.0
30637,3.0,14.0
4534,3.0,14.0
13917,5.0,11.0
46350,1.0,11.0
25847,5.0,18.0
854,5.0,16.0
13505,3.0,11.0
36299,2.0,16.0
3439,3.0,
26399,0.0,13.0
31864,1.0,22.0
7589,3.0,10.0
18697,0.0,16.0
32011,5.0,14.0
18279,5.0,12.0
20337,3.0,14.0
15835,1.0,15.0
30229,,17.0
31182,,11.0
825,0.0,1.0
27035,3.0,18.0
37504,3.0,15.0
22139,9.0,14.0
17416,5.0,17.0
11052,0.0,6.0
21903,2.0,
223,,16.0
27413,1.0,9.0
7867,5.0,10.0
34308,4.0,12.0
49078,7.0,14.0
35645,1.0,18.0
44715,2.0,10.0
26348,7.0,22.0
11690,1.0,9.0
48614,2.0,
14844,4.0,11.0
42666,1.0,10.0
20675,2.0,12.0
14336,1.0,24.0
17791,0.0,6.0
31172,0.0,0.0
1280,1.0,9.0
10441,0.0,3.0
39587,2.0,14.0
31958,0.0,0.0
25573,4.0,9.0
13152,0.0,17.0
552,3.0,10.0
35102,1.0,21.0
45012,2.0,11.0
19012,2.0,20.0
3643,5.0,13.0
43207,3.0,13.0
19115,,2.0
25742,8.0,11.0
32879,7.0,13.0
8863,8.0,13.0
398,,24.0
15256,5.0,17.0
9717,0.0,2.0
4340,3.0,14.0
12480,1.0,9.0
17839,4.0,14.0
47334,2.0,8.0
44205,3.0,12.0
33419,3.0,12.0
6280,2.0,14.0
47440,2.0,14.0
5507,3.0,5.0
15087,0.0,3.0
34629,0.0,2.0
27235,2.0,6.0
2998,4.0,160.0
1676,3.0,14.0
24244,2.0,19.0
12841,2.0,12.0
20463,5.0,14.0
6963,,
13108,2.0,11.0
18193,4.0,18.0
14125,5.0,15.0
3027,2.0,12.0
44238,2.0,21.0
35141,3.0,12.0
19854,3.0,17.0
48660,2.0,11.0
20253,2.0,10.0
37826,3.0,18.0
33750,4.0,18.0
25500,8.0,11.0
14299,4.0,14.0
21412,0.0,1.0
49498,5.0,13.0
41485,4.0,14.0
26424,6.0,18.0
24031,3.0,20.0
46620,1.0,10.0
7080,0.0,13.0
2918,0.0,9.0
44227,4.0,17.0
7845,3.0,11.0
29499,0.0,10.0
30955,5.0,23.0
23001,2.0,14.0
7883,6.0,15.0
9550,6.0,11.0
1209,1.0,18.0
26808,2.0,12.0
33248,3.0,17.0
40099,2.0,21.0
14002,5.0,19.0
43046,4.0,13.0
17952,2.0,15.0
41271,1.0,15.0
14157,0.0,0.0
15623,6.0,9.0
44242,1.0,9.0
48054,,12.0
46487,7.0,11.0
18733,4.0,14.0
24109,,14.0
29025,1.0,13.0
8303,0.0,2.0
43646,3.0,16.0
45451,2.0,9.0
1928,0.0,3.0
7707,1.0,13.0
40308,1.0,15.0
48776,4.0,15.0
25733,5.0,16.0
24026,4.0,
22510,2.0,23.0
36628,2.0,11.0
14341,3.0,10.0
34268,1.0,12.0
26970,2.0,12.0
22327,3.0,13.0
46944,3.0,12.0
48706,0.0,12.0
22690,4.0,22.0
32483,0.0,2.0
29448,3.0,13.0
44692,0.0,8.0
14856,6.0,12.0
390,5.0,15.0
13382,4.0,13.0
17349,7.0,16.0
48541,6.0,22.0
29645,1.0,13.0
32718,0.0,3.0
46849,0.0,6.0
32077,5.0,18.0
27050,3.0,15.0
39258,2.0,9.0
47614,5.0,16.0
49207,4.0,8.0
38015,3.0,9.0
19075,2.0,
12188,5.0,13.0
30184,4.0,14.0
7454,1.0,15.0
43261,0.0,1.0
28102,2.0,16.0
29325,5.0,17.0
14046,3.0,10.0
2525,0.0,3.0
40808,3.0,17.0
26363,6.0,14.0
26394,4.0,13.0
23175,4.0,11.0
12441,1.0,15.0
13300,4.0,20.0
15107,4.0,10.0
612,3.0,16.0
25604,6.0,12.0
43892,3.0,10.0
11524,2.0,14.0
21422,2.0,11.0
35573,1.0,11.0
42678,4.0,12.0
17307,3.0,16.0
33611,1.0,20.0
38493,1.0,14.0
33866,3.0,
26241,4.0,16.0
33822,4.0,
12989,2.0,170.0
20336,5.0,16.0
4189,3.0,12.0
16851,1.0,16.0
40755,5.0,11.0
43396,,7.0
36279,3.0,12.0
20263,1.0,15.0
21000,3.0,9.0
47863,3.0,15.0
4936,0.0,4.0
49656,4.0,18.0
9844,1.0,15.0
48268,0.0,15.0
22900,4.0,20.0
47856,6.0,13.0
32069,2.0,16.0
33870,,18.0
48144,,9.0
33636,4.0,19.0
37992,7.0,
47400,7.0,13.0
17527,1.0,15.0
47181,3.0,12.0
49166,4.0,11.0
19918,2.0,17.0
35598,2.0,18.0
39168,2.0,14.0
47294,3.0,17.0
43189,,18.0
49496,1.0,14.0
40946,2.0,6.0
18904,4.0,9.0
40762,2.0,10.0
7191,3.0,9.0
5083,,11.0
17243,3.0,12.0
30065,9.0,11.0
9531,3.0,14.0
44762,5.0,15.0
40412,0.0,2.0
39771,2.0,7.0
1282,,15.0
46024,1.0,11.0
41181,3.0,19.0
15770,0.0,2.0
35637,0.0,4.0
36794,3.0,13.0
24317,1.0,10.0
16617,2.0,15.0
35604,4.0,13.0
28878,8.0,19.0
49861,3.0,21.0
27058,0.0,2.0
45520,5.0,16.0
6266,4.0,
34602,1.0,8.0
17306,,13.0
45728,6.0,6.0
44557,0.0,3.0
34024,0.0,14.0
26301,3.0,
14953,4.0,17.0
788,4.0,16.0
45122,6.0,18.0
1275,7.0,17.0
49358,4.0,14.0
19620,7.0,7.0
34579,4.0,18.0
7897,4.0,11.0
13101,4.0,14.0
37313,2.0,12.0
38715,2.0,11.0
14558,4.0,16.0
49941,2.0,12.0
23831,3.0,15.0
9012,4.0,14.0
41927,1.0,16.0
9996,0.0,3.0
17970,7.0,13.0
16653,6.0,13.0
2797,0.0,14.0
46809,2.0,11.0
23993,5.0,13.0
5343,3.0,16.0
9022,1.0,11.0
42908,7.0,
36741,1.0,14.0
34775,4.0,18.0
39105,0.0,2.0
18644,1.0,160.0
37456,6.0,10.0
22309,4.0,14.0
3688,0.0,2.0
6933,4.0,8.0
29150,5.0,16.0
19801,2.0,9.0
40607,0.0,1.0
44276,3.0,16.0
3484,2.0,13.0
22662,2.0,17.0
13714,4.0,21.0
31031,6.0,21.0
26092,3.0,14.0
20295,0.0,1.0
45631,2.0,11.0
42674,4.0,12.0
27126,3.0,16.0
2688,4.0,12.0
22054,1.0,14.0
33933,5.0,20.0
39427,4.0,13.0
34018,5.0,
4169,2.0,
4203,3.0,19.0
11236,0.0,130.0
49413,2.0,15.0
1187,3.0,14.0
25805,4.0,15.0
6782,0.0,0.0
42425,2.0,6.0
29942,4.0,16.0
18291,4.0,15.0
29320,6.0,14.0
42548,5.0,15.0
48358,3.0,17.0
718,6.0,11.0
31635,4.0,19.0
20582,2.0,19.0
16029,0.0,4.0
3755,3.0,16.0
32035,2.0,9.0
25822,4.0,21.0
39314,4.0,19.0
12470,3.0,17.0
32516,1.0,18.0
43969,3.0,10.0
30782,3.0,14.0
32398,5.0,17.0
2400,2.0,13.0
23693,0.0,3.0
26764,3.0,19.0
26731,4.0,15.0
2196,6.0,12.0
37282,2.0,
10487,4.0,10.0
28862,6.0,16.0
44558,3.0,12.0
21748,1.0,15.0
37477,,16.0
10060,2.0,16.0
32356,0.0,2.0
24699,3.0,13.0
72,6.0,21.0
17177,1.0,16.0
7335,7.0,17.0
47873,2.0,15.0
35379,0.0,4.0
39448,4.0,10.0
39075,3.0,15.0
11831,3.0,14.0
32129,4.0,15.0
41941,2.0,21.0
22741,2.0,13.0
37008,3.0,8.0
11960,2.0,15.0
6539,3.0,15.0
24012,3.0,20.0
33472,3.0,13.0
27892,5.0,10.0
17540,2.0,16.0
39031,4.0,16.0
1595,2.0,14.0
48486,2.0,15.0
44920,6.0,11.0
10389,0.0,8.0
28772,2.0,10.0
13110,1.0,16.0
7000,1.0,20.0
37048,0.0,4.0
34151,3.0,15.0
37579,0.0,2.0
23223,1.0,11.0
32704,0.0,10.0
888,4.0,17.0
1993,3.0,18.0
42892,3.0,12.0
12101,2.0,13.0
18174,6.0,11.0
13125,5.0,18.0
25678,4.0,13.0
9189,1.0,9.0
35260,4.0,13.0
9077,4.0,
29153,2.0,20.0
45501,1.0,17.0
26418,5.0,19.0
13093,0.0,3.0
15338,2.0,18.0
18136,4.0,9.0
33000,0.0,1.0
37295,3.0,7.0
78,3.0,7.0
210,0.0,4.0
29624,0.0,2.0
5768,2.0,11.0
11185,3.0,12.0
13202,0.0,2.0
31204,4.0,17.0
26052,4.0,20.0
38475,,18.0
28740,4.0,19.0
42650,3.0,18.0
32072,,18.0
26268,0.0,11.0
27608,3.0,12.0
39163,1.0,19.0
23507,2.0,14.0
6641,3.0,11.0
19103,4.0,13.0
34457,0.0,13.0
4926,5.0,11.0
47053,3.0,13.0
22212,4.0,20.0
45626,3.0,14.0
32391,4.0,14.0
32265,2.0,
21978,1.0,21.0
24172,3.0,12.0
1151,1.0,
32658,0.0,17.0
17080,0.0,21.0
6357,2.0,18.0
30945,7.0,18.0
45741,2.0,16.0
6436,1.0,12.0
32755,2.0,15.0
14615,2.0,8.0
38780,1.0,18.0
14870,1.0,19.0
11275,2.0,10.0
27321,6.0,15.0
47522,2.0,12.0
22292,1.0,11.0
25099,0.0,1.0
6016,2.0,15.0
37834,6.0,24.0
21946,1.0,18.0
34257,6.0,20.0
33147,3.0,11.0
46638,4.0,11.0
8981,6.0,13.0
25187,0.0,1.0
42029,6.0,17.0
45872,2.0,17.0
27959,3.0,7.0
32227,5.0,13.0
5562,3.0,15.0
1843,3.0,5.0
37601,2.0,12.0
36911,4.0,17.0
24917,1.0,23.0
42391,2.0,17.0
39259,2.0,14.0
16550,3.0,10.0
45064,4.0,16.0
40112,5.0,190.0
10880,4.0,12.0
33641,4.0,16.0
34329,2.0,16.0
13849,4.0,19.0
30983,,19.0
45709,2.0,14.0
3871,0.0,6.0
11662,1.0,11.0
38104,2.0,
14612,3.0,7.0
2620,3.0,12.0
2251,6.0,16.0
16207,3.0,17.0
18410,6.0,11.0
45124,2.0,13.0
49815,1.0,15.0
29824,3.0,17.0
30797,5.0,18.0
21968,4.0,12.0
34922,3.0,14.0
41195,1.0,16.0
23491,2.0,17.0
30756,3.0,
28552,7.0,8.0
9595,1.0,22.0
22430,0.0,1.0
44786,4.0,20.0
26978,6.0,12.0
13219,3.0,12.0
16665,4.0,11.0
15098,1.0,18.0
1975,4.0,11.0
37414,7.0,21.0
14660,1.0,9.0
18140,1.0,14.0
1811,4.0,
12322,4.0,14.0
23003,2.0,16.0
26174,0.0,5.0
13078,2.0,22.0
36848,2.0,18.0
20768,5.0,11.0
36927,5.0,
16150,0.0,13.0
5136,0.0,
46118,5.0,10.0
38031,4.0,11.0
38367,,16.0
85,4.0,21.0
25490,4.0,11.0
9820,2.0,15.0
24060,2.0,10.0
26090,3.0,20.0
5240,0.0,3.0
346,0.0,3.0
9083,3.0,15.0
4033,4.0,200.0
12661,2.0,9.0
40547,3.0,17.0
25128,5.0,17.0
39916,1.0,10.0
31932,1.0,17.0
48790,0.0,17.0
30143,3.0,13.0
22963,0.0,2.0
21666,6.0,10.0
40475,3.0,9.0
2983,6.0,16.0
49197,6.0,18.0
47525,4.0,17.0
10048,0.0,3.0
24447,0.0,12.0
2430,3.0,9.0
5888,3.0,13.0
773,2.0,16.0
23111,3.0,13.0
21832,5.0,18.0
4854,1.0,16.0
42103,6.0,15.0
35635,2.0,15.0
40994,1.0,13.0
23721,3.0,10.0
25564,5.0,14.0
28143,4.0,17.0
42020,6.0,13.0
27609,3.0,12.0
20390,6.0,18.0
33191,3.0,13.0
43890,0.0,2.0
39606,1.0,21.0
24332,0.0,2.0
23053,0.0,6.0
9186,3.0,10.0
45058,1.0,13.0
40622,5.0,9.0
10334,4.0,23.0
25124,0.0,7.0
19175,2.0,18.0
40134,0.0,16.0
30402,0.0,2.0
48159,2.0,20.0
30156,3.0,19.0
1957,3.0,19.0
22856,2.0,11.0
8298,4.0,19.0
21349,0.0,4.0
46982,4.0,12.0
1359,4.0,15.0
5945,4.0,15.0
36648,5.0,16.0
14784,3.0,8.0
42778,4.0,16.0
8140,2.0,21.0
8572,5.0,23.0
7181,0.0,4.0
20660,4.0,10.0
28765,1.0,10.0
14650,3.0,16.0
9859,5.0,20.0
30194,5.0,14.0
29178,3.0,9.0
20726,2.0,11.0
16469,3.0,24.0
2615,1.0,8.0
23583,0.0,3.0
46020,1.0,15.0
10013,4.0,
21503,5.0,17.0
2225,3.0,14.0
34545,6.0,11.0
8395,3.0,11.0
8453,1.0,13.0
36131,5.0,16.0
9286,1.0,14.0
22278,4.0,11.0
42819,3.0,13.0
29074,3.0,12.0
46633,0.0,
31483,4.0,23.0
14851,0.0,3.0
49997,4.0,12.0
15529,0.0,5.0
33238,3.0,14.0
37423,1.0,14.0
33382,5.0,22.0
31082,2.0,9.0
6214,4.0,11.0
2925,0.0,2.0
24365,1.0,18.0
39139,3.0,16.0
24105,5.0,10.0
47560,2.0,9.0
15631,3.0,
19296,0.0,12.0
5565,4.0,12.0
15177,4.0,15.0
18153,0.0,16.0
2184,1.0,14.0
13984,2.0,11.0
43580,5.0,15.0
23305,4.0,11.0
49075,2.0,13.0
33304,3.0,17.0
43254,0.0,10.0
19787,7.0,14.0
46456,3.0,15.0
48442,4.0,
16588,2.0,13.0
45752,1.0,15.0
10001,3.0,17.0
26266,5.0,15.0
14683,7.0,10.0
7069,4.0,20.0
5208,8.0,18.0
46650,,16.0
5392,5.0,11.0
237,4.0,18.0
23551,7.0,11.0
14020,1.0,10.0
28799,3.0,17.0
5095,0.0,1.0
9319,6.0,17.0
18452,3.0,16.0
22825,6.0,22.0
10779,0.0,3.0
19335,3.0,15.0
24193,3.0,12.0
36259,5.0,20.0
32287,7.0,
39650,2.0,15.0
27600,4.0,10.0
22429,5.0,13.0
12110,4.0,21.0
33642,3.0,20.0
2595,1.0,15.0
27412,0.0,1.0
23346,3.0,9.0
41851,4.0,9.0
29577,4.0,11.0
34950,6.0,17.0
163,2.0,16.0
5065,1.0,13.0
6159,2.0,18.0
25559,4.0,8.0
15674,2.0,21.0
34989,0.0,4.0
27304,4.0,17.0
43797,2.0,13.0
39860,3.0,
41090,5.0,12.0
20614,,13.0
21369,6.0,13.0
20165,1.0,12.0
8844,0.0,16.0
18504,1.0,16.0
27447,1.0,18.0
16327,2.0,12.0
40892,4.0,14.0
36849,3.0,17.0
41083,6.0,16.0
49974,2.0,13.0
40715,,14.0
34259,0.0,4.0
28467,3.0,16.0
19290,1.0,16.0
29631,1.0,10.0
36184,3.0,11.0
21811,5.0,18.0
2478,0.0,3.0
41157,3.0,12.0
19750,3.0,17.0
3709,0.0,8.0
23118,5.0,13.0
45916,3.0,10.0
16238,3.0,16.0
23380,2.0,15.0
26547,2.0,12.0
44451,,18.0
47373,1.0,21.0
27803,5.0,21.0
49845,2.0,16.0
10922,6.0,19.0
17580,3.0,10.0
10242,4.0,15.0
35000,1.0,11.0
11430,3.0,9.0
28901,1.0,14.0
40094,2.0,11.0
4457,6.0,18.0
48954,2.0,16.0
23596,8.0,13.0
6909,2.0,17.0
29923,0.0,2.0
47270,3.0,9.0
2037,1.0,16.0
8943,3.0,14.0
38073,2.0,13.0
10532,0.0,6.0
36314,5.0,
28775,1.0,15.0
3061,4.0,11.0
6736,3.0,14.0
3743,3.0,7.0
44029,6.0,19.0
35845,2.0,10.0
44319,,0.0
16385,3.0,16.0
21319,2.0,13.0
6356,3.0,16.0
21018,3.0,13.0
28877,2.0,14.0
9443,4.0,18.0
37193,6.0,12.0
19704,4.0,
7474,3.0,
16674,3.0,12.0
20566,4.0,15.0
19714,3.0,10.0
20795,3.0,18.0
49516,2.0,21.0
26984,3.0,9.0
17286,2.0,20.0
19629,4.0,8.0
49232,3.0,10.0
23284,5.0,9.0
24793,3.0,13.0
39510,2.0,14.0
40217,2.0,21.0
32611,6.0,11.0
16783,1.0,14.0
18125,2.0,10.0
15304,5.0,13.0
24932,4.0,12.0
4464,3.0,18.0
47705,0.0,2.0
3961,2.0,10.0
34697,2.0,14.0
35438,3.0,16.0
9397,3.0,12.0
26521,4.0,13.0
41535,2.0,14.0
12586,2.0,15.0
13863,3.0,10.0
25658,4.0,12.0
32469,3.0,14.0
32024,1.0,16.0
7515,0.0,3.0
46374,3.0,21.0
26182,5.0,11.0
1644,7.0,12.0
28611,5.0,16.0
4914,0.0,5.0
29647,5.0,20.0
10903,4.0,16.0
22089,3.0,10.0
7423,4.0,6.0
36471,2.0,18.0
29147,4.0,11.0
4400,3.0,15.0
2512,6.0,9.0
25817,2.0,13.0
16422,3.0,12.0
47668,5.0,21.0
13538,1.0,19.0
43510,1.0,14.0
22509,2.0,20.0
34144,4.0,12.0
5962,1.0,20.0
2915,3.0,15.0
23210,2.0,16.0
12657,,12.0
9814,3.0,18.0
33631,3.0,14.0
19783,5.0,17.0
19877,2.0,15.0
32982,4.0,21.0
28792,2.0,10.0
42976,5.0,19.0
25530,3.0,18.0
10137,0.0,1.0
45076,0.0,2.0
9538,2.0,14.0
42469,3.0,15.0
27009,5.0,17.0
43047,8.0,19.0
37087,0.0,6.0
1067,8.0,18.0
19299,5.0,10.0
35249,5.0,16.0
10545,6.0,18.0
26001,0.0,3.0
23257,1.0,17.0
42067,5.0,11.0
30484,2.0,16.0
29656,2.0,14.0
43355,2.0,9.0
3945,1.0,13.0
26361,3.0,18.0
10240,0.0,9.0
30468,0.0,6.0
34625,1.0,14.0
38239,3.0,8.0
22422,4.0,16.0
38577,2.0,16.0
6243,3.0,8.0
12765,3.0,15.0
48072,0.0,3.0
37256,2.0,16.0
31257,2.0,13.0
3960,6.0,19.0
24329,4.0,19.0
8002,1.0,16.0
27966,2.0,19.0
24976,1.0,11.0
3372,4.0,12.0
1411,3.0,110.0
3129,4.0,7.0
31774,1.0,130.0
42278,,15.0
24471,2.0,19.0
9969,3.0,16.0
20804,4.0,20.0
16528,6.0,12.0
18466,3.0,16.0
26935,5.0,15.0
27858,5.0,15.0
9435,3.0,14.0
3850,6.0,10.0
41315,1.0,22.0
22552,,13.0
17373,2.0,21.0
28541,2.0,10.0
48421,6.0,15.0
32970,6.0,13.0
11659,2.0,11.0
40233,5.0,8.0
5881,2.0,
17562,6.0,17.0
12524,3.0,17.0
47251,4.0,18.0
40856,4.0,18.0
7118,5.0,12.0
41664,3.0,7.0
20843,4.0,10.0
15391,1.0,11.0
42468,1.0,13.0
1042,4.0,17.0
134,0.0,7.0
34816,3.0,8.0
27069,4.0,15.0
18557,2.0,9.0
18054,3.0,13.0
42433,3.0,16.0
32059,3.0,14.0
45484,3.0,20.0
48023,1.0,13.0
37889,2.0,18.0
41963,0.0,2.0
28387,1.0,11.0
13742,3.0,14.0
19254,,11.0
13168,0.0,13.0
45470,4.0,16.0
41330,0.0,5.0
27539,3.0,140.0
46372,0.0,1.0
23445,3.0,24.0
36774,2.0,17.0
25726,4.0,10.0
46081,5.0,11.0
14406,3.0,12.0
2442,3.0,12.0
28483,2.0,17.0
6747,3.0,18.0
14269,2.0,9.0
10377,3.0,11.0
22330,4.0,19.0
44331,0.0,2.0
22719,4.0,18.0
21709,0.0,4.0
32570,3.0,15.0
38722,0.0,6.0
36232,3.0,11.0
14445,4.0,16.0
44556,0.0,18.0
43985,4.0,18.0
33898,3.0,14.0
9052,5.0,13.0
48955,1.0,16.0
46525,3.0,14.0
675,4.0,18.0
45246,5.0,17.0
24114,3.0,10.0
49704,7.0,17.0
42016,3.0,12.0
5845,3.0,5.0
14865,2.0,23.0
48837,7.0,11.0
23474,1.0,14.0
35748,1.0,10.0
18820,2.0,11.0
35217,3.0,20.0
39482,5.0,19.0
20663,3.0,21.0
29232,6.0,17.0
44737,2.0,9.0
37359,5.0,13.0
11828,2.0,12.0
44915,,8.0
38998,2.0,17.0
37319,2.0,12.0
18736,3.0,16.0
4985,0.0,4.0
26194,3.0,17.0
15768,3.0,11.0
28412,9.0,17.0
49739,1.0,20.0
33895,4.0,13.0
47973,2.0,13.0
47119,5.0,12.0
14520,6.0,10.0
5491,0.0,3.0
1455,,11.0
11103,5.0,13.0
35509,2.0,13.0
39490,0.0,17.0
44795,3.0,15.0
16080,4.0,13.0
47092,2.0,11.0
22520,2.0,16.0
43528,7.0,13.0
11367,5.0,11.0
49182,1.0,12.0
8210,5.0,13.0
46972,2.0,19.0
42733,3.0,13.0
22225,1.0,11.0
33087,4.0,15.0
8620,2.0,16.0
31605,5.0,13.0
15104,5.0,16.0
12576,0.0,1.0
16280,4.0,15.0
17039,1.0,19.0
8973,2.0,15.0
36436,5.0,13.0
7109,3.0,15.0
15907,3.0,12.0
36781,1.0,14.0
34524,3.0,15.0
48524,1.0,10.0
6018,6.0,13.0
9120,4.0,7.0
35027,2.0,12.0
40045,0.0,2.0
7052,3.0,14.0
32513,0.0,19.0
1764,4.0,16.0
26258,2.0,21.0
119,3.0,13.0
34814,,9.0
10461,1.0,15.0
1417,5.0,15.0
45809,2.0,
30103,2.0,11.0
25022,0.0,60.0
4067,2.0,16.0
11387,4.0,18.0
7039,1.0,14.0
28144,3.0,19.0
49711,3.0,18.0
21979,3.0,4.0
17847,0.0,2.0
42342,2.0,12.0
21729,,13.0
8662,5.0,13.0
937,2.0,12.0
27307,2.0,16.0
14082,4.0,14.0
22123,9.0,10.0
1699,2.0,21.0
12029,1.0,12.0
23641,3.0,13.0
36239,4.0,15.0
3678,4.0,14.0
37053,1.0,15.0
48097,4.0,21.0
38996,5.0,10.0
670,3.0,16.0
16786,0.0,15.0
4535,2.0,
39445,5.0,17.0
45333,1.0,13.0
36639,0.0,19.0
30455,3.0,12.0
30743,8.0,13.0
22331,6.0,18.0
24880,3.0,16.0
12327,9.0,14.0
4373,2.0,17.0
7189,5.0,15.0
30752,4.0,11.0
25517,5.0,11.0
21833,3.0,14.0
44345,3.0,17.0
25179,5.0,13.0
24967,4.0,12.0
2892,2.0,13.0
11737,0.0,12.0
28607,3.0,12.0
30881,2.0,9.0
30020,7.0,13.0
49307,2.0,14.0
33339,0.0,6.0
40317,3.0,6.0
17567,1.0,15.0
48266,2.0,12.0
30230,0.0,2.0
20350,3.0,12.0
21183,4.0,6.0
49139,2.0,8.0
47483,6.0,18.0
29915,5.0,15.0
26966,3.0,15.0
44369,0.0,2.0
43786,,19.0
14973,7.0,13.0
11711,3.0,21.0
15425,5.0,13.0
28739,7.0,8.0
11180,5.0,
38593,5.0,14.0
18051,1.0,15.0
14518,0.0,2.0
11863,2.0,12.0
5146,,10.0
35251,0.0,1.0
2471,2.0,12.0
1716,,11.0
33759,4.0,17.0
33298,6.0,20.0
38832,1.0,16.0
29965,2.0,14.0
25555,,14.0
34081,3.0,11.0
40870,0.0,11.0
4184,1.0,13.0
16373,0.0,1.0
16052,5.0,15.0
31391,0.0,5.0
45388,0.0,4.0
41301,5.0,15.0
41266,1.0,14.0
25372,4.0,14.0
14069,0.0,19.0
29123,0.0,3.0
13188,1.0,15.0
10670,4.0,18.0
32010,4.0,9.0
40232,3.0,11.0
1772,3.0,10.0
38812,3.0,
15213,1.0,11.0
20866,4.0,17.0
4230,2.0,6.0
44479,2.0,13.0
30929,4.0,14.0
14290,6.0,10.0
19722,9.0,11.0
8241,0.0,2.0
43199,3.0,17.0
44805,3.0,9.0
41455,5.0,18.0
43266,2.0,13.0
10997,3.0,10.0
16585,3.0,9.0
41563,2.0,17.0
20558,2.0,12.0
29174,6.0,17.0
24603,4.0,13.0
32904,2.0,15.0
15502,3.0,17.0
36873,3.0,5.0
10625,4.0,22.0
47953,3.0,6.0
8239,0.0,12.0
5700,2.0,13.0
7102,1.0,17.0
32786,0.0,4.0
13176,3.0,20.0
19357,1.0,14.0
41121,2.0,15.0
32973,3.0,12.0
40078,5.0,11.0
23147,3.0,13.0
46476,6.0,14.0
19832,6.0,15.0
41726,1.0,7.0
46129,1.0,18.0
11749,2.0,15.0
993,0.0,2.0
5944,3.0,14.0
33122,0.0,6.0
43716,2.0,14.0
45380,5.0,15.0
29054,3.0,12.0
32399,5.0,15.0
43347,0.0,3.0
48937,2.0,9.0
10804,1.0,8.0
36917,2.0,13.0
32343,5.0,14.0
25241,2.0,9.0
20409,4.0,9.0
3937,6.0,15.0
10011,0.0,7.0
44229,3.0,23.0
38333,4.0,14.0
31089,4.0,19.0
36345,2.0,8.0
7624,3.0,21.0
288,5.0,11.0
42964,6.0,11.0
8471,4.0,18.0
8581,6.0,12.0
6961,9.0,9.0
33288,3.0,18.0
7314,3.0,14.0
5171,3.0,16.0
30162,,11.0
44646,3.0,12.0
46166,0.0,2.0
3455,3.0,11.0
44233,4.0,10.0
5689,1.0,11.0
9662,2.0,13.0
36455,6.0,14.0
39375,3.0,10.0
29194,2.0,14.0
42248,4.0,16.0
12479,3.0,13.0
5239,6.0,16.0
16116,9.0,10.0
950,2.0,14.0
19124,4.0,14.0
33305,3.0,9.0
45418,0.0,4.0
8102,4.0,12.0
11248,4.0,
47879,0.0,4.0
13129,2.0,10.0
22374,6.0,16.0
8742,1.0,22.0
1309,3.0,11.0
12245,3.0,13.0
41645,5.0,11.0
34390,1.0,13.0
39806,3.0,16.0
2899,3.0,10.0
10851,2.0,15.0
33542,0.0,3.0
29956,1.0,13.0
42098,3.0,160.0
4365,3.0,14.0
15964,1.0,16.0
1130,1.0,16.0
4154,0.0,9.0
1646,0.0,3.0
47669,0.0,2.0
29715,3.0,18.0
29917,3.0,17.0
16041,1.0,19.0
37247,2.0,15.0
23500,0.0,1.0
44642,3.0,15.0
15980,3.0,
47324,3.0,13.0
37148,0.0,2.0
34367,0.0,2.0
46569,2.0,18.0
38584,5.0,21.0
37347,4.0,8.0
44842,2.0,17.0
42303,4.0,12.0
31524,3.0,17.0
32392,1.0,13.0
26126,2.0,9.0
47876,1.0,14.0
38926,4.0,17.0
49426,3.0,15.0
37267,1.0,13.0
42017,1.0,10.0
31781,8.0,24.0
19762,2.0,9.0
44403,3.0,12.0
14063,3.0,19.0
32461,4.0,17.0
11798,0.0,4.0
32605,3.0,14.0
31104,2.0,20.0
42711,3.0,16.0
32700,6.0,16.0
5891,2.0,12.0
13596,3.0,17.0
29405,2.0,13.0
25357,3.0,
21082,2.0,15.0
5818,6.0,13.0
27739,3.0,11.0
7100,7.0,17.0
11169,4.0,10.0
11925,1.0,13.0
8082,5.0,9.0
47146,6.0,16.0
15703,1.0,
24631,0.0,4.0
33285,2.0,12.0
21381,8.0,15.0
3243,3.0,17.0
24787,4.0,17.0
45594,4.0,8.0
8411,1.0,11.0
15083,3.0,19.0
10369,3.0,15.0
3633,6.0,13.0
13408,7.0,8.0
2589,0.0,4.0
37228,3.0,20.0
41109,0.0,4.0
2405,0.0,
41314,5.0,13.0
23617,6.0,21.0
3187,1.0,11.0
5595,5.0,15.0
39662,3.0,14.0
38801,7.0,9.0
48767,5.0,14.0
5940,2.0,16.0
6566,2.0,21.0
15474,5.0,10.0
38774,2.0,22.0
13459,7.0,18.0
17166,1.0,16.0
26738,4.0,9.0
6282,7.0,13.0
4760,0.0,3.0
6421,3.0,17.0
10781,6.0,21.0
16004,0.0,1.0
23014,3.0,8.0
39700,3.0,17.0
18577,4.0,22.0
45528,6.0,11.0
20000,4.0,15.0
45523,3.0,13.0
24767,5.0,14.0
23291,6.0,19.0
24577,2.0,16.0
14375,4.0,17.0
11104,0.0,2.0
7119,4.0,14.0
34517,2.0,17.0
47430,4.0,16.0
42601,0.0,2.0
37290,3.0,17.0
3704,5.0,12.0
34311,4.0,12.0
12670,3.0,21.0
26830,5.0,9.0
28392,2.0,16.0
18625,2.0,11.0
35473,3.0,12.0
7513,0.0,3.0
44652,1.0,21.0
5692,0.0,14.0
18277,3.0,15.0
22315,3.0,14.0
49115,,15.0
35035,1.0,10.0
43110,4.0,16.0
6923,2.0,7.0
49011,6.0,9.0
14605,2.0,10.0
24256,1.0,
7544,3.0,18.0
2745,3.0,14.0
27111,0.0,15.0
48395,0.0,11.0
3116,3.0,11.0
27337,2.0,11.0
22748,7.0,9.0
41898,4.0,14.0
11581,0.0,20.0
27005,5.0,8.0
37605,2.0,12.0
47721,6.0,12.0
10973,3.0,16.0
3003,1.0,17.0
13956,0.0,6.0
34229,6.0,13.0
7430,2.0,20.0
2217,5.0,18.0
39922,8.0,17.0
45633,4.0,21.0
20212,8.0,10.0
48179,2.0,12.0
29927,7.0,13.0
40534,2.0,13.0
38949,0.0,3.0
34353,4.0,12.0
47680,6.0,10.0
22973,3.0,17.0
29509,2.0,16.0
5480,,16.0
21939,4.0,11.0
26909,2.0,16.0
4778,5.0,21.0
32428,1.0,19.0
322,3.0,13.0
46393,3.0,12.0
5059,10.0,15.0
28794,6.0,13.0
1420,3.0,13.0
34431,1.0,13.0
17391,1.0,18.0
27587,1.0,18.0
12309,6.0,15.0
37086,3.0,14.0
34769,5.0,14.0
13412,7.0,13.0
2253,6.0,13.0
27548,0.0,4.0
1835,4.0,17.0
45868,5.0,21.0
498,3.0,19.0
291,0.0,2.0
40863,,11.0
48494,2.0,9.0
36529,0.0,5.0
13003,6.0,10.0
19568,4.0,21.0
25523,3.0,11.0
25527,3.0,
28990,1.0,8.0
16363,0.0,13.0
16492,1.0,14.0
32304,2.0,13.0
19773,8.0,12.0
19810,1.0,7.0
3170,5.0,16.0
9886,,15.0
629,1.0,15.0
38358,3.0,15.0
48175,2.0,15.0
42844,,19.0
33769,2.0,21.0
37202,5.0,9.0
11040,5.0,11.0
34890,1.0,11.0
27549,0.0,21.0
20657,4.0,16.0
38941,3.0,11.0
19828,3.0,10.0
6346,4.0,17.0
320,0.0,3.0
8312,4.0,17.0
9074,5.0,12.0
26127,2.0,16.0
1059,3.0,16.0
27416,1.0,14.0
5206,1.0,18.0
8992,5.0,11.0
28678,1.0,110.0
3313,2.0,14.0
33343,4.0,13.0
26585,2.0,15.0
49910,1.0,14.0
38875,1.0,13.0
7935,5.0,16.0
36602,0.0,3.0
46571,3.0,17.0
23639,4.0,15.0
36349,3.0,9.0
19452,5.0,14.0
9514,3.0,7.0
31743,2.0,19.0
48454,,
27231,0.0,12.0
43066,1.0,17.0
8937,2.0,15.0
15534,2.0,15.0
29034,2.0,14.0
15875,,12.0
27749,1.0,14.0
17295,2.0,14.0
6093,0.0,40.0
8309,1.0,13.0
39734,4.0,12.0
27625,4.0,18.0
6808,2.0,14.0
11054,1.0,17.0
30124,3.0,18.0
23344,2.0,20.0
8138,3.0,11.0
6951,4.0,15.0
42381,5.0,16.0
28216,0.0,2.0
36906,3.0,14.0
21068,3.0,20.0
41133,2.0,17.0
6080,4.0,15.0
11571,2.0,
22542,3.0,16.0
36706,3.0,14.0
45934,4.0,14.0
26918,1.0,10.0
15162,2.0,7.0
35495,3.0,19.0
5015,,21.0
47942,7.0,14.0
9915,2.0,9.0
49511,3.0,15.0
22981,5.0,15.0
40839,7.0,14.0
14271,4.0,8.0
29950,4.0,17.0
11779,6.0,16.0
37874,2.0,18.0
44183,4.0,18.0
10368,1.0,18.0
35915,,17.0
5107,0.0,3.0
2592,2.0,7.0
39508,1.0,15.0
34846,3.0,19.0
23158,3.0,11.0
46704,6.0,11.0
3966,4.0,18.0
35015,2.0,14.0
42723,4.0,13.0
45702,1.0,10.0
42284,1.0,13.0
30497,3.0,15.0
32104,5.0,19.0
48572,4.0,12.0
15738,1.0,15.0
18345,4.0,14.0
35897,4.0,10.0
10250,4.0,11.0
7441,3.0,15.0
31540,2.0,9.0
32363,3.0,11.0
5172,5.0,13.0
24469,,16.0
35500,3.0,13.0
11059,2.0,17.0
5111,4.0,13.0
11165,4.0,21.0
25722,5.0,11.0
4128,0.0,5.0
25285,1.0,12.0
35784,2.0,14.0
10934,7.0,9.0
30905,3.0,12.0
31160,4.0,23.0
10231,5.0,11.0
8214,4.0,17.0
23593,5.0,14.0
37774,0.0,15.0
20185,2.0,8.0
8864,4.0,10.0
37576,9.0,7.0
24961,4.0,17.0
4301,2.0,13.0
36426,4.0,21.0
12168,5.0,7.0
18077,2.0,13.0
6378,0.0,4.0
25165,4.0,18.0
19057,0.0,7.0
8688,0.0,7.0
21843,,12.0
35821,,17.0
17978,2.0,13.0
6449,0.0,3.0
39235,4.0,14.0
16221,0.0,0.0
26051,3.0,
49202,3.0,12.0
5301,5.0,10.0
38581,2.0,11.0
47934,3.0,15.0
29562,0.0,0.0
32925,1.0,12.0
42500,2.0,17.0
39875,1.0,14.0
41073,0.0,4.0
19885,5.0,15.0
25721,2.0,18.0
46654,3.0,9.0
40015,2.0,17.0
39257,1.0,9.0
4659,3.0,14.0
14361,2.0,13.0
46743,4.0,16.0
33188,5.0,13.0
30572,3.0,12.0
15795,4.0,15.0
26744,7.0,17.0
22767,1.0,7.0
49233,2.0,11.0
8723,4.0,20.0
24439,1.0,17.0
47613,0.0,1.0
42042,4.0,4.0
9515,6.0,11.0
28554,2.0,8.0
23375,5.0,9.0
35818,3.0,10.0
20659,3.0,17.0
14573,3.0,11.0
38368,3.0,18.0
47131,3.0,12.0
4882,2.0,8.0
15530,6.0,20.0
8562,4.0,9.0
46127,4.0,18.0
21459,4.0,17.0
46574,3.0,19.0
14354,6.0,20.0
15583,4.0,11.0
3769,0.0,4.0
21601,0.0,14.0
4725,7.0,14.0
42407,3.0,15.0
14492,2.0,20.0
42191,2.0,11.0
28338,6.0,10.0
34961,2.0,14.0
43364,5.0,15.0
32999,3.0,7.0
4204,9.0,14.0
671,2.0,14.0
8894,4.0,16.0
30190,3.0,11.0
30040,3.0,14.0
27090,1.0,11.0
30716,7.0,17.0
39392,0.0,3.0
22061,1.0,16.0
310,2.0,16.0
1499,3.0,11.0
13195,0.0,17.0
44791,2.0,13.0
45757,0.0,
25668,4.0,19.0
46396,2.0,15.0
44202,0.0,1.0
42673,4.0,14.0
6996,5.0,7.0
1602,6.0,14.0
19491,1.0,17.0
32158,2.0,20.0
5791,3.0,14.0
20848,4.0,11.0
24742,1.0,15.0
41283,2.0,11.0
37350,1.0,17.0
17492,2.0,10.0
48089,4.0,21.0
1525,2.0,10.0
19486,5.0,12.0
26635,,140.0
36378,2.0,10.0
4543,3.0,13.0
4995,1.0,15.0
46753,2.0,18.0
14030,6.0,22.0
41049,2.0,20.0
7225,0.0,5.0
45092,1.0,14.0
27324,3.0,16.0
9318,2.0,19.0
23590,3.0,10.0
15517,4.0,14.0
40131,6.0,10.0
25904,,5.0
39394,3.0,10.0
25420,2.0,13.0
32660,1.0,11.0
38988,0.0,3.0
46077,0.0,4.0
29501,0.0,4.0
20974,2.0,
35132,2.0,9.0
30686,3.0,14.0
38849,2.0,15.0
37536,4.0,16.0
38453,3.0,8.0
7966,7.0,14.0
14095,5.0,12.0
23855,1.0,13.0
18165,3.0,12.0
49389,0.0,5.0
26573,2.0,16.0
38978,2.0,18.0
24122,3.0,15.0
35107,1.0,16.0
19726,3.0,14.0
20190,3.0,15.0
48683,4.0,12.0
27435,0.0,15.0
36499,3.0,13.0
9636,0.0,3.0
40214,2.0,12.0
49931,5.0,16.0
16391,6.0,13.0
49540,4.0,12.0
48496,6.0,22.0
19931,1.0,14.0
40959,2.0,9.0
42909,5.0,14.0
3399,4.0,12.0
36699,0.0,15.0
34751,0.0,1.0
37285,5.0,12.0
45489,1.0,17.0
35173,2.0,10.0
38917,1.0,9.0
49903,5.0,14.0
45884,0.0,15.0
31700,0.0,3.0
41011,3.0,8.0
11326,0.0,7.0
33500,5.0,10.0
27271,1.0,23.0
23024,3.0,25.0
25276,2.0,17.0
36353,1.0,8.0
32012,1.0,9.0
38257,4.0,14.0
45835,3.0,17.0
20213,1.0,13.0
45539,4.0,15.0
49113,4.0,11.0
48672,1.0,19.0
26006,4.0,15.0
35593,3.0,14.0
24016,0.0,16.0
2861,3.0,13.0
19768,8.0,100.0
4273,2.0,16.0
1961,2.0,18.0
500,3.0,13.0
8589,4.0,17.0
2356,3.0,14.0
23606,6.0,12.0
2654,5.0,10.0
10755,6.0,13.0
31454,2.0,18.0
32118,3.0,13.0
36589,5.0,16.0
24659,1.0,11.0
34044,4.0,13.0
16362,0.0,1.0
16959,4.0,10.0
47094,0.0,2.0
34895,3.0,15.0
20891,1.0,18.0
35538,3.0,18.0
38306,3.0,20.0
14297,5.0,18.0
31980,7.0,14.0
23673,2.0,14.0
33093,3.0,11.0
847,1.0,17.0
23565,6.0,20.0
44254,4.0,6.0
22137,,9.0
16921,,5.0
35274,4.0,
15915,1.0,13.0
10624,4.0,9.0
19973,0.0,1.0
47551,4.0,12.0
29359,1.0,14.0
45019,0.0,10.0
28786,2.0,21.0
32389,1.0,13.0
41519,,13.0
22529,2.0,18.0
17086,0.0,3.0
20054,4.0,15.0
12082,0.0,40.0
15063,2.0,12.0
40301,3.0,14.0
18383,3.0,10.0
30888,2.0,12.0
28121,5.0,9.0
28214,4.0,7.0
9306,3.0,13.0
40708,6.0,17.0
6196,5.0,16.0
9913,1.0,15.0
44859,2.0,9.0
48194,0.0,30.0
21194,2.0,20.0
40580,3.0,16.0
8969,2.0,9.0
46273,2.0,14.0
3835,4.0,8.0
29477,0.0,1.0
13409,4.0,9.0
49471,5.0,11.0
43854,5.0,15.0
39973,,18.0
9907,1.0,14.0
7506,4.0,14.0
1049,3.0,15.0
31768,4.0,15.0
44666,1.0,12.0
45121,2.0,16.0
4345,3.0,8.0
8866,4.0,16.0
44420,2.0,11.0
25702,2.0,19.0
35561,4.0,15.0
17236,3.0,12.0
43489,3.0,15.0
29097,1.0,9.0
13649,0.0,5.0
49192,3.0,10.0
1437,2.0,9.0
18992,0.0,5.0
10530,3.0,15.0
11337,7.0,12.0
15216,5.0,13.0
14534,3.0,17.0
26829,2.0,18.0
14484,4.0,21.0
4870,5.0,15.0
16470,3.0,19.0
439,0.0,5.0
9806,0.0,15.0
5445,2.0,16.0
37914,4.0,13.0
14251,3.0,18.0
21122,1.0,19.0
21823,4.0,12.0
15056,5.0,13.0
28953,6.0,11.0
17488,3.0,14.0
15501,2.0,11.0
43329,3.0,15.0
39332,0.0,1.0
44910,1.0,9.0
23714,1.0,13.0
49800,6.0,18.0
2607,3.0,20.0
45108,2.0,14.0
43002,6.0,10.0
13128,3.0,16.0
12452,0.0,11.0
36083,3.0,14.0
45590,4.0,19.0
35636,0.0,3.0
17637,6.0,10.0
22051,,9.0
35019,6.0,9.0
11522,2.0,12.0
31123,2.0,7.0
22342,4.0,16.0
18146,4.0,9.0
45882,5.0,13.0
31252,3.0,7.0
86,1.0,17.0
38831,5.0,17.0
4186,3.0,9.0
2801,,14.0
7921,1.0,9.0
35503,0.0,0.0
35158,3.0,15.0
10246,4.0,13.0
8757,1.0,
30748,3.0,6.0
34595,2.0,20.0
48882,5.0,16.0
31657,3.0,14.0
24291,0.0,2.0
41463,1.0,13.0
26769,0.0,1.0
11582,2.0,19.0
23690,3.0,20.0
8652,3.0,13.0
4099,,12.0
4720,3.0,16.0
47700,8.0,11.0
21202,6.0,14.0
17261,4.0,13.0
25819,4.0,14.0
29983,3.0,8.0
9707,3.0,9.0
40800,4.0,10.0
11442,5.0,16.0
2929,2.0,7.0
7844,1.0,6.0
17290,3.0,14.0
45243,1.0,
28098,6.0,12.0
31782,1.0,20.0
32258,4.0,15.0
7615,0.0,5.0
40271,1.0,15.0
17182,6.0,16.0
22770,2.0,13.0
38728,3.0,15.0
25258,0.0,5.0
15616,0.0,0.0
39283,7.0,18.0
30352,3.0,13.0
47531,3.0,13.0
9987,5.0,19.0
24082,4.0,9.0
48123,0.0,15.0
33336,,15.0
26727,3.0,13.0
14604,1.0,8.0
9156,2.0,14.0
38285,2.0,12.0
10475,0.0,6.0
45479,3.0,13.0
36207,1.0,11.0
12620,2.0,12.0
12873,1.0,4.0
39450,8.0,12.0
43239,2.0,19.0
40797,,14.0
7333,5.0,15.0
27830,0.0,9.0
44487,3.0,11.0
4065,5.0,14.0
23792,2.0,13.0
47826,,19.0
6837,3.0,14.0
24376,6.0,12.0
2440,1.0,9.0
25894,6.0,13.0
38529,3.0,10.0
7046,3.0,15.0
33948,3.0,18.0
46544,1.0,10.0
38443,0.0,6.0
16338,3.0,18.0
28035,5.0,12.0
4050,3.0,10.0
19067,2.0,18.0
24741,4.0,13.0
27171,3.0,13.0
2333,2.0,9.0
25163,6.0,20.0
32531,2.0,13.0
44387,2.0,11.0
4295,3.0,15.0
28727,2.0,14.0
4296,4.0,17.0
30533,5.0,10.0
48142,4.0,12.0
22413,1.0,6.0
5641,,7.0
31738,4.0,15.0
32298,3.0,13.0
32874,4.0,14.0
47486,2.0,13.0
20571,0.0,20.0
49414,0.0,1.0
14853,3.0,15.0
19173,2.0,15.0
32226,1.0,16.0
5398,0.0,5.0
38880,5.0,16.0
7010,3.0,13.0
2318,5.0,17.0
43495,2.0,16.0
11705,2.0,18.0
17174,1.0,60.0
37358,2.0,10.0
9549,2.0,12.0
41244,2.0,15.0
25864,4.0,16.0
38085,3.0,17.0
209,2.0,12.0
43177,4.0,13.0
47333,6.0,17.0
31362,7.0,9.0
20681,5.0,9.0
29630,2.0,17.0
41532,5.0,22.0
29445,,17.0
4004,2.0,11.0
6179,3.0,13.0
45410,0.0,
10979,4.0,10.0
31850,1.0,17.0
7153,3.0,13.0
9335,0.0,16.0
16827,8.0,20.0
13954,5.0,14.0
41951,2.0,15.0
4093,5.0,10.0
38141,2.0,12.0
38379,2.0,13.0
33903,4.0,10.0
41663,5.0,19.0
14143,2.0,14.0
49776,5.0,10.0
33740,4.0,17.0
20813,2.0,12.0
1202,3.0,15.0
25993,0.0,6.0
9341,2.0,15.0
27501,1.0,17.0
25100,5.0,13.0
30240,5.0,210.0
23971,4.0,17.0
28833,,16.0
28720,4.0,15.0
10594,2.0,20.0
43687,1.0,20.0
19071,0.0,2.0
41239,4.0,11.0
7945,5.0,16.0
42364,2.0,19.0
14610,3.0,19.0
9880,3.0,18.0
27400,0.0,1.0
26876,2.0,130.0
12284,3.0,9.0
4677,2.0,15.0
5132,3.0,8.0
42804,4.0,16.0
16159,4.0,10.0
36270,2.0,13.0
5047,4.0,9.0
45107,2.0,17.0
25234,0.0,4.0
46271,1.0,16.0
10158,1.0,19.0
11297,6.0,10.0
44395,3.0,13.0
29239,1.0,17.0
22620,1.0,
2153,0.0,15.0
29461,3.0,13.0
26157,1.0,13.0
25375,5.0,10.0
4465,2.0,15.0
23744,1.0,9.0
7434,7.0,10.0
17386,3.0,15.0
855,3.0,12.0
40035,5.0,14.0
16972,2.0,15.0
33222,3.0,16.0
22539,3.0,19.0
384,3.0,7.0
27606,2.0,20.0
29541,0.0,3.0
4705,0.0,9.0
4847,7.0,
33828,6.0,13.0
6469,2.0,12.0
26016,2.0,19.0
26082,0.0,8.0
27906,2.0,17.0
34255,0.0,1.0
17680,2.0,13.0
26673,2.0,17.0
16395,4.0,15.0
4842,6.0,13.0
37871,5.0,21.0
44919,4.0,9.0
12652,3.0,13.0
2590,1.0,8.0
34788,4.0,11.0
2223,5.0,18.0
23372,6.0,13.0
3408,3.0,15.0
39357,2.0,14.0
1451,5.0,11.0
38332,3.0,16.0
19621,0.0,18.0
5001,5.0,15.0
21706,3.0,14.0
13947,1.0,10.0
36697,0.0,5.0
43699,,14.0
23255,5.0,11.0
36703,1.0,11.0
10261,1.0,12.0
10008,1.0,14.0
40816,0.0,1.0
31369,5.0,8.0
2294,2.0,17.0
2370,3.0,
21447,5.0,15.0
27689,1.0,
25578,5.0,24.0
30569,0.0,4.0
7874,1.0,10.0
27260,5.0,10.0
14791,6.0,11.0
28796,3.0,17.0
16499,1.0,17.0
8917,1.0,18.0
45956,6.0,21.0
44534,0.0,2.0
45152,1.0,8.0
11424,0.0,10.0
14630,2.0,17.0
45912,6.0,17.0
37887,4.0,14.0
49944,2.0,20.0
13754,3.0,14.0
42039,0.0,6.0
26947,0.0,
6793,3.0,10.0
11886,0.0,1.0
44858,2.0,19.0
14639,2.0,11.0
20317,1.0,16.0
19899,0.0,17.0
32679,,12.0
18501,5.0,13.0
24829,4.0,14.0
2772,4.0,13.0
22534,5.0,13.0
2778,,5.0
32534,2.0,12.0
48393,3.0,12.0
42935,2.0,15.0
37066,5.0,17.0
24651,4.0,14.0
8178,5.0,17.0
32996,,18.0
24406,2.0,18.0
47286,4.0,18.0
34468,,4.0
20612,0.0,20.0
14152,4.0,13.0
25275,3.0,14.0
6313,4.0,13.0
44913,1.0,4.0
45850,2.0,14.0
23828,2.0,13.0
38759,5.0,14.0
39217,7.0,22.0
21257,0.0,1.0
26165,,17.0
36994,5.0,10.0
32271,6.0,17.0
47923,4.0,8.0
47459,5.0,9.0
32765,4.0,16.0
7780,3.0,14.0
3926,0.0,5.0
36723,5.0,18.0
26461,3.0,15.0
26840,5.0,18.0
20068,2.0,11.0
10130,2.0,18.0
45377,7.0,15.0
22439,5.0,14.0
2384,2.0,15.0
46245,7.0,15.0
27143,7.0,
11334,0.0,2.0
15684,2.0,12.0
31100,,14.0
23907,0.0,9.0
35841,5.0,15.0
35174,6.0,13.0
30618,2.0,14.0
2913,4.0,12.0
33748,2.0,16.0
16028,1.0,13.0
18303,1.0,13.0
16419,4.0,13.0
11352,2.0,17.0
9261,2.0,15.0
7532,4.0,17.0
23921,5.0,19.0
2110,3.0,9.0
47179,3.0,16.0
36255,6.0,13.0
28375,0.0,3.0
10602,5.0,10.0
2955,2.0,12.0
15078,3.0,9.0
16573,2.0,9.0
9760,4.0,14.0
4560,4.0,9.0
13405,6.0,15.0
5842,2.0,17.0
14450,6.0,
16399,2.0,13.0
42068,6.0,18.0
16279,6.0,9.0
14212,2.0,13.0
1821,2.0,60.0
4198,1.0,11.0
30754,0.0,6.0
42366,1.0,18.0
26021,2.0,18.0
6164,1.0,20.0
28066,4.0,10.0
7771,2.0,15.0
23115,3.0,14.0
30206,2.0,15.0
37686,8.0,15.0
26624,6.0,9.0
46734,2.0,12.0
19645,3.0,13.0
32123,0.0,2.0
29870,5.0,14.0
9403,1.0,14.0
9686,2.0,15.0
39189,3.0,19.0
44577,3.0,15.0
1334,5.0,16.0
22805,3.0,24.0
7255,0.0,1.0
20459,4.0,14.0
12374,0.0,2.0
8998,2.0,8.0
36714,2.0,17.0
31416,0.0,9.0
18693,0.0,9.0
791,1.0,19.0
17275,0.0,
43926,0.0,12.0
21417,2.0,20.0
46141,2.0,12.0
23657,2.0,19.0
13160,0.0,2.0
28851,5.0,14.0
24275,2.0,15.0
8456,9.0,16.0
18574,2.0,19.0
14232,5.0,26.0
38374,6.0,19.0
24538,0.0,5.0
32382,1.0,20.0
48813,3.0,18.0
14823,3.0,14.0
43576,1.0,13.0
40770,2.0,18.0
41045,1.0,18.0
40495,4.0,23.0
26589,9.0,14.0
24392,5.0,12.0
43249,5.0,16.0
47454,3.0,13.0
198,0.0,4.0
2533,4.0,9.0
34583,1.0,10.0
6318,2.0,15.0
1612,2.0,13.0
2947,4.0,17.0
44542,0.0,7.0
45431,7.0,10.0
9664,1.0,14.0
43182,4.0,11.0
49632,0.0,2.0
5169,3.0,14.0
49226,6.0,9.0
21563,5.0,15.0
12951,5.0,12.0
38274,0.0,6.0
25219,0.0,4.0
9202,1.0,17.0
11633,0.0,14.0
31757,1.0,15.0
48956,6.0,11.0
27117,6.0,18.0
18526,2.0,12.0
13991,0.0,1.0
39051,6.0,15.0
9912,4.0,17.0
11259,2.0,17.0
1461,1.0,9.0
44375,3.0,15.0
9906,2.0,
29520,7.0,15.0
15448,5.0,8.0
12516,2.0,14.0
46693,5.0,24.0
9067,0.0,3.0
11902,5.0,14.0
5295,5.0,17.0
32498,4.0,13.0
12233,3.0,16.0
8541,3.0,11.0
18944,4.0,14.0
43119,3.0,19.0
26611,1.0,9.0
20993,4.0,14.0
7301,4.0,14.0
18222,0.0,2.0
33264,2.0,11.0
37327,4.0,13.0
21776,0.0,11.0
3529,5.0,12.0
13828,5.0,18.0
47299,4.0,16.0
3089,3.0,18.0
31904,6.0,11.0
48037,1.0,9.0
17221,3.0,15.0
35403,1.0,12.0
30370,4.0,11.0
30677,0.0,3.0
13729,6.0,9.0
29794,3.0,16.0
30108,5.0,13.0
21373,4.0,13.0
11841,4.0,10.0
49045,1.0,10.0
31866,1.0,13.0
18190,0.0,2.0
39826,0.0,4.0
37162,3.0,13.0
1436,2.0,17.0
33138,5.0,7.0
44050,1.0,10.0
497,5.0,8.0
11626,0.0,2.0
3679,2.0,15.0
4963,3.0,21.0
15590,3.0,19.0
48272,2.0,13.0
44722,2.0,11.0
44195,0.0,1.0
37904,0.0,3.0
21218,0.0,12.0
13797,6.0,22.0
37795,7.0,17.0
30864,2.0,6.0
28947,2.0,13.0
13600,6.0,11.0
44977,3.0,10.0
38771,3.0,15.0
7873,0.0,4.0
40189,0.0,3.0
30006,0.0,5.0
27976,4.0,15.0
10539,5.0,18.0
32644,0.0,2.0
1269,2.0,12.0
36023,0.0,18.0
41928,1.0,10.0
23477,,12.0
42243,6.0,12.0
13756,4.0,10.0
26775,3.0,16.0
49949,4.0,16.0
48319,4.0,19.0
31034,0.0,3.0
29553,2.0,18.0
37380,4.0,13.0
3890,7.0,13.0
24544,4.0,17.0
19682,4.0,19.0
21312,4.0,16.0
9162,4.0,10.0
35280,1.0,9.0
12018,3.0,15.0
19884,0.0,10.0
13627,2.0,13.0
8433,1.0,11.0
18642,5.0,15.0
45085,2.0,13.0
13922,0.0,3.0
33924,4.0,11.0
8118,7.0,11.0
37127,2.0,20.0
48169,6.0,13.0
17094,5.0,14.0
37860,4.0,13.0
12655,,21.0
2432,2.0,
48566,5.0,16.0
18394,2.0,19.0
1517,6.0,17.0
21728,1.0,14.0
40156,,18.0
4991,4.0,16.0
22072,2.0,11.0
31749,2.0,16.0
49905,2.0,14.0
1430,3.0,9.0
16193,5.0,14.0
18709,2.0,18.0
31684,0.0,4.0
30904,1.0,18.0
34757,5.0,14.0
44250,7.0,13.0
25608,5.0,11.0
29571,5.0,16.0
31640,6.0,12.0
26059,3.0,14.0
48675,2.0,21.0
15316,1.0,22.0
20857,0.0,2.0
6107,0.0,0.0
30004,3.0,12.0
17679,5.0,15.0
10619,1.0,23.0
14774,2.0,9.0
29075,0.0,14.0
37818,2.0,11.0
2481,1.0,15.0
27969,6.0,12.0
1304,1.0,10.0
8789,3.0,20.0
19087,3.0,9.0
41609,3.0,18.0
34126,5.0,17.0
9831,3.0,15.0
11463,6.0,6.0
2160,4.0,14.0
47372,1.0,9.0
33767,3.0,14.0
18622,4.0,20.0
38208,6.0,14.0
28688,0.0,13.0
23402,3.0,12.0
2045,4.0,16.0
39085,4.0,16.0
3683,4.0,11.0
35433,2.0,12.0
42104,2.0,11.0
35771,6.0,16.0
20791,4.0,7.0
10205,4.0,7.0
36811,2.0,11.0
33529,2.0,17.0
21538,4.0,11.0
29257,5.0,15.0
6233,1.0,
2150,3.0,8.0
9556,4.0,13.0
48291,2.0,18.0
37140,3.0,12.0
41425,2.0,21.0
44571,3.0,18.0
49971,4.0,14.0
32495,5.0,12.0
32019,5.0,110.0
27233,3.0,5.0
42806,1.0,9.0
2734,0.0,2.0
35855,4.0,13.0
35406,0.0,2.0
34208,4.0,15.0
41013,4.0,13.0
25481,2.0,11.0
40827,3.0,16.0
31622,2.0,
42206,6.0,20.0
44107,2.0,20.0
22274,1.0,11.0
22138,3.0,9.0
866,,19.0
40400,2.0,13.0
49156,0.0,20.0
27031,4.0,17.0
40353,0.0,8.0
36850,0.0,0.0
11552,3.0,13.0
7981,3.0,17.0
27092,3.0,14.0
20239,2.0,21.0
41931,4.0,11.0
31637,5.0,20.0
32136,2.0,13.0
46228,,9.0
32501,0.0,14.0
19604,2.0,13.0
22085,7.0,15.0
30673,1.0,14.0
47742,6.0,15.0
42176,2.0,14.0
22213,0.0,1.0
10664,4.0,15.0
7941,3.0,14.0
4252,4.0,19.0
12070,1.0,5.0
49448,0.0,16.0
33967,,9.0
46621,3.0,15.0
43486,3.0,21.0
22078,3.0,16.0
6521,3.0,11.0
38153,2.0,13.0
4819,0.0,14.0
16525,0.0,5.0
10723,2.0,12.0
24646,2.0,15.0
27180,5.0,19.0
24073,0.0,2.0
47050,0.0,17.0
12955,5.0,20.0
46861,3.0,24.0
40550,7.0,21.0
20379,1.0,16.0
5045,5.0,13.0
38531,3.0,19.0
39030,2.0,130.0
12603,2.0,14.0
4121,6.0,18.0
8940,2.0,19.0
8028,2.0,6.0
3744,3.0,11.0
43808,4.0,15.0
40605,0.0,3.0
6419,0.0,1.0
14531,4.0,19.0
8950,4.0,12.0
12275,0.0,13.0
8074,2.0,15.0
25295,4.0,17.0
16281,3.0,10.0
22165,2.0,11.0
39485,3.0,14.0
11282,1.0,19.0
972,,15.0
36298,3.0,13.0
45039,1.0,17.0
36266,1.0,15.0
44108,1.0,9.0
17534,4.0,
14194,,12.0
45310,4.0,10.0
3315,3.0,11.0
24404,6.0,18.0
48810,2.0,16.0
26474,3.0,13.0
40636,4.0,9.0
36987,,15.0
26735,3.0,
6525,2.0,10.0
39949,4.0,19.0
15132,5.0,14.0
28918,1.0,10.0
45822,0.0,4.0
38010,1.0,17.0
23030,0.0,3.0
45678,4.0,17.0
6128,3.0,10.0
26537,2.0,19.0
13132,3.0,16.0
48772,4.0,19.0
31760,3.0,16.0
38688,2.0,20.0
40951,3.0,16.0
36511,3.0,12.0
995,1.0,10.0
24273,1.0,13.0
29487,3.0,17.0
48567,1.0,11.0
40563,3.0,16.0
48847,7.0,11.0
21070,5.0,13.0
36804,2.0,
10578,2.0,12.0
6071,4.0,20.0
22725,0.0,2.0
11290,2.0,13.0
1115,4.0,11.0
47202,2.0,19.0
37200,1.0,12.0
10962,,17.0
8838,0.0,1.0
13327,0.0,3.0
22543,4.0,17.0
23155,3.0,9.0
26596,2.0,14.0
14789,8.0,13.0
39333,4.0,12.0
41897,0.0,6.0
32749,4.0,18.0
46312,2.0,9.0
35694,0.0,1.0
27758,5.0,15.0
28888,5.0,12.0
16839,5.0,9.0
19675,0.0,0.0
5567,3.0,11.0
45472,5.0,19.0
1053,6.0,13.0
5965,5.0,14.0
23949,6.0,16.0
41454,3.0,18.0
27132,3.0,18.0
25965,3.0,21.0
21321,2.0,9.0
21415,5.0,14.0
18375,3.0,8.0
8100,5.0,8.0
22986,,17.0
8959,6.0,14.0
14837,3.0,18.0
33677,2.0,14.0
117,3.0,10.0
38250,3.0,11.0
28176,2.0,18.0
49727,2.0,18.0
2340,2.0,12.0
17239,2.0,16.0
29248,4.0,10.0
40081,6.0,9.0
5597,3.0,14.0
19914,7.0,12.0
41921,3.0,14.0
11286,0.0,5.0
30209,2.0,16.0
42207,3.0,10.0
9419,4.0,
9808,6.0,14.0
1767,0.0,3.0
27391,3.0,15.0
20103,0.0,7.0
27831,0.0,3.0
14223,3.0,21.0
35797,2.0,21.0
38189,4.0,12.0
13681,3.0,24.0
9542,1.0,15.0
26713,1.0,18.0
34228,2.0,10.0
38352,2.0,11.0
3756,3.0,25.0
30848,3.0,12.0
29146,2.0,17.0
21253,8.0,10.0
19553,3.0,15.0
47949,0.0,3.0
29217,2.0,13.0
19417,1.0,14.0
2891,2.0,11.0
36089,5.0,20.0
46069,2.0,11.0
4142,5.0,10.0
38501,3.0,14.0
24198,3.0,15.0
13969,3.0,18.0
9017,6.0,10.0
38653,3.0,13.0
43913,2.0,14.0
38675,6.0,9.0
11328,3.0,8.0
43138,0.0,5.0
5049,4.0,12.0
26878,3.0,13.0
32190,4.0,12.0
24712,3.0,13.0
16486,3.0,13.0
513,5.0,20.0
8307,5.0,13.0
20381,2.0,16.0
45473,2.0,14.0
48860,3.0,8.0
33543,3.0,16.0
32228,1.0,12.0
5321,4.0,18.0
33404,2.0,14.0
19196,1.0,18.0
34046,1.0,16.0
45936,3.0,19.0
18743,6.0,12.0
45993,9.0,19.0
23711,7.0,11.0
7510,3.0,9.0
5117,6.0,11.0
49208,0.0,1.0
35864,0.0,16.0
42595,1.0,19.0
33355,4.0,12.0
10216,2.0,11.0
47773,3.0,14.0
5085,3.0,
21649,5.0,15.0
36637,5.0,9.0
3983,0.0,3.0
30577,3.0,16.0
27095,1.0,20.0
24770,6.0,22.0
18083,4.0,16.0
24953,3.0,20.0
28944,1.0,12.0
19054,5.0,14.0
29037,3.0,18.0
33289,5.0,19.0
10904,3.0,14.0
40448,4.0,7.0
13410,3.0,13.0
6970,1.0,12.0
22851,8.0,8.0
39188,3.0,14.0
25867,2.0,17.0
17103,0.0,0.0
18775,1.0,16.0
21237,3.0,12.0
48038,8.0,16.0
24875,4.0,16.0
17658,0.0,3.0
40383,6.0,13.0
49482,4.0,20.0
25991,1.0,10.0
2724,2.0,15.0
32963,6.0,18.0
28891,2.0,17.0
1791,4.0,6.0
20509,6.0,14.0
13904,6.0,13.0
11319,2.0,7.0
40687,,13.0
31840,5.0,14.0
16530,3.0,19.0
16194,3.0,11.0
14382,3.0,14.0
5369,4.0,20.0
18318,4.0,14.0
16735,4.0,11.0
41247,5.0,20.0
27655,2.0,10.0
24259,2.0,22.0
17483,3.0,14.0
45151,1.0,9.0
29170,4.0,21.0
24556,2.0,14.0
30606,5.0,13.0
2175,,17.0
35012,1.0,18.0
41594,3.0,19.0
32119,0.0,1.0
20928,3.0,11.0
43051,7.0,13.0
37239,3.0,11.0
35284,5.0,7.0
15012,2.0,17.0
49342,4.0,19.0
29333,2.0,11.0
24057,3.0,11.0
4460,4.0,17.0
25774,0.0,1.0
7782,0.0,4.0
5450,7.0,11.0
4549,0.0,3.0
42874,0.0,5.0
12310,8.0,11.0
22022,5.0,11.0
43828,2.0,12.0
42898,0.0,2.0
28310,5.0,14.0
4890,0.0,3.0
48371,0.0,16.0
11567,2.0,14.0
46353,2.0,13.0
26373,3.0,9.0
10115,0.0,1.0
48448,4.0,15.0
10685,2.0,13.0
1025,4.0,25.0
30524,1.0,9.0
35175,2.0,12.0
18430,2.0,14.0
24121,0.0,2.0
7656,2.0,11.0
19977,4.0,15.0
47532,4.0,19.0
36067,3.0,20.0
26715,0.0,2.0
48656,3.0,11.0
8236,,12.0
9365,0.0,3.0
30483,2.0,15.0
492,2.0,13.0
2669,4.0,14.0
31358,0.0,4.0
15101,0.0,2.0
19513,1.0,14.0
37759,4.0,13.0
13040,1.0,
31133,2.0,20.0
43564,4.0,13.0
36038,3.0,22.0
975,5.0,11.0
10272,1.0,16.0
28475,4.0,18.0
22613,4.0,18.0
11954,2.0,14.0
47751,1.0,13.0
37854,2.0,22.0
6851,3.0,19.0
10266,3.0,11.0
2851,2.0,20.0
30303,3.0,13.0
7533,3.0,18.0
799,0.0,2.0
7382,2.0,11.0
44870,6.0,15.0
28493,3.0,12.0
39706,3.0,110.0
16782,6.0,17.0
27034,4.0,14.0
37112,6.0,16.0
32088,5.0,15.0
21759,2.0,9.0
22734,0.0,0.0
32176,1.0,9.0
19896,0.0,9.0
9163,3.0,9.0
36959,4.0,11.0
26913,0.0,6.0
14893,2.0,16.0
46782,0.0,4.0
34889,2.0,15.0
6856,3.0,10.0
42532,1.0,13.0
47332,4.0,14.0
16668,6.0,15.0
36553,3.0,16.0
41120,5.0,17.0
43027,4.0,16.0
21235,3.0,19.0
11299,4.0,9.0
46220,0.0,11.0
31156,5.0,15.0
7135,3.0,14.0
38376,8.0,19.0
19165,2.0,28.0
41306,4.0,19.0
24879,0.0,17.0
23762,4.0,10.0
21490,5.0,14.0
9993,1.0,17.0
5245,5.0,17.0
32150,4.0,9.0
25006,2.0,14.0
49073,7.0,12.0
33654,3.0,14.0
22728,1.0,10.0
17587,2.0,20.0
13333,6.0,20.0
5326,3.0,12.0
28768,2.0,11.0
38090,4.0,12.0
20931,2.0,15.0
16596,4.0,17.0
12064,6.0,15.0
12788,4.0,9.0
25225,1.0,8.0
28710,5.0,10.0
23597,2.0,12.0
39331,0.0,7.0
29659,1.0,16.0
13624,2.0,14.0
10956,4.0,19.0
14387,3.0,12.0
4063,3.0,18.0
5354,0.0,14.0
38170,3.0,14.0
14389,3.0,10.0
34124,1.0,9.0
6804,2.0,15.0
15618,4.0,19.0
48604,4.0,15.0
6983,1.0,
20643,4.0,8.0
7554,0.0,17.0
11366,1.0,19.0
39335,,19.0
31896,4.0,12.0
1453,3.0,15.0
45278,,12.0
47738,4.0,10.0
11184,6.0,13.0
49565,0.0,
49200,4.0,15.0
46068,1.0,16.0
26045,,12.0
32733,,22.0
180,3.0,21.0
29105,3.0,17.0
44472,1.0,19.0
30727,5.0,14.0
40140,3.0,7.0
45700,3.0,11.0
29691,4.0,19.0
47517,4.0,16.0
16143,3.0,19.0
6342,4.0,17.0
24039,3.0,17.0
49219,4.0,10.0
24515,2.0,15.0
42137,3.0,14.0
44953,3.0,6.0
5620,1.0,12.0
45614,3.0,16.0
31545,2.0,13.0
20065,4.0,15.0
1918,0.0,3.0
42089,5.0,16.0
44948,5.0,16.0
36775,2.0,14.0
31581,3.0,18.0
37354,0.0,2.0
37386,8.0,10.0
40543,,4.0
27193,5.0,13.0
15002,2.0,9.0
2949,5.0,18.0
9126,3.0,12.0
4515,1.0,15.0
2390,1.0,18.0
41289,7.0,12.0
12231,1.0,15.0
20451,4.0,10.0
1976,1.0,13.0
9386,1.0,11.0
35412,4.0,
28106,0.0,4.0
33880,1.0,11.0
42549,2.0,9.0
4206,2.0,16.0
38176,1.0,120.0
1504,3.0,20.0
11132,4.0,10.0
23065,0.0,2.0
41818,1.0,16.0
22857,1.0,19.0
33192,2.0,19.0
9884,2.0,10.0
19805,6.0,15.0
35256,0.0,2.0
20429,5.0,12.0
44175,5.0,10.0
44016,5.0,16.0
28809,0.0,3.0
30943,4.0,15.0
1860,0.0,7.0
43393,4.0,10.0
40085,3.0,10.0
45507,3.0,9.0
20215,0.0,4.0
47156,0.0,3.0
20335,1.0,13.0
44896,4.0,17.0
45375,3.0,14.0
49006,7.0,17.0
37199,2.0,10.0
42915,2.0,16.0
43531,3.0,15.0
36948,,12.0
46103,2.0,14.0
375,4.0,16.0
15092,2.0,11.0
1985,1.0,17.0
9826,5.0,17.0
4147,1.0,14.0
16247,0.0,4.0
631,3.0,19.0
14390,4.0,10.0
6580,4.0,
49303,0.0,18.0
16894,0.0,12.0
40620,1.0,12.0
38933,4.0,12.0
16608,5.0,15.0
28006,4.0,16.0
33128,2.0,14.0
3764,6.0,12.0
34582,5.0,11.0
16636,0.0,4.0
37142,5.0,18.0
32064,0.0,3.0
23534,4.0,15.0
36634,0.0,2.0
15315,5.0,14.0
10160,2.0,7.0
1046,2.0,8.0
25938,,12.0
17367,6.0,14.0
9326,1.0,17.0
43937,6.0,14.0
47387,5.0,14.0
10605,2.0,8.0
40945,2.0,11.0
28183,3.0,16.0
2712,0.0,2.0
39545,7.0,16.0
23563,2.0,10.0
4077,2.0,15.0
45743,3.0,15.0
46058,0.0,6.0
24113,5.0,15.0
22076,3.0,18.0
44967,1.0,14.0
45834,2.0,16.0
38587,0.0,19.0
15214,10.0,110.0
49647,6.0,12.0
24041,2.0,15.0
37845,3.0,12.0
8963,0.0,3.0
7575,0.0,15.0
46375,0.0,10.0
38540,3.0,15.0
16269,4.0,13.0
12986,2.0,13.0
26434,1.0,21.0
4690,3.0,15.0
32847,2.0,10.0
49545,0.0,0.0
39787,5.0,15.0
8211,3.0,12.0
44067,2.0,13.0
7666,2.0,16.0
22063,3.0,8.0
49339,3.0,17.0
45474,2.0,23.0
40037,4.0,13.0
21725,1.0,14.0
42762,3.0,11.0
45775,6.0,
15681,5.0,15.0
32600,4.0,15.0
41977,5.0,8.0
45288,4.0,13.0
36742,4.0,14.0
28145,0.0,12.0
23824,2.0,17.0
48894,3.0,12.0
28801,1.0,19.0
4082,0.0,3.0
44083,2.0,14.0
44929,3.0,14.0
19375,3.0,17.0
24018,4.0,18.0
40995,1.0,16.0
49623,2.0,13.0
29904,2.0,14.0
12686,,13.0
16084,0.0,9.0
21610,1.0,8.0
25217,3.0,9.0
17184,0.0,0.0
2752,,16.0
40776,0.0,4.0
31064,4.0,8.0
37594,2.0,
27713,3.0,15.0
26924,1.0,18.0
14513,5.0,10.0
9682,4.0,16.0
32259,3.0,15.0
1041,1.0,18.0
13573,1.0,15.0
10290,3.0,11.0
39925,4.0,12.0
29973,3.0,14.0
17698,6.0,16.0
23136,2.0,12.0
29998,,3.0
29463,3.0,10.0
7689,3.0,19.0
36961,3.0,18.0
20604,2.0,13.0
720,4.0,13.0
43050,3.0,14.0
42125,2.0,12.0
38868,4.0,15.0
37539,1.0,21.0
8120,5.0,15.0
37946,0.0,
23227,0.0,14.0
7013,6.0,15.0
41024,5.0,23.0
15986,4.0,20.0
19577,5.0,15.0
6503,,15.0
18167,0.0,6.0
40158,5.0,17.0
32026,2.0,9.0
38228,1.0,9.0
11139,7.0,15.0
38944,0.0,5.0
34510,6.0,12.0
48405,4.0,13.0
45279,,12.0
35051,4.0,14.0
34239,3.0,20.0
14473,0.0,1.0
13549,0.0,4.0
15752,1.0,18.0
49857,,11.0
41999,6.0,11.0
14985,2.0,16.0
30112,6.0,13.0
5021,1.0,15.0
41821,2.0,15.0
32948,3.0,14.0
10739,0.0,14.0
25800,1.0,17.0
1370,3.0,15.0
31425,,12.0
49004,1.0,16.0
48476,1.0,18.0
31676,4.0,13.0
10088,0.0,3.0
9019,0.0,1.0
7500,3.0,8.0
15234,2.0,6.0
34197,0.0,2.0
16498,5.0,19.0
45381,5.0,8.0
22335,6.0,15.0
36456,4.0,8.0
31183,0.0,16.0
24386,2.0,12.0
32472,2.0,15.0
36879,5.0,16.0
7650,0.0,4.0
10038,5.0,15.0
46848,4.0,11.0
28536,2.0,16.0
18248,4.0,13.0
20999,4.0,17.0
42997,6.0,11.0
43681,6.0,11.0
49495,4.0,10.0
9744,0.0,4.0
27665,6.0,17.0
45080,1.0,15.0
27059,1.0,13.0
48749,3.0,13.0
25066,0.0,5.0
45512,4.0,14.0
48260,7.0,7.0
11963,2.0,12.0
16205,3.0,6.0
10523,5.0,18.0
33856,11.0,15.0
11219,8.0,13.0
42982,6.0,11.0
9321,3.0,7.0
36728,6.0,16.0
30895,0.0,4.0
30413,2.0,14.0
16610,2.0,15.0
36814,2.0,7.0
6962,3.0,18.0
28339,3.0,9.0
26791,3.0,17.0
42301,1.0,18.0
37286,0.0,16.0
15691,0.0,0.0
48562,5.0,20.0
25473,7.0,14.0
44894,5.0,10.0
13131,3.0,19.0
30232,5.0,17.0
12654,,14.0
8287,3.0,14.0
43217,0.0,18.0
10308,1.0,12.0
46408,5.0,14.0
13006,0.0,3.0
16273,5.0,12.0
41068,5.0,13.0
29732,4.0,12.0
44936,0.0,5.0
37704,4.0,13.0
40615,1.0,9.0
10996,3.0,12.0
6928,1.0,14.0
8125,3.0,11.0
41378,4.0,19.0
36181,0.0,22.0
8692,5.0,10.0
31281,4.0,17.0
10120,4.0,12.0
31413,3.0,10.0
13109,0.0,4.0
34327,2.0,11.0
4807,5.0,11.0
8927,3.0,23.0
46329,6.0,14.0
1205,5.0,6.0
2410,4.0,15.0
23998,5.0,18.0
46255,2.0,24.0
3799,8.0,18.0
14931,5.0,15.0
26277,5.0,13.0
30810,1.0,11.0
46572,2.0,14.0
27432,0.0,6.0
43993,1.0,140.0
15238,0.0,10.0
20128,5.0,13.0
8713,0.0,10.0
3673,2.0,14.0
45885,0.0,3.0
16627,5.0,15.0
696,,13.0
19684,2.0,10.0
32799,4.0,11.0
37493,0.0,14.0
42937,4.0,14.0
6407,0.0,23.0
39264,2.0,7.0
47208,1.0,14.0
44333,0.0,3.0
45908,2.0,21.0
8979,3.0,7.0
49830,4.0,14.0
20846,0.0,5.0
11195,3.0,15.0
35086,5.0,14.0
48189,3.0,16.0
48443,5.0,15.0
21799,1.0,19.0
48173,0.0,3.0
31378,2.0,12.0
17944,0.0,2.0
40136,0.0,3.0
40692,0.0,2.0
28299,2.0,12.0
49806,,13.0
40480,0.0,7.0
28058,2.0,17.0
46467,3.0,7.0
1836,4.0,8.0
27086,,12.0
8222,0.0,3.0
43285,2.0,11.0
25495,3.0,19.0
11733,2.0,13.0
43480,4.0,12.0
42556,1.0,16.0
31619,0.0,1.0
32503,2.0,12.0
49853,3.0,10.0
43920,5.0,16.0
33804,2.0,16.0
43672,4.0,22.0
17974,7.0,15.0
48079,4.0,
42658,3.0,11.0
1167,3.0,16.0
19258,1.0,14.0
25083,3.0,16.0
35218,5.0,5.0
37641,2.0,11.0
21625,2.0,13.0
18336,0.0,0.0
35095,2.0,12.0
46300,,14.0
38887,6.0,15.0
5070,9.0,12.0
22844,3.0,10.0
30880,3.0,11.0
28043,2.0,20.0
23110,0.0,8.0
49282,6.0,13.0
5707,7.0,9.0
11830,3.0,18.0
33790,4.0,16.0
36581,1.0,11.0
23979,2.0,15.0
9984,4.0,20.0
29003,2.0,11.0
44109,0.0,4.0
2079,1.0,14.0
36746,3.0,12.0
40337,4.0,18.0
17394,0.0,3.0
47902,3.0,10.0
10165,0.0,9.0
17138,6.0,10.0
14345,0.0,2.0
33202,6.0,13.0
4625,5.0,
28455,0.0,8.0
31801,2.0,13.0
30659,5.0,20.0
17372,4.0,13.0
45824,0.0,19.0
21314,0.0,7.0
3146,5.0,12.0
31842,2.0,16.0
2309,2.0,12.0
30889,6.0,17.0
36534,2.0,14.0
22956,6.0,9.0
4555,5.0,18.0
34355,2.0,12.0
4745,2.0,18.0
43697,8.0,22.0
42865,0.0,5.0
12408,3.0,15.0
5973,3.0,14.0
43957,3.0,11.0
14257,5.0,21.0
20162,0.0,1.0
47162,5.0,17.0
37242,10.0,15.0
46400,4.0,12.0
39438,3.0,13.0
5557,1.0,15.0
40633,2.0,17.0
25363,2.0,19.0
25509,0.0,0.0
3729,1.0,15.0
4174,2.0,13.0
47397,0.0,1.0
39548,4.0,19.0
30793,5.0,21.0
33590,2.0,13.0
45729,0.0,3.0
21659,0.0,13.0
23358,5.0,16.0
24002,6.0,17.0
33517,2.0,17.0
3716,1.0,20.0
15239,1.0,12.0
22233,4.0,10.0
16761,5.0,10.0
46098,2.0,11.0
27720,4.0,15.0
42258,4.0,17.0
34566,0.0,3.0
8922,2.0,12.0
47228,1.0,8.0
891,5.0,14.0
109,3.0,16.0
19655,,11.0
13494,2.0,20.0
1442,2.0,15.0
2026,2.0,9.0
17864,0.0,17.0
33425,2.0,10.0
42494,1.0,16.0
8567,0.0,1.0
23097,,0.0
39338,2.0,17.0
21980,2.0,15.0
35886,1.0,19.0
39295,3.0,22.0
22307,3.0,9.0
26409,6.0,
23754,5.0,14.0
31059,2.0,14.0
26478,2.0,10.0
20925,1.0,8.0
15156,3.0,11.0
11470,4.0,18.0
33755,5.0,12.0
7601,3.0,17.0
39627,2.0,13.0
37572,9.0,16.0
40443,1.0,12.0
42172,5.0,15.0
34217,6.0,14.0
33014,5.0,13.0
8777,3.0,18.0
37740,4.0,11.0
38411,,15.0
10695,1.0,14.0
45866,0.0,4.0
15412,1.0,7.0
6608,3.0,11.0
42356,2.0,11.0
45942,0.0,17.0
45328,2.0,16.0
5556,4.0,8.0
8367,3.0,14.0
10870,1.0,9.0
39271,4.0,18.0
8286,6.0,15.0
38013,1.0,15.0
49102,2.0,
46411,0.0,6.0
10584,0.0,1.0
20102,4.0,12.0
31942,5.0,10.0
44982,4.0,12.0
47627,2.0,15.0
31508,2.0,9.0
45597,0.0,4.0
18610,3.0,17.0
33960,3.0,8.0
29330,4.0,13.0
42912,1.0,21.0
32976,6.0,18.0
46495,7.0,14.0
20088,4.0,9.0
44155,5.0,12.0
23929,7.0,19.0
27756,2.0,18.0
26255,6.0,12.0
32991,3.0,14.0
47888,6.0,15.0
7789,5.0,9.0
37814,2.0,21.0
15350,7.0,5.0
11920,5.0,15.0
18915,0.0,6.0
3899,3.0,11.0
25455,3.0,17.0
36944,6.0,13.0
2297,3.0,14.0
24106,6.0,14.0
44140,1.0,19.0
12961,6.0,18.0
42657,2.0,11.0
24975,6.0,14.0
35262,4.0,16.0
3907,2.0,15.0
21764,3.0,18.0
9523,3.0,9.0
21342,1.0,10.0
5758,7.0,14.0
11973,3.0,5.0
11513,7.0,10.0
1262,5.0,14.0
24435,3.0,15.0
40198,5.0,15.0
44313,2.0,12.0
23798,3.0,14.0
42824,1.0,11.0
35815,2.0,7.0
26552,4.0,14.0
6997,1.0,19.0
32663,3.0,16.0
33044,,1.0
25591,1.0,12.0
49003,5.0,10.0
21093,0.0,2.0
7949,5.0,18.0
43577,4.0,14.0
18419,5.0,15.0
36724,4.0,11.0
17244,4.0,15.0
21540,3.0,15.0
30067,5.0,12.0
411,3.0,5.0
344,3.0,13.0
43873,3.0,12.0
29724,3.0,
16504,0.0,3.0
25154,2.0,12.0
6192,4.0,15.0
29629,1.0,11.0
42718,3.0,15.0
49529,3.0,14.0
36660,1.0,
25102,0.0,2.0
40542,2.0,15.0
29496,4.0,15.0
43338,6.0,10.0
32602,2.0,15.0
49563,4.0,12.0
39037,4.0,19.0
7641,7.0,18.0
47774,2.0,18.0
47113,4.0,15.0
34372,3.0,14.0
19812,5.0,17.0
49585,2.0,12.0
1999,4.0,10.0
49872,6.0,12.0
47504,6.0,13.0
49081,1.0,14.0
27738,1.0,13.0
5102,5.0,10.0
11900,0.0,3.0
19411,4.0,13.0
48464,2.0,17.0
14037,1.0,10.0
32449,1.0,11.0
8536,5.0,11.0
21570,,
22580,1.0,14.0
17681,1.0,15.0
42616,4.0,15.0
526,1.0,18.0
16730,1.0,19.0
13798,2.0,200.0
47756,0.0,7.0
22887,4.0,16.0
23281,7.0,8.0
47002,1.0,14.0
40146,3.0,12.0
7620,5.0,10.0
36328,5.0,18.0
14621,0.0,4.0
36753,0.0,2.0
5575,5.0,12.0
31686,0.0,
42818,5.0,
15457,1.0,18.0
46829,4.0,20.0
18440,2.0,9.0
19530,3.0,14.0
8283,1.0,12.0
20376,2.0,17.0
46720,2.0,8.0
3481,2.0,16.0
9134,2.0,18.0
44739,5.0,17.0
30057,2.0,18.0
31833,0.0,3.0
15084,2.0,16.0
23248,1.0,16.0
26178,6.0,14.0
39226,4.0,16.0
41595,0.0,14.0
47099,2.0,16.0
37645,0.0,4.0
6973,1.0,17.0
6498,4.0,14.0
27859,4.0,17.0
32888,0.0,1.0
4019,0.0,2.0
4664,2.0,19.0
40530,0.0,10.0
45854,6.0,14.0
44852,0.0,10.0
11515,0.0,3.0
24100,1.0,17.0
3914,7.0,15.0
32444,3.0,13.0
48733,2.0,22.0
23937,4.0,18.0
16226,4.0,15.0
1895,1.0,12.0
37021,1.0,19.0
45341,6.0,8.0
4307,,18.0
14838,2.0,12.0
11353,4.0,15.0
26574,7.0,
426,5.0,13.0
10000,5.0,10.0
41144,2.0,10.0
30556,4.0,6.0
37391,2.0,20.0
39084,4.0,14.0
43906,4.0,14.0
13703,6.0,19.0
24322,3.0,15.0
24185,6.0,16.0
31606,4.0,12.0
8281,1.0,11.0
46646,4.0,18.0
41368,0.0,1.0
42041,0.0,2.0
10907,0.0,16.0
19966,6.0,12.0
1478,4.0,15.0
4743,0.0,0.0
48835,1.0,14.0
24003,1.0,17.0
41893,,12.0
34976,0.0,7.0
48886,3.0,18.0
20062,2.0,13.0
7549,7.0,11.0
41521,2.0,12.0
37175,4.0,22.0
38224,4.0,17.0
10464,5.0,9.0
36851,0.0,
45800,2.0,16.0
24652,2.0,10.0
49514,0.0,1.0
43839,3.0,15.0
10550,0.0,1.0
36512,3.0,10.0
27019,7.0,18.0
37174,3.0,12.0
1735,3.0,13.0
8870,,9.0
14665,5.0,18.0
9964,2.0,15.0
13819,5.0,10.0
18027,0.0,3.0
38410,6.0,9.0
25528,5.0,13.0
4028,2.0,12.0
39420,2.0,13.0
44573,2.0,14.0
25797,2.0,17.0
18784,1.0,17.0
34503,,16.0
11858,4.0,13.0
41633,8.0,8.0
10899,6.0,14.0
3193,1.0,13.0
1521,3.0,11.0
19712,5.0,16.0
8640,5.0,11.0
1926,4.0,14.0
4937,3.0,14.0
46971,0.0,16.0
45023,1.0,16.0
42526,5.0,13.0
10415,3.0,15.0
12306,3.0,16.0
14061,5.0,9.0
46417,7.0,18.0
32028,4.0,4.0
37316,0.0,13.0
38661,4.0,11.0
21273,1.0,18.0
11127,1.0,15.0
7419,3.0,13.0
10486,2.0,14.0
3485,3.0,9.0
32320,3.0,8.0
33134,2.0,12.0
18807,0.0,3.0
35066,2.0,12.0
21103,1.0,15.0
30155,0.0,3.0
35065,,12.0
38662,2.0,13.0
44503,0.0,1.0
22631,3.0,15.0
31409,7.0,15.0
13261,0.0,16.0
47467,4.0,13.0
13250,9.0,18.0
34794,4.0,
6333,3.0,14.0
37302,2.0,13.0
25631,5.0,12.0
43397,1.0,15.0
15801,6.0,10.0
31693,0.0,4.0
17392,2.0,15.0
18286,6.0,9.0
14084,4.0,17.0
16320,2.0,17.0
349,4.0,14.0
33151,4.0,16.0
39305,5.0,13.0
42776,3.0,6.0
35882,0.0,1.0
17208,1.0,14.0
38836,4.0,10.0
5213,4.0,13.0
29996,2.0,14.0
38353,3.0,7.0
18396,3.0,11.0
44527,2.0,12.0
15802,2.0,22.0
25615,3.0,28.0
18391,6.0,14.0
27997,4.0,15.0
37843,2.0,13.0
19610,3.0,18.0
29666,5.0,16.0
31837,0.0,3.0
26135,6.0,18.0
21883,3.0,16.0
48283,6.0,17.0
26050,1.0,6.0
48616,2.0,23.0
35133,4.0,19.0
49422,2.0,18.0
7060,3.0,16.0
40749,1.0,9.0
31288,0.0,2.0
33345,2.0,19.0
6732,3.0,15.0
43374,2.0,14.0
49424,4.0,19.0
43264,0.0,1.0
10748,6.0,13.0
27085,1.0,15.0
49269,2.0,19.0
24677,6.0,15.0
36541,1.0,15.0
34127,4.0,17.0
5538,4.0,15.0
45010,0.0,5.0
33713,3.0,12.0
45580,0.0,2.0
27835,4.0,20.0
18131,1.0,12.0
10659,4.0,6.0
9428,4.0,
24401,1.0,9.0
45305,1.0,11.0
16197,5.0,21.0
29384,2.0,
39493,2.0,
21844,8.0,6.0
31334,3.0,12.0
19912,5.0,14.0
47260,0.0,1.0
10884,4.0,16.0
38361,1.0,14.0
34233,3.0,12.0
22368,3.0,14.0
14048,4.0,14.0
22570,0.0,2.0
38210,4.0,14.0
30902,3.0,10.0
29585,0.0,2.0
35034,1.0,13.0
6739,3.0,20.0
44294,5.0,14.0
15382,0.0,1.0
851,4.0,17.0
31357,1.0,16.0
46778,5.0,14.0
26345,6.0,18.0
18551,2.0,15.0
32969,4.0,14.0
35134,2.0,13.0
9743,4.0,14.0
11344,4.0,
8611,0.0,1.0
44154,5.0,15.0
37553,7.0,11.0
43715,0.0,14.0
33957,3.0,9.0
38738,2.0,16.0
10313,4.0,13.0
34171,3.0,9.0
18047,3.0,12.0
20297,0.0,3.0
23041,6.0,10.0
27430,4.0,15.0
25548,1.0,17.0
11542,2.0,15.0
3401,1.0,21.0
35521,0.0,14.0
35138,2.0,18.0
28264,6.0,17.0
37004,0.0,4.0
36776,3.0,10.0
1432,2.0,12.0
49571,3.0,15.0
47829,3.0,130.0
3454,2.0,14.0
1060,3.0,9.0
10977,1.0,17.0
29838,0.0,16.0
25405,5.0,18.0
14846,4.0,18.0
32793,5.0,14.0
36256,2.0,13.0
30916,2.0,18.0
31702,1.0,12.0
43128,4.0,14.0
36726,1.0,11.0
44650,2.0,13.0
41003,3.0,14.0
12864,0.0,0.0
3279,3.0,12.0
39703,1.0,8.0
21985,0.0,2.0
37975,4.0,13.0
887,1.0,14.0
20139,3.0,7.0
44766,3.0,24.0
42046,4.0,7.0
35621,2.0,
47198,1.0,13.0
42097,1.0,12.0
4946,6.0,17.0
14315,3.0,13.0
38929,1.0,18.0
18007,4.0,15.0
34563,2.0,13.0
8086,4.0,11.0
32429,3.0,15.0
41806,0.0,3.0
1389,0.0,2.0
31147,5.0,13.0
43666,4.0,13.0
19609,1.0,13.0
43692,3.0,13.0
30996,4.0,12.0
25220,3.0,19.0
6875,0.0,7.0
37598,4.0,13.0
17003,5.0,10.0
28406,3.0,6.0
44679,0.0,
13348,2.0,13.0
22119,6.0,15.0
1516,4.0,11.0
46074,8.0,13.0
44659,5.0,19.0
37877,4.0,16.0
23695,3.0,14.0
39024,3.0,
15921,2.0,12.0
42932,1.0,9.0
4964,0.0,3.0
35896,2.0,17.0
42831,4.0,20.0
6720,0.0,1.0
46663,2.0,13.0
19160,,9.0
40717,7.0,15.0
9190,4.0,12.0
42505,5.0,15.0
21944,2.0,10.0
23512,6.0,19.0
33501,0.0,0.0
489,0.0,14.0
24258,2.0,20.0
46038,3.0,14.0
47539,6.0,8.0
40896,0.0,9.0
48850,2.0,16.0
16099,0.0,1.0
45490,0.0,170.0
48177,6.0,9.0
38096,0.0,3.0
30130,4.0,14.0
11459,5.0,7.0
32115,3.0,17.0
18156,5.0,18.0
30932,7.0,13.0
45394,4.0,11.0
5175,3.0,17.0
31044,1.0,8.0
47070,2.0,13.0
40868,2.0,14.0
10555,4.0,18.0
45948,2.0,17.0
5658,,16.0
40730,0.0,12.0
42279,3.0,6.0
28104,0.0,5.0
8404,5.0,11.0
36750,0.0,2.0
45608,3.0,23.0
41426,3.0,22.0
43060,3.0,14.0
36951,3.0,16.0
38751,0.0,2.0
46076,6.0,15.0
23866,4.0,15.0
33463,0.0,14.0
2577,0.0,2.0
38973,2.0,19.0
48270,5.0,23.0
2246,3.0,13.0
18094,0.0,15.0
19483,2.0,9.0
42338,0.0,1.0
38914,3.0,18.0
41381,5.0,18.0
39937,5.0,16.0
33375,2.0,15.0
15813,0.0,
18968,5.0,11.0
30999,3.0,13.0
39286,4.0,12.0
3833,3.0,9.0
13276,1.0,17.0
41249,5.0,18.0
5545,5.0,9.0
16813,1.0,13.0
1221,2.0,17.0
6062,2.0,11.0
30173,4.0,17.0
11771,2.0,18.0
41932,3.0,18.0
35264,1.0,13.0
48087,0.0,16.0
43380,5.0,23.0
40548,2.0,9.0
15756,0.0,2.0
25393,2.0,15.0
25907,3.0,11.0
33478,4.0,8.0
21482,0.0,3.0
7058,1.0,17.0
15384,6.0,16.0
44810,0.0,5.0
13972,0.0,2.0
14735,4.0,11.0
21640,2.0,16.0
36926,2.0,13.0
23399,0.0,12.0
1126,,5.0
26101,6.0,13.0
48112,,170.0
26787,0.0,12.0
45478,3.0,21.0
8746,0.0,23.0
10504,2.0,14.0
5316,1.0,170.0
37592,5.0,14.0
30785,2.0,10.0
432,5.0,23.0
7494,2.0,25.0
24132,3.0,14.0
3335,4.0,18.0
9939,5.0,10.0
34843,5.0,10.0
4017,0.0,5.0
23893,3.0,15.0
3452,1.0,13.0
2055,6.0,13.0
34572,7.0,8.0
14881,4.0,18.0
22923,3.0,13.0
32127,0.0,10.0
34639,2.0,7.0
21841,3.0,16.0
47789,7.0,18.0
33823,5.0,14.0
23088,2.0,12.0
7328,,9.0
4384,,19.0
11666,,11.0
1535,2.0,19.0
35490,2.0,21.0
36558,4.0,18.0
42360,0.0,13.0
15336,6.0,11.0
1792,5.0,11.0
22680,4.0,16.0
45581,5.0,7.0
43141,4.0,14.0
5311,0.0,1.0
28271,6.0,18.0
13232,4.0,18.0
36885,4.0,19.0
12191,5.0,17.0
46834,1.0,11.0
16287,4.0,15.0
18092,4.0,12.0
4218,4.0,16.0
4394,4.0,13.0
37503,2.0,11.0
29515,2.0,15.0
24988,4.0,13.0
42362,0.0,4.0
18175,6.0,12.0
26130,0.0,4.0
46760,1.0,13.0
41129,4.0,14.0
37611,4.0,13.0
24509,2.0,14.0
2642,5.0,10.0
46942,0.0,3.0
25298,3.0,15.0
3929,0.0,4.0
2749,2.0,14.0
25957,1.0,15.0
23544,2.0,20.0
34722,1.0,23.0
9683,2.0,18.0
29399,0.0,2.0
34549,2.0,13.0
37606,3.0,13.0
11926,7.0,11.0
15717,0.0,4.0
30587,2.0,7.0
37765,4.0,10.0
39822,4.0,15.0
4702,2.0,17.0
15440,5.0,11.0
44565,2.0,15.0
41234,7.0,15.0
49660,2.0,17.0
44350,3.0,14.0
13950,3.0,10.0
37217,1.0,21.0
12835,1.0,9.0
2131,5.0,14.0
13488,2.0,14.0
36916,4.0,13.0
45199,6.0,12.0
43092,4.0,17.0
20833,0.0,4.0
13755,6.0,20.0
576,4.0,15.0
37323,3.0,13.0
36331,3.0,13.0
17444,0.0,15.0
10027,2.0,12.0
35643,3.0,17.0
24823,1.0,15.0
37767,2.0,160.0
28509,3.0,15.0
27351,2.0,13.0
36015,1.0,13.0
39045,1.0,14.0
19532,0.0,4.0
23707,1.0,13.0
29986,0.0,0.0
783,0.0,4.0
3496,,20.0
14943,1.0,10.0
38862,1.0,13.0
9151,3.0,17.0
40668,7.0,12.0
34446,4.0,8.0
21909,0.0,6.0
48387,3.0,13.0
20976,6.0,17.0
31351,,10.0
29168,3.0,11.0
34792,0.0,4.0
31352,3.0,17.0
8596,3.0,17.0
9399,3.0,11.0
7993,4.0,19.0
47360,1.0,11.0
8071,1.0,12.0
37246,5.0,23.0
24333,3.0,11.0
26568,0.0,2.0
23961,2.0,18.0
23980,4.0,11.0
44632,3.0,11.0
8946,3.0,14.0
28724,5.0,11.0
491,5.0,13.0
35002,5.0,14.0
41699,5.0,14.0
23600,4.0,16.0
46479,3.0,11.0
30586,7.0,13.0
20903,3.0,18.0
34810,6.0,19.0
28911,3.0,10.0
7869,3.0,13.0
40423,1.0,17.0
15944,6.0,15.0
15005,1.0,13.0
15153,1.0,14.0
18954,2.0,17.0
34521,3.0,
12557,2.0,15.0
3882,2.0,150.0
46277,5.0,14.0
15406,4.0,12.0
35332,2.0,
50,4.0,20.0
5121,4.0,12.0
39685,3.0,9.0
9753,5.0,21.0
32703,2.0,9.0
3343,3.0,19.0
19756,,8.0
26419,4.0,10.0
38530,2.0,18.0
1419,5.0,21.0
37706,0.0,3.0
3543,1.0,9.0
35077,4.0,7.0
15985,2.0,15.0
49411,5.0,
36472,5.0,16.0
13011,3.0,21.0
17635,4.0,14.0
17498,2.0,20.0
10378,3.0,10.0
25931,2.0,14.0
35600,1.0,15.0
47292,3.0,15.0
36863,3.0,19.0
26109,3.0,17.0
43915,1.0,11.0
4576,,15.0
34824,6.0,16.0
25463,1.0,16.0
21193,3.0,12.0
30566,0.0,4.0
48329,4.0,15.0
35756,3.0,17.0
33259,7.0,16.0
30993,4.0,14.0
4469,4.0,17.0
15819,4.0,13.0
11082,4.0,17.0
22980,,10.0
1394,1.0,12.0
47928,1.0,18.0
17683,4.0,21.0
10713,1.0,13.0
44727,0.0,1.0
40775,0.0,1.0
6721,5.0,21.0
37526,4.0,11.0
14843,2.0,9.0
46121,6.0,22.0
11161,0.0,3.0
34855,3.0,10.0
31765,2.0,16.0
38746,6.0,14.0
26883,2.0,16.0
9203,2.0,13.0
42635,5.0,16.0
47452,6.0,15.0
39433,4.0,6.0
37801,1.0,18.0
2044,3.0,8.0
39714,6.0,6.0
11774,4.0,15.0
2839,5.0,10.0
10073,2.0,13.0
24649,4.0,18.0
20074,,15.0
8552,1.0,
33570,3.0,15.0
45707,4.0,13.0
23720,4.0,12.0
34069,3.0,
19412,3.0,23.0
16255,5.0,9.0
44547,1.0,14.0
28822,3.0,200.0
5434,3.0,
45487,4.0,16.0
12066,0.0,5.0
43965,3.0,9.0
31225,3.0,11.0
7461,2.0,19.0
32654,1.0,17.0
23329,5.0,11.0
11152,4.0,20.0
6171,6.0,13.0
766,7.0,13.0
19976,4.0,10.0
14451,2.0,13.0
25854,3.0,13.0
45452,2.0,18.0
19951,2.0,15.0
10204,2.0,12.0
11891,5.0,8.0
27257,,11.0
47308,6.0,13.0
31393,3.0,17.0
17247,2.0,12.0
16199,1.0,
3352,5.0,11.0
13398,4.0,14.0
37750,3.0,7.0
21962,1.0,14.0
32342,1.0,9.0
43472,6.0,12.0
5055,5.0,9.0
1057,3.0,16.0
32470,1.0,17.0
706,3.0,18.0
20168,7.0,17.0
24831,0.0,2.0
1687,4.0,10.0
48067,4.0,12.0
24907,4.0,11.0
25640,1.0,9.0
17121,6.0,15.0
24147,1.0,14.0
44438,4.0,15.0
29967,2.0,11.0
385,3.0,17.0
11172,2.0,17.0
41392,3.0,15.0
46768,0.0,4.0
23555,0.0,5.0
14882,2.0,11.0
18845,2.0,15.0
15722,3.0,15.0
20567,2.0,14.0
27207,3.0,18.0
21795,0.0,2.0
4483,6.0,16.0
3082,0.0,6.0
30151,0.0,2.0
35082,4.0,15.0
25596,2.0,14.0
44776,,7.0
17499,0.0,4.0
19751,5.0,20.0
11899,5.0,17.0
44543,4.0,11.0
40613,2.0,11.0
7265,6.0,13.0
41541,4.0,10.0
5432,2.0,9.0
15108,10.0,
1674,6.0,19.0
45518,3.0,13.0
18214,3.0,11.0
2278,3.0,13.0
44552,5.0,9.0
19253,2.0,19.0
10790,2.0,15.0
43198,5.0,16.0
7033,4.0,
8078,2.0,12.0
3825,1.0,13.0
37348,5.0,13.0
2585,4.0,12.0
1446,4.0,17.0
45413,8.0,18.0
22826,3.0,16.0
39780,1.0,21.0
37346,3.0,11.0
14914,6.0,17.0
26872,5.0,12.0
19193,2.0,13.0
16868,0.0,15.0
39164,,13.0
1552,5.0,16.0
3213,0.0,4.0
29924,5.0,12.0
37655,6.0,15.0
208,1.0,
42921,0.0,4.0
30948,1.0,13.0
35833,1.0,13.0
40408,3.0,18.0
21651,5.0,13.0
37865,3.0,16.0
8656,0.0,3.0
923,3.0,7.0
38942,4.0,14.0
2125,4.0,18.0
9442,2.0,15.0
47838,4.0,11.0
13237,6.0,17.0
8872,,13.0
37160,4.0,14.0
36398,3.0,12.0
39442,5.0,13.0
27649,3.0,8.0
49596,1.0,12.0
16304,0.0,16.0
35557,5.0,11.0
33220,4.0,14.0
36196,3.0,17.0
33377,3.0,13.0
1213,5.0,10.0
42078,5.0,17.0
49720,5.0,20.0
30651,0.0,9.0
32915,4.0,11.0
33157,1.0,17.0
4948,5.0,11.0
20981,6.0,19.0
7405,3.0,9.0
41029,0.0,6.0
24899,3.0,16.0
46949,1.0,16.0
4827,3.0,11.0
45558,2.0,12.0
23225,2.0,19.0
49832,3.0,11.0
30204,2.0,7.0
4456,3.0,5.0
22861,2.0,21.0
28811,4.0,19.0
28330,0.0,1.0
13197,4.0,
15356,3.0,16.0
33483,1.0,18.0
48589,3.0,17.0
20780,2.0,16.0
29028,6.0,
41625,1.0,16.0
35126,2.0,12.0
47952,4.0,16.0
48026,4.0,16.0
21243,2.0,13.0
7471,2.0,14.0
13541,1.0,22.0
1991,5.0,12.0
34543,4.0,14.0
5767,1.0,11.0
43464,3.0,13.0
4769,5.0,16.0
38393,5.0,14.0
15331,0.0,15.0
36625,8.0,11.0
2979,1.0,9.0
25312,5.0,19.0
19228,6.0,21.0
13832,8.0,22.0
20151,2.0,15.0
10247,1.0,16.0
11509,4.0,13.0
15198,1.0,8.0
46917,2.0,19.0
26189,1.0,16.0
9246,1.0,14.0
34265,2.0,15.0
5039,3.0,15.0
21474,0.0,4.0
41526,4.0,13.0
33718,4.0,14.0
18260,2.0,17.0
20717,1.0,8.0
34537,0.0,3.0
40058,2.0,14.0
37411,0.0,2.0
40,4.0,12.0
37681,2.0,14.0
14709,1.0,13.0
14179,2.0,12.0
537,2.0,19.0
24506,0.0,1.0
23962,4.0,8.0
7881,4.0,11.0
24019,,19.0
1347,3.0,11.0
49281,3.0,8.0
43412,6.0,13.0
31286,2.0,11.0
8111,5.0,16.0
34823,0.0,10.0
17781,1.0,13.0
27355,3.0,9.0
35483,2.0,
4249,7.0,13.0
47200,6.0,17.0
17568,3.0,4.0
25793,2.0,
35811,1.0,12.0
33058,3.0,21.0
27936,3.0,10.0
20498,2.0,20.0
8209,2.0,16.0
47661,,10.0
27894,0.0,0.0
36386,3.0,16.0
20064,6.0,20.0
26892,2.0,13.0
35854,5.0,8.0
36324,5.0,9.0
7790,3.0,13.0
7922,3.0,12.0
34379,0.0,0.0
28445,5.0,15.0
49468,0.0,5.0
26885,4.0,15.0
45567,0.0,14.0
36665,4.0,25.0
44504,9.0,19.0
36351,2.0,16.0
32103,5.0,17.0
49703,,12.0
18864,4.0,14.0
29375,3.0,12.0
49626,2.0,21.0
17038,3.0,5.0
17694,3.0,10.0
38673,4.0,12.0
24604,4.0,17.0
4168,5.0,16.0
22404,1.0,16.0
8204,5.0,16.0
3281,3.0,14.0
13776,0.0,4.0
9195,4.0,11.0
45035,4.0,9.0
27334,3.0,19.0
890,2.0,26.0
38382,2.0,11.0
36617,,14.0
34396,5.0,19.0
12215,0.0,4.0
41983,2.0,11.0
18155,0.0,4.0
49735,3.0,17.0
14549,1.0,
39570,3.0,11.0
19270,0.0,21.0
26306,0.0,5.0
7023,3.0,17.0
27753,4.0,12.0
34191,3.0,11.0
21585,3.0,22.0
17006,,10.0
35530,4.0,24.0
14834,6.0,18.0
31027,6.0,16.0
19560,7.0,18.0
2284,3.0,6.0
41015,3.0,10.0
2912,4.0,9.0
8458,3.0,18.0
28508,4.0,14.0
13668,0.0,0.0
25584,3.0,18.0
26934,3.0,15.0
9098,2.0,10.0
47409,0.0,2.0
5496,,15.0
22421,2.0,13.0
23498,,14.0
37775,1.0,15.0
20533,1.0,23.0
25098,4.0,20.0
47556,,23.0
35362,3.0,20.0
2523,2.0,14.0
46313,1.0,11.0
37555,2.0,15.0
7332,5.0,15.0
24187,4.0,16.0
7607,0.0,4.0
3169,2.0,20.0
47285,4.0,16.0
34833,2.0,
49929,2.0,16.0
7989,2.0,14.0
17561,0.0,2.0
14135,3.0,12.0
12303,3.0,9.0
48267,3.0,7.0
39200,5.0,13.0
19690,6.0,16.0
40663,4.0,12.0
39940,5.0,10.0
49859,5.0,11.0
29433,,14.0
13978,2.0,19.0
24173,1.0,16.0
22222,0.0,5.0
28456,2.0,19.0
10741,4.0,17.0
23645,1.0,20.0
26216,0.0,3.0
24448,0.0,2.0
23819,4.0,9.0
36320,2.0,26.0
17800,3.0,11.0
441,,11.0
44461,6.0,12.0
40108,5.0,20.0
30499,3.0,9.0
48884,3.0,16.0
831,1.0,8.0
26383,0.0,3.0
1248,1.0,16.0
18289,3.0,12.0
19402,3.0,13.0
48534,,
34736,,10.0
27387,5.0,16.0
14489,3.0,14.0
48620,1.0,16.0
5033,2.0,11.0
34135,4.0,13.0
26485,3.0,12.0
45767,4.0,10.0
46545,5.0,13.0
30624,5.0,19.0
9918,3.0,15.0
1211,3.0,6.0
39327,5.0,5.0
5250,4.0,10.0
38328,4.0,15.0
29071,1.0,19.0
10234,4.0,15.0
40212,4.0,14.0
4424,2.0,16.0
24169,4.0,15.0
45132,0.0,4.0
49404,4.0,18.0
15877,4.0,9.0
20686,5.0,15.0
22300,2.0,16.0
30689,6.0,11.0
41964,2.0,14.0
12252,,10.0
30786,3.0,6.0
5317,4.0,19.0
33628,2.0,9.0
4407,3.0,8.0
35182,5.0,13.0
29036,7.0,15.0
48561,2.0,15.0
43995,4.0,15.0
20234,6.0,9.0
21259,2.0,15.0
12158,5.0,9.0
16083,0.0,20.0
15261,1.0,15.0
47732,4.0,11.0
9781,1.0,12.0
32901,0.0,0.0
29459,4.0,13.0
1925,0.0,4.0
26055,2.0,17.0
36438,3.0,10.0
31095,4.0,13.0
5032,0.0,12.0
36855,0.0,16.0
25315,,15.0
6044,3.0,11.0
26600,4.0,14.0
7209,2.0,10.0
42871,2.0,15.0
27833,2.0,22.0
3005,0.0,3.0
32918,4.0,14.0
34294,2.0,9.0
340,5.0,11.0
2374,1.0,17.0
8529,1.0,18.0
10101,6.0,14.0
8776,6.0,13.0
21900,3.0,18.0
45403,1.0,15.0
39710,3.0,8.0
20109,3.0,6.0
30119,2.0,13.0
49717,3.0,11.0
44548,3.0,23.0
15705,8.0,8.0
30328,,18.0
18861,2.0,8.0
20615,4.0,9.0
19923,3.0,17.0
3287,1.0,18.0
12407,5.0,15.0
29356,3.0,10.0
30500,4.0,12.0
13173,0.0,5.0
15427,,16.0
28116,2.0,11.0
27996,3.0,15.0
15582,2.0,15.0
46011,0.0,3.0
31244,,10.0
46853,4.0,17.0
139,5.0,16.0
11159,3.0,17.0
8470,0.0,2.0
22890,2.0,11.0
12124,3.0,12.0
46692,8.0,12.0
10218,2.0,11.0
9221,,13.0
47005,,4.0
25925,5.0,17.0
47847,3.0,13.0
18766,4.0,14.0
15557,1.0,24.0
11916,1.0,12.0
13392,1.0,90.0
46628,5.0,12.0
42152,3.0,11.0
27189,2.0,5.0
32420,2.0,20.0
36733,4.0,14.0
8116,3.0,8.0
23895,0.0,4.0
42030,3.0,17.0
35605,1.0,16.0
25256,3.0,11.0
3010,2.0,16.0
21913,1.0,14.0
8475,3.0,14.0
34289,2.0,13.0
8847,3.0,14.0
21323,1.0,13.0
26510,2.0,16.0
10627,7.0,17.0
17893,1.0,14.0
752,2.0,
16829,3.0,13.0
8266,3.0,14.0
29192,3.0,13.0
42345,2.0,13.0
45329,4.0,15.0
47428,3.0,20.0
10457,,11.0
42466,2.0,14.0
47536,5.0,21.0
4336,3.0,13.0
4355,2.0,15.0
18314,4.0,15.0
5861,3.0,17.0
43244,2.0,18.0
18302,3.0,11.0
49741,3.0,16.0
23862,4.0,7.0
2564,2.0,11.0
28528,3.0,
10471,1.0,18.0
922,5.0,11.0
30649,0.0,2.0
37417,3.0,18.0
6753,1.0,16.0
27303,7.0,14.0
25478,5.0,14.0
21050,3.0,24.0
48264,1.0,
39741,4.0,17.0
36670,3.0,14.0
30364,7.0,7.0
9021,1.0,10.0
29635,0.0,6.0
14521,2.0,
45642,6.0,11.0
43707,0.0,5.0
42622,0.0,13.0
19365,3.0,17.0
13821,1.0,16.0
18368,6.0,9.0
32042,5.0,16.0
29593,3.0,8.0
1440,3.0,12.0
39773,2.0,12.0
14014,1.0,15.0
41428,2.0,14.0
12121,,12.0
36192,0.0,19.0
32286,0.0,15.0
35958,1.0,15.0
33749,5.0,12.0
16819,2.0,18.0
27611,2.0,19.0
34835,4.0,18.0
27944,2.0,16.0
3360,4.0,10.0
5223,1.0,18.0
20678,,8.0
44143,6.0,16.0
12333,5.0,7.0
6774,2.0,14.0
29392,1.0,15.0
40911,8.0,17.0
28463,0.0,5.0
49010,1.0,16.0
5713,2.0,11.0
10592,0.0,3.0
46862,0.0,2.0
10139,6.0,23.0
2560,3.0,8.0
30259,2.0,14.0
28460,3.0,16.0
16720,3.0,10.0
26779,1.0,18.0
17877,1.0,18.0
38823,5.0,13.0
31723,4.0,7.0
46422,0.0,4.0
47594,0.0,7.0
44356,5.0,16.0
34254,4.0,15.0
39285,3.0,13.0
48228,3.0,26.0
35240,3.0,9.0
37978,3.0,10.0
46053,4.0,6.0
4348,0.0,10.0
7725,5.0,11.0
20629,0.0,2.0
43554,0.0,3.0
46837,3.0,21.0
26265,2.0,10.0
7721,1.0,13.0
23904,3.0,16.0
10469,5.0,14.0
25106,2.0,13.0
25019,3.0,14.0
29122,8.0,18.0
41490,1.0,14.0
5514,4.0,18.0
46040,5.0,10.0
16951,1.0,18.0
4302,1.0,16.0
3394,3.0,18.0
4437,4.0,14.0
23031,0.0,8.0
44023,4.0,18.0
47298,5.0,11.0
30680,,19.0
23359,3.0,13.0
44857,5.0,10.0
3240,5.0,12.0
20542,1.0,13.0
35648,7.0,14.0
44412,7.0,10.0
35959,2.0,17.0
46747,7.0,16.0
28510,1.0,18.0
28281,3.0,10.0
48947,0.0,4.0
13594,4.0,11.0
29788,9.0,15.0
9811,2.0,17.0
20013,4.0,14.0
19162,2.0,16.0
12712,0.0,3.0
7475,4.0,8.0
47604,0.0,5.0
13898,0.0,10.0
44555,6.0,22.0
20158,4.0,17.0
37333,0.0,15.0
19218,1.0,10.0
34613,3.0,16.0
37068,1.0,11.0
45648,1.0,14.0
1086,4.0,20.0
49916,4.0,16.0
15919,5.0,15.0
45900,0.0,4.0
29195,4.0,10.0
31470,3.0,13.0
5716,1.0,11.0
35646,4.0,12.0
13141,3.0,11.0
40919,4.0,24.0
47632,7.0,11.0
15053,7.0,20.0
36564,6.0,13.0
41727,7.0,13.0
1180,,9.0
25049,0.0,4.0
34562,1.0,9.0
31996,6.0,17.0
8385,4.0,12.0
4309,0.0,2.0
19942,3.0,
18171,4.0,18.0
28365,3.0,17.0
7842,,17.0
989,5.0,14.0
14708,2.0,12.0
663,2.0,9.0
15452,0.0,19.0
42683,5.0,11.0
40390,2.0,15.0
30007,5.0,22.0
37296,3.0,16.0
47927,3.0,16.0
48708,3.0,11.0
16445,3.0,21.0
13462,4.0,16.0
14674,3.0,18.0
40520,3.0,9.0
22601,3.0,14.0
6905,2.0,15.0
27346,3.0,13.0
18301,3.0,12.0
48310,5.0,19.0
19066,3.0,9.0
9275,4.0,13.0
566,3.0,15.0
15922,1.0,9.0
25986,5.0,15.0
1689,7.0,8.0
28347,3.0,12.0
14941,6.0,21.0
10128,1.0,10.0
27386,3.0,14.0
42679,0.0,21.0
26886,3.0,23.0
42169,0.0,
1396,4.0,15.0
30386,4.0,
6046,6.0,12.0
6616,0.0,0.0
15069,3.0,16.0
12978,1.0,14.0
41665,3.0,14.0
19157,3.0,14.0
32651,5.0,12.0
20424,5.0,13.0
38977,0.0,
17566,5.0,16.0
26410,2.0,16.0
18595,4.0,13.0
18769,2.0,13.0
9047,0.0,11.0
13730,0.0,15.0
8444,9.0,16.0
16742,0.0,1.0
23952,0.0,1.0
17161,2.0,18.0
19786,1.0,10.0
38915,2.0,14.0
28978,0.0,3.0
16123,2.0,16.0
42543,8.0,12.0
8064,1.0,
30253,6.0,16.0
23249,2.0,8.0
7466,1.0,7.0
7530,4.0,11.0
34678,5.0,18.0
452,5.0,13.0
30072,4.0,6.0
5012,5.0,18.0
1375,2.0,12.0
13925,0.0,3.0
49552,5.0,16.0
34361,4.0,20.0
38211,2.0,18.0
12706,5.0,19.0
45945,1.0,13.0
18770,2.0,12.0
22417,4.0,19.0
12669,2.0,23.0
13750,4.0,16.0
32807,2.0,12.0
27734,4.0,9.0
10671,0.0,5.0
8412,4.0,18.0
11067,3.0,12.0
12163,1.0,9.0
9006,1.0,120.0
20469,6.0,16.0
1449,4.0,21.0
26937,0.0,0.0
13530,4.0,11.0
31907,2.0,14.0
17673,3.0,12.0
19834,,170.0
24935,2.0,14.0
39123,4.0,13.0
42945,2.0,18.0
30023,3.0,15.0
41352,3.0,15.0
29784,3.0,
4171,2.0,140.0
17844,7.0,13.0
10077,2.0,15.0
32333,3.0,16.0
18523,0.0,6.0
49924,0.0,3.0
23909,5.0,10.0
1850,3.0,
14807,4.0,11.0
19656,,19.0
45438,3.0,12.0
46899,2.0,12.0
162,2.0,10.0
47196,3.0,19.0
45718,3.0,10.0
33832,0.0,2.0
38864,0.0,3.0
31553,7.0,14.0
14857,3.0,9.0
8705,4.0,13.0
4530,3.0,12.0
1284,2.0,21.0
6265,2.0,17.0
3648,3.0,7.0
23213,4.0,13.0
7034,2.0,11.0
42697,4.0,15.0
35654,1.0,24.0
34848,0.0,3.0
6190,2.0,17.0
207,2.0,11.0
27120,5.0,17.0
34962,6.0,21.0
26039,2.0,21.0
12980,2.0,16.0
4473,1.0,15.0
37817,5.0,16.0
39321,2.0,13.0
910,3.0,16.0
49758,4.0,13.0
22794,3.0,13.0
12512,4.0,15.0
29640,0.0,2.0
7595,1.0,9.0
21223,1.0,16.0
10040,5.0,14.0
38093,0.0,6.0
43912,3.0,15.0
18143,2.0,17.0
30078,3.0,7.0
32572,5.0,12.0
45695,4.0,5.0
18656,2.0,10.0
29134,4.0,7.0
16277,1.0,10.0
37156,,17.0
10587,0.0,12.0
11126,2.0,17.0
8734,2.0,9.0
20963,0.0,4.0
35623,5.0,17.0
12398,4.0,17.0
23525,2.0,13.0
2608,4.0,13.0
27994,0.0,3.0
42799,2.0,18.0
38852,6.0,17.0
45286,8.0,11.0
11527,3.0,12.0
37029,4.0,8.0
44813,4.0,14.0
21713,0.0,17.0
23382,2.0,
48721,5.0,16.0
27953,4.0,16.0
32083,1.0,14.0
22373,4.0,14.0
33777,3.0,15.0
1462,,21.0
21569,4.0,12.0
39598,1.0,10.0
12612,4.0,16.0
2942,3.0,14.0
14551,2.0,17.0
15892,2.0,17.0
16581,0.0,6.0
43178,4.0,12.0
44551,3.0,10.0
43643,4.0,10.0
19605,2.0,12.0
8154,4.0,19.0
42276,4.0,12.0
35810,0.0,7.0
3383,4.0,14.0
31443,0.0,4.0
44809,2.0,8.0
30892,4.0,15.0
49642,4.0,15.0
24038,0.0,4.0
18764,4.0,9.0
30226,3.0,24.0
37219,2.0,12.0
16540,2.0,16.0
7557,0.0,3.0
10929,4.0,18.0
40377,4.0,10.0
27828,3.0,14.0
42907,4.0,17.0
11909,2.0,16.0
31981,6.0,12.0
17945,2.0,15.0
49041,2.0,19.0
35578,,20.0
49475,7.0,9.0
39315,3.0,13.0
41892,8.0,19.0
18900,2.0,8.0
41472,0.0,14.0
32781,6.0,13.0
45935,0.0,2.0
36925,2.0,
21265,3.0,14.0
23692,4.0,19.0
21214,3.0,16.0
45611,2.0,14.0
20808,4.0,17.0
43988,2.0,12.0
735,2.0,
18857,0.0,0.0
5578,4.0,150.0
37209,2.0,8.0
20715,4.0,
38736,0.0,1.0
22487,3.0,13.0
25861,0.0,11.0
45370,2.0,19.0
22924,6.0,13.0
634,6.0,110.0
47872,4.0,17.0
38058,2.0,9.0
34394,4.0,9.0
19727,4.0,8.0
27973,5.0,15.0
15281,5.0,14.0
37416,4.0,19.0
23681,1.0,13.0
25338,1.0,16.0
29046,3.0,15.0
19909,1.0,11.0
20017,0.0,13.0
45787,6.0,11.0
10665,2.0,17.0
4618,2.0,13.0
13357,4.0,16.0
7834,2.0,19.0
33389,2.0,16.0
48353,0.0,6.0
24381,4.0,16.0
13597,3.0,11.0
11917,9.0,13.0
2678,2.0,13.0
29730,4.0,13.0
5792,4.0,13.0
11305,3.0,17.0
27022,2.0,7.0
11907,7.0,11.0
21554,2.0,10.0
3298,2.0,19.0
49082,1.0,5.0
36104,5.0,15.0
41465,0.0,2.0
48527,5.0,9.0
24210,2.0,17.0
27552,2.0,20.0
1797,5.0,8.0
34271,4.0,11.0
38271,2.0,20.0
24212,4.0,15.0
1608,3.0,14.0
13086,4.0,18.0
33997,5.0,10.0
17210,4.0,9.0
20221,3.0,10.0
9655,5.0,15.0
1131,3.0,7.0
2931,3.0,9.0
10732,3.0,14.0
34902,1.0,20.0
38878,2.0,17.0
22099,5.0,11.0
45281,3.0,13.0
37831,0.0,5.0
4020,4.0,13.0
28181,2.0,13.0
18877,,11.0
7282,1.0,21.0
42881,2.0,13.0
16156,5.0,12.0
7497,2.0,14.0
11077,0.0,3.0
27409,2.0,16.0
47358,4.0,17.0
15903,1.0,21.0
14956,6.0,15.0
1902,0.0,3.0
11488,4.0,
14462,4.0,20.0
29278,6.0,7.0
46478,3.0,20.0
6134,4.0,10.0
2610,4.0,12.0
13445,4.0,
21619,,12.0
6388,1.0,9.0
15965,8.0,13.0
40119,3.0,19.0
48794,4.0,15.0
39786,1.0,16.0
49836,3.0,13.0
22198,2.0,14.0
14647,7.0,7.0
2583,1.0,10.0
38772,3.0,14.0
11083,5.0,10.0
2502,1.0,9.0
44468,1.0,15.0
45160,5.0,20.0
36721,3.0,14.0
13240,2.0,13.0
9105,1.0,14.0
8500,5.0,14.0
38689,3.0,17.0
48344,5.0,11.0
34733,2.0,15.0
25305,0.0,3.0
44900,2.0,19.0
26754,6.0,15.0
2805,2.0,18.0
40029,5.0,
6161,4.0,10.0
22629,2.0,8.0
12584,3.0,13.0
5790,1.0,21.0
31495,2.0,8.0
13608,5.0,9.0
35160,1.0,
954,2.0,10.0
15797,2.0,19.0
39456,4.0,15.0
13246,4.0,17.0
2169,5.0,15.0
14222,5.0,18.0
18284,4.0,15.0
7250,3.0,10.0
6291,2.0,9.0
30885,5.0,12.0
16337,1.0,13.0
47686,2.0,16.0
2325,3.0,17.0
20788,1.0,11.0
24558,3.0,12.0
8964,1.0,14.0
15399,4.0,17.0
34202,9.0,16.0
40982,6.0,13.0
5430,4.0,18.0
6657,3.0,13.0
9345,0.0,4.0
13277,3.0,10.0
47904,0.0,6.0
24591,2.0,10.0
25851,,13.0
39829,2.0,8.0
9706,5.0,8.0
40518,3.0,14.0
10315,2.0,26.0
15394,2.0,7.0
7472,1.0,21.0
30086,2.0,9.0
45513,4.0,14.0
5063,2.0,13.0
41568,1.0,12.0
44151,2.0,13.0
48300,2.0,16.0
2948,7.0,10.0
10841,2.0,20.0
872,3.0,13.0
405,2.0,10.0
37520,3.0,12.0
3931,0.0,16.0
31990,4.0,21.0
4606,4.0,26.0
20130,0.0,4.0
21164,5.0,13.0
35520,5.0,19.0
12950,5.0,10.0
4700,2.0,20.0
898,0.0,1.0
23969,0.0,2.0
19088,1.0,8.0
30360,1.0,14.0
7613,2.0,13.0
30508,2.0,13.0
18500,2.0,13.0
16746,7.0,9.0
37007,4.0,19.0
34389,3.0,12.0
19281,6.0,12.0
17939,2.0,16.0
10015,0.0,3.0
31266,3.0,17.0
3165,0.0,4.0
41820,1.0,15.0
25934,0.0,4.0
22995,5.0,140.0
19622,4.0,11.0
23352,0.0,2.0
33360,1.0,10.0
49891,5.0,15.0
31017,4.0,8.0
34999,4.0,16.0
7979,3.0,12.0
11742,4.0,15.0
7573,3.0,16.0
14836,2.0,17.0
14614,0.0,1.0
35498,3.0,13.0
8429,0.0,3.0
3513,3.0,15.0
14263,6.0,22.0
1435,4.0,11.0
33678,4.0,14.0
2854,0.0,
8952,2.0,17.0
47762,3.0,15.0
12002,2.0,8.0
4657,4.0,15.0
12130,0.0,2.0
8199,1.0,17.0
10044,4.0,10.0
30034,0.0,14.0
4086,4.0,18.0
44394,2.0,13.0
3323,3.0,8.0
5086,3.0,11.0
46742,3.0,17.0
17175,1.0,12.0
2917,3.0,17.0
48196,2.0,
28988,0.0,9.0
5204,3.0,15.0
38625,3.0,19.0
41707,4.0,11.0
17900,5.0,18.0
3144,2.0,17.0
23247,3.0,7.0
8058,1.0,14.0
27122,2.0,18.0
40283,5.0,15.0
3738,3.0,12.0
41769,7.0,6.0
48757,0.0,14.0
24163,2.0,19.0
21574,2.0,12.0
7931,1.0,19.0
32350,5.0,120.0
49501,6.0,15.0
11073,4.0,10.0
26250,,14.0
20112,3.0,17.0
18998,3.0,9.0
21829,0.0,2.0
34454,6.0,14.0
14687,3.0,11.0
5298,0.0,2.0
7672,3.0,11.0
47743,1.0,12.0
24947,4.0,16.0
44563,3.0,17.0
44764,0.0,
34547,4.0,13.0
5970,3.0,13.0
29085,2.0,13.0
45550,4.0,21.0
42893,3.0,12.0
12422,1.0,11.0
8631,3.0,15.0
7166,2.0,14.0
2621,3.0,13.0
12183,3.0,12.0
19681,4.0,22.0
17193,3.0,16.0
38939,4.0,22.0
24777,3.0,
19570,4.0,11.0
3779,4.0,9.0
13705,0.0,3.0
32371,1.0,8.0
602,2.0,18.0
47386,2.0,8.0
45412,5.0,9.0
37260,0.0,5.0
47971,3.0,16.0
41636,,9.0
43744,2.0,160.0
44056,2.0,15.0
5811,2.0,14.0
21355,4.0,18.0
3411,3.0,11.0
15791,0.0,1.0
39009,2.0,11.0
37280,3.0,11.0
3337,1.0,22.0
49224,0.0,4.0
3946,2.0,11.0
38634,3.0,7.0
10998,4.0,10.0
14374,7.0,17.0
27234,5.0,10.0
25537,2.0,14.0
3458,3.0,23.0
16001,5.0,24.0
37192,,10.0
34565,4.0,13.0
6379,5.0,12.0
25080,5.0,19.0
47014,2.0,16.0
36653,5.0,11.0
10673,5.0,15.0
28960,2.0,14.0
10316,0.0,14.0
46503,6.0,18.0
14686,5.0,14.0
5871,2.0,15.0
34141,,19.0
32584,7.0,15.0
1214,3.0,19.0
4928,,19.0
47524,1.0,13.0
41126,3.0,17.0
32626,4.0,21.0
41759,3.0,13.0
49169,0.0,4.0
44589,0.0,6.0
49557,3.0,10.0
27604,3.0,18.0
22991,3.0,14.0
29387,,9.0
10358,5.0,15.0
46061,0.0,12.0
36126,3.0,19.0
17523,2.0,10.0
44442,5.0,18.0
34909,0.0,1.0
40472,2.0,13.0
14028,3.0,12.0
49546,4.0,17.0
20977,0.0,
1257,0.0,4.0
14584,6.0,16.0
32100,3.0,9.0
5114,5.0,12.0
34758,7.0,16.0
23642,3.0,14.0
29873,3.0,12.0
30513,0.0,2.0
2082,1.0,11.0
32921,5.0,18.0
6944,1.0,8.0
26437,5.0,13.0
43160,0.0,5.0
16729,2.0,12.0
15019,3.0,7.0
25675,1.0,14.0
45353,0.0,7.0
41871,0.0,4.0
19848,3.0,16.0
39015,2.0,18.0
38177,2.0,19.0
8027,3.0,16.0
37786,2.0,12.0
12503,4.0,8.0
10672,3.0,14.0
5787,2.0,7.0
34667,0.0,1.0
15130,5.0,14.0
12091,0.0,11.0
8414,3.0,9.0
41589,4.0,18.0
7387,2.0,19.0
26580,1.0,10.0
43769,,14.0
26100,3.0,9.0
24311,3.0,16.0
7729,2.0,17.0
30092,3.0,13.0
1617,3.0,11.0
8907,5.0,7.0
28389,2.0,19.0
9830,2.0,15.0
16686,4.0,19.0
17799,3.0,10.0
38895,3.0,18.0
43196,1.0,16.0
38655,2.0,21.0
3590,6.0,18.0
11570,2.0,12.0
28128,6.0,13.0
30475,6.0,24.0
14508,3.0,15.0
36094,4.0,14.0
44850,3.0,20.0
34098,0.0,3.0
35376,2.0,20.0
4210,1.0,6.0
14760,3.0,14.0
19502,2.0,24.0
37116,0.0,3.0
4148,4.0,16.0
26334,2.0,15.0
20539,2.0,10.0
18144,3.0,
46354,4.0,9.0
12326,0.0,2.0
6268,0.0,2.0
368,1.0,17.0
19380,0.0,1.0
6418,4.0,14.0
28247,7.0,16.0
11789,6.0,14.0
16835,4.0,11.0
9633,6.0,11.0
17878,3.0,13.0
38711,4.0,10.0
47611,2.0,7.0
43150,1.0,10.0
31615,5.0,13.0
5402,3.0,12.0
47841,,15.0
5784,0.0,5.0
10156,,4.0
15804,4.0,21.0
19770,2.0,15.0
37118,1.0,13.0
15286,6.0,9.0
26433,5.0,18.0
46799,4.0,10.0
17959,4.0,13.0
43439,2.0,10.0
33812,3.0,13.0
5177,4.0,13.0
30414,2.0,13.0
11714,2.0,10.0
33520,3.0,13.0
14127,5.0,22.0
14172,1.0,13.0
39101,0.0,3.0
42709,1.0,15.0
33394,3.0,7.0
35725,2.0,13.0
13716,2.0,12.0
47406,3.0,15.0
34891,0.0,5.0
48901,0.0,2.0
11968,1.0,14.0
26475,,7.0
45036,3.0,17.0
43136,6.0,14.0
31638,3.0,12.0
31516,2.0,12.0
21042,0.0,3.0
45177,0.0,3.0
42051,2.0,10.0
8717,7.0,14.0
23709,3.0,11.0
19881,4.0,11.0
10873,2.0,12.0
29530,8.0,5.0
28638,2.0,9.0
43548,,15.0
44476,0.0,10.0
9472,2.0,10.0
20080,0.0,2.0
10829,5.0,14.0
12027,5.0,7.0
33810,4.0,15.0
35570,3.0,14.0
43061,0.0,0.0
45393,3.0,17.0
25639,,14.0
12562,0.0,1.0
9705,6.0,14.0
46185,6.0,12.0
17969,2.0,9.0
37236,2.0,13.0
23166,4.0,11.0
9115,,16.0
22860,1.0,19.0
7285,4.0,
39322,2.0,19.0
39994,1.0,13.0
46838,,14.0
20269,3.0,13.0
11603,6.0,15.0
27018,3.0,
32758,3.0,17.0
9092,0.0,1.0
5794,1.0,14.0
3482,2.0,16.0
29920,2.0,8.0
45640,1.0,18.0
30077,3.0,16.0
36922,2.0,12.0
765,,10.0
6112,6.0,13.0
22604,9.0,13.0
30377,4.0,15.0
10914,4.0,12.0
31101,4.0,11.0
13190,4.0,16.0
16633,4.0,24.0
42353,0.0,1.0
30307,4.0,10.0
20020,1.0,13.0
11095,1.0,23.0
41179,3.0,17.0
48902,4.0,16.0
38818,3.0,10.0
19366,2.0,11.0
17114,1.0,26.0
22504,2.0,10.0
29845,0.0,3.0
27067,2.0,17.0
35836,3.0,10.0
16864,8.0,14.0
7947,3.0,18.0
5929,7.0,17.0
26545,2.0,8.0
353,6.0,12.0
20314,3.0,13.0
15489,3.0,12.0
11350,2.0,18.0
20858,2.0,18.0
45126,2.0,14.0
6255,5.0,14.0
27796,2.0,14.0
47605,3.0,
32521,3.0,18.0
42544,3.0,22.0
28586,5.0,18.0
38691,7.0,15.0
44933,5.0,19.0
23276,3.0,16.0
48888,2.0,14.0
37370,2.0,12.0
43407,2.0,14.0
30681,0.0,3.0
43109,7.0,8.0
6180,,16.0
33765,6.0,14.0
4129,2.0,16.0
40298,0.0,12.0
16165,1.0,11.0
32830,3.0,14.0
25521,0.0,2.0
37629,4.0,11.0
42573,5.0,12.0
17471,0.0,11.0
3245,1.0,6.0
49090,4.0,18.0
20632,0.0,1.0
49700,2.0,14.0
37923,2.0,13.0
16013,4.0,
39100,3.0,14.0
34726,3.0,16.0
21341,4.0,18.0
12319,4.0,10.0
2816,4.0,12.0
18963,5.0,20.0
30771,5.0,9.0
48791,4.0,12.0
10552,0.0,4.0
34689,5.0,12.0
20328,3.0,17.0
46660,5.0,12.0
15927,5.0,20.0
21741,6.0,14.0
45336,3.0,16.0
32564,3.0,18.0
15068,6.0,21.0
47623,4.0,15.0
24824,0.0,0.0
25748,5.0,14.0
35330,0.0,9.0
21112,1.0,16.0
28336,2.0,15.0
23117,1.0,10.0
8945,1.0,15.0
16140,5.0,11.0
43763,2.0,13.0
29504,4.0,14.0
18828,0.0,2.0
31984,5.0,14.0
38430,0.0,4.0
16692,0.0,12.0
40124,3.0,13.0
6170,3.0,130.0
47346,6.0,19.0
42977,,15.0
41778,2.0,220.0
29847,3.0,20.0
15943,3.0,25.0
24518,7.0,13.0
27923,4.0,14.0
21013,0.0,3.0
12373,4.0,9.0
27339,3.0,7.0
26518,5.0,15.0
38082,2.0,13.0
30835,2.0,19.0
32153,5.0,11.0
31568,3.0,20.0
29398,0.0,5.0
15790,2.0,14.0
38672,0.0,
22052,3.0,9.0
23650,3.0,14.0
17719,3.0,12.0
41317,4.0,14.0
21337,1.0,19.0
32841,1.0,13.0
41281,6.0,8.0
3578,2.0,14.0
33310,0.0,1.0
36689,3.0,17.0
32167,,9.0
27737,0.0,
14845,2.0,130.0
19702,3.0,14.0
29274,3.0,11.0
25914,2.0,10.0
171,3.0,12.0
29875,0.0,5.0
44444,2.0,7.0
44804,1.0,25.0
5161,8.0,14.0
15764,2.0,10.0
43117,0.0,2.0
172,2.0,11.0
44743,4.0,16.0
35670,2.0,13.0
46162,5.0,16.0
12143,4.0,9.0
28827,1.0,11.0
8259,6.0,16.0
27845,2.0,10.0
46213,4.0,9.0
4395,4.0,14.0
6674,1.0,11.0
19579,6.0,14.0
35760,1.0,14.0
18802,3.0,9.0
12224,3.0,11.0
12954,4.0,22.0
5230,3.0,15.0
30326,2.0,20.0
2528,3.0,11.0
44993,2.0,15.0
7939,3.0,11.0
44268,3.0,21.0
41407,1.0,11.0
49014,4.0,17.0
32594,2.0,14.0
10636,3.0,14.0
47331,2.0,10.0
5913,3.0,16.0
24072,3.0,
44199,1.0,
1663,4.0,16.0
11817,5.0,5.0
36770,1.0,16.0
38734,6.0,11.0
10351,2.0,11.0
5593,3.0,16.0
14384,2.0,26.0
41216,0.0,2.0
33785,2.0,
49962,7.0,9.0
35985,6.0,14.0
14806,0.0,15.0
21839,0.0,2.0
11813,3.0,9.0
5191,2.0,21.0
1168,7.0,220.0
12265,3.0,16.0
44376,1.0,15.0
43775,2.0,13.0
5282,5.0,22.0
45625,0.0,1.0
10762,3.0,19.0
48135,0.0,2.0
21972,5.0,10.0
9673,0.0,8.0
46319,4.0,23.0
26766,6.0,13.0
25114,5.0,18.0
23660,5.0,14.0
48096,3.0,
12354,1.0,9.0
22103,2.0,14.0
16236,3.0,13.0
45843,7.0,11.0
10738,,14.0
39041,3.0,14.0
28120,0.0,12.0
14075,0.0,2.0
22293,4.0,18.0
25811,0.0,0.0
48493,3.0,
17358,1.0,14.0
1185,2.0,14.0
46643,3.0,15.0
20458,3.0,13.0
12230,4.0,16.0
21635,6.0,15.0
10264,3.0,11.0
4879,3.0,9.0
3609,1.0,9.0
13628,4.0,14.0
18703,1.0,17.0
41683,0.0,1.0
30014,3.0,11.0
36013,3.0,13.0
17677,2.0,16.0
32047,4.0,17.0
12153,2.0,14.0
47291,4.0,19.0
7542,0.0,4.0
21592,2.0,11.0
36983,7.0,14.0
22200,0.0,6.0
20290,3.0,14.0
41208,3.0,19.0
38806,3.0,9.0
7708,2.0,14.0
8310,3.0,21.0
1641,6.0,
35736,4.0,12.0
21976,3.0,13.0
19214,6.0,14.0
36044,8.0,8.0
7425,0.0,5.0
41006,4.0,11.0
14929,6.0,18.0
30188,3.0,17.0
41764,2.0,12.0
23613,2.0,14.0
39385,7.0,10.0
26962,0.0,3.0
173,4.0,12.0
41113,5.0,15.0
27787,2.0,16.0
20884,1.0,11.0
41293,5.0,14.0
32291,4.0,10.0
49053,2.0,15.0
15926,4.0,12.0
42052,3.0,13.0
42448,5.0,12.0
5476,0.0,2.0
6156,2.0,17.0
5380,4.0,15.0
14433,1.0,11.0
31631,5.0,13.0
32030,3.0,10.0
46807,5.0,20.0
4510,2.0,13.0
541,2.0,9.0
8142,0.0,4.0
296,5.0,13.0
26088,6.0,12.0
37191,1.0,13.0
47895,2.0,13.0
34401,3.0,9.0
26509,4.0,16.0
9285,4.0,15.0
38135,0.0,2.0
30728,5.0,
3067,0.0,0.0
30138,1.0,11.0
42087,2.0,17.0
45338,2.0,15.0
33429,3.0,11.0
4056,0.0,1.0
41466,2.0,17.0
8955,2.0,14.0
43708,2.0,70.0
41525,1.0,13.0
39269,5.0,12.0
31067,3.0,12.0
16110,3.0,7.0
35185,6.0,13.0
27885,5.0,19.0
10248,1.0,13.0
45133,7.0,22.0
20864,6.0,21.0
15458,1.0,16.0
5444,5.0,18.0
33928,0.0,
4817,3.0,19.0
34021,2.0,11.0
40021,3.0,14.0
37225,3.0,12.0
1858,4.0,14.0
22948,3.0,16.0
4062,5.0,12.0
2571,7.0,17.0
7658,0.0,5.0
34383,5.0,9.0
304,0.0,2.0
27150,,9.0
29925,0.0,3.0
40009,5.0,15.0
25917,2.0,13.0
48248,5.0,6.0
44899,3.0,15.0
5073,1.0,9.0
30446,2.0,18.0
1629,3.0,16.0
38161,4.0,13.0
34170,1.0,14.0
12399,0.0,9.0
520,2.0,15.0
28153,2.0,19.0
25552,5.0,10.0
24391,0.0,6.0
8829,4.0,13.0
338,6.0,12.0
12204,3.0,14.0
7936,3.0,16.0
19095,2.0,19.0
36099,5.0,13.0
1087,0.0,17.0
33039,3.0,16.0
2803,5.0,13.0
4127,5.0,10.0
614,2.0,
19107,6.0,14.0
37749,4.0,16.0
32714,2.0,11.0
47139,1.0,11.0
10543,3.0,13.0
5225,2.0,14.0
21670,1.0,7.0
189,0.0,4.0
15470,5.0,14.0
16108,3.0,13.0
37609,,16.0
24502,3.0,12.0
3864,1.0,14.0
29719,2.0,19.0
20955,2.0,8.0
48532,0.0,5.0
47854,1.0,17.0
16093,,18.0
31905,4.0,
14526,2.0,21.0
22710,4.0,14.0
43488,,18.0
35457,2.0,12.0
18234,3.0,16.0
27228,1.0,17.0
44613,4.0,16.0
14668,0.0,13.0
45994,2.0,24.0
33265,2.0,15.0
17128,0.0,5.0
38817,0.0,6.0
49973,0.0,1.0
470,2.0,14.0
1580,1.0,12.0
44956,3.0,13.0
43502,6.0,19.0
45456,5.0,16.0
31066,2.0,15.0
22049,5.0,6.0
26412,6.0,16.0
31678,3.0,16.0
15930,2.0,22.0
16533,6.0,8.0
20267,6.0,15.0
23233,8.0,13.0
7037,1.0,
6806,1.0,17.0
34360,3.0,21.0
15148,4.0,9.0
46085,4.0,14.0
23928,2.0,15.0
1583,0.0,9.0
39712,0.0,3.0
35350,4.0,13.0
30423,4.0,13.0
2555,3.0,10.0
6815,2.0,14.0
22696,3.0,12.0
22395,2.0,19.0
6572,4.0,9.0
11270,3.0,
25093,3.0,9.0
22195,4.0,15.0
6332,,6.0
9490,1.0,14.0
28863,5.0,15.0
45909,4.0,14.0
47909,4.0,15.0
34590,0.0,14.0
21961,2.0,10.0
24485,2.0,15.0
3018,3.0,12.0
16410,3.0,16.0
38962,2.0,9.0
21282,0.0,12.0
7211,4.0,13.0
48041,5.0,15.0
8832,1.0,10.0
5621,3.0,11.0
7600,2.0,19.0
29625,0.0,0.0
24929,4.0,17.0
776,3.0,13.0
18220,5.0,15.0
45714,2.0,22.0
35377,7.0,14.0
10298,2.0,10.0
41757,5.0,17.0
25074,0.0,5.0
27927,4.0,12.0
1798,3.0,15.0
48943,5.0,15.0
9441,1.0,21.0
16113,3.0,14.0
40724,5.0,17.0
41997,3.0,13.0
49300,5.0,11.0
8316,2.0,14.0
3028,6.0,16.0
46132,4.0,19.0
42324,1.0,17.0
48114,3.0,10.0
16681,8.0,13.0
16146,4.0,17.0
42676,3.0,14.0
11371,,13.0
15435,3.0,10.0
25134,0.0,
20552,3.0,16.0
2766,1.0,18.0
13517,3.0,13.0
47839,5.0,18.0
39631,1.0,14.0
1237,2.0,13.0
8350,5.0,15.0
39412,9.0,100.0
7251,7.0,10.0
44430,4.0,14.0
111,1.0,8.0
17845,3.0,13.0
716,5.0,11.0
25932,4.0,10.0
3325,3.0,14.0
1084,0.0,4.0
20885,2.0,14.0
1020,3.0,10.0
2941,3.0,11.0
8264,2.0,14.0
44617,10.0,7.0
17061,1.0,12.0
17560,4.0,15.0
30619,0.0,2.0
13794,1.0,15.0
35006,5.0,21.0
5706,4.0,17.0
42093,3.0,10.0
29721,,9.0
27856,5.0,17.0
17475,0.0,12.0
17821,2.0,9.0
43595,0.0,2.0
35375,3.0,13.0
31114,1.0,4.0
30547,6.0,19.0
11915,4.0,14.0
33433,0.0,4.0
29281,1.0,11.0
24979,4.0,20.0
27419,2.0,17.0
41277,5.0,15.0
17948,2.0,13.0
31737,3.0,140.0
47620,0.0,2.0
13657,2.0,8.0
9324,5.0,16.0
43306,4.0,16.0
38903,4.0,9.0
20617,3.0,18.0
29840,2.0,8.0
30747,2.0,14.0
33084,4.0,11.0
14047,4.0,9.0
23986,3.0,9.0
44197,5.0,18.0
8476,3.0,18.0
48984,3.0,10.0
45464,4.0,18.0
34635,0.0,9.0
24949,3.0,14.0
16910,2.0,19.0
22564,7.0,13.0
17882,4.0,18.0
11760,1.0,14.0
41031,5.0,10.0
47966,1.0,15.0
49275,1.0,16.0
23228,4.0,15.0
42388,1.0,13.0
44178,0.0,3.0
3570,6.0,16.0
28427,0.0,5.0
37557,2.0,17.0
25845,7.0,16.0
11948,5.0,14.0
27646,3.0,12.0
25267,3.0,10.0
5120,4.0,16.0
25303,0.0,19.0
22486,3.0,17.0
46651,4.0,15.0
10782,1.0,10.0
12350,2.0,17.0
25335,4.0,14.0
613,4.0,15.0
37310,2.0,10.0
40382,2.0,15.0
40462,1.0,8.0
25945,3.0,18.0
30862,3.0,12.0
33622,4.0,12.0
40250,7.0,10.0
17551,1.0,13.0
21737,3.0,22.0
38414,4.0,15.0
18859,2.0,15.0
12376,3.0,14.0
52,2.0,17.0
33033,5.0,14.0
32366,3.0,12.0
17078,3.0,13.0
47419,1.0,10.0
33612,3.0,16.0
46626,4.0,16.0
25796,0.0,10.0
42628,3.0,16.0
33179,,13.0
43894,4.0,10.0
12073,2.0,12.0
36225,2.0,18.0
11393,0.0,9.0
9297,5.0,12.0
37056,7.0,14.0
20223,4.0,16.0
28957,1.0,16.0
29495,0.0,5.0
42698,5.0,11.0
29595,0.0,2.0
3134,4.0,16.0
17240,3.0,11.0
29667,0.0,4.0
2207,0.0,16.0
24396,3.0,18.0
25404,3.0,15.0
33826,4.0,13.0
47761,4.0,10.0
34066,2.0,19.0
39300,1.0,15.0
32903,5.0,14.0
9121,1.0,12.0
24747,3.0,16.0
16986,0.0,2.0
6141,0.0,3.0
27024,4.0,16.0
46500,4.0,12.0
45739,8.0,17.0
22640,0.0,4.0
28837,0.0,2.0
33446,3.0,16.0
48466,0.0,2.0
17102,5.0,14.0
25445,3.0,16.0
25802,4.0,12.0
13552,3.0,
40474,3.0,19.0
45331,,16.0
8797,3.0,17.0
21760,2.0,14.0
32720,2.0,19.0
23161,0.0,9.0
5284,5.0,14.0
11568,4.0,14.0
41571,4.0,17.0
38252,3.0,10.0
29266,4.0,19.0
37063,1.0,15.0
18464,0.0,5.0
40392,6.0,12.0
49066,6.0,13.0
35870,1.0,14.0
28244,1.0,11.0
37501,3.0,12.0
46167,0.0,3.0
19034,2.0,8.0
2993,5.0,12.0
33938,2.0,18.0
40888,3.0,16.0
1749,4.0,21.0
24027,0.0,6.0
42880,3.0,12.0
41353,1.0,14.0
34094,7.0,12.0
7953,6.0,10.0
29883,4.0,22.0
30449,5.0,13.0
11140,4.0,10.0
11446,0.0,2.0
16111,2.0,11.0
26816,2.0,13.0
5451,0.0,1.0
3087,5.0,15.0
1923,2.0,13.0
16965,0.0,14.0
10730,3.0,18.0
47443,1.0,16.0
13355,3.0,17.0
9159,0.0,10.0
25263,2.0,8.0
32615,3.0,11.0
41858,2.0,11.0
10094,4.0,14.0
35638,4.0,14.0
30823,3.0,11.0
11249,5.0,8.0
15100,4.0,18.0
1388,5.0,15.0
49325,3.0,11.0
28750,2.0,11.0
27446,6.0,15.0
15219,4.0,12.0
6053,0.0,2.0
42535,2.0,15.0
24620,4.0,22.0
9139,5.0,15.0
11755,4.0,15.0
343,4.0,17.0
9169,4.0,10.0
44728,5.0,13.0
29326,3.0,16.0
33022,3.0,17.0
11197,3.0,
43290,3.0,19.0
17251,2.0,12.0
46250,7.0,12.0
1401,5.0,13.0
37866,1.0,16.0
37377,3.0,19.0
38438,,15.0
31761,2.0,8.0
15667,3.0,9.0
7564,3.0,13.0
30671,8.0,15.0
24639,0.0,3.0
30982,1.0,9.0
47013,2.0,16.0
40562,5.0,10.0
3072,2.0,18.0
2049,2.0,15.0
1147,2.0,
38732,4.0,14.0
10505,6.0,18.0
6431,2.0,15.0
24689,6.0,15.0
26642,4.0,
35861,3.0,10.0
27397,2.0,20.0
15612,0.0,4.0
40723,4.0,17.0
42693,0.0,1.0
47042,2.0,12.0
37568,2.0,11.0
26446,0.0,2.0
19234,4.0,20.0
25466,4.0,14.0
18037,6.0,12.0
30949,3.0,11.0
21494,1.0,10.0
19862,2.0,11.0
25146,0.0,2.0
5173,1.0,16.0
33273,5.0,11.0
27417,2.0,19.0
37110,7.0,15.0
27338,4.0,20.0
32041,3.0,9.0
15467,2.0,18.0
27191,2.0,15.0
22129,2.0,12.0
49250,4.0,12.0
35025,1.0,13.0
29421,0.0,9.0
677,5.0,12.0
10890,1.0,14.0
9340,5.0,23.0
6955,0.0,3.0
44431,2.0,14.0
18423,6.0,10.0
41376,7.0,5.0
34218,0.0,14.0
42524,6.0,16.0
3634,3.0,13.0
3417,3.0,10.0
3094,1.0,
10526,1.0,17.0
39341,4.0,13.0
22197,0.0,5.0
6395,5.0,13.0
21884,0.0,4.0
28432,4.0,11.0
33927,2.0,15.0
34165,0.0,3.0
9260,5.0,12.0
41937,5.0,12.0
11230,4.0,11.0
27434,,7.0
43173,0.0,3.0
30737,5.0,10.0
30583,0.0,1.0
30894,1.0,11.0
14235,4.0,16.0
16421,5.0,17.0
25647,1.0,14.0
42667,0.0,2.0
20051,5.0,11.0
10068,2.0,13.0
3214,0.0,4.0
16284,3.0,5.0
1106,2.0,18.0
27774,2.0,16.0
19775,2.0,13.0
12381,5.0,12.0
14357,3.0,12.0
18251,1.0,12.0
28103,1.0,15.0
13064,1.0,
23817,4.0,90.0
31902,0.0,5.0
13263,2.0,11.0
15629,0.0,1.0
36153,2.0,16.0
30208,6.0,20.0
19660,1.0,12.0
27209,0.0,13.0
478,4.0,8.0
36188,2.0,6.0
21391,8.0,14.0
35975,1.0,12.0
19372,3.0,17.0
33055,2.0,13.0
39281,4.0,10.0
44459,4.0,13.0
29638,1.0,11.0
49191,3.0,11.0
39600,7.0,17.0
21650,3.0,13.0
34605,5.0,11.0
41803,5.0,8.0
44005,2.0,16.0
7396,7.0,13.0
12726,1.0,7.0
48233,5.0,13.0
22738,0.0,2.0
14950,2.0,9.0
42428,3.0,13.0
7890,1.0,17.0
16043,5.0,14.0
48217,6.0,19.0
7996,0.0,2.0
11823,2.0,18.0
49017,1.0,20.0
29227,3.0,15.0
38541,0.0,1.0
14850,4.0,14.0
40046,0.0,2.0
13696,5.0,15.0
33930,3.0,5.0
26497,2.0,12.0
15829,2.0,14.0
40128,8.0,12.0
19596,3.0,10.0
9823,5.0,13.0
1228,7.0,10.0
43446,6.0,
6857,1.0,14.0
26932,2.0,16.0
48401,0.0,3.0
46816,2.0,13.0
4428,4.0,17.0
13867,4.0,19.0
21066,3.0,14.0
17818,2.0,19.0
14566,7.0,17.0
6390,4.0,14.0
31021,0.0,1.0
43977,3.0,13.0
20375,,4.0
21423,2.0,15.0
43215,0.0,1.0
17660,3.0,14.0
39637,5.0,16.0
4746,10.0,12.0
16569,2.0,14.0
31428,4.0,4.0
15181,4.0,12.0
20673,2.0,16.0
31261,1.0,13.0
47424,0.0,4.0
3098,5.0,19.0
18757,5.0,14.0
18750,1.0,13.0
16614,5.0,12.0
49522,6.0,15.0
11827,3.0,19.0
34739,0.0,1.0
42021,5.0,9.0
34451,1.0,13.0
44872,6.0,110.0
13899,2.0,9.0
31869,2.0,9.0
22267,1.0,12.0
33882,2.0,14.0
24548,0.0,10.0
29668,3.0,
16101,1.0,14.0
27826,4.0,9.0
24134,4.0,13.0
25716,5.0,17.0
13638,3.0,13.0
42843,3.0,13.0
15732,8.0,19.0
48765,3.0,15.0
26381,3.0,14.0
13732,5.0,16.0
17949,0.0,0.0
26698,1.0,12.0
9825,2.0,13.0
30911,,1.0
27607,4.0,18.0
14693,3.0,8.0
45704,3.0,15.0
41065,8.0,14.0
18932,0.0,8.0
48172,4.0,20.0
681,2.0,10.0
32871,4.0,16.0
4512,2.0,11.0
24352,3.0,
17842,5.0,12.0
30197,6.0,18.0
19063,1.0,16.0
5336,0.0,13.0
9610,0.0,14.0
12774,3.0,11.0
13255,5.0,9.0
8862,0.0,3.0
11320,6.0,10.0
21702,6.0,11.0
42058,4.0,11.0
11563,3.0,8.0
45914,3.0,17.0
3447,0.0,2.0
6021,0.0,6.0
35824,0.0,2.0
2573,5.0,9.0
363,4.0,17.0
7349,6.0,10.0
293,8.0,13.0
29408,7.0,15.0
24271,4.0,9.0
9385,4.0,15.0
8401,2.0,20.0
25470,2.0,13.0
3560,3.0,21.0
33971,2.0,9.0
34009,0.0,3.0
30561,2.0,19.0
8304,1.0,14.0
31328,5.0,15.0
29099,2.0,13.0
49698,0.0,4.0
30357,1.0,
10014,2.0,15.0
38457,,4.0
9178,1.0,14.0
8975,6.0,15.0
11990,6.0,19.0
10428,3.0,13.0
44754,0.0,22.0
23595,1.0,23.0
45115,2.0,14.0
29092,1.0,20.0
31771,2.0,16.0
27167,3.0,15.0
7579,2.0,10.0
42099,4.0,13.0
23169,5.0,16.0
47068,3.0,10.0
43151,3.0,9.0
40656,2.0,12.0
45205,0.0,4.0
22916,3.0,8.0
33499,0.0,4.0
9909,4.0,9.0
30819,0.0,8.0
49921,2.0,9.0
39927,3.0,14.0
22855,0.0,4.0
26086,5.0,17.0
22436,4.0,19.0
22927,1.0,11.0
43074,3.0,10.0
11613,4.0,15.0
8274,5.0,21.0
39904,3.0,22.0
17765,3.0,13.0
39191,3.0,15.0
43096,4.0,12.0
20863,4.0,15.0
7420,3.0,18.0
46604,3.0,19.0
47086,,15.0
48962,2.0,20.0
27097,6.0,12.0
17916,4.0,12.0
11102,2.0,13.0
11014,2.0,8.0
5276,5.0,16.0
7934,0.0,2.0
18019,7.0,4.0
8195,,4.0
9510,4.0,17.0
47447,0.0,15.0
6184,3.0,14.0
33312,2.0,7.0
15479,,14.0
22607,3.0,8.0
46878,2.0,18.0
29790,3.0,14.0
47377,0.0,4.0
47132,7.0,13.0
22108,2.0,14.0
26592,2.0,22.0
23417,3.0,11.0
38097,2.0,15.0
39547,0.0,11.0
40110,2.0,15.0
28778,3.0,11.0
3962,3.0,16.0
38707,4.0,15.0
16480,2.0,150.0
28676,3.0,15.0
27172,2.0,10.0
27934,3.0,14.0
22218,2.0,14.0
48734,,7.0
22033,2.0,16.0
34872,2.0,12.0
10095,4.0,11.0
7748,3.0,10.0
43992,0.0,4.0
42036,3.0,22.0
16325,0.0,15.0
14388,4.0,10.0
43888,4.0,11.0
23974,2.0,15.0
48317,3.0,17.0
19154,5.0,12.0
45110,1.0,19.0
19559,1.0,130.0
30856,6.0,12.0
32609,5.0,14.0
44039,5.0,25.0
31325,2.0,13.0
17408,6.0,8.0
41737,1.0,17.0
38674,1.0,12.0
41812,0.0,1.0
29641,5.0,17.0
4443,2.0,9.0
25516,5.0,11.0
28907,3.0,15.0
27094,8.0,6.0
23799,5.0,12.0
14099,1.0,15.0
13001,4.0,15.0
41613,5.0,16.0
49418,2.0,10.0
45871,3.0,15.0
18182,5.0,11.0
16739,7.0,13.0
36868,3.0,15.0
6979,,4.0
10399,3.0,13.0
8845,2.0,15.0
10221,0.0,4.0
22944,6.0,14.0
42146,0.0,15.0
8387,3.0,15.0
48533,0.0,11.0
40790,3.0,12.0
45332,5.0,12.0
5851,2.0,18.0
49033,4.0,7.0
28418,0.0,0.0
19276,0.0,4.0
10190,5.0,14.0
41261,1.0,12.0
42161,3.0,9.0
15806,8.0,20.0
25995,2.0,16.0
38842,5.0,200.0
28368,4.0,16.0
18905,0.0,14.0
7088,6.0,12.0
49049,2.0,13.0
28272,3.0,12.0
6272,4.0,9.0
30349,2.0,13.0
41442,4.0,10.0
31946,3.0,8.0
19907,2.0,
44950,5.0,15.0
18533,2.0,13.0
29989,1.0,20.0
22114,1.0,19.0
29507,2.0,13.0
6859,,20.0
34300,7.0,19.0
39205,3.0,21.0
568,0.0,3.0
39196,5.0,12.0
16103,5.0,6.0
15438,5.0,12.0
9752,0.0,12.0
20949,0.0,1.0
3276,3.0,12.0
40801,6.0,14.0
29023,3.0,16.0
33168,3.0,14.0
23864,4.0,17.0
31068,3.0,11.0
48910,5.0,19.0
48963,4.0,10.0
6715,7.0,16.0
2463,0.0,21.0
23702,5.0,16.0
47711,2.0,17.0
16275,8.0,21.0
47855,2.0,14.0
40453,5.0,13.0
20535,2.0,12.0
8766,6.0,11.0
36483,7.0,10.0
40616,2.0,11.0
1217,3.0,9.0
30064,0.0,4.0
34666,5.0,13.0
7280,4.0,18.0
47096,3.0,12.0
43016,3.0,18.0
9314,3.0,12.0
39844,4.0,14.0
48621,5.0,12.0
36065,0.0,21.0
1729,0.0,3.0
19399,4.0,9.0
23726,5.0,14.0
43669,3.0,14.0
5999,6.0,17.0
24421,6.0,16.0
47791,2.0,13.0
49663,5.0,19.0
3915,3.0,18.0
45975,2.0,8.0
26115,3.0,13.0
19587,6.0,18.0
34828,3.0,6.0
11799,4.0,15.0
5291,3.0,9.0
22997,0.0,15.0
31873,5.0,14.0
32402,1.0,11.0
37754,5.0,12.0
27967,5.0,18.0
26098,1.0,15.0
30783,0.0,4.0
44874,2.0,10.0
7619,1.0,16.0
44827,2.0,12.0
29697,5.0,17.0
1945,1.0,11.0
30740,4.0,22.0
24895,2.0,20.0
18117,3.0,11.0
45807,0.0,15.0
39440,3.0,17.0
28376,3.0,17.0
39225,4.0,16.0
15302,1.0,9.0
44132,5.0,19.0
36250,0.0,30.0
26562,3.0,14.0
37051,,10.0
29129,4.0,9.0
44094,2.0,9.0
13245,4.0,9.0
39452,4.0,9.0
8478,,17.0
27452,0.0,3.0
36815,4.0,11.0
12049,7.0,8.0
7228,3.0,15.0
39065,5.0,9.0
9382,0.0,3.0
14937,4.0,15.0
34906,3.0,17.0
44989,6.0,16.0
14042,8.0,12.0
31490,0.0,5.0
38649,2.0,15.0
31885,1.0,9.0
44388,1.0,13.0
33011,1.0,18.0
27166,3.0,15.0
17720,0.0,16.0
5358,3.0,14.0
20588,4.0,8.0
25003,3.0,16.0
12360,4.0,20.0
4527,1.0,9.0
3450,4.0,12.0
49592,1.0,12.0
16948,2.0,140.0
4221,0.0,6.0
38940,1.0,13.0
46715,4.0,19.0
9360,1.0,8.0
25381,0.0,
2299,0.0,3.0
7636,5.0,8.0
5269,1.0,14.0
11076,1.0,13.0
3554,8.0,10.0
7085,2.0,9.0
43990,3.0,17.0
8162,3.0,16.0
39224,2.0,
46186,2.0,10.0
10918,2.0,13.0
11765,1.0,11.0
23237,7.0,9.0
26068,4.0,14.0
17573,,10.0
37093,0.0,4.0
3534,3.0,13.0
38627,0.0,3.0
6197,3.0,16.0
29789,1.0,12.0
4935,3.0,17.0
39918,3.0,18.0
43490,2.0,16.0
28559,1.0,19.0
22128,1.0,14.0
37839,2.0,10.0
12893,,12.0
38112,3.0,16.0
20969,4.0,20.0
9968,3.0,13.0
18594,0.0,5.0
14039,5.0,18.0
31735,3.0,12.0
39230,2.0,12.0
47771,5.0,
25283,3.0,15.0
45003,4.0,10.0
40833,1.0,14.0
44215,2.0,19.0
13546,4.0,16.0
44597,0.0,1.0
17674,2.0,15.0
14593,0.0,17.0
33576,2.0,120.0
17487,6.0,9.0
43547,0.0,
36744,1.0,14.0
28353,6.0,70.0
23106,5.0,17.0
39074,0.0,5.0
9520,3.0,17.0
35101,0.0,2.0
2117,6.0,11.0
20723,4.0,17.0
35119,2.0,14.0
32244,8.0,14.0
47484,2.0,14.0
41516,5.0,20.0
20631,0.0,8.0
7631,0.0,2.0
49018,,14.0
8373,0.0,4.0
3875,0.0,1.0
4825,0.0,1.0
3288,4.0,11.0
8014,5.0,14.0
16290,1.0,17.0
27023,5.0,14.0
45168,4.0,11.0
2540,0.0,4.0
12000,3.0,13.0
20478,3.0,17.0
15164,2.0,18.0
35094,1.0,14.0
11609,4.0,11.0
10230,2.0,16.0
35465,1.0,17.0
15188,0.0,16.0
45315,,9.0
47110,0.0,0.0
33236,0.0,5.0
4617,4.0,12.0
11064,5.0,21.0
43788,2.0,7.0
47747,,14.0
49617,0.0,15.0
41651,2.0,13.0
42585,3.0,14.0
25595,0.0,6.0
37798,0.0,4.0
15853,3.0,16.0
2485,4.0,13.0
32892,0.0,7.0
48806,0.0,6.0
12854,0.0,18.0
49539,3.0,15.0
3854,7.0,14.0
20333,3.0,15.0
28341,2.0,16.0
49680,3.0,12.0
37401,3.0,17.0
41784,1.0,8.0
32796,2.0,20.0
37514,2.0,13.0
14726,4.0,13.0
2906,4.0,20.0
38686,0.0,12.0
12695,2.0,13.0
23301,2.0,22.0
30520,5.0,16.0
22154,2.0,20.0
5640,3.0,17.0
24078,3.0,21.0
17461,,12.0
10706,7.0,
37272,3.0,13.0
42187,3.0,13.0
41530,5.0,9.0
45439,4.0,15.0
39455,4.0,5.0
18246,0.0,2.0
34706,1.0,11.0
23178,,
22151,5.0,10.0
35655,4.0,11.0
25753,6.0,18.0
26725,3.0,14.0
25037,5.0,17.0
6422,2.0,10.0
37263,1.0,
48844,0.0,16.0
20496,3.0,14.0
40522,0.0,
43674,5.0,16.0
12440,1.0,13.0
42434,4.0,13.0
19723,4.0,18.0
5080,0.0,9.0
26609,4.0,15.0
48274,2.0,15.0
19481,1.0,10.0
27785,4.0,20.0
44048,3.0,13.0
36687,5.0,7.0
25167,7.0,11.0
8793,3.0,19.0
31489,1.0,13.0
20494,6.0,18.0
43851,3.0,11.0
4784,1.0,14.0
23267,6.0,19.0
6068,6.0,16.0
9363,2.0,20.0
24688,3.0,13.0
22387,4.0,23.0
8234,7.0,8.0
33763,3.0,19.0
6035,2.0,22.0
37908,1.0,18.0
8389,3.0,11.0
6030,3.0,14.0
2479,0.0,23.0
1524,1.0,15.0
18767,2.0,12.0
9842,3.0,19.0
7567,4.0,13.0
25476,0.0,2.0
43142,4.0,13.0
29596,0.0,9.0
27294,2.0,8.0
12256,4.0,11.0
44771,5.0,10.0
34019,4.0,19.0
37582,0.0,1.0
27089,3.0,25.0
46610,5.0,19.0
39298,3.0,12.0
42790,4.0,14.0
34469,,10.0
17850,2.0,23.0
45383,6.0,19.0
12410,2.0,18.0
16753,2.0,17.0
33954,5.0,12.0
44066,3.0,16.0
42025,0.0,14.0
3897,1.0,14.0
7091,3.0,10.0
30670,5.0,8.0
13544,1.0,13.0
45372,2.0,17.0
19049,0.0,3.0
13864,6.0,14.0
27135,3.0,11.0
48020,3.0,13.0
17215,5.0,14.0
8077,3.0,24.0
3190,3.0,16.0
7610,1.0,7.0
7327,3.0,19.0
38180,4.0,11.0
26116,0.0,7.0
18980,1.0,16.0
20302,5.0,12.0
6079,2.0,11.0
21192,2.0,19.0
24219,2.0,15.0
30266,3.0,11.0
2372,2.0,17.0
38981,2.0,16.0
28235,4.0,10.0
40599,4.0,13.0
28286,2.0,24.0
36704,3.0,6.0
18217,2.0,11.0
1962,0.0,2.0
6411,0.0,13.0
5729,3.0,7.0
29945,3.0,19.0
12317,1.0,12.0
30726,4.0,8.0
31105,5.0,13.0
2817,1.0,190.0
7194,3.0,13.0
46224,0.0,5.0
19567,0.0,3.0
13610,5.0,8.0
35804,7.0,12.0
46327,4.0,15.0
20004,5.0,17.0
22102,5.0,22.0
29301,4.0,15.0
31525,4.0,19.0
22105,5.0,17.0
17928,1.0,20.0
7895,8.0,14.0
38456,5.0,12.0
43723,3.0,20.0
36568,0.0,7.0
25261,0.0,2.0
31886,3.0,12.0
7435,3.0,27.0
34708,5.0,11.0
41889,3.0,19.0
43135,7.0,5.0
15221,4.0,13.0
2848,3.0,12.0
24710,5.0,15.0
47629,5.0,7.0
31643,4.0,17.0
8066,6.0,13.0
44119,0.0,0.0
9107,5.0,13.0
36310,4.0,17.0
32792,1.0,22.0
38059,3.0,15.0
2739,2.0,12.0
26968,3.0,13.0
18542,1.0,20.0
33505,3.0,20.0
19231,4.0,12.0
13817,2.0,27.0
36053,2.0,12.0
17934,4.0,15.0
31246,1.0,20.0
6124,7.0,13.0
6402,4.0,18.0
14022,1.0,14.0
14392,,180.0
21005,3.0,12.0
33609,4.0,16.0
9207,5.0,16.0
2290,1.0,14.0
41827,3.0,10.0
33137,6.0,180.0
22952,3.0,18.0
14576,2.0,11.0
12314,1.0,13.0
47153,1.0,15.0
933,0.0,15.0
29182,2.0,15.0
48254,3.0,10.0
1423,,13.0
9088,1.0,13.0
21704,1.0,11.0
43651,2.0,16.0
26554,0.0,2.0
9018,0.0,2.0
41876,4.0,16.0
40795,5.0,18.0
7082,3.0,12.0
27706,0.0,10.0
1857,5.0,18.0
16514,3.0,15.0
8490,2.0,16.0
18918,0.0,14.0
37792,4.0,16.0
13402,3.0,15.0
8524,2.0,9.0
29275,1.0,11.0
34597,4.0,18.0
36486,0.0,2.0
21467,4.0,14.0
17156,4.0,16.0
22287,2.0,20.0
33113,4.0,7.0
1637,4.0,12.0
31331,2.0,10.0
30922,2.0,10.0
30308,0.0,5.0
46553,0.0,2.0
2255,2.0,15.0
7116,4.0,17.0
38506,0.0,1.0
22996,0.0,2.0
35153,3.0,14.0
31398,3.0,11.0
5785,4.0,14.0
30546,2.0,9.0
27920,4.0,21.0
7736,4.0,15.0
4140,4.0,18.0
45075,4.0,14.0
45503,6.0,13.0
24753,3.0,17.0
28248,,12.0
256,2.0,12.0
26742,0.0,10.0
40837,4.0,15.0
17806,3.0,16.0
32523,4.0,20.0
35618,0.0,5.0
34574,1.0,13.0
12929,2.0,8.0
21676,5.0,
5180,4.0,160.0
1974,3.0,11.0
34082,3.0,8.0
27530,3.0,15.0
20815,3.0,15.0
34694,4.0,23.0
38373,2.0,
47474,1.0,13.0
44172,3.0,8.0
46030,2.0,14.0
193,0.0,0.0
42506,1.0,17.0
1969,3.0,16.0
26794,3.0,11.0
17833,5.0,14.0
5992,2.0,13.0
41629,0.0,5.0
42222,0.0,3.0
4930,0.0,120.0
38247,2.0,160.0
45660,0.0,18.0
24473,3.0,
19446,2.0,
23468,2.0,15.0
8798,0.0,1.0
37712,2.0,9.0
8606,4.0,12.0
7035,2.0,11.0
24081,6.0,18.0
8983,3.0,15.0
22751,0.0,3.0
48263,1.0,14.0
33511,0.0,2.0
36307,0.0,15.0
28198,3.0,11.0
23318,3.0,11.0
19040,2.0,18.0
32941,0.0,1.0
8503,2.0,10.0
25739,2.0,14.0
9590,2.0,17.0
11493,0.0,6.0
3019,1.0,17.0
23081,,10.0
37589,5.0,14.0
18275,3.0,17.0
37450,6.0,18.0
41285,2.0,
13022,7.0,18.0
11355,1.0,19.0
32440,2.0,18.0
19619,3.0,21.0
34746,3.0,12.0
13406,3.0,13.0
21030,0.0,5.0
46286,1.0,14.0
18021,2.0,14.0
3796,1.0,14.0
14855,0.0,16.0
35287,1.0,14.0
32106,5.0,12.0
35374,6.0,150.0
28186,4.0,10.0
32004,4.0,11.0
32282,4.0,6.0
23428,5.0,12.0
2155,4.0,12.0
2300,2.0,16.0
10855,5.0,15.0
46670,1.0,21.0
11576,5.0,11.0
38167,4.0,6.0
24691,1.0,15.0
37575,1.0,
5419,3.0,13.0
29314,6.0,10.0
555,2.0,15.0
10958,5.0,10.0
11618,4.0,10.0
374,1.0,12.0
10731,3.0,9.0
46361,3.0,8.0
5639,3.0,17.0
24056,5.0,23.0
17577,7.0,13.0
18483,5.0,10.0
43069,4.0,13.0
1164,4.0,10.0
49640,0.0,15.0
22111,0.0,2.0
25707,7.0,7.0
25471,0.0,8.0
21632,1.0,12.0
36308,5.0,17.0
48729,5.0,21.0
49610,6.0,22.0
43229,4.0,16.0
24470,0.0,18.0
13637,2.0,9.0
20303,4.0,17.0
26967,3.0,12.0
37996,0.0,2.0
8124,1.0,12.0
39113,5.0,12.0
44895,3.0,19.0
31294,4.0,16.0
33088,3.0,13.0
17249,2.0,14.0
31011,3.0,20.0
30787,5.0,13.0
998,4.0,17.0
9613,2.0,16.0
16856,5.0,23.0
6594,3.0,9.0
41961,2.0,13.0
5769,3.0,14.0
24136,4.0,14.0
42460,4.0,21.0
6339,1.0,14.0
38061,2.0,14.0
31098,6.0,15.0
46550,5.0,9.0
12736,0.0,14.0
19730,3.0,15.0
29689,2.0,11.0
21476,3.0,16.0
23271,2.0,14.0
20897,,13.0
20008,3.0,15.0
42956,6.0,
15569,4.0,10.0
46105,4.0,10.0
31721,1.0,15.0
34737,,8.0
47027,2.0,17.0
12638,2.0,14.0
28725,0.0,3.0
23027,4.0,14.0
49865,4.0,13.0
36797,6.0,10.0
21906,2.0,16.0
48062,0.0,3.0
5424,5.0,15.0
30521,7.0,13.0
40519,3.0,13.0
9061,2.0,10.0
28275,1.0,10.0
970,0.0,3.0
43105,7.0,13.0
18933,4.0,11.0
17083,4.0,19.0
14397,2.0,
40672,0.0,17.0
34473,4.0,13.0
16895,3.0,13.0
1383,2.0,17.0
42638,2.0,18.0
12010,5.0,21.0
23293,2.0,18.0
674,1.0,12.0
49570,6.0,17.0
48702,3.0,12.0
31867,1.0,11.0
30511,0.0,4.0
2673,1.0,7.0
16680,1.0,10.0
28657,5.0,
29125,6.0,17.0
48570,2.0,12.0
1946,2.0,11.0
43331,1.0,13.0
1327,3.0,13.0
5763,4.0,12.0
15817,7.0,
5415,3.0,11.0
19010,4.0,14.0
26198,3.0,13.0
25014,5.0,25.0
3478,5.0,12.0
24996,4.0,12.0
36556,6.0,12.0
45663,3.0,12.0
9803,2.0,16.0
33098,3.0,20.0
13815,0.0,5.0
12868,,10.0
8549,0.0,6.0
40322,4.0,15.0
25773,0.0,2.0
31193,2.0,8.0
38032,1.0,18.0
38744,2.0,13.0
39953,4.0,14.0
26963,2.0,9.0
23619,5.0,13.0
48007,0.0,5.0
19798,5.0,14.0
8135,4.0,20.0
30334,2.0,14.0
37214,3.0,8.0
26957,8.0,19.0
43573,5.0,16.0
13171,4.0,160.0
25729,4.0,9.0
39174,3.0,17.0
45516,5.0,13.0
35798,2.0,14.0
41363,5.0,14.0
10030,4.0,15.0
31318,3.0,23.0
11734,5.0,17.0
37489,0.0,8.0
47130,0.0,10.0
41998,4.0,11.0
7457,3.0,15.0
43497,3.0,12.0
15037,2.0,14.0
3763,,4.0
15810,0.0,1.0
24749,2.0,14.0
43556,3.0,19.0
22955,2.0,160.0
46689,4.0,19.0
16970,2.0,12.0
21037,0.0,0.0
36004,7.0,8.0
28767,4.0,14.0
16682,2.0,9.0
712,6.0,8.0
17285,4.0,16.0
23753,0.0,4.0
7904,5.0,13.0
22091,4.0,11.0
30397,2.0,210.0
1653,2.0,22.0
36748,1.0,13.0
4165,2.0,13.0
5750,0.0,16.0
46473,9.0,13.0
29022,5.0,13.0
26087,8.0,11.0
6920,1.0,13.0
40449,2.0,14.0
16969,1.0,12.0
22025,0.0,3.0
13441,2.0,11.0
14184,4.0,14.0
36875,0.0,3.0
7507,1.0,10.0
29427,5.0,9.0
17320,3.0,14.0
25129,2.0,11.0
23336,0.0,3.0
46535,1.0,15.0
43542,3.0,12.0
22697,0.0,2.0
26112,1.0,20.0
12539,2.0,8.0
44117,4.0,16.0
39467,3.0,19.0
20455,1.0,14.0
10744,5.0,12.0
512,3.0,19.0
14964,4.0,13.0
18824,0.0,1.0
42842,2.0,18.0
21698,2.0,15.0
9471,4.0,17.0
3789,0.0,19.0
9218,4.0,20.0
33008,0.0,19.0
27377,5.0,13.0
28080,6.0,10.0
9882,1.0,7.0
10102,3.0,14.0
1909,0.0,2.0
47885,4.0,12.0
26447,2.0,12.0
36368,1.0,9.0
13338,0.0,3.0
16544,2.0,11.0
8464,3.0,12.0
16425,2.0,19.0
34276,3.0,10.0
37235,1.0,15.0
39764,3.0,15.0
42692,6.0,15.0
28451,3.0,14.0
16413,,18.0
46738,5.0,12.0
49985,0.0,13.0
1009,0.0,15.0
19697,6.0,17.0
14476,,18.0
36636,3.0,17.0
26487,2.0,17.0
23100,1.0,13.0
20519,7.0,13.0
43710,3.0,13.0
24477,0.0,23.0
22004,4.0,14.0
33227,0.0,2.0
7062,3.0,10.0
6515,2.0,12.0
28312,5.0,14.0
8908,4.0,11.0
40540,3.0,16.0
28754,3.0,15.0
2409,3.0,13.0
39415,5.0,9.0
35928,5.0,18.0
6965,5.0,13.0
13453,4.0,13.0
48939,2.0,16.0
26621,3.0,16.0
2146,3.0,6.0
15814,0.0,2.0
25421,8.0,8.0
30927,3.0,18.0
26900,1.0,14.0
35478,4.0,11.0
20530,1.0,17.0
36698,4.0,14.0
42682,,13.0
7733,4.0,15.0
8158,2.0,19.0
3511,0.0,2.0
47542,3.0,14.0
28624,0.0,2.0
48553,1.0,15.0
32902,4.0,15.0
14672,4.0,13.0
43185,4.0,12.0
5436,3.0,11.0
25101,1.0,13.0
6558,0.0,2.0
43378,3.0,19.0
31439,0.0,2.0
48136,3.0,8.0
17528,10.0,20.0
25902,5.0,12.0
26267,1.0,17.0
4480,5.0,9.0
38560,1.0,18.0
22437,0.0,10.0
16427,5.0,18.0
10721,4.0,20.0
1412,5.0,18.0
32940,4.0,17.0
15570,3.0,20.0
43064,5.0,17.0
32576,4.0,34.0
35986,0.0,20.0
39208,3.0,14.0
16984,4.0,10.0
14574,3.0,10.0
29901,4.0,13.0
34079,4.0,18.0
12625,3.0,14.0
13940,3.0,19.0
8579,3.0,13.0
28866,6.0,13.0
24602,0.0,2.0
20119,2.0,9.0
26211,4.0,9.0
34011,1.0,16.0
21546,4.0,25.0
35083,7.0,12.0
20580,0.0,4.0
41447,3.0,17.0
29681,2.0,4.0
1662,2.0,15.0
39290,0.0,1.0
28860,3.0,13.0
3326,6.0,15.0
4795,2.0,15.0
2672,2.0,7.0
11536,2.0,18.0
33792,4.0,14.0
10506,2.0,20.0
39738,4.0,16.0
12944,2.0,12.0
38117,4.0,16.0
5582,,11.0
8377,3.0,19.0
8122,1.0,12.0
16594,4.0,9.0
33585,3.0,14.0
8871,4.0,18.0
20948,8.0,9.0
1468,5.0,16.0
8736,2.0,12.0
42947,3.0,11.0
48164,3.0,14.0
47590,0.0,1.0
38012,2.0,170.0
42793,4.0,13.0
7781,3.0,13.0
34972,3.0,16.0
41929,4.0,14.0
959,3.0,9.0
21736,0.0,40.0
22217,2.0,130.0
11589,2.0,13.0
7629,4.0,15.0
37392,2.0,13.0
38516,5.0,8.0
41652,0.0,5.0
7857,0.0,2.0
32823,4.0,14.0
18615,4.0,12.0
46932,2.0,14.0
35754,5.0,19.0
10861,1.0,8.0
38248,3.0,13.0
794,2.0,11.0
19543,2.0,17.0
43118,3.0,14.0
44060,2.0,8.0
42350,2.0,20.0
4566,2.0,11.0
46874,6.0,17.0
36405,2.0,21.0
23803,2.0,10.0
8010,0.0,2.0
7249,6.0,10.0
16066,0.0,
2000,2.0,14.0
16712,6.0,14.0
16709,0.0,1.0
2275,4.0,20.0
3838,4.0,12.0
15838,3.0,12.0
19819,6.0,15.0
21510,3.0,15.0
35514,2.0,19.0
21469,2.0,18.0
40890,0.0,3.0
35296,5.0,10.0
4765,1.0,16.0
8504,3.0,17.0
11748,3.0,15.0
33754,4.0,19.0
6285,5.0,10.0
35849,5.0,11.0
42449,,16.0
9604,0.0,15.0
42004,2.0,12.0
577,0.0,2.0
39972,0.0,3.0
26980,0.0,5.0
19846,2.0,17.0
28719,0.0,1.0
26384,4.0,20.0
4396,5.0,8.0
23662,2.0,15.0
28980,2.0,11.0
12216,2.0,8.0
31519,0.0,5.0
38378,,16.0
27115,3.0,12.0
25712,5.0,7.0
41145,4.0,
42794,4.0,16.0
24270,3.0,20.0
3949,3.0,17.0
48449,4.0,12.0
21931,5.0,14.0
32442,2.0,14.0
16690,0.0,3.0
10167,6.0,18.0
15746,1.0,10.0
4688,4.0,6.0
49649,3.0,7.0
45308,1.0,9.0
44586,2.0,21.0
45770,3.0,12.0
692,2.0,16.0
24778,4.0,9.0
40107,0.0,16.0
39657,1.0,8.0
29981,4.0,16.0
45485,0.0,3.0
23236,0.0,2.0
44802,2.0,11.0
6374,4.0,18.0
13155,3.0,21.0
19534,6.0,20.0
9764,0.0,3.0
37016,5.0,15.0
22469,4.0,8.0
45000,3.0,12.0
38213,1.0,11.0
12109,1.0,14.0
27488,3.0,19.0
20159,0.0,1.0
48536,0.0,1.0
5501,,15.0
30861,4.0,12.0
29478,0.0,1.0
32505,1.0,17.0
26477,0.0,3.0
6148,4.0,12.0
23748,6.0,18.0
16309,4.0,13.0
30415,4.0,13.0
39431,2.0,15.0
46518,5.0,13.0
48138,2.0,10.0
30600,4.0,10.0
43796,5.0,15.0
23598,6.0,12.0
46696,2.0,17.0
14368,2.0,9.0
6728,2.0,12.0
1992,3.0,9.0
42415,6.0,14.0
23429,7.0,16.0
29582,4.0,17.0
22655,3.0,17.0
22295,2.0,15.0
5329,6.0,17.0
6384,7.0,12.0
30605,1.0,13.0
39609,0.0,22.0
33266,2.0,15.0
42901,7.0,15.0
47926,4.0,11.0
43115,4.0,13.0
13805,1.0,14.0
5152,0.0,0.0
47441,0.0,1.0
3719,1.0,8.0
21899,1.0,19.0
44887,4.0,11.0
26286,6.0,11.0
15972,2.0,13.0
38514,3.0,10.0
31874,2.0,18.0
18469,0.0,2.0
41009,2.0,13.0
48681,3.0,15.0
490,0.0,2.0
46163,2.0,17.0
32210,6.0,14.0
45202,,6.0
2004,3.0,20.0
33744,5.0,15.0
22259,6.0,12.0
22659,5.0,18.0
40638,3.0,13.0
11764,1.0,8.0
2923,2.0,22.0
33123,1.0,14.0
9424,5.0,9.0
43772,6.0,14.0
1639,6.0,13.0
37454,3.0,8.0
15970,3.0,13.0
22939,0.0,
43232,1.0,16.0
13531,0.0,16.0
32488,0.0,2.0
3154,5.0,13.0
39062,3.0,11.0
38650,1.0,12.0
46600,1.0,10.0
41296,2.0,16.0
36992,1.0,14.0
34189,2.0,10.0
38183,0.0,5.0
43018,1.0,7.0
17851,2.0,17.0
18213,4.0,17.0
12614,4.0,15.0
45081,0.0,2.0
19237,1.0,16.0
49085,2.0,20.0
16357,0.0,1.0
30428,0.0,3.0
31929,4.0,19.0
38064,2.0,14.0
42464,3.0,15.0
47136,1.0,13.0
34609,3.0,14.0
3486,3.0,15.0
18031,1.0,
15054,4.0,12.0
21383,4.0,19.0
9362,4.0,8.0
37129,5.0,9.0
36874,3.0,23.0
2018,3.0,17.0
9177,6.0,10.0
10056,,14.0
17597,6.0,10.0
49430,2.0,6.0
32939,5.0,11.0
961,2.0,17.0
21966,2.0,11.0
13010,4.0,17.0
25682,1.0,14.0
29735,1.0,19.0
23934,5.0,21.0
41076,6.0,15.0
29249,2.0,15.0
14602,0.0,1.0
5584,3.0,12.0
14208,4.0,16.0
21007,4.0,12.0
20085,4.0,20.0
25638,5.0,13.0
1642,2.0,6.0
45841,3.0,15.0
27872,4.0,15.0
45686,4.0,7.0
31995,0.0,1.0
43774,2.0,9.0
40461,5.0,11.0
3555,4.0,10.0
46759,3.0,14.0
7818,0.0,11.0
3125,6.0,22.0
47691,0.0,4.0
41135,1.0,11.0
5833,1.0,14.0
45271,4.0,9.0
1076,3.0,16.0
9719,3.0,18.0
30814,1.0,13.0
36082,1.0,11.0
41240,1.0,13.0
18579,3.0,11.0
13142,4.0,17.0
24888,6.0,11.0
30140,0.0,15.0
11541,3.0,19.0
31587,3.0,19.0
1782,2.0,11.0
16316,6.0,13.0
3747,4.0,11.0
46498,1.0,10.0
4194,2.0,15.0
40441,1.0,17.0
9736,0.0,13.0
1407,3.0,15.0
18130,3.0,23.0
17147,5.0,17.0
12140,8.0,18.0
17263,0.0,13.0
6597,,13.0
24248,4.0,16.0
26717,2.0,16.0
13498,2.0,7.0
2989,0.0,4.0
11,,12.0
28566,2.0,15.0
8999,1.0,14.0
35814,1.0,13.0
49578,2.0,14.0
9947,0.0,2.0
39776,0.0,3.0
44100,3.0,18.0
2221,4.0,12.0
37351,1.0,14.0
25538,0.0,15.0
22035,0.0,2.0
20447,5.0,23.0
22769,4.0,16.0
13448,3.0,18.0
12255,4.0,16.0
16087,2.0,16.0
10321,4.0,9.0
7820,1.0,9.0
31450,5.0,14.0
37756,,14.0
40236,5.0,16.0
7502,2.0,15.0
10559,4.0,11.0
46274,5.0,13.0
12395,2.0,16.0
28429,2.0,10.0
49762,2.0,12.0
9973,3.0,18.0
19201,5.0,14.0
572,2.0,13.0
18343,2.0,7.0
17920,8.0,7.0
42625,5.0,14.0
3008,5.0,14.0
30134,1.0,15.0
7257,4.0,15.0
28993,5.0,14.0
40774,2.0,
35076,7.0,16.0
40327,4.0,16.0
39292,4.0,9.0
26034,2.0,18.0
14916,2.0,15.0
32952,,17.0
17202,1.0,10.0
17643,3.0,16.0
40142,0.0,24.0
11004,5.0,10.0
9309,5.0,15.0
19058,4.0,20.0
27952,0.0,4.0
40735,1.0,11.0
881,3.0,11.0
47770,2.0,14.0
27708,4.0,14.0
45699,2.0,11.0
25409,7.0,13.0
46264,2.0,10.0
4868,2.0,15.0
2811,4.0,17.0
21272,1.0,12.0
38748,2.0,10.0
26379,3.0,12.0
36613,0.0,2.0
31090,3.0,12.0
45747,1.0,10.0
26641,4.0,6.0
2091,0.0,3.0
38114,0.0,24.0
18134,3.0,12.0
26416,4.0,11.0
48162,3.0,8.0
43275,4.0,16.0
34386,6.0,13.0
21358,5.0,20.0
41351,3.0,10.0
26555,3.0,16.0
6718,2.0,15.0
3259,2.0,13.0
48174,0.0,1.0
18311,6.0,17.0
32427,1.0,10.0
28696,,17.0
2878,1.0,14.0
19623,1.0,16.0
5580,4.0,14.0
366,4.0,6.0
27666,0.0,25.0
25812,2.0,14.0
41292,2.0,17.0
49947,0.0,2.0
12098,4.0,18.0
8668,,13.0
15862,2.0,18.0
31382,3.0,12.0
3579,2.0,12.0
26105,2.0,13.0
35446,1.0,15.0
39739,5.0,16.0
15744,5.0,13.0
41901,3.0,18.0
15617,3.0,16.0
9168,5.0,15.0
9225,2.0,14.0
26168,2.0,16.0
10271,3.0,15.0
32732,2.0,21.0
29600,7.0,17.0
39378,2.0,14.0
44287,4.0,14.0
21965,2.0,10.0
25368,3.0,13.0
7651,5.0,15.0
47834,1.0,6.0
21762,3.0,13.0
32182,2.0,14.0
38050,3.0,10.0
14804,4.0,17.0
33381,3.0,12.0
39068,3.0,13.0
43154,2.0,21.0
37842,4.0,19.0
7234,4.0,13.0
5328,0.0,3.0
49837,3.0,19.0
13868,5.0,17.0
34214,0.0,4.0
10207,5.0,15.0
39932,3.0,17.0
7371,3.0,18.0
31243,3.0,12.0
2765,1.0,14.0
22146,3.0,17.0
1026,1.0,12.0
16768,4.0,19.0
30437,6.0,16.0
5414,4.0,14.0
34868,0.0,1.0
45674,3.0,5.0
18326,3.0,14.0
35180,5.0,14.0
25392,4.0,13.0
24773,3.0,160.0
18990,5.0,17.0
21277,0.0,5.0
32280,3.0,17.0
29306,0.0,17.0
39855,7.0,14.0
29591,4.0,16.0
39253,3.0,12.0
48428,7.0,11.0
31745,3.0,14.0
20073,2.0,11.0
21107,1.0,8.0
20735,1.0,13.0
25378,3.0,14.0
18972,4.0,14.0
29019,2.0,13.0
22920,2.0,15.0
47596,3.0,13.0
3816,3.0,19.0
7025,2.0,10.0
34975,4.0,14.0
1777,2.0,11.0
37733,,14.0
28159,6.0,15.0
30910,3.0,11.0
32062,2.0,20.0
35730,2.0,12.0
49993,4.0,15.0
8974,1.0,13.0
12760,2.0,16.0
35399,1.0,15.0
14372,4.0,15.0
17714,,19.0
34968,4.0,13.0
16299,3.0,9.0
30372,3.0,
6899,4.0,16.0
9927,2.0,21.0
4959,4.0,13.0
221,2.0,10.0
34993,4.0,17.0
29988,3.0,12.0
4254,1.0,18.0
32235,5.0,15.0
6577,4.0,8.0
42691,5.0,11.0
6584,4.0,4.0
3296,1.0,12.0
724,2.0,13.0
49873,0.0,3.0
18321,3.0,16.0
16556,1.0,12.0
39716,5.0,14.0
2588,2.0,9.0
24731,3.0,11.0
5231,4.0,17.0
31547,6.0,13.0
3109,0.0,1.0
27972,2.0,17.0
751,1.0,14.0
24145,4.0,11.0
14978,3.0,11.0
35242,1.0,8.0
42699,4.0,12.0
11293,1.0,11.0
18086,3.0,18.0
46896,3.0,9.0
30632,2.0,6.0
44004,5.0,
32866,0.0,12.0
35458,1.0,16.0
3971,3.0,17.0
3829,4.0,11.0
45181,0.0,14.0
9456,1.0,7.0
18984,6.0,18.0
6381,5.0,
4492,0.0,13.0
48234,0.0,4.0
33877,3.0,14.0
5503,4.0,16.0
47978,4.0,18.0
34358,2.0,13.0
20307,2.0,9.0
48378,1.0,15.0
32717,2.0,10.0
14032,2.0,13.0
38594,6.0,8.0
34693,3.0,23.0
38549,3.0,18.0
15581,1.0,12.0
36269,2.0,8.0
43343,4.0,16.0
18531,4.0,18.0
35642,1.0,11.0
1177,0.0,4.0
25236,4.0,12.0
12217,1.0,19.0
49568,2.0,9.0
37473,3.0,10.0
31727,4.0,15.0
44282,5.0,12.0
4908,8.0,22.0
10170,0.0,1.0
41227,2.0,16.0
10134,2.0,14.0
15639,3.0,11.0
49109,2.0,17.0
41868,2.0,13.0
34927,5.0,12.0
31793,6.0,11.0
8047,1.0,14.0
34277,0.0,22.0
11148,6.0,13.0
11005,3.0,20.0
31687,1.0,18.0
39750,5.0,14.0
5560,2.0,18.0
1563,2.0,8.0
27147,3.0,9.0
45606,4.0,14.0
35373,4.0,17.0
28355,3.0,19.0
20070,4.0,15.0
38876,2.0,15.0
16160,4.0,17.0
25229,5.0,12.0
13028,5.0,12.0
26204,0.0,14.0
25589,0.0,2.0
1817,,12.0
41457,3.0,13.0
1295,1.0,20.0
21699,0.0,2.0
2178,2.0,14.0
40729,0.0,1.0
28161,2.0,12.0
30149,2.0,15.0
36231,4.0,10.0
29830,0.0,16.0
35338,5.0,10.0
8425,6.0,9.0
2446,3.0,13.0
11171,2.0,7.0
4721,1.0,12.0
1274,4.0,17.0
12905,3.0,16.0
47240,5.0,21.0
20824,4.0,13.0
10901,5.0,15.0
12426,,17.0
2467,2.0,15.0
22171,2.0,16.0
44756,6.0,12.0
2157,4.0,10.0
43658,0.0,4.0
16883,4.0,7.0
48900,6.0,17.0
32535,5.0,11.0
12369,6.0,21.0
18837,4.0,11.0
48682,3.0,19.0
32567,1.0,11.0
20828,4.0,15.0
7146,3.0,14.0
18043,3.0,9.0
43167,4.0,12.0
5907,2.0,90.0
9667,4.0,16.0
34095,0.0,12.0
35074,4.0,13.0
9003,3.0,10.0
44680,3.0,9.0
10599,2.0,18.0
741,2.0,13.0
31673,1.0,18.0
2227,3.0,24.0
27106,1.0,14.0
24902,1.0,16.0
46046,0.0,11.0
25681,2.0,13.0
2177,4.0,14.0
25090,2.0,10.0
24810,2.0,7.0
49137,2.0,11.0
20188,4.0,13.0
40275,2.0,17.0
22372,5.0,13.0
45563,3.0,13.0
49101,3.0,9.0
24728,3.0,14.0
43482,0.0,
38154,3.0,19.0
908,2.0,12.0
20310,0.0,3.0
32434,5.0,19.0
46979,0.0,14.0
19678,3.0,18.0
25196,3.0,25.0
4564,4.0,13.0
35910,4.0,11.0
10255,0.0,1.0
5327,4.0,11.0
49356,2.0,9.0
34326,6.0,13.0
42499,4.0,15.0
18243,4.0,21.0
7279,2.0,19.0
14114,2.0,10.0
275,4.0,16.0
23345,0.0,3.0
3260,1.0,19.0
43032,0.0,0.0
2842,4.0,7.0
968,2.0,10.0
27062,1.0,15.0
33335,5.0,12.0
1556,4.0,20.0
27407,5.0,15.0
31975,2.0,12.0
23894,2.0,8.0
18240,3.0,13.0
31811,1.0,7.0
18637,0.0,4.0
18127,,13.0
30936,1.0,
26961,3.0,16.0
42765,3.0,15.0
26716,3.0,11.0
45217,2.0,7.0
19083,5.0,10.0
19016,4.0,12.0
49259,3.0,15.0
23535,1.0,16.0
37413,3.0,12.0
35584,4.0,25.0
17903,0.0,3.0
20906,1.0,10.0
38483,1.0,13.0
22514,4.0,14.0
8546,,15.0
14122,4.0,14.0
40812,4.0,10.0
45774,,6.0
6757,1.0,17.0
9460,4.0,19.0
27454,4.0,17.0
13283,2.0,12.0
15235,4.0,7.0
19474,3.0,3.0
5760,0.0,2.0
10843,5.0,12.0
11423,2.0,15.0
35706,2.0,18.0
40203,4.0,11.0
10810,0.0,19.0
31227,3.0,14.0
42965,2.0,13.0
49624,0.0,3.0
21119,2.0,16.0
25510,4.0,15.0
12704,3.0,14.0
41433,5.0,13.0
45951,1.0,16.0
4337,3.0,12.0
25683,2.0,16.0
12709,0.0,2.0
22262,6.0,11.0
1424,4.0,11.0
31998,7.0,8.0
49186,4.0,13.0
38190,3.0,14.0
32960,3.0,13.0
33272,0.0,2.0
9543,,14.0
25161,0.0,13.0
37938,3.0,12.0
25287,3.0,20.0
37933,2.0,13.0
23789,4.0,16.0
45666,3.0,20.0
33706,2.0,17.0
46922,2.0,13.0
21401,5.0,14.0
7253,3.0,18.0
19378,5.0,18.0
9837,1.0,17.0
33732,7.0,15.0
7991,,140.0
27605,5.0,20.0
14444,2.0,18.0
9805,5.0,11.0
22294,9.0,20.0
47347,7.0,14.0
9597,2.0,11.0
6555,9.0,20.0
38644,4.0,18.0
4713,10.0,8.0
35224,2.0,15.0
8781,1.0,15.0
10711,0.0,2.0
14115,2.0,9.0
9346,1.0,14.0
23457,4.0,12.0
13900,4.0,11.0
36072,1.0,12.0
5375,6.0,6.0
3182,6.0,12.0
31517,5.0,19.0
18480,4.0,16.0
35275,4.0,14.0
14765,1.0,11.0
29801,,22.0
15740,2.0,18.0
11221,3.0,11.0
34034,3.0,9.0
48576,2.0,11.0
35023,3.0,21.0
32685,5.0,18.0
570,2.0,9.0
22841,0.0,4.0
31376,0.0,4.0
3149,0.0,3.0
14293,1.0,14.0
9700,2.0,7.0
33719,4.0,15.0
18507,7.0,28.0
39648,6.0,14.0
31580,1.0,17.0
36629,2.0,20.0
5873,4.0,12.0
24765,2.0,17.0
37853,4.0,16.0
28,0.0,1.0
36713,6.0,16.0
30844,5.0,14.0
37548,4.0,11.0
18199,3.0,9.0
9889,2.0,11.0
20420,5.0,16.0
49196,5.0,18.0
47234,2.0,14.0
16966,1.0,
5627,,10.0
45430,0.0,5.0
46815,5.0,11.0
19172,0.0,7.0
6237,1.0,19.0
15660,5.0,15.0
27445,5.0,6.0
8487,2.0,19.0
32543,3.0,
43581,1.0,
11245,3.0,12.0
45582,4.0,14.0
11137,7.0,11.0
41017,3.0,21.0
26214,5.0,18.0
49904,3.0,11.0
47402,3.0,15.0
46423,0.0,2.0
7940,5.0,15.0
37345,1.0,17.0
35279,2.0,11.0
25436,2.0,14.0
39316,3.0,12.0
9305,5.0,18.0
35967,3.0,
27314,2.0,12.0
14080,2.0,16.0
45531,3.0,10.0
23011,1.0,16.0
49444,2.0,130.0
22699,4.0,20.0
11532,3.0,10.0
13399,2.0,13.0
4798,2.0,14.0
48940,1.0,19.0
39599,2.0,13.0
44466,2.0,13.0
22496,5.0,15.0
16491,,14.0
38931,1.0,10.0
8848,2.0,7.0
2586,3.0,13.0
36930,0.0,6.0
13709,1.0,12.0
31903,0.0,4.0
29027,2.0,13.0
33724,1.0,10.0
46717,5.0,16.0
8751,5.0,9.0
23335,4.0,14.0
12099,2.0,19.0
35902,5.0,20.0
34682,5.0,14.0
3711,7.0,13.0
26688,4.0,17.0
7424,4.0,12.0
49056,0.0,3.0
42178,6.0,7.0
45759,5.0,14.0
30682,2.0,15.0
48848,5.0,18.0
37812,1.0,11.0
28094,3.0,17.0
102,3.0,14.0
686,,14.0
9415,7.0,17.0
17867,5.0,12.0
44945,0.0,5.0
18431,4.0,13.0
43057,6.0,15.0
42246,1.0,16.0
38388,2.0,17.0
15182,3.0,12.0
36341,5.0,18.0
21382,2.0,10.0
23198,0.0,13.0
19550,3.0,12.0
7196,2.0,20.0
34230,2.0,19.0
42414,4.0,14.0
10608,3.0,19.0
45804,1.0,100.0
8569,3.0,18.0
14173,6.0,13.0
29272,4.0,13.0
64,3.0,14.0
38856,4.0,20.0
5079,2.0,10.0
5989,3.0,
6775,3.0,13.0
12710,0.0,18.0
3416,2.0,12.0
46182,1.0,11.0
10323,4.0,13.0
25688,6.0,11.0
37232,3.0,14.0
15637,0.0,1.0
12839,4.0,10.0
13977,3.0,15.0
9054,2.0,18.0
29467,1.0,18.0
48593,2.0,23.0
15257,0.0,4.0
48631,3.0,16.0
46222,3.0,16.0
27565,0.0,2.0
2086,1.0,16.0
36348,3.0,21.0
22408,4.0,10.0
44184,6.0,15.0
25760,0.0,2.0
37684,3.0,10.0
42361,5.0,18.0
29010,0.0,2.0
3944,4.0,
48226,2.0,14.0
43711,4.0,17.0
18045,6.0,16.0
29407,1.0,13.0
1561,0.0,0.0
10513,3.0,13.0
9721,0.0,5.0
34102,4.0,9.0
450,2.0,20.0
33591,3.0,15.0
33350,3.0,6.0
15606,5.0,16.0
11011,3.0,15.0
3327,5.0,17.0
42998,5.0,10.0
32458,2.0,18.0
22720,3.0,13.0
27220,0.0,16.0
40786,3.0,16.0
1156,2.0,17.0
15893,3.0,9.0
26295,3.0,11.0
3366,6.0,11.0
34925,4.0,9.0
9574,0.0,2.0
31824,3.0,16.0
49828,2.0,14.0
26661,3.0,10.0
41976,0.0,5.0
3695,3.0,15.0
37960,3.0,13.0
24499,2.0,14.0
43889,2.0,14.0
5814,3.0,19.0
23319,4.0,17.0
15265,3.0,18.0
25170,6.0,18.0
42409,7.0,16.0
49946,3.0,15.0
38924,1.0,19.0
2250,3.0,21.0
15237,9.0,13.0
27315,0.0,4.0
3272,2.0,11.0
21638,3.0,15.0
28206,0.0,2.0
17365,1.0,10.0
14016,5.0,11.0
9423,0.0,3.0
27672,2.0,18.0
12320,3.0,17.0
14236,6.0,16.0
25565,2.0,10.0
13717,5.0,16.0
2727,4.0,20.0
36856,2.0,12.0
10016,5.0,17.0
23510,1.0,21.0
29479,2.0,20.0
24237,2.0,23.0
35111,2.0,15.0
36191,2.0,10.0
8361,5.0,15.0
34332,8.0,13.0
33538,,18.0
24807,5.0,160.0
41077,4.0,10.0
8110,2.0,14.0
26208,5.0,15.0
26435,1.0,12.0
13196,8.0,17.0
29493,3.0,8.0
15650,5.0,11.0
20968,0.0,2.0
35847,3.0,20.0
47776,4.0,13.0
32376,7.0,8.0
26129,4.0,
6702,6.0,10.0
29550,1.0,10.0
26104,2.0,21.0
23712,3.0,15.0
30721,4.0,20.0
17477,2.0,23.0
20171,3.0,18.0
40319,1.0,14.0
17027,5.0,20.0
10917,4.0,18.0
23390,5.0,13.0
12560,3.0,9.0
29889,1.0,13.0
14559,2.0,11.0
44363,4.0,19.0
41304,0.0,2.0
45420,4.0,15.0
33457,3.0,10.0
42925,0.0,0.0
38345,2.0,14.0
41861,1.0,16.0
29259,2.0,8.0
1842,0.0,0.0
41823,4.0,13.0
45570,3.0,20.0
18513,3.0,14.0
24703,1.0,11.0
12341,3.0,18.0
48103,10.0,19.0
33703,4.0,21.0
13126,1.0,13.0
18499,2.0,17.0
2391,4.0,16.0
27584,0.0,4.0
37965,5.0,16.0
8115,0.0,3.0
32850,0.0,1.0
42780,4.0,9.0
12148,8.0,21.0
11028,3.0,14.0
37278,3.0,18.0
23719,6.0,16.0
14154,5.0,12.0
15579,1.0,13.0
261,1.0,15.0
5909,4.0,12.0
40813,0.0,2.0
20790,3.0,12.0
22666,5.0,12.0
39791,4.0,9.0
16538,2.0,19.0
35872,3.0,16.0
40361,4.0,20.0
10905,4.0,14.0
28009,6.0,12.0
2453,0.0,4.0
24811,0.0,7.0
25111,2.0,19.0
232,0.0,0.0
37121,0.0,15.0
31129,4.0,11.0
4177,2.0,19.0
43279,4.0,7.0
19555,6.0,11.0
39410,0.0,2.0
519,2.0,8.0
42272,4.0,20.0
29718,0.0,1.0
30607,3.0,15.0
8811,5.0,18.0
47956,0.0,3.0
18276,4.0,13.0
46108,4.0,12.0
27138,0.0,2.0
550,2.0,20.0
44072,6.0,15.0
48287,4.0,
3473,0.0,5.0
28930,5.0,12.0
4083,4.0,9.0
22007,4.0,11.0
34573,1.0,16.0
2542,1.0,12.0
43340,0.0,9.0
24645,2.0,11.0
42323,0.0,6.0
25162,3.0,14.0
24325,2.0,16.0
158,0.0,1.0
37388,4.0,14.0
11449,1.0,16.0
5484,6.0,12.0
7473,2.0,
16707,1.0,10.0
28283,2.0,23.0
20354,1.0,6.0
49580,0.0,0.0
20257,3.0,16.0
43918,1.0,11.0
25680,4.0,22.0
14286,,11.0
34861,4.0,20.0
10275,4.0,12.0
27093,2.0,10.0
15027,6.0,17.0
42948,1.0,
45079,1.0,14.0
37634,3.0,11.0
34281,2.0,12.0
4070,5.0,17.0
32285,6.0,9.0
31891,3.0,19.0
18623,3.0,21.0
39795,6.0,12.0
3538,9.0,17.0
38795,3.0,16.0
14690,1.0,8.0
35177,3.0,11.0
2696,4.0,16.0
7038,4.0,13.0
38308,2.0,18.0
31848,6.0,12.0
8149,4.0,20.0
5762,5.0,12.0
21838,1.0,10.0
8394,8.0,18.0
43459,1.0,14.0
30629,1.0,10.0
18048,2.0,16.0
30459,4.0,16.0
7870,0.0,3.0
13087,1.0,16.0
46122,3.0,9.0
39802,2.0,7.0
38205,3.0,9.0
17335,6.0,13.0
35920,3.0,9.0
28567,2.0,16.0
10300,0.0,4.0
46974,3.0,19.0
22868,3.0,10.0
1027,0.0,10.0
34020,4.0,14.0
4323,1.0,12.0
22170,,22.0
23829,3.0,13.0
45066,9.0,15.0
46936,1.0,17.0
11174,0.0,9.0
48795,5.0,14.0
360,3.0,14.0
30498,0.0,7.0
40572,0.0,3.0
41008,0.0,15.0
40878,3.0,17.0
31543,2.0,14.0
31823,4.0,15.0
10186,0.0,4.0
29903,1.0,15.0
21774,1.0,17.0
48996,6.0,15.0
7657,7.0,12.0
11216,4.0,13.0
41986,1.0,15.0
35534,6.0,16.0
43609,3.0,14.0
38403,4.0,18.0
47980,2.0,15.0
32186,0.0,12.0
15699,4.0,22.0
12135,4.0,14.0
15061,5.0,9.0
9645,2.0,14.0
19130,4.0,12.0
36612,1.0,11.0
41813,2.0,20.0
44541,3.0,12.0
6074,0.0,6.0
10285,7.0,13.0
18106,3.0,12.0
611,2.0,17.0
13736,3.0,13.0
627,4.0,10.0
2775,4.0,7.0
41728,1.0,14.0
15194,6.0,15.0
25274,3.0,13.0
49161,4.0,19.0
7928,2.0,6.0
11201,1.0,14.0
1793,2.0,18.0
6922,3.0,11.0
8516,3.0,12.0
33723,3.0,7.0
1035,3.0,11.0
19257,3.0,16.0
28348,0.0,2.0
28929,6.0,150.0
197,1.0,16.0
1012,6.0,9.0
22949,2.0,12.0
34237,3.0,12.0
20192,4.0,12.0
8519,0.0,1.0
31993,0.0,
16127,3.0,10.0
37742,1.0,12.0
43504,0.0,21.0
30575,5.0,8.0
30995,1.0,15.0
32752,5.0,9.0
32586,0.0,5.0
18050,1.0,16.0
23684,1.0,14.0
43181,1.0,13.0
38557,7.0,11.0
26762,2.0,15.0
43973,3.0,17.0
44354,3.0,18.0
25419,4.0,9.0
28506,5.0,14.0
43597,3.0,11.0
10079,7.0,110.0
14923,2.0,18.0
21815,4.0,15.0
43228,2.0,7.0
28350,2.0,9.0
20637,0.0,1.0
26623,2.0,18.0
35952,0.0,3.0
5978,3.0,11.0
39674,1.0,16.0
12250,1.0,6.0
31080,1.0,16.0
23326,0.0,6.0
2984,1.0,16.0
41329,2.0,13.0
16760,0.0,
39533,1.0,13.0
31843,0.0,3.0
8804,2.0,11.0
56,0.0,18.0
6809,3.0,16.0
17722,2.0,15.0
35135,2.0,7.0
42396,0.0,3.0
47850,0.0,2.0
10379,2.0,11.0
4419,4.0,10.0
16595,3.0,8.0
15765,4.0,12.0
39617,2.0,15.0
16850,1.0,17.0
18209,4.0,11.0
38899,0.0,3.0
1092,8.0,15.0
39827,,14.0
23984,2.0,15.0
10827,3.0,20.0
37276,2.0,15.0
20517,0.0,7.0
33966,2.0,12.0
20170,2.0,17.0
20149,6.0,14.0
10626,3.0,100.0
48183,0.0,4.0
10717,4.0,17.0
37637,1.0,16.0
14053,4.0,18.0
12492,0.0,4.0
41747,2.0,12.0
13293,3.0,13.0
40165,6.0,16.0
9426,0.0,3.0
21514,3.0,19.0
36022,3.0,10.0
6634,7.0,15.0
30718,2.0,11.0
23216,0.0,5.0
16378,4.0,13.0
17129,3.0,11.0
46315,2.0,17.0
22840,4.0,11.0
45326,1.0,14.0
46491,0.0,1.0
9138,3.0,15.0
12075,6.0,19.0
18138,3.0,15.0
6612,1.0,14.0
8035,3.0,7.0
20966,4.0,17.0
16582,1.0,10.0
29179,4.0,13.0
25233,1.0,10.0
18178,,
35084,4.0,17.0
9548,2.0,15.0
5041,,11.0
16737,2.0,11.0
44832,2.0,170.0
16190,5.0,12.0
31576,2.0,9.0
21850,3.0,11.0
16988,0.0,7.0
8972,4.0,10.0
222,3.0,15.0
12013,0.0,16.0
42510,1.0,14.0
6404,6.0,18.0
43921,5.0,27.0
7373,4.0,9.0
47283,0.0,20.0
17216,0.0,24.0
26077,4.0,14.0
20792,4.0,12.0
5160,3.0,16.0
16964,3.0,15.0
33294,3.0,26.0
24160,8.0,12.0
22101,0.0,4.0
45779,2.0,12.0
48774,1.0,13.0
38406,0.0,4.0
13792,4.0,17.0
37426,5.0,13.0
3066,1.0,16.0
22759,1.0,16.0
28781,2.0,12.0
34585,2.0,15.0
5782,3.0,11.0
11183,5.0,8.0
28022,2.0,16.0
11020,1.0,16.0
26503,2.0,7.0
19118,3.0,13.0
12147,5.0,15.0
47822,5.0,19.0
4269,2.0,14.0
2648,3.0,15.0
5581,4.0,15.0
31940,,13.0
45732,3.0,15.0
9447,2.0,12.0
46805,0.0,2.0
1863,4.0,18.0
28543,2.0,12.0
37397,6.0,9.0
34852,1.0,16.0
926,,19.0
27652,1.0,10.0
47930,7.0,20.0
22109,1.0,18.0
42239,2.0,14.0
8139,3.0,14.0
2738,9.0,11.0
17209,0.0,2.0
44390,4.0,8.0
4356,9.0,16.0
34834,6.0,12.0
36798,2.0,15.0
26305,3.0,90.0
17518,4.0,8.0
16917,7.0,17.0
41276,2.0,20.0
11679,5.0,19.0
4245,2.0,21.0
37780,7.0,26.0
41155,4.0,14.0
11723,2.0,18.0
33046,5.0,16.0
16367,0.0,5.0
12235,3.0,14.0
3821,2.0,16.0
48967,1.0,21.0
27526,2.0,18.0
20059,2.0,11.0
48361,0.0,
33902,1.0,16.0
30795,2.0,12.0
47039,0.0,13.0
37210,0.0,7.0
32471,3.0,21.0
20154,4.0,19.0
46810,,12.0
22057,3.0,11.0
2109,4.0,15.0
35947,2.0,12.0
2413,5.0,19.0
22758,2.0,11.0
8720,5.0,24.0
21244,4.0,14.0
48667,2.0,18.0
34949,1.0,15.0
33490,8.0,15.0
454,7.0,10.0
18710,4.0,14.0
25480,4.0,14.0
29205,2.0,17.0
17536,4.0,10.0
45259,2.0,24.0
35159,2.0,7.0
29654,1.0,12.0
28758,3.0,14.0
33941,,14.0
18913,1.0,20.0
34378,4.0,80.0
13310,1.0,9.0
35314,3.0,14.0
496,2.0,8.0
28900,0.0,0.0
25534,,9.0
13075,5.0,12.0
13941,0.0,30.0
35166,5.0,17.0
41230,2.0,12.0
47883,4.0,10.0
9800,5.0,8.0
40822,3.0,21.0
49344,0.0,3.0
17322,8.0,20.0
8841,3.0,11.0
28024,0.0,5.0
15615,0.0,1.0
13585,3.0,14.0
21329,2.0,12.0
32137,4.0,14.0
44604,4.0,19.0
23733,2.0,14.0
27678,1.0,14.0
18267,1.0,9.0
22363,3.0,8.0
31746,0.0,4.0
32632,3.0,11.0
9725,5.0,13.0
36869,4.0,
34616,0.0,3.0
35714,6.0,17.0
41597,3.0,12.0
28968,0.0,5.0
41611,2.0,13.0
47540,7.0,14.0
14151,4.0,9.0
32607,2.0,13.0
20782,2.0,18.0
10307,2.0,14.0
35178,3.0,22.0
9521,3.0,12.0
39673,,12.0
49168,2.0,12.0
47513,5.0,15.0
2545,1.0,13.0
49425,4.0,15.0
36450,3.0,8.0
6554,3.0,15.0
38244,2.0,21.0
49534,0.0,0.0
45194,6.0,13.0
19396,6.0,10.0
25355,5.0,9.0
39635,6.0,10.0
43536,0.0,3.0
19882,0.0,3.0
4438,1.0,19.0
4064,1.0,15.0
33221,4.0,11.0
30860,0.0,3.0
13970,4.0,15.0
45224,2.0,120.0
38347,2.0,18.0
30305,5.0,16.0
47588,2.0,15.0
39727,0.0,5.0
49648,0.0,1.0
30560,5.0,14.0
28105,4.0,13.0
30775,2.0,16.0
12867,0.0,11.0
32808,0.0,18.0
34067,5.0,12.0
10938,5.0,13.0
38870,2.0,15.0
14514,2.0,20.0
25694,4.0,
5274,1.0,6.0
41023,4.0,13.0
37527,4.0,10.0
9976,6.0,15.0
12451,3.0,14.0
49284,6.0,15.0
20055,,10.0
21581,3.0,14.0
8816,5.0,15.0
44198,0.0,1.0
22651,3.0,13.0
15299,1.0,14.0
12983,5.0,16.0
2345,2.0,11.0
22803,5.0,20.0
17426,3.0,15.0
30591,4.0,14.0
9364,2.0,13.0
8459,2.0,80.0
49875,2.0,19.0
17773,4.0,8.0
31379,3.0,12.0
45158,4.0,14.0
12272,2.0,19.0
48864,,13.0
5247,4.0,12.0
18242,5.0,20.0
37966,7.0,12.0
768,3.0,16.0
49657,4.0,17.0
49349,4.0,9.0
32436,2.0,18.0
41459,,10.0
49918,0.0,2.0
4737,3.0,25.0
7577,3.0,15.0
42453,3.0,16.0
40902,0.0,12.0
34227,3.0,14.0
42153,4.0,13.0
19941,0.0,4.0
35038,3.0,17.0
21001,4.0,13.0
26128,2.0,19.0
2834,5.0,17.0
12515,3.0,14.0
38156,2.0,18.0
11875,3.0,14.0
28776,0.0,3.0
41336,4.0,
25626,5.0,11.0
40574,0.0,3.0
40707,0.0,2.0
43301,3.0,18.0
24933,4.0,10.0
6029,2.0,18.0
26213,6.0,14.0
40302,0.0,3.0
20138,2.0,11.0
13394,2.0,20.0
32081,2.0,16.0
43968,5.0,16.0
46910,2.0,12.0
32096,2.0,15.0
37035,3.0,10.0
36778,0.0,3.0
46116,4.0,9.0
32867,3.0,16.0
36730,1.0,12.0
3715,,17.0
46889,5.0,12.0
43821,3.0,14.0
23207,0.0,3.0
33388,5.0,20.0
19059,4.0,15.0
26473,2.0,15.0
2034,0.0,1.0
28951,4.0,6.0
7056,2.0,15.0
40384,8.0,12.0
1465,,20.0
17571,2.0,13.0
21060,2.0,21.0
43294,4.0,15.0
23725,1.0,13.0
26648,4.0,17.0
8076,0.0,5.0
49417,0.0,5.0
26636,3.0,13.0
38523,2.0,16.0
31966,2.0,14.0
26711,7.0,7.0
46263,4.0,11.0
33497,4.0,19.0
40216,0.0,1.0
2438,,15.0
26625,3.0,14.0
1534,1.0,15.0
8415,2.0,15.0
45237,2.0,15.0
5359,2.0,17.0
31954,5.0,11.0
31035,4.0,15.0
23646,3.0,18.0
42670,4.0,9.0
21960,3.0,9.0
32768,5.0,19.0
9422,3.0,17.0
31108,4.0,16.0
47174,4.0,11.0
17289,,16.0
39029,2.0,21.0
9406,3.0,11.0
38952,2.0,11.0
43601,5.0,17.0
9782,4.0,10.0
3698,4.0,9.0
10809,6.0,18.0
26136,4.0,13.0
23091,6.0,11.0
8738,3.0,14.0
4723,5.0,20.0
19612,3.0,20.0
35179,3.0,13.0
25228,5.0,12.0
33447,7.0,18.0
47543,2.0,10.0
21074,4.0,18.0
6675,3.0,16.0
23295,1.0,9.0
11998,2.0,13.0
34826,4.0,13.0
21026,2.0,22.0
40088,2.0,19.0
7480,3.0,16.0
46438,6.0,12.0
40025,7.0,8.0
23527,2.0,15.0
25877,1.0,11.0
37249,2.0,15.0
20153,4.0,14.0
31796,3.0,17.0
40221,3.0,18.0
12678,1.0,13.0
2364,3.0,9.0
37829,4.0,6.0
16708,0.0,0.0
10936,1.0,17.0
46798,5.0,20.0
4774,3.0,17.0
31332,0.0,5.0
6413,1.0,17.0
38038,2.0,19.0
46847,2.0,21.0
9567,7.0,15.0
48357,2.0,12.0
33953,3.0,
24303,4.0,19.0
23936,1.0,170.0
6158,2.0,16.0
30159,1.0,17.0
21152,4.0,16.0
24885,6.0,11.0
45054,4.0,15.0
45973,2.0,13.0
2270,0.0,12.0
7017,2.0,18.0
43591,4.0,15.0
44564,2.0,20.0
17943,2.0,16.0
22147,0.0,15.0
1328,1.0,16.0
44775,4.0,
23735,7.0,7.0
6031,4.0,21.0
13477,0.0,4.0
15140,3.0,10.0
36235,4.0,14.0
3623,3.0,13.0
36019,5.0,16.0
234,0.0,0.0
49117,3.0,15.0
6078,2.0,8.0
21455,3.0,15.0
31626,4.0,15.0
42459,3.0,6.0
357,3.0,16.0
38083,6.0,16.0
30407,4.0,12.0
36590,2.0,10.0
9405,3.0,9.0
15897,3.0,11.0
46835,3.0,16.0
49360,0.0,2.0
33909,3.0,15.0
6679,4.0,11.0
43120,3.0,5.0
12766,5.0,11.0
16546,0.0,3.0
16849,5.0,8.0
26654,2.0,14.0
30702,0.0,
17222,3.0,17.0
37304,6.0,
47116,3.0,19.0
21377,2.0,12.0
5724,4.0,7.0
5775,3.0,16.0
44545,3.0,15.0
23985,3.0,8.0
20261,3.0,18.0
14920,2.0,15.0
12702,1.0,10.0
30463,0.0,3.0
20861,2.0,7.0
45984,2.0,16.0
750,1.0,17.0
23626,4.0,23.0
20393,2.0,15.0
29781,2.0,17.0
30406,2.0,10.0
6012,1.0,23.0
2551,5.0,17.0
6891,4.0,24.0
39758,4.0,16.0
9693,1.0,11.0
29443,2.0,13.0
46079,5.0,13.0
2886,2.0,13.0
16206,2.0,13.0
9166,2.0,13.0
22816,8.0,18.0
47845,1.0,13.0
32149,0.0,1.0
42057,1.0,11.0
40305,0.0,2.0
6400,1.0,
16458,1.0,14.0
38052,3.0,7.0
8867,5.0,16.0
11404,,12.0
6874,6.0,19.0
1569,4.0,15.0
38014,7.0,15.0
36515,2.0,12.0
44139,2.0,13.0
46927,2.0,17.0
46825,0.0,14.0
37928,0.0,1.0
12858,4.0,12.0
35394,,18.0
34924,1.0,13.0
21671,0.0,10.0
6613,1.0,20.0
38245,6.0,15.0
39636,3.0,14.0
276,3.0,14.0
38925,3.0,17.0
30551,4.0,11.0
15772,4.0,16.0
44649,3.0,8.0
29980,5.0,15.0
45751,5.0,20.0
39066,1.0,12.0
45552,3.0,12.0
49096,3.0,17.0
16793,3.0,12.0
23653,2.0,21.0
30934,5.0,19.0
4489,4.0,13.0
1113,2.0,14.0
20503,2.0,9.0
4298,3.0,14.0
45721,,12.0
44890,5.0,12.0
13437,0.0,5.0
10556,4.0,13.0
31392,0.0,11.0
33788,0.0,17.0
36718,2.0,16.0
14847,0.0,18.0
29223,6.0,9.0
3211,4.0,19.0
43221,5.0,
42588,4.0,15.0
24822,7.0,24.0
19581,3.0,10.0
31050,1.0,13.0
16308,0.0,20.0
40922,5.0,16.0
15434,3.0,20.0
44759,6.0,12.0
6778,3.0,10.0
46174,0.0,8.0
41761,4.0,22.0
44125,1.0,15.0
38360,3.0,10.0
41660,3.0,24.0
15904,1.0,19.0
48381,2.0,13.0
19686,3.0,16.0
27670,5.0,10.0
28997,5.0,14.0
43909,,15.0
34392,4.0,18.0
19245,0.0,2.0
23234,0.0,16.0
48824,6.0,17.0
42631,6.0,13.0
15396,4.0,17.0
9893,4.0,13.0
2165,3.0,12.0
18429,6.0,10.0
46086,5.0,20.0
20936,4.0,9.0
9095,4.0,21.0
10939,3.0,17.0
15055,4.0,20.0
13806,3.0,18.0
1179,6.0,12.0
33632,4.0,27.0
10135,4.0,7.0
44491,0.0,4.0
7059,5.0,10.0
39078,3.0,18.0
27812,6.0,16.0
23927,3.0,13.0
12261,4.0,15.0
23531,,16.0
38143,4.0,19.0
25609,3.0,7.0
36790,4.0,21.0
20695,,6.0
18158,6.0,9.0
23758,,9.0
2115,3.0,17.0
29157,3.0,11.0
21055,3.0,17.0
21267,,11.0
34029,0.0,1.0
29004,4.0,16.0
12558,0.0,3.0
482,6.0,16.0
44837,0.0,15.0
6474,2.0,17.0
12209,8.0,11.0
65,4.0,15.0
36694,3.0,16.0
19261,2.0,14.0
20630,5.0,14.0
33099,1.0,15.0
19634,1.0,14.0
14214,0.0,0.0
48192,2.0,14.0
6893,3.0,9.0
27103,1.0,10.0
17463,5.0,16.0
22544,1.0,9.0
4776,3.0,10.0
7286,5.0,12.0
36561,7.0,13.0
25317,1.0,13.0
21690,3.0,14.0
11310,5.0,17.0
25286,4.0,8.0
16869,0.0,2.0
13660,1.0,16.0
30419,1.0,10.0
29912,2.0,17.0
43731,1.0,12.0
20877,1.0,10.0
20313,0.0,3.0
36520,3.0,19.0
43778,3.0,15.0
12776,,13.0
10726,5.0,16.0
34296,7.0,14.0
30470,1.0,11.0
12604,2.0,18.0
40050,4.0,12.0
36666,0.0,5.0
39022,1.0,15.0
39945,5.0,14.0
19148,3.0,8.0
28924,6.0,12.0
34419,3.0,9.0
16343,1.0,18.0
23138,4.0,14.0
35282,4.0,15.0
23172,2.0,11.0
49228,3.0,12.0
44938,0.0,4.0
24383,0.0,2.0
35673,4.0,16.0
42755,5.0,9.0
29947,2.0,19.0
26148,2.0,13.0
775,3.0,11.0
31149,6.0,14.0
1,2.0,9.0
25177,3.0,12.0
9263,3.0,15.0
32813,1.0,14.0
36087,6.0,11.0
49377,0.0,4.0
47541,5.0,20.0
37014,4.0,13.0
5656,2.0,11.0
12772,6.0,7.0
13181,5.0,15.0
23835,3.0,12.0
25325,0.0,2.0
31140,3.0,12.0
47128,2.0,18.0
31926,0.0,5.0
49074,1.0,16.0
13882,3.0,13.0
14227,2.0,
31057,4.0,18.0
27299,3.0,13.0
46424,4.0,140.0
39912,4.0,13.0
11303,5.0,13.0
33650,2.0,19.0
31973,1.0,19.0
9370,3.0,14.0
26534,2.0,15.0
20502,0.0,0.0
742,4.0,13.0
36174,4.0,12.0
41864,,17.0
49095,2.0,22.0
30549,3.0,14.0
42351,5.0,7.0
28489,2.0,16.0
21345,2.0,8.0
37277,2.0,14.0
42436,3.0,16.0
21956,4.0,11.0
20576,,19.0
19893,1.0,20.0
2543,3.0,8.0
25624,1.0,25.0
5638,0.0,5.0
5076,0.0,7.0
48839,3.0,11.0
7747,5.0,16.0
40703,2.0,9.0
32815,,7.0
44021,3.0,15.0
8782,0.0,13.0
10299,4.0,14.0
47757,6.0,17.0
35755,2.0,13.0
7570,4.0,19.0
14284,3.0,12.0
16217,1.0,19.0
29009,2.0,13.0
41846,0.0,15.0
36218,3.0,15.0
12884,2.0,12.0
43819,0.0,3.0
37123,0.0,3.0
46683,2.0,12.0
30601,3.0,15.0
22367,2.0,14.0
14160,3.0,
42985,0.0,12.0
13876,3.0,13.0
49134,2.0,21.0
31985,5.0,13.0
5770,5.0,11.0
1967,3.0,12.0
904,0.0,13.0
26480,2.0,8.0
21555,0.0,6.0
32029,7.0,17.0
19028,4.0,13.0
10193,2.0,8.0
19542,4.0,16.0
42577,4.0,9.0
21471,3.0,12.0
44076,1.0,11.0
27455,3.0,22.0
31778,3.0,16.0
15360,2.0,11.0
47717,4.0,11.0
35388,0.0,3.0
30666,1.0,7.0
47123,4.0,11.0
10692,4.0,10.0
41387,1.0,12.0
15157,2.0,13.0
11816,2.0,9.0
43934,1.0,9.0
20548,0.0,5.0
38769,2.0,12.0
177,2.0,18.0
13370,0.0,15.0
40609,1.0,13.0
15928,1.0,16.0
26093,6.0,14.0
2090,5.0,22.0
19511,3.0,8.0
24500,1.0,11.0
44824,4.0,10.0
2407,4.0,10.0
36799,1.0,15.0
40057,,17.0
16578,5.0,15.0
3793,4.0,17.0
16584,3.0,18.0
27718,3.0,14.0
29500,7.0,14.0
1952,3.0,17.0
2527,3.0,11.0
5703,2.0,17.0
44402,3.0,18.0
10482,4.0,7.0
1387,3.0,17.0
28647,3.0,16.0
4213,,15.0
48668,4.0,13.0
25027,1.0,190.0
44879,4.0,13.0
47706,4.0,8.0
29291,0.0,17.0
10237,2.0,9.0
2448,0.0,2.0
19939,8.0,9.0
20012,3.0,19.0
25279,3.0,19.0
44731,2.0,18.0
46099,4.0,18.0
13870,1.0,
23972,3.0,14.0
39099,2.0,13.0
2137,3.0,11.0
3230,3.0,19.0
37612,2.0,13.0
12391,0.0,5.0
22178,5.0,
27791,0.0,
23465,0.0,17.0
27533,0.0,2.0
22673,2.0,18.0
8850,0.0,4.0
34674,1.0,22.0
44104,4.0,13.0
47289,5.0,13.0
48137,6.0,16.0
47241,1.0,6.0
44568,5.0,14.0
48204,1.0,10.0
38071,2.0,11.0
44411,1.0,9.0
29394,0.0,13.0
46376,1.0,10.0
35656,0.0,16.0
34463,3.0,12.0
9055,3.0,16.0
1498,7.0,14.0
47462,5.0,17.0
40879,0.0,
26643,4.0,23.0
10975,4.0,16.0
11254,3.0,10.0
5129,3.0,13.0
3033,2.0,14.0
13810,6.0,10.0
12826,5.0,13.0
44429,3.0,9.0
14562,2.0,18.0
1920,4.0,14.0
33949,4.0,8.0
1374,0.0,5.0
29911,3.0,13.0
24684,4.0,19.0
46564,0.0,2.0
5904,3.0,8.0
16547,2.0,19.0
2074,4.0,10.0
39432,4.0,10.0
31633,,9.0
10891,7.0,12.0
26404,0.0,13.0
26802,4.0,14.0
18334,5.0,13.0
48919,3.0,7.0
44035,2.0,16.0
38040,3.0,14.0
47626,3.0,17.0
10350,3.0,17.0
26930,4.0,12.0
47748,6.0,11.0
43230,2.0,11.0
14775,2.0,20.0
28904,1.0,14.0
22199,0.0,3.0
46548,2.0,11.0
40891,4.0,15.0
16292,5.0,11.0
38351,3.0,18.0
32590,1.0,18.0
29601,5.0,14.0
38230,1.0,13.0
39494,4.0,14.0
22484,6.0,12.0
25472,4.0,7.0
40695,1.0,14.0
5238,3.0,19.0
17355,5.0,14.0
24571,4.0,11.0
5734,0.0,5.0
34154,2.0,15.0
42565,1.0,8.0
27054,4.0,11.0
33455,3.0,10.0
48744,2.0,8.0
5583,5.0,
5708,2.0,8.0
5097,4.0,8.0
44001,3.0,16.0
1873,3.0,6.0
10897,5.0,6.0
37628,4.0,18.0
409,3.0,21.0
21209,0.0,19.0
32824,0.0,12.0
1543,,16.0
12890,0.0,2.0
28913,4.0,7.0
45361,3.0,13.0
12062,3.0,16.0
2832,7.0,17.0
8607,1.0,20.0
45169,3.0,16.0
22301,1.0,19.0
29155,3.0,20.0
33378,4.0,8.0
31955,0.0,1.0
27408,4.0,13.0
40249,2.0,9.0
46955,3.0,15.0
3782,3.0,24.0
31115,3.0,24.0
44960,6.0,15.0
25237,0.0,3.0
17808,5.0,10.0
9516,0.0,3.0
9353,4.0,12.0
5533,3.0,14.0
11484,4.0,10.0
16225,2.0,15.0
8364,4.0,15.0
12388,4.0,13.0
44086,0.0,7.0
24680,1.0,16.0
44261,4.0,16.0
36001,4.0,14.0
10886,2.0,14.0
47625,0.0,3.0
44893,1.0,11.0
15333,,10.0
38545,5.0,11.0
22904,2.0,20.0
15278,4.0,13.0
3017,6.0,
6246,3.0,11.0
13054,3.0,12.0
21746,3.0,17.0
5918,3.0,14.0
44840,3.0,20.0
9191,6.0,17.0
23997,4.0,11.0
23806,1.0,11.0
44351,4.0,13.0
40536,1.0,10.0
38305,3.0,12.0
31029,0.0,2.0
40569,0.0,3.0
35932,0.0,3.0
15105,4.0,12.0
21002,,2.0
26491,,3.0
30958,6.0,14.0
43240,2.0,10.0
1192,3.0,19.0
5500,4.0,16.0
17996,3.0,
26604,2.0,14.0
31262,4.0,13.0
48271,2.0,16.0
11482,3.0,13.0
40329,,4.0
24986,0.0,4.0
1466,0.0,5.0
40086,4.0,17.0
5889,3.0,13.0
24061,3.0,10.0
43508,4.0,7.0
19433,1.0,19.0
10657,4.0,14.0
13853,6.0,19.0
20408,6.0,15.0
31232,4.0,24.0
32027,6.0,10.0
23164,2.0,9.0
33183,4.0,15.0
17628,0.0,2.0
29620,4.0,13.0
14074,1.0,20.0
39492,0.0,10.0
33807,1.0,11.0
13,2.0,14.0
48977,3.0,15.0
12525,1.0,16.0
45589,4.0,21.0
40694,3.0,8.0
40387,4.0,12.0
46819,3.0,13.0
27510,4.0,180.0
38362,3.0,10.0
8967,1.0,10.0
9951,1.0,13.0
24236,3.0,9.0
3430,,4.0
39661,0.0,9.0
25982,4.0,9.0
5159,3.0,13.0
10798,5.0,13.0
49751,4.0,22.0
37546,4.0,19.0
48722,6.0,14.0
39459,4.0,8.0
18981,3.0,13.0
25383,,14.0
16722,2.0,14.0
19503,5.0,12.0
26620,0.0,2.0
47479,4.0,13.0
31529,4.0,13.0
42136,2.0,11.0
4540,0.0,6.0
2025,4.0,17.0
7868,3.0,11.0
32321,2.0,18.0
16423,0.0,1.0
8129,0.0,4.0
24566,0.0,4.0
4327,2.0,8.0
22880,4.0,11.0
40689,4.0,21.0
20584,,8.0
49100,0.0,13.0
39336,1.0,14.0
47311,3.0,22.0
25329,7.0,14.0
16826,5.0,19.0
24405,3.0,14.0
13444,2.0,20.0
38062,1.0,13.0
5314,5.0,11.0
31651,2.0,21.0
18714,3.0,15.0
40872,2.0,7.0
36752,1.0,10.0
25660,4.0,30.0
36528,3.0,18.0
24903,7.0,7.0
16039,6.0,12.0
10284,2.0,15.0
14769,3.0,16.0
25547,3.0,
31249,2.0,14.0
41958,3.0,8.0
13673,0.0,25.0
27178,4.0,
41338,3.0,9.0
32229,3.0,16.0
41841,3.0,15.0
15126,0.0,4.0
13052,4.0,12.0
30884,6.0,6.0
46998,5.0,17.0
48459,5.0,11.0
40419,4.0,12.0
43507,5.0,16.0
19205,0.0,4.0
4596,2.0,14.0
30071,3.0,14.0
19014,3.0,16.0
26037,2.0,18.0
9777,2.0,15.0
4639,3.0,10.0
18701,2.0,11.0
22818,1.0,13.0
35709,1.0,11.0
37073,4.0,10.0
22245,8.0,9.0
10541,0.0,2.0
49658,3.0,15.0
42216,2.0,20.0
3350,3.0,9.0
12379,4.0,15.0
28769,2.0,
10020,3.0,17.0
3025,,14.0
743,1.0,20.0
15349,2.0,
8022,1.0,15.0
27082,3.0,18.0
48083,5.0,18.0
18183,3.0,14.0
46665,6.0,10.0
42999,2.0,8.0
16406,,18.0
16018,2.0,11.0
36538,2.0,18.0
1951,2.0,
45981,3.0,11.0
39770,3.0,17.0
27535,,15.0
12888,2.0,14.0
49497,5.0,7.0
18123,3.0,14.0
16442,0.0,1.0
13992,4.0,19.0
31366,1.0,18.0
23241,5.0,8.0
5977,0.0,3.0
35779,,21.0
11469,4.0,11.0
43487,4.0,20.0
8180,1.0,13.0
7292,,20.0
15510,5.0,11.0
40199,4.0,11.0
46668,0.0,5.0
42993,4.0,13.0
2566,2.0,15.0
38784,4.0,5.0
43149,7.0,15.0
24580,3.0,12.0
18853,6.0,19.0
17548,4.0,18.0
30082,5.0,17.0
26591,0.0,2.0
39059,2.0,20.0
25110,5.0,22.0
32358,7.0,18.0
2386,3.0,21.0
37533,3.0,19.0
28875,0.0,11.0
12946,4.0,11.0
24876,1.0,14.0
1376,3.0,10.0
44848,5.0,10.0
28779,3.0,20.0
1586,2.0,16.0
16493,7.0,15.0
34588,4.0,16.0
1520,4.0,16.0
29149,0.0,2.0
48471,2.0,15.0
7216,3.0,12.0
17834,3.0,15.0
36097,4.0,18.0
45924,,16.0
1032,2.0,8.0
36777,3.0,25.0
8200,2.0,16.0
28880,4.0,12.0
8365,5.0,16.0
19894,4.0,12.0
44065,3.0,10.0
24736,3.0,17.0
42854,4.0,12.0
23611,6.0,10.0
24411,0.0,4.0
37106,,22.0
22192,0.0,1.0
47194,2.0,13.0
17362,1.0,16.0
39519,2.0,15.0
10787,1.0,12.0
18676,3.0,13.0
42212,5.0,17.0
29441,2.0,15.0
16359,0.0,13.0
2072,3.0,15.0
43187,0.0,1.0
15322,1.0,
1326,,6.0
30755,0.0,22.0
34456,1.0,13.0
31918,4.0,14.0
26240,2.0,14.0
8767,1.0,19.0
3785,2.0,13.0
1018,2.0,17.0
47538,0.0,12.0
35571,9.0,14.0
26102,0.0,1.0
41170,0.0,2.0
2307,2.0,16.0
33814,3.0,12.0
17869,7.0,20.0
1613,1.0,12.0
7961,7.0,11.0
6703,3.0,13.0
8099,3.0,11.0
37663,4.0,14.0
37153,0.0,4.0
14199,4.0,12.0
28961,2.0,10.0
28748,7.0,14.0
9315,2.0,12.0
8391,3.0,9.0
35504,3.0,10.0
14833,8.0,14.0
49264,,17.0
45443,3.0,11.0
10926,,15.0
28435,6.0,14.0
25691,0.0,2.0
3969,0.0,18.0
17050,4.0,15.0
32397,0.0,5.0
45123,3.0,10.0
12283,3.0,
38482,3.0,10.0
33604,0.0,3.0
5521,1.0,140.0
39668,4.0,12.0
23101,0.0,1.0
10041,4.0,15.0
28010,0.0,2.0
48376,3.0,11.0
22739,2.0,13.0
28346,3.0,11.0
18964,1.0,6.0
14211,0.0,2.0
999,3.0,15.0
45798,4.0,11.0
34539,1.0,16.0
26863,0.0,5.0
44367,4.0,12.0
8587,0.0,4.0
41574,2.0,
37861,3.0,11.0
15591,3.0,20.0
49887,6.0,12.0
47983,5.0,7.0
8106,2.0,12.0
41183,2.0,13.0
3321,2.0,18.0
49260,,19.0
12012,2.0,
30896,5.0,20.0
49312,5.0,13.0
300,3.0,15.0
26853,1.0,16.0
32900,2.0,12.0
41738,3.0,7.0
12353,1.0,12.0
7526,1.0,21.0
41187,2.0,12.0
11610,2.0,16.0
7837,0.0,2.0
49329,2.0,11.0
29772,4.0,17.0
32135,5.0,17.0
46482,0.0,3.0
38163,1.0,13.0
42536,2.0,8.0
253,3.0,12.0
84,1.0,8.0
35871,5.0,16.0
32579,2.0,20.0
43826,7.0,19.0
21440,3.0,18.0
48908,5.0,200.0
42508,2.0,12.0
8217,,19.0
41294,3.0,15.0
33666,0.0,3.0
12304,0.0,3.0
33692,0.0,4.0
24397,4.0,10.0
48330,0.0,3.0
9421,2.0,12.0
41523,0.0,0.0
27695,2.0,10.0
39353,3.0,16.0
9344,3.0,10.0
41435,2.0,14.0
22824,1.0,9.0
24685,3.0,14.0
43976,4.0,150.0
49478,5.0,16.0
10466,1.0,
31666,4.0,15.0
28367,5.0,14.0
18389,6.0,19.0
43501,5.0,15.0
23841,3.0,
21994,2.0,10.0
3883,3.0,11.0
4287,,230.0
37847,,20.0
34143,5.0,13.0
46169,1.0,12.0
30854,,7.0
29343,,3.0
45618,3.0,14.0
35607,4.0,17.0
18208,2.0,14.0
22518,1.0,9.0
39008,2.0,19.0
44386,1.0,12.0
8376,4.0,10.0
8229,3.0,15.0
22850,5.0,22.0
31321,0.0,1.0
43012,3.0,9.0
31586,5.0,15.0
43810,5.0,12.0
37131,5.0,19.0
6337,1.0,5.0
9377,3.0,18.0
32980,0.0,1.0
18364,,17.0
23214,0.0,10.0
33107,5.0,18.0
39160,5.0,15.0
24334,7.0,12.0
32183,0.0,3.0
3046,2.0,11.0
30741,6.0,12.0
34295,0.0,4.0
7678,1.0,11.0
19916,4.0,18.0
379,2.0,17.0
30878,3.0,
14764,5.0,13.0
34064,3.0,150.0
46701,4.0,18.0
13215,5.0,17.0
2052,4.0,18.0
14749,4.0,10.0
3657,1.0,16.0
1597,4.0,11.0
40803,4.0,20.0
27057,3.0,15.0
28046,1.0,11.0
7144,1.0,22.0
40164,0.0,16.0
49361,3.0,11.0
22555,3.0,20.0
47329,3.0,12.0
9173,1.0,9.0
22661,1.0,11.0
3607,7.0,12.0
41540,0.0,2.0
49945,9.0,7.0
18058,5.0,17.0
39159,3.0,18.0
24919,3.0,10.0
4973,2.0,15.0
27852,0.0,3.0
48232,3.0,15.0
32272,4.0,15.0
6741,6.0,9.0
7406,3.0,13.0
21871,3.0,17.0
48603,5.0,10.0
41848,2.0,21.0
35059,6.0,9.0
29828,3.0,20.0
45605,2.0,9.0
43603,3.0,17.0
48987,2.0,14.0
19444,3.0,19.0
13570,6.0,12.0
14324,,16.0
23750,6.0,10.0
47961,0.0,4.0
42236,4.0,16.0
36276,1.0,12.0
3414,8.0,17.0
9507,2.0,17.0
18629,4.0,8.0
7865,3.0,12.0
38035,6.0,18.0
27364,3.0,
36045,0.0,1.0
11930,3.0,18.0
16382,0.0,4.0
13767,3.0,19.0
14486,2.0,15.0
46757,1.0,20.0
35869,0.0,2.0
48372,1.0,11.0
34988,7.0,18.0
41254,1.0,18.0
27443,6.0,9.0
7594,3.0,7.0
44274,6.0,15.0
32394,5.0,12.0
19537,2.0,14.0
29906,0.0,1.0
9266,3.0,14.0
41414,,15.0
23321,0.0,2.0
45880,3.0,16.0
10622,2.0,15.0
14717,4.0,21.0
46398,4.0,15.0
45324,,11.0
13380,3.0,11.0
12667,4.0,14.0
33996,0.0,5.0
21604,2.0,11.0
2425,5.0,11.0
31915,3.0,10.0
31707,4.0,14.0
43898,2.0,13.0
22516,1.0,15.0
23861,4.0,8.0
31506,5.0,19.0
3621,2.0,15.0
39275,2.0,16.0
2154,9.0,15.0
6812,6.0,8.0
8351,2.0,18.0
17596,3.0,18.0
350,5.0,13.0
22977,5.0,14.0
11682,0.0,21.0
38992,3.0,15.0
24074,7.0,
32917,1.0,14.0
40264,4.0,13.0
10826,7.0,15.0
49608,1.0,16.0
12264,5.0,10.0
11062,4.0,17.0
36268,1.0,18.0
5516,2.0,13.0
595,7.0,12.0
42223,4.0,15.0
9352,4.0,12.0
31884,0.0,3.0
1385,3.0,16.0
44396,5.0,23.0
8595,2.0,20.0
17181,2.0,14.0
1105,0.0,2.0
32348,0.0,19.0
40623,6.0,10.0
47801,5.0,17.0
25017,2.0,19.0
11238,0.0,2.0
22605,0.0,5.0
43724,5.0,15.0
26156,2.0,11.0
27685,0.0,6.0
38172,3.0,11.0
1527,1.0,10.0
12644,4.0,8.0
32099,1.0,20.0
40006,1.0,20.0
30773,7.0,18.0
44118,3.0,15.0
25254,7.0,12.0
35505,2.0,6.0
43592,2.0,21.0
41822,2.0,8.0
26572,3.0,19.0
18649,6.0,15.0
21717,0.0,12.0
28803,4.0,14.0
13121,3.0,11.0
17811,0.0,2.0
14669,6.0,11.0
9501,7.0,21.0
25961,2.0,14.0
49069,2.0,17.0
5660,4.0,15.0
6660,2.0,11.0
12505,4.0,16.0
10947,1.0,14.0
39311,2.0,9.0
8360,5.0,15.0
26559,3.0,13.0
22862,4.0,16.0
42224,2.0,12.0
17324,5.0,8.0
39043,3.0,10.0
37128,7.0,11.0
27071,1.0,23.0
49283,5.0,15.0
43663,2.0,14.0
17879,2.0,10.0
977,2.0,8.0
23622,0.0,6.0
38464,4.0,18.0
17480,3.0,13.0
32983,0.0,5.0
42386,5.0,14.0
19277,3.0,14.0
31423,2.0,16.0
26056,5.0,20.0
45635,1.0,20.0
43303,3.0,10.0
13407,4.0,11.0
28440,3.0,10.0
33638,3.0,11.0
36834,6.0,14.0
39266,3.0,12.0
22187,8.0,20.0
32784,5.0,16.0
22117,2.0,13.0
21991,2.0,17.0
24615,3.0,14.0
39746,2.0,16.0
2200,0.0,3.0
8252,,6.0
22204,2.0,16.0
16667,3.0,9.0
18867,2.0,15.0
536,5.0,13.0
7806,2.0,12.0
15900,7.0,19.0
37782,3.0,15.0
4485,2.0,19.0
40967,3.0,13.0
33608,5.0,13.0
14000,0.0,5.0
39407,5.0,9.0
38709,4.0,8.0
473,6.0,18.0
6709,6.0,15.0
18180,3.0,17.0
35198,7.0,
38323,3.0,12.0
23816,3.0,15.0
2957,4.0,10.0
35767,,13.0
22284,1.0,16.0
34343,3.0,17.0
14470,2.0,18.0
42953,2.0,25.0
40054,5.0,17.0
47250,4.0,14.0
3183,2.0,14.0
41772,1.0,23.0
2078,2.0,18.0
25240,5.0,9.0
40163,3.0,16.0
6137,3.0,5.0
13164,0.0,14.0
979,5.0,16.0
4448,4.0,90.0
5860,2.0,20.0
3941,1.0,180.0
49527,5.0,18.0
27472,0.0,16.0
444,3.0,8.0
42972,4.0,7.0
11895,0.0,2.0
32058,3.0,16.0
29755,2.0,10.0
32886,4.0,16.0
35030,4.0,14.0
5133,4.0,20.0
31798,5.0,9.0
11218,3.0,11.0
46867,4.0,5.0
20066,3.0,15.0
46563,2.0,12.0
22415,5.0,15.0
39807,3.0,23.0
6900,1.0,14.0
23987,5.0,16.0
2260,0.0,15.0
21589,6.0,11.0
27648,8.0,15.0
1068,3.0,20.0
48615,3.0,6.0
43521,4.0,12.0
10635,1.0,17.0
36381,5.0,13.0
29344,3.0,12.0
23954,0.0,4.0
29282,6.0,19.0
32511,10.0,13.0
31000,0.0,5.0
46236,2.0,12.0
11614,5.0,12.0
41542,3.0,20.0
12195,1.0,14.0
49086,3.0,14.0
47508,3.0,12.0
31962,4.0,
10954,6.0,7.0
642,1.0,24.0
45292,1.0,12.0
38510,0.0,14.0
40745,4.0,17.0
29573,2.0,10.0
13315,2.0,12.0
45971,2.0,13.0
1544,0.0,1.0
12069,4.0,8.0
28580,6.0,19.0
30708,4.0,10.0
40137,4.0,13.0
7796,2.0,21.0
21633,5.0,16.0
48253,1.0,9.0
37721,2.0,21.0
3286,1.0,8.0
28761,4.0,13.0
23887,3.0,13.0
46876,3.0,13.0
17826,2.0,20.0
24607,5.0,16.0
12460,3.0,13.0
18384,3.0,13.0
8553,4.0,9.0
1820,3.0,14.0
13077,5.0,11.0
26969,6.0,10.0
42084,0.0,1.0
13684,1.0,13.0
46919,2.0,13.0
2958,3.0,13.0
41684,3.0,16.0
37170,0.0,2.0
30176,0.0,3.0
711,4.0,14.0
20106,3.0,13.0
27596,2.0,13.0
32945,4.0,16.0
26834,2.0,20.0
39753,4.0,
40372,3.0,13.0
22700,1.0,15.0
26142,4.0,17.0
27373,3.0,22.0
49067,3.0,12.0
41309,2.0,10.0
31478,2.0,15.0
19943,3.0,8.0
25429,5.0,9.0
36857,3.0,
13824,,9.0
26177,4.0,12.0
6984,3.0,14.0
44878,4.0,13.0
7246,4.0,18.0
6740,4.0,18.0
40917,,8.0
36151,5.0,16.0
37659,0.0,19.0
6067,4.0,15.0
9400,3.0,18.0
44454,0.0,4.0
43284,3.0,15.0
13139,2.0,12.0
49458,0.0,11.0
40829,2.0,8.0
18668,1.0,5.0
18520,1.0,14.0
48978,1.0,
4869,0.0,5.0
49209,4.0,13.0
29136,0.0,8.0
24969,3.0,15.0
39887,3.0,10.0
46184,5.0,14.0
13144,1.0,150.0
43098,,16.0
26529,4.0,16.0
7477,5.0,13.0
32357,0.0,3.0
23815,3.0,11.0
12329,2.0,10.0
1357,3.0,18.0
30395,2.0,12.0
4215,2.0,11.0
12540,0.0,1.0
5361,3.0,18.0
27912,4.0,10.0
49079,0.0,9.0
44750,2.0,19.0
24042,,14.0
23201,4.0,19.0
40509,5.0,18.0
30213,1.0,14.0
13582,5.0,15.0
33488,2.0,15.0
3441,7.0,12.0
49846,4.0,11.0
34888,3.0,11.0
32332,10.0,14.0
34157,3.0,11.0
22296,1.0,13.0
10342,6.0,18.0
27984,4.0,12.0
33115,3.0,17.0
46272,3.0,13.0
13149,0.0,1.0
15635,6.0,19.0
14725,0.0,10.0
13699,4.0,13.0
30762,5.0,13.0
3492,6.0,17.0
29844,3.0,19.0
25515,6.0,14.0
44469,0.0,
36433,4.0,190.0
31370,7.0,15.0
28564,5.0,16.0
19268,2.0,13.0
2234,5.0,22.0
31882,1.0,11.0
15039,3.0,12.0
27292,3.0,11.0
24414,3.0,12.0
16523,3.0,12.0
30454,0.0,3.0
16947,6.0,26.0
42552,4.0,23.0
6508,4.0,13.0
20912,2.0,8.0
7926,4.0,11.0
7433,1.0,19.0
17347,4.0,11.0
48323,5.0,15.0
7050,4.0,11.0
2686,3.0,13.0
16224,3.0,11.0
34322,2.0,8.0
20711,4.0,14.0
16060,3.0,7.0
7861,3.0,15.0
20243,5.0,7.0
36032,4.0,14.0
46596,3.0,17.0
7374,0.0,6.0
49930,3.0,17.0
48106,2.0,14.0
28250,6.0,8.0
13041,3.0,15.0
11215,3.0,8.0
35233,5.0,15.0
1666,3.0,12.0
24346,5.0,12.0
35268,5.0,13.0
44685,5.0,14.0
1146,3.0,17.0
17977,3.0,23.0
29607,6.0,17.0
5420,2.0,19.0
31715,2.0,17.0
8488,0.0,
22096,4.0,16.0
3355,3.0,10.0
42069,7.0,14.0
16424,4.0,19.0
4894,0.0,1.0
8858,5.0,17.0
26765,4.0,13.0
15536,3.0,10.0
6533,2.0,16.0
45219,2.0,16.0
32369,,12.0
15954,0.0,4.0
8212,2.0,9.0
18912,2.0,17.0
25524,2.0,14.0
42574,2.0,8.0
20676,3.0,8.0
6290,0.0,11.0
20278,1.0,22.0
1856,1.0,11.0
38108,4.0,18.0
44779,2.0,18.0
39414,1.0,
26451,3.0,9.0
23742,5.0,18.0
5268,4.0,15.0
13209,0.0,3.0
43550,2.0,11.0
45270,4.0,19.0
2263,4.0,17.0
429,5.0,13.0
367,3.0,10.0
45758,4.0,12.0
1264,2.0,11.0
279,0.0,13.0
20937,2.0,22.0
4628,2.0,13.0
9746,3.0,11.0
24560,4.0,13.0
43734,7.0,8.0
9119,2.0,10.0
6611,4.0,10.0
37585,3.0,17.0
8780,3.0,12.0
39437,0.0,2.0
20982,6.0,20.0
19519,6.0,10.0
7540,2.0,12.0
44275,3.0,20.0
40969,3.0,11.0
13659,3.0,9.0
36380,3.0,17.0
46679,5.0,20.0
15124,1.0,15.0
21783,8.0,15.0
24588,2.0,15.0
32780,5.0,17.0
13622,0.0,3.0
6528,4.0,9.0
11547,3.0,8.0
17401,1.0,26.0
13508,3.0,15.0
4997,1.0,9.0
27915,4.0,11.0
34974,1.0,17.0
17820,2.0,12.0
35617,1.0,14.0
20147,4.0,9.0
37841,0.0,5.0
42332,2.0,
3836,4.0,19.0
38111,4.0,18.0
1399,4.0,14.0
23443,2.0,16.0
27946,3.0,11.0
18966,,13.0
17967,3.0,20.0
46688,7.0,14.0
10510,6.0,10.0
8774,4.0,18.0
42304,3.0,18.0
27726,4.0,12.0
22569,4.0,15.0
2725,8.0,21.0
21907,4.0,20.0
35420,0.0,0.0
47577,1.0,16.0
30909,3.0,16.0
12591,2.0,15.0
49042,1.0,18.0
10568,3.0,15.0
73,2.0,14.0
43038,6.0,18.0
46158,6.0,17.0
44514,2.0,15.0
21697,2.0,13.0
30739,1.0,17.0
45927,0.0,14.0
36346,3.0,17.0
11087,0.0,4.0
41780,1.0,7.0
18018,3.0,18.0
18327,0.0,3.0
12932,1.0,15.0
44624,0.0,0.0
27380,5.0,10.0
41721,2.0,18.0
9553,0.0,6.0
43391,2.0,8.0
12610,0.0,14.0
24692,5.0,21.0
36745,5.0,
18873,0.0,11.0
5051,6.0,21.0
11676,6.0,12.0
33714,3.0,15.0
37763,2.0,17.0
46602,1.0,13.0
13528,3.0,14.0
7878,3.0,18.0
37900,6.0,12.0
39705,2.0,
11961,,12.0
31215,4.0,9.0
18880,4.0,12.0
23946,4.0,24.0
47667,0.0,5.0
12454,3.0,13.0
2576,0.0,4.0
25206,3.0,14.0
4816,4.0,19.0
41325,5.0,10.0
9788,5.0,14.0
29481,1.0,15.0
29210,7.0,24.0
3403,7.0,14.0
17448,2.0,18.0
9563,5.0,17.0
19752,3.0,14.0
2602,3.0,15.0
17985,3.0,19.0
2950,7.0,13.0
45071,4.0,15.0
7291,3.0,17.0
32833,3.0,8.0
21890,5.0,14.0
48034,4.0,19.0
10448,2.0,17.0
28691,0.0,10.0
18611,2.0,13.0
44267,3.0,9.0
32413,1.0,13.0
7696,7.0,9.0
47901,2.0,14.0
12123,3.0,17.0
24013,2.0,16.0
21407,1.0,16.0
987,2.0,15.0
41272,4.0,25.0
22478,0.0,3.0
47420,2.0,19.0
13735,5.0,24.0
837,4.0,14.0
21910,3.0,11.0
40645,2.0,17.0
38007,0.0,3.0
25973,0.0,0.0
19211,4.0,13.0
35558,3.0,10.0
40650,6.0,9.0
4852,4.0,13.0
38455,4.0,16.0
1538,3.0,11.0
18137,3.0,13.0
40194,1.0,14.0
6193,2.0,13.0
18578,4.0,12.0
1789,2.0,17.0
40303,2.0,9.0
38785,4.0,21.0
2731,2.0,14.0
38001,1.0,16.0
23332,3.0,19.0
45771,0.0,17.0
1545,7.0,14.0
41553,0.0,5.0
3521,3.0,19.0
46577,6.0,15.0
5421,4.0,11.0
30965,5.0,22.0
10882,6.0,14.0
18866,4.0,6.0
33047,2.0,18.0
11342,3.0,14.0
20199,4.0,22.0
36905,1.0,14.0
36933,2.0,18.0
20467,1.0,15.0
2546,2.0,11.0
5335,2.0,8.0
31347,5.0,17.0
41418,1.0,18.0
23374,1.0,
21846,3.0,18.0
18256,2.0,9.0
21173,5.0,12.0
31681,3.0,11.0
28634,3.0,18.0
37875,5.0,11.0
695,4.0,18.0
10017,5.0,18.0
13671,4.0,14.0
23427,2.0,
37010,0.0,17.0
1331,5.0,19.0
20944,5.0,15.0
48548,4.0,14.0
41279,6.0,23.0
1864,0.0,0.0
41529,0.0,3.0
6096,2.0,14.0
21446,3.0,13.0
14545,3.0,10.0
43859,7.0,13.0
818,3.0,11.0
4861,3.0,11.0
7914,5.0,11.0
39468,,13.0
46911,1.0,14.0
15709,1.0,15.0
28920,5.0,13.0
44382,4.0,11.0
26180,6.0,8.0
15422,2.0,14.0
10984,3.0,13.0
30928,3.0,20.0
31722,0.0,15.0
25149,3.0,150.0
48843,3.0,15.0
20725,1.0,16.0
15990,3.0,21.0
20356,3.0,17.0
33839,1.0,13.0
42071,6.0,14.0
39853,2.0,13.0
16650,2.0,19.0
8691,5.0,11.0
19999,6.0,11.0
4632,5.0,14.0
5813,3.0,19.0
25333,6.0,13.0
41103,4.0,21.0
5456,0.0,4.0
2965,0.0,19.0
41370,3.0,14.0
27478,3.0,15.0
49459,0.0,3.0
35237,0.0,
13230,1.0,19.0
4293,0.0,3.0
33054,1.0,13.0
26915,1.0,13.0
11456,6.0,10.0
29233,3.0,15.0
11788,1.0,10.0
41578,5.0,17.0
5050,4.0,
39383,3.0,16.0
41000,3.0,19.0
5805,5.0,11.0
2871,5.0,10.0
14677,4.0,12.0
46567,0.0,4.0
47529,1.0,15.0
20849,2.0,13.0
19883,4.0,15.0
1152,2.0,11.0
22173,3.0,11.0
414,4.0,17.0
48641,2.0,16.0
26338,2.0,10.0
48436,5.0,
16185,3.0,18.0
5485,1.0,15.0
2747,4.0,15.0
33409,3.0,17.0
11591,4.0,11.0
24235,2.0,10.0
35541,3.0,19.0
45436,,12.0
24776,0.0,11.0
20572,4.0,21.0
47017,5.0,12.0
10107,2.0,17.0
45703,4.0,16.0
9043,1.0,11.0
48170,5.0,9.0
18666,4.0,12.0
37988,2.0,10.0
16457,4.0,12.0
36540,4.0,23.0
19117,4.0,14.0
21614,4.0,10.0
35719,3.0,17.0
41854,4.0,11.0
13303,1.0,17.0
11598,2.0,12.0
48786,4.0,11.0
18223,4.0,9.0
39025,2.0,14.0
2629,,11.0
34624,2.0,18.0
19908,0.0,8.0
46915,3.0,15.0
5786,5.0,16.0
49146,2.0,17.0
7432,6.0,15.0
4989,4.0,13.0
15774,5.0,13.0
11649,3.0,15.0
14062,0.0,5.0
23226,7.0,12.0
395,1.0,18.0
26801,4.0,6.0
49071,0.0,11.0
44865,5.0,7.0
8511,3.0,23.0
30729,,6.0
19104,0.0,11.0
19358,4.0,10.0
37956,4.0,13.0
30238,6.0,20.0
31312,,18.0
36985,3.0,14.0
14496,3.0,15.0
17603,1.0,
7190,1.0,13.0
3563,4.0,13.0
19019,1.0,17.0
5069,5.0,23.0
23876,5.0,9.0
3600,9.0,15.0
20425,2.0,9.0
3317,4.0,9.0
27883,4.0,13.0
34000,4.0,12.0
8584,4.0,17.0
1249,2.0,11.0
45883,,9.0
4706,2.0,14.0
17774,5.0,15.0
13719,2.0,11.0
983,0.0,1.0
22630,1.0,15.0
29138,6.0,15.0
38185,2.0,11.0
9575,0.0,2.0
15624,2.0,15.0
20826,7.0,12.0
13727,4.0,18.0
35417,0.0,4.0
49547,0.0,5.0
28224,1.0,26.0
24412,1.0,13.0
30026,2.0,13.0
4696,5.0,17.0
43323,3.0,15.0
24246,4.0,12.0
49524,2.0,10.0
5324,2.0,15.0
18673,5.0,15.0
31963,0.0,2.0
4850,3.0,12.0
27439,3.0,13.0
29694,3.0,11.0
48043,5.0,11.0
12465,4.0,10.0
15414,2.0,10.0
17790,0.0,3.0
48852,2.0,13.0
17384,2.0,13.0
46729,1.0,12.0
7872,2.0,16.0
38499,3.0,17.0
3055,1.0,13.0
6628,8.0,9.0
20707,5.0,8.0
16672,4.0,14.0
34097,4.0,17.0
12593,2.0,13.0
27459,0.0,4.0
7630,3.0,13.0
43126,6.0,15.0
960,2.0,6.0
8852,8.0,17.0
39861,2.0,14.0
10184,2.0,16.0
23220,5.0,19.0
19227,2.0,9.0
8362,3.0,18.0
31457,6.0,
2474,3.0,15.0
37896,6.0,14.0
47265,3.0,11.0
17966,2.0,20.0
39064,5.0,17.0
21627,2.0,11.0
32524,5.0,9.0
31267,3.0,9.0
1830,,14.0
23398,4.0,6.0
15191,1.0,14.0
27792,4.0,17.0
47445,3.0,8.0
6917,1.0,21.0
30525,1.0,12.0
40849,5.0,12.0
34437,4.0,8.0
23238,3.0,13.0
45109,,21.0
24050,0.0,2.0
14136,2.0,13.0
25572,1.0,
8334,3.0,18.0
9855,4.0,22.0
8743,3.0,9.0
48261,2.0,16.0
33544,3.0,15.0
22359,2.0,19.0
48293,7.0,19.0
41468,0.0,14.0
49848,2.0,17.0
19199,2.0,8.0
42026,1.0,16.0
13982,7.0,10.0
27624,4.0,16.0
24194,1.0,14.0
7281,4.0,12.0
9313,5.0,15.0
6981,0.0,1.0
17023,0.0,20.0
46845,2.0,13.0
11675,4.0,15.0
3514,1.0,12.0
17896,3.0,13.0
4049,3.0,19.0
48190,3.0,14.0
18299,3.0,11.0
23448,3.0,15.0
3988,0.0,16.0
14729,3.0,18.0
39443,4.0,22.0
49688,0.0,4.0
1044,2.0,11.0
1069,4.0,14.0
4874,2.0,8.0
46153,3.0,18.0
29848,6.0,13.0
4491,6.0,8.0
30275,2.0,10.0
21921,5.0,16.0
2945,2.0,110.0
11535,4.0,15.0
6898,5.0,10.0
30199,7.0,16.0
14928,3.0,15.0
7501,2.0,12.0
43713,5.0,13.0
17028,3.0,11.0
11787,2.0,20.0
38503,0.0,8.0
25979,,9.0
36411,3.0,11.0
14738,5.0,12.0
43927,4.0,15.0
16695,4.0,14.0
37163,2.0,15.0
169,2.0,16.0
38055,3.0,16.0
32961,0.0,15.0
31134,2.0,10.0
24304,4.0,14.0
10920,2.0,13.0
49370,4.0,19.0
7048,7.0,17.0
21363,2.0,16.0
13104,3.0,12.0
35728,0.0,3.0
19495,1.0,16.0
24678,4.0,4.0
12162,3.0,18.0
31132,1.0,15.0
36740,0.0,20.0
5401,,3.0
31117,5.0,18.0
27492,5.0,12.0
46414,3.0,13.0
34049,2.0,13.0
45970,4.0,17.0
31039,5.0,15.0
42900,2.0,18.0
32307,6.0,16.0
42149,3.0,14.0
30765,,16.0
37939,3.0,12.0
19508,,10.0
23846,0.0,12.0
21399,0.0,3.0
35164,4.0,17.0
27989,0.0,3.0
22322,7.0,13.0
18342,2.0,14.0
32361,0.0,4.0
28726,2.0,
20771,2.0,13.0
11648,0.0,1.0
16976,6.0,14.0
42423,0.0,4.0
5403,4.0,10.0
4493,1.0,13.0
41328,1.0,18.0
25713,6.0,20.0
16286,0.0,3.0
26307,1.0,13.0
19125,4.0,14.0
4292,3.0,12.0
39747,0.0,3.0
21720,5.0,17.0
12820,0.0,3.0
30430,3.0,15.0
34535,1.0,14.0
30392,2.0,14.0
28195,2.0,12.0
16220,5.0,12.0
44295,8.0,15.0
41643,,13.0
11374,6.0,16.0
27674,0.0,1.0
30371,,14.0
6537,2.0,14.0
48784,5.0,14.0
21227,2.0,9.0
15073,8.0,15.0
32039,2.0,13.0
14750,0.0,4.0
8632,2.0,10.0
26665,5.0,9.0
14217,1.0,23.0
19945,0.0,3.0
28040,3.0,10.0
4754,3.0,17.0
17020,3.0,8.0
45468,0.0,4.0
29228,3.0,19.0
4580,1.0,16.0
49185,4.0,17.0
32894,5.0,14.0
5106,2.0,13.0
4838,3.0,11.0
18385,0.0,1.0
21654,1.0,14.0
3517,7.0,15.0
21094,1.0,10.0
44372,4.0,15.0
9450,5.0,19.0
22389,4.0,10.0
22428,0.0,4.0
36736,7.0,14.0
3113,3.0,15.0
20025,2.0,12.0
15968,2.0,13.0
48520,,3.0
40700,6.0,5.0
14925,0.0,6.0
3239,2.0,17.0
2062,3.0,16.0
2277,5.0,18.0
41697,4.0,15.0
47954,6.0,11.0
11945,2.0,18.0
2490,4.0,18.0
23084,2.0,16.0
3312,1.0,19.0
9737,3.0,17.0
33324,2.0,13.0
20729,,20.0
13385,0.0,4.0
18715,,7.0
19640,0.0,1.0
13675,3.0,13.0
23048,4.0,12.0
28856,3.0,19.0
24719,3.0,18.0
6491,2.0,16.0
7848,3.0,16.0
17456,2.0,12.0
43903,3.0,9.0
36650,5.0,17.0
47422,5.0,14.0
36446,1.0,15.0
14802,4.0,17.0
6225,4.0,18.0
2210,5.0,8.0
35853,1.0,16.0
30626,3.0,9.0
38299,4.0,10.0
42199,3.0,14.0
47020,6.0,11.0
38665,3.0,13.0
22894,0.0,5.0
31802,3.0,11.0
20628,3.0,13.0
19911,0.0,14.0
15009,2.0,12.0
27550,0.0,4.0
34942,2.0,14.0
11018,3.0,14.0
16685,5.0,18.0
42447,2.0,11.0
10059,2.0,11.0
1648,5.0,13.0
1441,6.0,19.0
699,2.0,19.0
8341,2.0,18.0
25999,0.0,3.0
18245,3.0,13.0
4758,0.0,2.0
22807,,16.0
32142,0.0,15.0
3311,0.0,5.0
11210,1.0,18.0
11164,1.0,7.0
25349,5.0,16.0
45875,3.0,5.0
40366,4.0,16.0
17421,2.0,17.0
5518,0.0,4.0
21996,4.0,17.0
40883,3.0,14.0
48545,0.0,1.0
26081,2.0,16.0
11217,4.0,15.0
32842,2.0,10.0
26696,3.0,14.0
48211,3.0,13.0
34724,5.0,18.0
41657,3.0,14.0
1885,3.0,12.0
23688,4.0,16.0
27263,4.0,19.0
33076,1.0,18.0
1206,0.0,9.0
28525,2.0,
32666,4.0,16.0
13604,1.0,12.0
43445,4.0,13.0
24733,2.0,13.0
38923,3.0,15.0
29068,6.0,16.0
21877,4.0,14.0
22814,4.0,8.0
45156,2.0,13.0
12571,6.0,8.0
49452,2.0,14.0
44928,5.0,16.0
12881,1.0,16.0
33937,0.0,4.0
8512,4.0,9.0
7001,0.0,19.0
31664,5.0,12.0
48178,2.0,22.0
585,3.0,16.0
29810,2.0,16.0
4814,4.0,10.0
6475,0.0,0.0
28320,0.0,5.0
38056,0.0,2.0
10412,3.0,13.0
8920,4.0,21.0
45697,2.0,15.0
868,10.0,110.0
41291,5.0,21.0
43945,4.0,14.0
17605,2.0,15.0
1019,0.0,4.0
25862,2.0,18.0
6903,0.0,2.0
43642,4.0,13.0
49287,2.0,9.0
23351,6.0,14.0
28291,3.0,8.0
17961,3.0,15.0
2139,5.0,19.0
46259,5.0,10.0
44839,3.0,16.0
44400,1.0,14.0
49278,7.0,9.0
41132,5.0,15.0
5028,4.0,10.0
6795,0.0,5.0
41705,4.0,14.0
7030,5.0,18.0
39089,4.0,23.0
6564,7.0,16.0
3070,1.0,8.0
35537,0.0,2.0
25832,1.0,14.0
33440,0.0,3.0
8648,3.0,20.0
11099,0.0,3.0
10875,10.0,16.0
19011,3.0,13.0
45415,3.0,
15874,4.0,13.0
13019,2.0,8.0
4398,2.0,21.0
18376,0.0,11.0
41112,1.0,12.0
35390,5.0,20.0
23932,5.0,21.0
47963,3.0,16.0
29382,0.0,4.0
38386,3.0,12.0
20889,5.0,18.0
43381,3.0,15.0
9519,1.0,10.0
38958,2.0,13.0
34798,3.0,15.0
3207,1.0,17.0
2547,4.0,18.0
26595,3.0,60.0
22975,4.0,19.0
37929,,7.0
21901,3.0,12.0
4771,4.0,14.0
6696,6.0,12.0
7551,7.0,24.0
28589,6.0,10.0
39676,3.0,18.0
47842,4.0,8.0
25136,4.0,160.0
31485,6.0,16.0
26083,1.0,13.0
6862,0.0,4.0
6331,2.0,10.0
31965,0.0,3.0
38624,0.0,6.0
12025,4.0,17.0
33617,4.0,10.0
22669,2.0,10.0
42593,3.0,15.0
5300,0.0,1.0
2549,4.0,19.0
49911,4.0,13.0
19981,3.0,12.0
40598,2.0,21.0
36194,1.0,4.0
22362,3.0,15.0
8279,0.0,1.0
15561,2.0,14.0
4005,1.0,11.0
44128,,12.0
31718,2.0,19.0
24202,7.0,13.0
18521,6.0,11.0
5140,3.0,11.0
13629,4.0,17.0
34275,1.0,14.0
26558,4.0,11.0
17462,2.0,11.0
24043,6.0,11.0
1640,5.0,12.0
23396,2.0,13.0
9299,4.0,19.0
13346,3.0,9.0
45046,4.0,12.0
43147,6.0,14.0
3147,2.0,
24083,3.0,14.0
43419,3.0,23.0
38810,4.0,10.0
32379,4.0,25.0
32743,3.0,13.0
46508,3.0,17.0
40659,5.0,
20671,4.0,9.0
33935,0.0,15.0
10021,4.0,16.0
37486,3.0,13.0
43924,0.0,3.0
31272,0.0,2.0
24062,6.0,11.0
18723,5.0,15.0
38687,1.0,18.0
10076,2.0,9.0
21716,4.0,12.0
30807,5.0,
4567,3.0,20.0
7891,3.0,13.0
3074,3.0,12.0
43558,4.0,15.0
27529,4.0,14.0
15043,2.0,14.0
16222,0.0,
32175,2.0,17.0
48212,2.0,11.0
19350,0.0,2.0
44120,6.0,14.0
31234,4.0,12.0
10409,2.0,17.0
11472,4.0,9.0
2980,4.0,19.0
38683,4.0,16.0
35758,1.0,18.0
21076,2.0,16.0
23163,5.0,13.0
23144,,6.0
14412,2.0,17.0
559,0.0,3.0
26997,2.0,14.0
15091,3.0,140.0
34627,7.0,13.0
4038,6.0,13.0
174,5.0,21.0
37562,4.0,9.0
41067,1.0,17.0
25962,2.0,13.0
40871,3.0,17.0
33577,3.0,12.0
43857,0.0,4.0
24254,3.0,17.0
43602,5.0,19.0
21761,1.0,13.0
37190,4.0,13.0
15889,3.0,17.0
44165,4.0,15.0
22937,3.0,8.0
34936,4.0,9.0
25787,0.0,12.0
15347,3.0,11.0
27484,3.0,19.0
24092,7.0,16.0
796,4.0,12.0
41369,1.0,14.0
43257,1.0,11.0
6916,6.0,14.0
30418,5.0,13.0
39328,5.0,17.0
25984,2.0,11.0
4832,7.0,13.0
9572,2.0,14.0
39376,4.0,6.0
28007,5.0,13.0
5675,3.0,12.0
7690,4.0,8.0
27174,6.0,120.0
20491,6.0,13.0
48333,3.0,16.0
29317,3.0,17.0
19788,2.0,13.0
3001,3.0,16.0
24585,7.0,13.0
16764,3.0,11.0
21418,2.0,
10425,1.0,15.0
32684,4.0,15.0
28546,0.0,1.0
10026,2.0,6.0
45297,2.0,160.0
32550,8.0,16.0
14319,5.0,11.0
41486,3.0,21.0
17975,4.0,22.0
21866,3.0,15.0
2023,3.0,15.0
27084,5.0,
4274,4.0,21.0
45905,2.0,16.0
764,4.0,14.0
6766,3.0,7.0
16985,2.0,13.0
46452,6.0,14.0
153,0.0,5.0
107,2.0,19.0
3038,7.0,14.0
10127,5.0,11.0
35859,,15.0
26887,3.0,16.0
14013,1.0,5.0
35441,5.0,10.0
24282,3.0,
26354,3.0,10.0
16322,0.0,4.0
34642,1.0,14.0
8731,4.0,7.0
36702,3.0,10.0
29769,6.0,10.0
28921,2.0,15.0
49392,2.0,13.0
7830,1.0,10.0
27661,4.0,12.0
31503,3.0,14.0
21642,4.0,15.0
49416,7.0,13.0
48325,4.0,14.0
25291,4.0,16.0
44972,0.0,2.0
28570,,12.0
46447,0.0,3.0
48775,2.0,11.0
12619,2.0,15.0
40457,0.0,2.0
13352,3.0,12.0
49858,4.0,13.0
6532,3.0,15.0
46134,3.0,13.0
12921,2.0,12.0
5895,2.0,15.0
11491,5.0,12.0
32631,4.0,14.0
46483,0.0,0.0
38761,2.0,11.0
16651,3.0,9.0
44957,1.0,9.0
38077,5.0,12.0
16389,4.0,13.0
6445,4.0,15.0
7298,2.0,18.0
25235,2.0,140.0
31006,4.0,14.0
4654,2.0,10.0
28937,5.0,
40910,,17.0
45363,4.0,15.0
26202,4.0,11.0
22318,4.0,7.0
9937,2.0,11.0
11887,2.0,14.0
32224,1.0,15.0
3874,2.0,11.0
21475,7.0,9.0
44746,0.0,1.0
31292,4.0,20.0
23356,4.0,19.0
25550,,11.0
37439,3.0,9.0
40456,4.0,15.0
37596,6.0,18.0
47429,0.0,5.0
25581,3.0,11.0
17139,6.0,11.0
33121,7.0,12.0
38116,3.0,18.0
34339,4.0,19.0
1878,5.0,17.0
14367,4.0,15.0
30742,0.0,4.0
10946,5.0,14.0
15232,1.0,
40832,3.0,7.0
17708,4.0,16.0
11380,2.0,16.0
36245,4.0,15.0
25657,0.0,5.0
807,5.0,10.0
5854,5.0,10.0
11400,0.0,7.0
643,3.0,
3587,0.0,4.0
7798,2.0,15.0
13542,4.0,16.0
16765,2.0,13.0
24641,4.0,13.0
43517,3.0,15.0
61,2.0,11.0
45249,2.0,12.0
39651,1.0,17.0
856,6.0,10.0
36077,5.0,18.0
42867,2.0,12.0
6967,7.0,11.0
47595,4.0,24.0
36645,6.0,18.0
46608,3.0,22.0
49819,0.0,0.0
7609,3.0,10.0
18328,2.0,9.0
30001,3.0,16.0
9361,2.0,11.0
31675,4.0,16.0
7770,4.0,13.0
49774,2.0,9.0
34525,8.0,19.0
35796,2.0,13.0
49551,5.0,19.0
35936,3.0,15.0
34313,3.0,16.0
43668,,17.0
16612,0.0,3.0
6502,5.0,13.0
7343,,
41840,1.0,15.0
33071,5.0,13.0
6131,4.0,24.0
12941,7.0,7.0
24308,0.0,7.0
38617,3.0,13.0
16407,5.0,25.0
41386,1.0,7.0
37430,4.0,13.0
43618,4.0,12.0
8202,4.0,7.0
12938,2.0,15.0
41273,3.0,11.0
33595,1.0,21.0
6538,7.0,14.0
17172,6.0,12.0
17385,4.0,15.0
48111,0.0,12.0
1894,3.0,11.0
31617,1.0,6.0
40621,6.0,17.0
21191,5.0,14.0
44457,5.0,14.0
13422,,13.0
12798,2.0,18.0
31674,,9.0
19510,6.0,13.0
4330,2.0,8.0
37989,1.0,13.0
19430,5.0,16.0
28122,7.0,17.0
43612,4.0,20.0
27668,6.0,12.0
21665,3.0,13.0
5967,2.0,14.0
786,1.0,20.0
1638,7.0,11.0
9954,4.0,14.0
25837,3.0,15.0
28626,5.0,22.0
7450,3.0,9.0
32056,2.0,
148,3.0,14.0
49772,3.0,15.0
45232,5.0,17.0
17468,1.0,12.0
33112,4.0,
24565,4.0,13.0
16306,2.0,21.0
26965,1.0,17.0
3778,3.0,15.0
14629,1.0,
40310,2.0,5.0
45977,3.0,18.0
3737,1.0,12.0
37897,5.0,20.0
35718,1.0,9.0
17792,3.0,14.0
39346,2.0,8.0
5044,2.0,16.0
951,0.0,11.0
30412,1.0,15.0
18467,3.0,12.0
8430,7.0,12.0
22023,5.0,15.0
17550,0.0,6.0
43745,6.0,7.0
22729,1.0,20.0
28732,4.0,19.0
27101,4.0,22.0
4579,0.0,11.0
43717,1.0,5.0
36036,0.0,4.0
1770,3.0,16.0
42715,3.0,12.0
25698,3.0,22.0
46404,0.0,3.0
8145,7.0,15.0
35415,,14.0
42445,6.0,11.0
38147,4.0,21.0
34448,2.0,7.0
33675,3.0,9.0
49906,3.0,14.0
31338,4.0,160.0
14311,3.0,19.0
20266,3.0,9.0
32890,4.0,15.0
7578,3.0,13.0
265,2.0,8.0
33079,1.0,19.0
18809,4.0,16.0
29959,1.0,12.0
45579,3.0,16.0
45405,3.0,
36739,2.0,13.0
33135,6.0,8.0
2162,,17.0
37027,4.0,14.0
35614,4.0,15.0
20507,3.0,11.0
34793,5.0,13.0
30598,2.0,18.0
8857,4.0,11.0
1576,1.0,15.0
33323,6.0,20.0
33662,6.0,16.0
49093,3.0,14.0
20702,4.0,14.0
35248,5.0,15.0
45127,2.0,13.0
47947,6.0,14.0
34278,3.0,15.0
20532,6.0,19.0
27891,4.0,14.0
25112,1.0,14.0
34376,1.0,17.0
11316,1.0,10.0
13042,1.0,10.0
48673,6.0,7.0
44580,,24.0
13884,3.0,9.0
17986,4.0,14.0
17000,6.0,19.0
20668,2.0,18.0
45446,3.0,21.0
17594,0.0,7.0
25627,5.0,6.0
2756,1.0,17.0
18605,4.0,13.0
19843,4.0,7.0
39067,3.0,10.0
18597,3.0,11.0
21318,5.0,13.0
17404,1.0,15.0
47253,3.0,5.0
40288,5.0,14.0
17171,3.0,11.0
45976,4.0,
10613,4.0,14.0
4455,2.0,9.0
12040,3.0,
9505,5.0,11.0
33269,4.0,
39496,7.0,12.0
48367,0.0,10.0
44780,3.0,18.0
26388,3.0,16.0
3905,7.0,12.0
26923,2.0,22.0
26817,2.0,13.0
37532,2.0,16.0
39797,2.0,8.0
864,2.0,17.0
37201,0.0,10.0
28906,2.0,13.0
13324,0.0,2.0
34190,0.0,4.0
22865,5.0,9.0
19766,2.0,13.0
35435,1.0,13.0
1135,,12.0
37752,3.0,7.0
3978,6.0,13.0
4461,7.0,13.0
21015,3.0,15.0
28853,5.0,12.0
20947,6.0,16.0
40551,3.0,14.0
16946,3.0,10.0
32468,5.0,
29118,1.0,15.0
40258,2.0,9.0
4792,3.0,14.0
13206,3.0,14.0
41674,2.0,12.0
9391,1.0,12.0
48052,5.0,18.0
26917,8.0,9.0
46511,0.0,17.0
46187,4.0,12.0
11615,2.0,10.0
24494,2.0,17.0
12364,4.0,14.0
44033,4.0,20.0
27579,2.0,14.0
3857,3.0,14.0
9465,2.0,17.0
29634,4.0,14.0
29756,0.0,1.0
23671,4.0,
5697,3.0,9.0
45711,4.0,18.0
24184,4.0,20.0
19085,6.0,9.0
45392,0.0,6.0
49289,3.0,19.0
28667,6.0,23.0
4593,2.0,16.0
38037,2.0,20.0
49001,4.0,13.0
21836,6.0,13.0
34,3.0,15.0
28893,3.0,11.0
30391,0.0,3.0
58,0.0,7.0
11507,0.0,10.0
35089,3.0,16.0
36655,4.0,14.0
46573,1.0,13.0
21131,4.0,12.0
32302,3.0,13.0
46366,5.0,12.0
24528,2.0,11.0
27450,2.0,16.0
25699,6.0,17.0
28296,3.0,8.0
38658,1.0,15.0
32001,1.0,5.0
21210,,12.0
14767,5.0,20.0
18337,4.0,14.0
4332,2.0,13.0
11347,1.0,22.0
27042,4.0,18.0
31344,4.0,13.0
39077,0.0,12.0
9961,3.0,17.0
42807,0.0,2.0
46580,2.0,9.0
20712,2.0,19.0
2048,4.0,17.0
15045,3.0,13.0
6382,4.0,7.0
24044,2.0,20.0
6505,3.0,14.0
21675,2.0,6.0
41935,,18.0
40293,4.0,15.0
38660,5.0,16.0
40172,4.0,9.0
33246,3.0,
31365,2.0,
9130,3.0,13.0
13854,5.0,13.0
43737,3.0,16.0
19423,1.0,
24402,2.0,16.0
27173,4.0,170.0
37564,0.0,5.0
38366,0.0,5.0
25135,0.0,1.0
8339,,4.0
5481,2.0,15.0
41178,3.0,13.0
15035,1.0,18.0
49104,5.0,15.0
19383,5.0,8.0
7168,5.0,11.0
19983,4.0,10.0
21159,2.0,15.0
801,,13.0
24768,0.0,6.0
46969,0.0,4.0
14067,5.0,13.0
15571,4.0,20.0
21623,4.0,12.0
9244,2.0,21.0
32671,5.0,22.0
8338,3.0,11.0
44965,1.0,14.0
49515,5.0,18.0
32769,3.0,12.0
43436,0.0,9.0
31648,3.0,17.0
17189,6.0,11.0
42159,3.0,11.0
17738,3.0,19.0
11716,3.0,10.0
43600,2.0,10.0
31181,5.0,11.0
46989,4.0,9.0
39884,5.0,13.0
49676,3.0,19.0
3893,3.0,17.0
3646,1.0,8.0
34147,3.0,10.0
37717,2.0,8.0
2433,9.0,18.0
11142,2.0,12.0
6034,0.0,13.0
1243,0.0,2.0
2487,0.0,1.0
37674,4.0,16.0
34466,1.0,15.0
31427,4.0,15.0
6453,4.0,11.0
15858,7.0,16.0
12213,0.0,5.0
28426,2.0,10.0
31007,1.0,
10836,5.0,11.0
5131,4.0,20.0
7749,2.0,17.0
35170,6.0,12.0
36591,3.0,10.0
1518,2.0,16.0
2879,2.0,19.0
14331,2.0,23.0
31816,6.0,12.0
12396,6.0,15.0
45926,2.0,11.0
5035,5.0,18.0
1506,2.0,
16801,9.0,16.0
12056,1.0,17.0
42841,0.0,19.0
21389,3.0,14.0
28806,3.0,9.0
3596,3.0,16.0
29639,3.0,13.0
37531,1.0,16.0
3471,1.0,20.0
5628,1.0,11.0
12507,1.0,17.0
17620,0.0,20.0
46963,3.0,11.0
15432,2.0,15.0
13986,2.0,23.0
3415,2.0,
28610,6.0,8.0
43837,4.0,18.0
7026,0.0,13.0
7671,4.0,13.0
46516,5.0,10.0
14801,6.0,12.0
29005,3.0,10.0
9234,1.0,23.0
7376,3.0,17.0
32688,1.0,14.0
33693,4.0,11.0
8292,3.0,17.0
21271,4.0,7.0
11785,0.0,14.0
14930,3.0,20.0
6003,3.0,10.0
20107,1.0,17.0
7361,0.0,1.0
36079,3.0,12.0
8295,0.0,0.0
37668,0.0,2.0
29190,3.0,11.0
21615,3.0,22.0
49569,1.0,16.0
48474,2.0,13.0
13342,0.0,5.0
14828,1.0,13.0
1956,4.0,19.0
10214,3.0,14.0
48049,3.0,12.0
16135,4.0,10.0
5109,0.0,4.0
23322,3.0,10.0
37934,5.0,10.0
40751,4.0,9.0
46603,4.0,8.0
45102,4.0,21.0
36467,1.0,18.0
14068,4.0,17.0
32506,5.0,12.0
31789,1.0,12.0
43922,2.0,17.0
5849,5.0,
31136,2.0,19.0
45001,3.0,8.0
28261,3.0,15.0
42022,4.0,17.0
875,7.0,12.0
12481,3.0,16.0
3466,3.0,8.0
33297,2.0,14.0
44671,2.0,16.0
43034,3.0,
16032,3.0,14.0
14862,2.0,14.0
25344,,4.0
28407,2.0,13.0
18630,2.0,14.0
15745,3.0,9.0
9348,,19.0
11861,1.0,19.0
20413,2.0,14.0
47728,1.0,19.0
43746,3.0,19.0
6730,4.0,14.0
213,3.0,15.0
26224,1.0,11.0
47682,4.0,13.0
32649,3.0,14.0
43351,3.0,17.0
19971,1.0,16.0
46148,2.0,15.0
36888,2.0,6.0
18066,2.0,12.0
13401,2.0,11.0
36343,3.0,14.0
27048,2.0,15.0
20116,3.0,12.0
9896,2.0,18.0
24278,3.0,15.0
29166,4.0,19.0
4305,6.0,15.0
23141,5.0,15.0
47238,0.0,3.0
36782,3.0,6.0
29400,3.0,9.0
11642,2.0,14.0
17846,3.0,11.0
1037,2.0,10.0
30661,3.0,8.0
33524,5.0,13.0
21952,0.0,0.0
7130,4.0,13.0
39197,5.0,20.0
42156,4.0,16.0
40787,4.0,12.0
16809,3.0,14.0
12632,2.0,13.0
38458,4.0,8.0
45180,3.0,17.0
46865,4.0,16.0
49251,3.0,16.0
29254,3.0,13.0
17374,5.0,16.0
33574,2.0,18.0
18543,2.0,10.0
49799,1.0,21.0
26218,3.0,11.0
4924,5.0,16.0
43608,2.0,11.0
3620,3.0,17.0
13354,3.0,12.0
22029,3.0,12.0
34274,0.0,2.0
17880,5.0,13.0
29826,0.0,1.0
12995,3.0,14.0
15465,5.0,12.0
48290,2.0,20.0
12279,4.0,12.0
1939,2.0,18.0
44047,1.0,18.0
42204,2.0,16.0
36090,2.0,15.0
35792,3.0,15.0
14322,1.0,15.0
36536,2.0,13.0
41985,2.0,13.0
21857,4.0,18.0
45142,1.0,19.0
27877,3.0,19.0
26602,0.0,15.0
39864,2.0,10.0
29503,,16.0
28110,0.0,3.0
45184,4.0,11.0
49743,4.0,9.0
19938,2.0,14.0
45304,2.0,14.0
23124,0.0,5.0
48473,,11.0
38445,3.0,21.0
47016,2.0,14.0
41621,3.0,15.0
32204,4.0,8.0
35560,3.0,16.0
28646,7.0,12.0
19772,1.0,15.0
37719,1.0,13.0
41852,2.0,17.0
36796,3.0,23.0
9389,2.0,12.0
39835,5.0,16.0
44940,,1.0
31285,2.0,10.0
19065,4.0,13.0
47392,1.0,10.0
49070,2.0,20.0
36369,3.0,5.0
2751,3.0,10.0
14019,2.0,11.0
37065,4.0,13.0
2565,3.0,8.0
49000,2.0,19.0
34926,5.0,10.0
45369,3.0,18.0
18830,7.0,9.0
8542,1.0,15.0
7964,,16.0
4095,3.0,12.0
13177,5.0,9.0
11418,2.0,22.0
30899,2.0,12.0
9975,5.0,15.0
30870,3.0,10.0
17352,6.0,22.0
7753,3.0,120.0
20516,1.0,12.0
5883,7.0,10.0
5489,3.0,11.0
48433,3.0,17.0
41099,4.0,14.0
9469,6.0,19.0
44122,4.0,18.0
7826,1.0,14.0
17350,3.0,14.0
42680,1.0,
14948,4.0,17.0
45776,6.0,20.0
21516,3.0,13.0
12924,2.0,16.0
37538,0.0,16.0
37728,3.0,15.0
2237,4.0,14.0
49876,2.0,11.0
7727,0.0,1.0
11010,5.0,17.0
17435,2.0,9.0
19754,7.0,18.0
5384,0.0,18.0
31770,3.0,8.0
1444,0.0,5.0
12796,5.0,21.0
14575,1.0,17.0
13418,5.0,11.0
14805,1.0,6.0
13133,,10.0
23259,7.0,16.0
41268,0.0,15.0
14202,1.0,12.0
16870,4.0,12.0
42277,3.0,14.0
11533,3.0,13.0
20823,0.0,9.0
14076,2.0,16.0
16249,3.0,9.0
13065,3.0,150.0
20908,2.0,15.0
24458,4.0,13.0
47999,3.0,17.0
4141,2.0,11.0
23522,4.0,16.0
33728,3.0,16.0
118,7.0,19.0
33013,2.0,21.0
2468,2.0,11.0
26147,2.0,16.0
14145,0.0,13.0
7404,6.0,13.0
19362,2.0,20.0
27463,1.0,10.0
8830,3.0,16.0
37294,1.0,11.0
1183,3.0,15.0
33778,0.0,1.0
25910,4.0,14.0
43789,2.0,16.0
36086,4.0,7.0
21338,3.0,14.0
11200,3.0,16.0
15093,2.0,6.0
3040,,3.0
17754,2.0,17.0
47553,2.0,16.0
3976,0.0,9.0
32238,1.0,12.0
16897,3.0,13.0
15212,6.0,10.0
41641,4.0,16.0
14303,2.0,12.0
10028,3.0,20.0
39013,4.0,19.0
1306,0.0,130.0
3518,2.0,10.0
3234,3.0,14.0
46280,6.0,21.0
23182,0.0,21.0
17298,1.0,8.0
8851,6.0,21.0
47246,2.0,10.0
12815,2.0,12.0
9479,,17.0
44670,,10.0
191,4.0,15.0
2289,2.0,14.0
48280,0.0,4.0
21584,1.0,17.0
3851,1.0,9.0
394,5.0,14.0
35380,3.0,11.0
19156,6.0,13.0
31846,0.0,3.0
27344,0.0,17.0
33283,1.0,16.0
6779,3.0,12.0
22153,5.0,22.0
46631,1.0,15.0
8299,3.0,18.0
17976,0.0,6.0
23089,0.0,17.0
11501,1.0,9.0
14334,4.0,
13281,3.0,12.0
20348,0.0,4.0
43479,,11.0
49732,5.0,8.0
29311,3.0,15.0
10793,1.0,14.0
49579,0.0,3.0
35566,1.0,14.0
23603,5.0,14.0
23105,0.0,
5215,2.0,
36986,0.0,3.0
48899,2.0,6.0
12875,1.0,19.0
32426,2.0,20.0
19111,0.0,4.0
527,5.0,21.0
10445,0.0,14.0
30846,2.0,8.0
6059,4.0,12.0
26226,3.0,11.0
30025,3.0,10.0
26299,3.0,10.0
21758,3.0,17.0
15827,4.0,17.0
49256,3.0,15.0
18324,2.0,11.0
19389,4.0,18.0
13320,2.0,10.0
1867,4.0,11.0
25143,4.0,17.0
45693,4.0,16.0
12587,4.0,17.0
28382,2.0,10.0
20645,3.0,20.0
27808,3.0,12.0
32323,0.0,2.0
37518,2.0,9.0
2521,2.0,14.0
579,3.0,18.0
48789,3.0,10.0
5535,2.0,10.0
12266,3.0,10.0
39960,3.0,12.0
46559,2.0,16.0
17009,3.0,15.0
6800,2.0,17.0
17253,3.0,22.0
49472,2.0,15.0
29683,6.0,15.0
5192,3.0,15.0
48961,3.0,12.0
25028,1.0,16.0
7299,2.0,13.0
7355,0.0,15.0
48845,5.0,9.0
10940,3.0,12.0
18683,3.0,8.0
42163,,18.0
48723,4.0,14.0
26233,,13.0
41402,,15.0
44085,,14.0
8634,5.0,10.0
44314,4.0,12.0
17947,3.0,15.0
30589,4.0,15.0
30101,0.0,150.0
3982,5.0,15.0
13073,3.0,11.0
41248,1.0,14.0
9239,2.0,11.0
40266,3.0,14.0
43740,4.0,8.0
40630,2.0,15.0
36227,3.0,15.0
41270,4.0,210.0
4024,3.0,14.0
36802,1.0,15.0
17017,1.0,11.0
11363,7.0,12.0
25181,2.0,17.0
28523,2.0,18.0
10103,3.0,11.0
25686,1.0,10.0
3676,3.0,14.0
33149,2.0,16.0
26346,6.0,12.0
19005,4.0,17.0
12814,8.0,15.0
30411,3.0,26.0
29720,,20.0
43823,1.0,10.0
6646,4.0,10.0
18459,3.0,18.0
38025,2.0,15.0
16129,1.0,14.0
4517,2.0,9.0
19890,0.0,1.0
35339,3.0,14.0
3024,4.0,17.0
7855,4.0,10.0
7018,3.0,16.0
30109,0.0,1.0
32232,1.0,11.0
10507,2.0,15.0
47740,2.0,10.0
38684,2.0,16.0
16191,1.0,19.0
29106,5.0,11.0
23632,6.0,10.0
9412,2.0,13.0
44939,4.0,20.0
691,4.0,18.0
21118,0.0,4.0
14168,,19.0
2735,3.0,15.0
23577,3.0,14.0
13031,2.0,11.0
1239,2.0,13.0
6760,3.0,12.0
15676,4.0,14.0
11584,4.0,14.0
44103,3.0,21.0
25345,2.0,16.0
38802,1.0,10.0
46357,1.0,16.0
49122,0.0,0.0
25541,4.0,15.0
20468,5.0,8.0
7797,3.0,9.0
47814,1.0,15.0
31315,2.0,19.0
43684,3.0,13.0
15820,1.0,19.0
42916,5.0,14.0
19603,4.0,11.0
2631,2.0,12.0
8741,3.0,12.0
15830,3.0,20.0
25632,3.0,12.0
35087,2.0,10.0
25922,4.0,14.0
32549,5.0,14.0
11365,0.0,1.0
36977,4.0,18.0
48483,,11.0
3076,,11.0
3434,4.0,9.0
25936,7.0,12.0
49535,3.0,11.0
46786,5.0,21.0
25199,7.0,8.0
29535,2.0,6.0
25359,4.0,12.0
15247,2.0,19.0
36996,4.0,11.0
28736,3.0,19.0
10202,4.0,15.0
870,2.0,11.0
20022,2.0,15.0
7075,2.0,15.0
14234,0.0,5.0
42231,8.0,
17033,5.0,16.0
8148,2.0,16.0
21023,1.0,13.0
44366,1.0,16.0
25840,6.0,7.0
48074,,11.0
32643,1.0,18.0
31739,6.0,7.0
32205,6.0,12.0
15718,4.0,12.0
25064,2.0,16.0
14148,0.0,4.0
21679,3.0,21.0
47723,,12.0
5178,1.0,9.0
21770,4.0,11.0
35468,2.0,20.0
12621,5.0,15.0
28031,4.0,15.0
32459,2.0,9.0
16243,,4.0
47367,2.0,12.0
2371,6.0,8.0
39852,3.0,12.0
40197,0.0,5.0
31231,3.0,10.0
17832,2.0,12.0
20907,3.0,15.0
6288,4.0,26.0
32522,1.0,16.0
10800,4.0,10.0
19197,3.0,16.0
47581,4.0,11.0
5236,6.0,15.0
19814,0.0,1.0
3964,4.0,18.0
4616,3.0,12.0
20053,0.0,2.0
35471,1.0,16.0
21620,4.0,15.0
24752,5.0,14.0
42431,4.0,16.0
22323,1.0,18.0
14352,6.0,11.0
8080,4.0,18.0
1816,0.0,1.0
18055,1.0,12.0
18352,0.0,4.0
2909,0.0,2.0
26191,1.0,16.0
22925,5.0,12.0
23383,2.0,9.0
18406,0.0,7.0
48258,0.0,0.0
21942,4.0,14.0
13682,2.0,16.0
916,3.0,11.0
11436,2.0,15.0
15277,0.0,4.0
46119,6.0,14.0
19456,4.0,9.0
13335,0.0,3.0
38126,3.0,15.0
29353,3.0,10.0
8696,2.0,12.0
33127,5.0,13.0
4748,2.0,15.0
32622,4.0,10.0
22796,1.0,13.0
39962,1.0,12.0
46480,6.0,13.0
38905,1.0,10.0
44830,2.0,10.0
18059,1.0,8.0
27317,3.0,
34173,3.0,25.0
5288,4.0,10.0
38,2.0,13.0
48184,0.0,3.0
740,,15.0
27489,0.0,0.0
36821,2.0,16.0
26387,5.0,12.0
4074,2.0,14.0
29231,0.0,3.0
43908,0.0,4.0
11616,3.0,20.0
32234,,19.0
22130,2.0,16.0
19406,2.0,14.0
14781,4.0,18.0
29680,5.0,9.0
39006,3.0,13.0
282,4.0,18.0
25257,1.0,13.0
25494,5.0,14.0
68,0.0,17.0
31308,3.0,10.0
46401,1.0,15.0
38840,0.0,13.0
13440,4.0,9.0
22732,2.0,13.0
6848,,18.0
15984,2.0,9.0
9009,3.0,18.0
40296,0.0,3.0
46832,5.0,15.0
15953,1.0,13.0
9317,3.0,15.0
23096,4.0,13.0
44562,2.0,6.0
18881,3.0,10.0
13811,6.0,12.0
12810,1.0,15.0
1160,4.0,13.0
42663,0.0,5.0
30831,2.0,16.0
24167,2.0,12.0
39653,2.0,10.0
14872,3.0,17.0
1129,2.0,13.0
19026,4.0,15.0
35114,1.0,15.0
30473,0.0,5.0
17403,1.0,12.0
28496,3.0,14.0
32267,3.0,17.0
20189,2.0,
36643,1.0,23.0
10223,2.0,12.0
7036,4.0,13.0
16905,3.0,17.0
21179,4.0,8.0
14027,2.0,13.0
12756,0.0,3.0
21809,0.0,2.0
32977,1.0,13.0
10985,1.0,11.0
5248,0.0,0.0
35885,0.0,2.0
25944,5.0,7.0
24878,1.0,13.0
16535,3.0,18.0
49443,0.0,9.0
18028,0.0,1.0
4797,0.0,3.0
28149,1.0,11.0
25094,5.0,15.0
38950,0.0,2.0
39057,4.0,14.0
9651,,11.0
26095,5.0,13.0
34163,2.0,8.0
1713,5.0,12.0
11063,4.0,19.0
42647,1.0,11.0
1947,1.0,14.0
20700,1.0,23.0
1668,2.0,21.0
38107,4.0,17.0
20316,4.0,16.0
1182,,10.0
7294,4.0,9.0
10831,1.0,8.0
39042,4.0,15.0
42208,0.0,3.0
31849,2.0,19.0
35122,4.0,10.0
32573,4.0,15.0
909,7.0,
11468,3.0,7.0
11278,5.0,9.0
42597,5.0,18.0
18122,2.0,15.0
39140,3.0,14.0
43722,4.0,15.0
40527,2.0,16.0
16023,2.0,16.0
5777,3.0,13.0
14339,1.0,15.0
8715,2.0,17.0
32419,4.0,15.0
31143,0.0,2.0
8716,4.0,7.0
28813,4.0,9.0
17233,2.0,16.0
9935,4.0,13.0
40439,3.0,12.0
11857,1.0,21.0
41577,5.0,23.0
24269,1.0,18.0
15920,3.0,20.0
46497,3.0,21.0
45340,3.0,13.0
11271,4.0,12.0
30270,3.0,14.0
6056,3.0,16.0
7165,2.0,17.0
30285,9.0,13.0
14662,6.0,9.0
37813,5.0,20.0
6142,1.0,9.0
1497,2.0,23.0
31936,2.0,17.0
29752,2.0,16.0
1083,0.0,3.0
26792,4.0,12.0
17084,,19.0
35232,3.0,11.0
23771,2.0,11.0
30306,0.0,9.0
34342,,11.0
10700,5.0,20.0
3880,,9.0
39843,0.0,16.0
34434,4.0,14.0
18529,1.0,21.0
5941,5.0,15.0
6583,3.0,11.0
46530,2.0,18.0
683,0.0,2.0
36468,4.0,9.0
12675,1.0,26.0
12693,2.0,17.0
39957,5.0,17.0
35488,3.0,17.0
49136,1.0,21.0
47152,4.0,9.0
38158,2.0,13.0
39865,0.0,2.0
5771,2.0,12.0
6987,3.0,14.0
16527,1.0,14.0
42145,4.0,10.0
5096,3.0,11.0
10408,2.0,12.0
37194,2.0,16.0
20720,3.0,19.0
39049,0.0,2.0
22966,0.0,12.0
25670,1.0,11.0
28728,3.0,16.0
4699,4.0,15.0
20638,5.0,10.0
27493,5.0,8.0
45238,3.0,20.0
774,4.0,14.0
980,3.0,12.0
31390,0.0,12.0
4116,4.0,6.0
37030,4.0,9.0
24460,4.0,14.0
37182,5.0,15.0
1254,2.0,
28826,3.0,19.0
11986,0.0,15.0
28708,3.0,14.0
7634,1.0,
10661,1.0,20.0
2415,2.0,13.0
41051,3.0,13.0
22489,5.0,17.0
8673,6.0,14.0
38263,2.0,16.0
28643,2.0,14.0
9952,5.0,16.0
10417,2.0,15.0
28829,1.0,18.0
10061,3.0,15.0
42142,,14.0
49669,3.0,13.0
37554,0.0,2.0
40877,2.0,8.0
46964,4.0,13.0
17409,,2.0
34766,2.0,9.0
28689,5.0,9.0
35791,5.0,15.0
4300,2.0,16.0
49147,2.0,7.0
30559,5.0,12.0
36837,3.0,22.0
33395,1.0,20.0
24994,2.0,17.0
46281,2.0,19.0
46601,3.0,13.0
46448,1.0,15.0
20095,3.0,18.0
39531,3.0,10.0
9776,1.0,16.0
27517,4.0,9.0
47582,3.0,14.0
11715,6.0,17.0
35250,4.0,16.0
3732,2.0,19.0
29096,5.0,13.0
33351,4.0,9.0
33863,3.0,18.0
32496,4.0,16.0
1360,5.0,18.0
11284,2.0,10.0
34248,1.0,13.0
20975,4.0,9.0
19418,4.0,13.0
34470,4.0,15.0
35772,1.0,7.0
12876,7.0,10.0
43675,0.0,5.0
17858,0.0,3.0
16187,9.0,14.0
45097,3.0,12.0
30975,4.0,14.0
10162,4.0,18.0
19435,2.0,8.0
46142,3.0,9.0
10737,3.0,13.0
13381,1.0,12.0
15908,4.0,15.0
20217,4.0,13.0
28578,0.0,15.0
14098,4.0,16.0
9779,1.0,11.0
6992,2.0,11.0
48099,3.0,15.0
5377,3.0,10.0
12349,4.0,19.0
27897,4.0,14.0
26040,5.0,18.0
38972,4.0,11.0
32364,4.0,16.0
40565,2.0,9.0
23265,6.0,10.0
4901,5.0,10.0
15280,3.0,17.0
26448,3.0,13.0
42553,4.0,11.0
9657,0.0,4.0
39355,5.0,
2226,2.0,7.0
23959,2.0,13.0
4820,3.0,13.0
1738,2.0,8.0
4982,5.0,9.0
35850,0.0,3.0
287,0.0,11.0
44806,3.0,15.0
29093,4.0,16.0
40485,3.0,14.0
4187,1.0,12.0
33685,4.0,15.0
29552,4.0,16.0
23545,1.0,15.0
2194,0.0,2.0
3445,0.0,3.0
10683,3.0,23.0
46894,1.0,7.0
26281,0.0,5.0
41071,2.0,8.0
7011,5.0,8.0
5846,5.0,17.0
39720,3.0,14.0
40016,1.0,17.0
41420,1.0,16.0
26260,2.0,15.0
34264,2.0,13.0
47368,0.0,12.0
35228,5.0,13.0
49952,8.0,15.0
44623,4.0,8.0
25469,0.0,0.0
11335,0.0,4.0
20201,1.0,12.0
5077,0.0,2.0
12268,6.0,14.0
17413,2.0,10.0
29506,1.0,9.0
30951,4.0,8.0
26858,3.0,13.0
28146,5.0,18.0
9799,4.0,9.0
31058,2.0,21.0
35328,5.0,16.0
29312,1.0,15.0
3258,1.0,16.0
1356,,2.0
15683,6.0,14.0
33438,4.0,11.0
48403,3.0,14.0
45345,0.0,6.0
14117,2.0,13.0
21847,5.0,13.0
15202,3.0,12.0
21849,6.0,11.0
46072,0.0,2.0
3575,3.0,23.0
15713,2.0,11.0
21080,3.0,7.0
8528,3.0,15.0
35340,3.0,13.0
15236,7.0,210.0
12506,1.0,10.0
33449,5.0,20.0
29180,1.0,16.0
21534,0.0,18.0
16418,3.0,16.0
16229,7.0,14.0
2927,4.0,13.0
36711,0.0,10.0
43256,0.0,14.0
27752,4.0,11.0
9835,7.0,19.0
33383,2.0,12.0
37618,2.0,21.0
32005,7.0,12.0
427,4.0,19.0
39096,2.0,21.0
33467,7.0,9.0
20744,2.0,9.0
6287,3.0,17.0
30368,8.0,
7173,1.0,8.0
45450,8.0,11.0
30005,6.0,15.0
23244,1.0,14.0
36864,5.0,11.0
35447,5.0,14.0
32858,3.0,8.0
45637,3.0,12.0
30096,1.0,21.0
32955,2.0,12.0
27937,1.0,14.0
17666,1.0,10.0
15625,3.0,11.0
14886,2.0,18.0
47237,1.0,17.0
9371,4.0,10.0
23977,1.0,14.0
13017,0.0,5.0
5952,4.0,
29661,,19.0
17874,3.0,13.0
29946,2.0,10.0
25424,3.0,22.0
39535,5.0,14.0
39374,1.0,12.0
25370,4.0,9.0
34523,3.0,16.0
17757,5.0,16.0
14507,1.0,14.0
14011,0.0,1.0
40192,7.0,15.0
1907,2.0,18.0
24640,3.0,19.0
14705,4.0,15.0
28303,3.0,9.0
29234,0.0,
2509,4.0,18.0
6211,2.0,9.0
20841,2.0,15.0
45247,4.0,13.0
1198,3.0,14.0
47101,,23.0
30035,0.0,4.0
17168,3.0,10.0
11311,4.0,15.0
22350,2.0,9.0
658,2.0,18.0
17379,4.0,20.0
14239,0.0,20.0
4815,0.0,14.0
31216,1.0,14.0
5759,5.0,19.0
42559,5.0,24.0
22386,5.0,14.0
16512,3.0,12.0
44525,,10.0
314,3.0,12.0
49152,6.0,8.0
24355,0.0,5.0
27047,2.0,12.0
42996,6.0,14.0
14569,3.0,20.0
11877,,16.0
8407,2.0,17.0
16795,2.0,17.0
12116,1.0,17.0
66,2.0,16.0
49347,2.0,13.0
48482,3.0,18.0
3635,2.0,10.0
19576,5.0,11.0
40555,4.0,9.0
26489,5.0,12.0
6869,3.0,20.0
30665,2.0,14.0
16623,2.0,9.0
39381,2.0,16.0
24958,3.0,11.0
36096,3.0,12.0
38492,3.0,9.0
18049,3.0,14.0
4439,0.0,19.0
24264,5.0,16.0
27620,,12.0
21367,5.0,16.0
35606,3.0,9.0
4867,1.0,12.0
3820,,13.0
9276,1.0,12.0
12960,6.0,12.0
46522,5.0,13.0
43465,3.0,15.0
14515,4.0,13.0
23669,4.0,19.0
31375,3.0,14.0
35195,5.0,26.0
21613,1.0,10.0
8192,4.0,15.0
7459,4.0,9.0
44499,0.0,5.0
15789,1.0,9.0
36657,2.0,23.0
28558,6.0,21.0
37389,1.0,14.0
4587,3.0,13.0
35096,1.0,10.0
12489,3.0,19.0
19216,7.0,12.0
12949,5.0,15.0
30382,1.0,20.0
1708,5.0,12.0
37482,1.0,20.0
25300,2.0,12.0
31892,3.0,19.0
30427,7.0,16.0
43623,0.0,2.0
47091,3.0,8.0
1058,5.0,13.0
4762,3.0,13.0
13102,2.0,12.0
24140,2.0,12.0
20762,4.0,10.0
42860,1.0,16.0
12843,5.0,14.0
30425,3.0,9.0
13618,3.0,18.0
47835,0.0,2.0
29514,2.0,12.0
9013,,14.0
2330,0.0,1.0
8374,1.0,23.0
39638,5.0,11.0
33855,1.0,11.0
46226,5.0,22.0
45972,0.0,4.0
23837,0.0,1.0
21331,1.0,13.0
4856,2.0,14.0
46234,3.0,13.0
2473,2.0,12.0
11341,2.0,15.0
38583,3.0,11.0
46338,4.0,18.0
14010,1.0,10.0
6683,2.0,17.0
20183,3.0,15.0
14588,3.0,14.0
20953,0.0,11.0
15627,2.0,13.0
6202,6.0,13.0
45733,4.0,19.0
33739,7.0,10.0
16669,0.0,0.0
36152,2.0,14.0
38398,5.0,10.0
43428,1.0,11.0
35973,6.0,16.0
2666,4.0,19.0
9498,6.0,14.0
5591,2.0,17.0
186,1.0,17.0
29165,3.0,20.0
46215,3.0,10.0
35921,3.0,12.0
784,3.0,11.0
4675,2.0,8.0
48222,,13.0
38134,3.0,18.0
49469,4.0,14.0
47534,3.0,6.0
4271,3.0,20.0
26469,1.0,17.0
21226,3.0,21.0
47510,0.0,15.0
8268,2.0,17.0
47780,3.0,17.0
31832,2.0,16.0
29930,3.0,12.0
38720,6.0,9.0
36618,3.0,18.0
6825,3.0,19.0
30088,4.0,11.0
42736,1.0,21.0
4875,,15.0
48479,6.0,12.0
40363,2.0,10.0
37969,0.0,16.0
21908,3.0,11.0
13589,1.0,23.0
13069,5.0,20.0
21753,,17.0
11143,8.0,13.0
33002,5.0,14.0
22115,4.0,15.0
27789,3.0,20.0
5022,1.0,9.0
44462,5.0,11.0
41475,3.0,
42245,2.0,16.0
24522,5.0,16.0
44841,3.0,
31270,0.0,12.0
15831,0.0,3.0
15545,4.0,
19857,6.0,14.0
24152,5.0,17.0
47024,,11.0
44866,3.0,15.0
43293,1.0,190.0
745,3.0,10.0
42763,3.0,14.0
48214,7.0,13.0
45769,4.0,23.0
25026,3.0,11.0
46999,4.0,13.0
39256,3.0,11.0
39518,4.0,10.0
42612,2.0,10.0
13513,3.0,10.0
28577,1.0,8.0
13218,,12.0
14230,3.0,9.0
38721,2.0,
26326,4.0,
21295,,12.0
31841,8.0,17.0
29938,3.0,13.0
39377,2.0,14.0
37107,2.0,9.0
17124,3.0,18.0
3316,5.0,13.0
19849,0.0,2.0
33665,0.0,10.0
33993,0.0,5.0
20916,,18.0
26739,1.0,8.0
1809,0.0,6.0
17045,0.0,15.0
25159,4.0,14.0
44783,7.0,16.0
39697,2.0,11.0
26385,2.0,17.0
44251,1.0,9.0
24146,6.0,14.0
13791,1.0,13.0
8421,4.0,15.0
10173,5.0,12.0
29475,4.0,11.0
27392,,9.0
37108,3.0,7.0
19790,3.0,14.0
26528,3.0,3.0
38708,3.0,7.0
26201,2.0,15.0
37171,0.0,13.0
39312,6.0,11.0
29290,0.0,14.0
6639,2.0,12.0
1080,,20.0
35346,2.0,15.0
6183,2.0,15.0
35830,5.0,10.0
41945,3.0,15.0
13369,3.0,16.0
20364,0.0,2.0
27658,4.0,12.0
33842,4.0,13.0
14815,3.0,12.0
6976,0.0,11.0
5374,5.0,15.0
43359,5.0,10.0
42954,2.0,15.0
18628,3.0,17.0
44158,8.0,9.0
14106,7.0,19.0
27745,1.0,18.0
41608,0.0,14.0
32233,3.0,17.0
2224,3.0,21.0
15895,5.0,10.0
42968,1.0,15.0
43033,1.0,12.0
22058,,8.0
11057,5.0,14.0
46219,4.0,14.0
40240,2.0,14.0
28048,1.0,12.0
43845,0.0,3.0
33230,5.0,12.0
2786,4.0,18.0
41883,3.0,15.0
29410,3.0,15.0
38123,0.0,2.0
30388,4.0,18.0
39429,5.0,19.0
45920,7.0,19.0
12535,3.0,18.0
11530,2.0,18.0
45903,2.0,20.0
37702,1.0,23.0
38522,3.0,11.0
3002,1.0,15.0
13861,0.0,2.0
13057,1.0,17.0
14138,2.0,23.0
16049,0.0,4.0
945,3.0,12.0
3552,6.0,18.0
40916,5.0,18.0
40415,2.0,13.0
45277,10.0,13.0
39804,1.0,13.0
26880,2.0,16.0
6220,5.0,16.0
25290,0.0,13.0
14715,9.0,14.0
29738,0.0,5.0
46635,5.0,18.0
47122,1.0,22.0
36595,1.0,11.0
35040,4.0,15.0
22863,2.0,19.0
7959,3.0,10.0
33886,2.0,15.0
17763,0.0,15.0
24085,4.0,9.0
7458,5.0,15.0
29960,3.0,7.0
1219,4.0,7.0
42418,4.0,17.0
45964,2.0,13.0
17021,5.0,15.0
42420,4.0,14.0
43042,6.0,8.0
47034,0.0,1.0
7647,3.0,8.0
34951,1.0,15.0
45713,4.0,10.0
19900,5.0,8.0
18562,2.0,7.0
33291,4.0,11.0
8924,4.0,5.0
15546,5.0,20.0
49195,4.0,9.0
37109,7.0,10.0
18004,1.0,9.0
6937,3.0,18.0
33439,0.0,6.0
29489,1.0,12.0
5806,,7.0
34896,1.0,17.0
19771,4.0,16.0
25356,5.0,11.0
8352,0.0,13.0
2236,3.0,16.0
44523,2.0,12.0
11752,3.0,17.0
26343,4.0,10.0
31808,4.0,17.0
43214,5.0,14.0
23492,1.0,13.0
15327,3.0,11.0
32114,6.0,15.0
33615,3.0,14.0
3470,3.0,12.0
18415,1.0,13.0
12536,0.0,2.0
45688,4.0,12.0
40145,2.0,14.0
35827,3.0,15.0
17689,3.0,18.0
31505,5.0,9.0
31046,3.0,15.0
5144,5.0,11.0
49080,2.0,20.0
15522,6.0,17.0
19996,7.0,6.0
15011,4.0,13.0
20958,4.0,15.0
13633,1.0,19.0
26867,3.0,13.0
8933,9.0,12.0
39752,3.0,8.0
29172,2.0,14.0
48509,4.0,16.0
5254,1.0,7.0
47636,1.0,10.0
31397,1.0,10.0
43809,2.0,6.0
41701,4.0,
39354,3.0,12.0
31336,6.0,11.0
39895,2.0,10.0
41524,5.0,10.0
21454,0.0,8.0
31130,0.0,17.0
30013,1.0,19.0
26288,2.0,15.0
5466,3.0,15.0
23680,1.0,13.0
14676,5.0,11.0
25728,4.0,11.0
28741,5.0,14.0
18819,3.0,23.0
44030,6.0,14.0
33904,0.0,3.0
5002,4.0,14.0
46207,0.0,3.0
6941,4.0,11.0
15444,2.0,6.0
49943,3.0,10.0
19204,,11.0
32591,9.0,9.0
15407,2.0,17.0
17160,2.0,19.0
8163,4.0,10.0
31032,,9.0
49885,1.0,16.0
31787,4.0,12.0
36824,2.0,13.0
35846,2.0,20.0
33379,5.0,21.0
14077,4.0,15.0
33681,3.0,16.0
39863,10.0,13.0
39663,2.0,20.0
41217,2.0,22.0
30574,4.0,15.0
35634,2.0,13.0
20418,4.0,14.0
5715,5.0,19.0
522,2.0,8.0
36294,2.0,14.0
25034,0.0,
34911,4.0,22.0
15152,8.0,12.0
1312,1.0,7.0
41260,6.0,13.0
19120,3.0,14.0
46877,4.0,13.0
3432,6.0,9.0
17495,,17.0
44735,3.0,15.0
7006,6.0,24.0
37760,1.0,10.0
37930,2.0,11.0
17178,4.0,17.0
28221,2.0,12.0
38699,3.0,11.0
39732,6.0,12.0
42950,2.0,9.0
12450,1.0,11.0
36201,4.0,11.0
20355,1.0,17.0
48969,0.0,2.0
27863,3.0,9.0
29887,5.0,15.0
19352,3.0,13.0
16489,6.0,15.0
37460,3.0,15.0
3765,,9.0
38144,,8.0
35968,6.0,8.0
37452,2.0,120.0
21049,0.0,1.0
36043,1.0,15.0
2876,3.0,19.0
28358,2.0,8.0
29095,1.0,
6409,0.0,4.0
5289,2.0,14.0
7739,1.0,16.0
42462,0.0,2.0
38654,0.0,0.0
8473,2.0,17.0
39505,4.0,13.0
39810,2.0,17.0
44740,1.0,14.0
44695,1.0,7.0
44224,3.0,17.0
13728,1.0,10.0
19015,2.0,9.0
40746,3.0,16.0
7139,4.0,16.0
14437,2.0,8.0
43390,4.0,230.0
32213,2.0,19.0
38173,3.0,13.0
11661,5.0,15.0
41776,3.0,12.0
18553,5.0,15.0
324,0.0,6.0
2944,3.0,16.0
49446,1.0,12.0
30608,4.0,12.0
33616,0.0,2.0
41675,0.0,2.0
34061,6.0,8.0
18371,1.0,16.0
36113,5.0,9.0
11441,2.0,14.0
805,6.0,9.0
28227,0.0,1.0
30131,4.0,19.0
33216,1.0,16.0
13331,6.0,20.0
23808,1.0,19.0
33513,7.0,
8050,2.0,20.0
37588,5.0,16.0
36795,5.0,18.0
27577,5.0,15.0
40642,3.0,16.0
37172,3.0,5.0
40234,6.0,14.0
41211,3.0,18.0
10606,,13.0
22715,0.0,12.0
46441,5.0,9.0
32328,1.0,
43456,0.0,7.0
37113,3.0,15.0
23832,0.0,4.0
43779,1.0,16.0
42244,2.0,16.0
14499,2.0,14.0
16091,3.0,15.0
37799,3.0,18.0
38960,6.0,10.0
26607,3.0,13.0
15553,6.0,10.0
43664,2.0,16.0
20930,1.0,4.0
49986,4.0,
12206,5.0,9.0
33597,3.0,12.0
4191,3.0,14.0
21241,2.0,21.0
14029,0.0,14.0
17377,0.0,7.0
25493,3.0,6.0
34684,8.0,
43836,6.0,15.0
18250,2.0,
10974,0.0,8.0
47449,3.0,10.0
17824,3.0,16.0
36025,5.0,18.0
29594,5.0,12.0
29107,4.0,7.0
44392,5.0,16.0
7511,4.0,14.0
22041,1.0,17.0
41434,2.0,14.0
17861,0.0,2.0
34952,2.0,17.0
6576,5.0,16.0
21547,3.0,13.0
1030,4.0,11.0
2021,,12.0
12015,3.0,9.0
33427,2.0,15.0
25616,0.0,13.0
29253,0.0,1.0
49157,4.0,17.0
40731,3.0,16.0
46175,4.0,11.0
13024,5.0,17.0
5546,2.0,16.0
4242,3.0,11.0
33687,1.0,17.0
36924,1.0,15.0
8658,3.0,13.0
49385,3.0,13.0
44954,2.0,15.0
8313,3.0,15.0
46384,3.0,18.0
14555,5.0,11.0
35100,3.0,12.0
24049,1.0,12.0
19669,6.0,19.0
36143,0.0,12.0
5379,0.0,2.0
42656,0.0,
4904,2.0,10.0
1302,2.0,19.0
31306,0.0,5.0
16881,2.0,16.0
16754,,21.0
688,3.0,19.0
32869,2.0,11.0
33091,1.0,15.0
32310,1.0,14.0
515,3.0,14.0
2862,4.0,16.0
30033,2.0,11.0
13341,1.0,11.0
2103,0.0,16.0
44303,,18.0
5699,3.0,15.0
32462,3.0,14.0
13790,4.0,20.0
35017,0.0,1.0
6886,5.0,11.0
48188,5.0,13.0
16114,2.0,7.0
28538,3.0,16.0
20104,4.0,10.0
30207,2.0,9.0
12257,,11.0
3308,4.0,13.0
48499,5.0,11.0
37508,3.0,17.0
1879,2.0,12.0
4110,1.0,16.0
13643,3.0,19.0
15218,2.0,16.0
17201,3.0,16.0
31979,3.0,12.0
13877,2.0,14.0
23134,4.0,14.0
2158,4.0,14.0
2995,,
11144,2.0,15.0
47991,3.0,16.0
44794,1.0,19.0
48634,6.0,15.0
1361,2.0,14.0
3753,1.0,
41081,2.0,10.0
34789,3.0,13.0
43947,5.0,11.0
34043,4.0,16.0
14073,1.0,18.0
32181,4.0,16.0
6727,0.0,3.0
6959,6.0,12.0
14413,6.0,7.0
16409,4.0,21.0
36159,3.0,14.0
36332,2.0,10.0
45303,4.0,11.0
28899,4.0,7.0
404,3.0,14.0
21429,1.0,18.0
11670,4.0,6.0
21594,4.0,11.0
464,5.0,12.0
14364,2.0,18.0
1888,4.0,
11658,2.0,15.0
42796,5.0,11.0
24268,3.0,15.0
9039,7.0,17.0
25115,2.0,14.0
36344,4.0,15.0
22519,5.0,17.0
37457,3.0,20.0
40121,7.0,18.0
369,3.0,23.0
17318,4.0,15.0
16605,3.0,4.0
14409,2.0,9.0
14634,3.0,11.0
46217,1.0,17.0
40342,2.0,11.0
20401,7.0,14.0
27110,2.0,14.0
179,0.0,15.0
2017,3.0,
42769,2.0,15.0
17422,1.0,13.0
49620,2.0,13.0
1541,6.0,16.0
33679,2.0,10.0
49722,1.0,14.0
20513,3.0,10.0
8397,2.0,14.0
5649,4.0,19.0
41700,3.0,10.0
22355,0.0,3.0
16267,3.0,10.0
4316,2.0,16.0
8329,0.0,2.0
35032,3.0,10.0
43371,1.0,14.0
35128,1.0,16.0
20466,2.0,18.0
7330,3.0,16.0
37465,0.0,13.0
14626,2.0,15.0
23889,2.0,13.0
26926,2.0,14.0
3135,4.0,13.0
28598,1.0,12.0
7217,2.0,13.0
27762,5.0,7.0
32273,1.0,8.0
40673,6.0,23.0
12547,5.0,14.0
43656,0.0,2.0
49255,1.0,16.0
31813,3.0,16.0
4790,3.0,10.0
36367,1.0,16.0
22581,5.0,13.0
27580,3.0,9.0
23130,,16.0
19184,3.0,22.0
19407,4.0,13.0
8977,7.0,17.0
35069,4.0,13.0
13857,0.0,4.0
22908,,1.0
36867,1.0,12.0
30778,,17.0
4304,0.0,3.0
14200,3.0,4.0
509,1.0,12.0
37825,6.0,12.0
35147,0.0,4.0
22152,2.0,14.0
3356,9.0,11.0
26413,4.0,12.0
48029,2.0,11.0
23588,7.0,11.0
24911,3.0,12.0
43636,6.0,11.0
11550,3.0,13.0
23743,5.0,
42911,0.0,2.0
18451,3.0,9.0
31608,3.0,12.0
33568,4.0,18.0
35794,2.0,12.0
47144,8.0,13.0
18839,2.0,11.0
31692,4.0,13.0
36085,1.0,15.0
22492,0.0,1.0
44529,2.0,
27497,3.0,6.0
33661,3.0,18.0
35671,3.0,23.0
10749,0.0,3.0
12502,3.0,19.0
33545,8.0,19.0
38324,5.0,13.0
33009,4.0,15.0
21553,4.0,14.0
41789,4.0,14.0
38845,0.0,1.0
7318,3.0,16.0
26718,1.0,11.0
9429,1.0,21.0
37800,3.0,13.0
28354,3.0,13.0
40934,3.0,17.0
11101,2.0,13.0
21317,0.0,1.0
33363,2.0,7.0
16342,6.0,15.0
49236,5.0,9.0
46304,5.0,8.0
22337,2.0,9.0
45753,2.0,16.0
40544,4.0,4.0
22635,2.0,19.0
48867,0.0,19.0
2422,3.0,17.0
8654,,18.0
3319,3.0,17.0
1536,3.0,17.0
15115,4.0,13.0
14711,5.0,13.0
2733,0.0,4.0
37041,3.0,17.0
23018,1.0,15.0
41860,4.0,9.0
20283,1.0,10.0
25937,5.0,10.0
11212,7.0,12.0
26187,3.0,27.0
8231,3.0,14.0
15325,4.0,16.0
43478,1.0,11.0
33976,0.0,13.0
25054,3.0,13.0
12847,4.0,5.0
21206,5.0,15.0
27857,4.0,8.0
16153,,4.0
20167,6.0,13.0
12357,0.0,0.0
8833,3.0,8.0
1675,2.0,10.0
44477,3.0,12.0
37716,8.0,21.0
22746,1.0,13.0
12177,8.0,15.0
7654,0.0,6.0
35162,2.0,9.0
49961,5.0,18.0
6228,1.0,13.0
39578,5.0,11.0
26138,5.0,14.0
13942,5.0,8.0
24606,1.0,21.0
9376,2.0,
25306,2.0,6.0
39942,4.0,19.0
36712,3.0,11.0
25273,0.0,1.0
40579,4.0,13.0
20743,0.0,3.0
3491,1.0,11.0
39812,4.0,9.0
29975,2.0,17.0
11583,4.0,14.0
13234,1.0,18.0
34388,0.0,3.0
12126,6.0,18.0
4718,7.0,22.0
36129,6.0,10.0
45027,4.0,13.0
20589,1.0,12.0
21779,1.0,15.0
14661,3.0,15.0
39717,2.0,12.0
33999,3.0,15.0
337,2.0,17.0
9001,0.0,4.0
8989,1.0,14.0
31668,2.0,19.0
38214,1.0,13.0
27931,5.0,14.0
17607,2.0,21.0
3314,5.0,22.0
14337,3.0,10.0
30612,3.0,6.0
42838,3.0,11.0
14274,2.0,22.0
47401,,17.0
1607,5.0,15.0
2870,3.0,13.0
39593,2.0,13.0
36466,3.0,19.0
29799,2.0,6.0
33480,2.0,16.0
35698,4.0,13.0
44787,3.0,16.0
47361,4.0,16.0
32489,8.0,16.0
12903,7.0,15.0
17616,2.0,16.0
45865,4.0,11.0
48445,2.0,10.0
17237,4.0,14.0
6410,,20.0
45963,1.0,12.0
7307,3.0,14.0
20439,2.0,14.0
20392,0.0,15.0
43846,,10.0
7925,5.0,17.0
48407,4.0,10.0
40740,3.0,15.0
1549,5.0,17.0
9366,3.0,13.0
42809,2.0,11.0
47003,3.0,17.0
28760,2.0,12.0
44075,1.0,16.0
36064,1.0,12.0
42218,0.0,3.0
23464,8.0,17.0
20719,3.0,13.0
5100,4.0,17.0
43939,3.0,12.0
39370,3.0,14.0
6950,4.0,19.0
40360,9.0,20.0
20125,0.0,5.0
11575,2.0,13.0
24372,4.0,17.0
2366,4.0,10.0
22764,4.0,21.0
36061,2.0,17.0
40049,,10.0
3266,5.0,22.0
16775,2.0,9.0
10090,2.0,21.0
22528,4.0,10.0
40625,4.0,12.0
14180,2.0,9.0
26188,4.0,11.0
45057,7.0,14.0
28821,3.0,17.0
23174,2.0,24.0
45240,3.0,10.0
29669,0.0,8.0
44113,3.0,16.0
46306,4.0,11.0
36289,4.0,10.0
21876,0.0,1.0
39172,2.0,10.0
4880,6.0,15.0
37757,,16.0
14487,3.0,15.0
20105,2.0,16.0
17226,0.0,
15285,5.0,19.0
31186,2.0,8.0
24666,2.0,10.0
2887,3.0,12.0
24492,3.0,
4037,0.0,1.0
45391,0.0,2.0
46676,1.0,13.0
48764,1.0,140.0
40682,0.0,3.0
35192,3.0,10.0
14517,3.0,14.0
48366,0.0,4.0
13167,3.0,19.0
37948,2.0,15.0
25250,1.0,14.0
24063,3.0,16.0
29365,2.0,15.0
25618,2.0,12.0
9208,3.0,11.0
47787,0.0,3.0
10372,3.0,18.0
2396,3.0,12.0
17490,3.0,13.0
4382,2.0,19.0
4393,1.0,9.0
4780,2.0,17.0
19526,4.0,
39364,3.0,14.0
24661,0.0,14.0
48677,3.0,19.0
1727,2.0,13.0
47734,4.0,12.0
34561,5.0,18.0
34837,2.0,18.0
3822,0.0,13.0
38544,,7.0
46830,0.0,1.0
36465,4.0,16.0
3686,,15.0
10033,4.0,16.0
23333,3.0,11.0
6622,2.0,11.0
45234,0.0,3.0
16434,3.0,16.0
15724,3.0,13.0
18118,4.0,19.0
37055,0.0,2.0
37044,3.0,9.0
26029,4.0,14.0
25252,3.0,13.0
2387,5.0,16.0
40567,7.0,18.0
41,2.0,11.0
21450,4.0,18.0
46630,2.0,11.0
858,2.0,13.0
37420,4.0,13.0
383,2.0,12.0
29011,2.0,14.0
23682,4.0,15.0
49821,4.0,22.0
8317,5.0,19.0
14215,3.0,17.0
41570,0.0,3.0
2584,5.0,19.0
4157,4.0,17.0
16291,1.0,15.0
1201,3.0,17.0
11053,1.0,10.0
35292,2.0,21.0
15911,4.0,16.0
40765,5.0,13.0
20669,4.0,10.0
15542,4.0,8.0
4361,4.0,10.0
34302,,15.0
13920,4.0,12.0
26428,4.0,15.0
9843,2.0,14.0
3569,3.0,15.0
27475,,19.0
5435,0.0,1.0
15514,0.0,4.0
26781,9.0,21.0
34528,3.0,15.0
33184,3.0,15.0
26256,5.0,8.0
32677,2.0,16.0
6484,3.0,16.0
18444,2.0,12.0
23340,4.0,14.0
12409,2.0,
25418,4.0,13.0
22024,3.0,14.0
41307,3.0,13.0
45792,3.0,5.0
4000,2.0,
40036,,14.0
33809,1.0,13.0
23584,5.0,14.0
15690,3.0,16.0
43114,2.0,190.0
11766,4.0,8.0
44616,,18.0
9444,1.0,13.0
40364,0.0,4.0
6328,4.0,16.0
3318,3.0,13.0
36809,5.0,17.0
1627,2.0,14.0
42751,3.0,17.0
14544,2.0,11.0
48755,0.0,2.0
30283,5.0,12.0
44941,2.0,16.0
25987,3.0,13.0
9298,4.0,12.0
37288,0.0,1.0
24567,2.0,11.0
10034,5.0,8.0
45657,3.0,16.0
27962,4.0,
16429,1.0,11.0
17691,3.0,13.0
33514,0.0,1.0
11932,5.0,22.0
19959,6.0,14.0
49031,5.0,9.0
29561,0.0,3.0
45488,0.0,2.0
17911,0.0,16.0
17545,4.0,10.0
43766,5.0,13.0
5552,8.0,12.0
16982,2.0,12.0
10380,7.0,14.0
38471,2.0,8.0
12428,2.0,
33849,3.0,16.0
18858,,6.0
49114,5.0,15.0
39207,0.0,1.0
705,2.0,10.0
16563,3.0,20.0
14252,2.0,12.0
35800,3.0,20.0
12390,2.0,12.0
41340,0.0,1.0
39805,5.0,17.0
39476,0.0,5.0
22474,4.0,18.0
4285,3.0,18.0
33623,5.0,12.0
14394,5.0,11.0
27270,7.0,13.0
38381,3.0,18.0
19776,4.0,12.0
48827,1.0,11.0
21539,1.0,9.0
42140,4.0,19.0
19460,6.0,15.0
517,3.0,10.0
32305,7.0,15.0
10376,3.0,15.0
24029,3.0,15.0
6689,4.0,16.0
17231,6.0,14.0
17940,2.0,10.0
41878,0.0,
19384,2.0,14.0
16688,0.0,18.0
38397,4.0,9.0
24359,2.0,17.0
44089,1.0,15.0
45222,2.0,13.0
23897,5.0,
37622,0.0,1.0
5068,0.0,4.0
46113,6.0,17.0
49396,8.0,15.0
6009,4.0,26.0
23558,4.0,11.0
23419,1.0,13.0
43640,0.0,1.0
33526,3.0,8.0
13645,3.0,17.0
25655,5.0,18.0
15894,1.0,16.0
10116,3.0,24.0
19302,6.0,14.0
9663,2.0,11.0
17855,4.0,9.0
25710,1.0,14.0
12833,1.0,12.0
35489,1.0,18.0
27073,0.0,4.0
28444,,17.0
27453,3.0,18.0
43319,0.0,11.0
36054,3.0,11.0
18785,1.0,16.0
3717,0.0,11.0
43661,1.0,11.0
5968,,9.0
39629,5.0,11.0
14131,2.0,22.0
40802,4.0,11.0
44359,3.0,7.0
19266,2.0,14.0
48431,2.0,14.0
33766,1.0,16.0
28064,4.0,21.0
44612,5.0,7.0
48669,1.0,10.0
5235,0.0,2.0
45780,3.0,13.0
1746,3.0,9.0
33579,5.0,10.0
24732,1.0,20.0
33402,6.0,10.0
11086,1.0,
46147,6.0,9.0
29006,4.0,12.0
47490,1.0,10.0
36068,3.0,13.0
5958,4.0,13.0
44932,5.0,8.0
39966,4.0,12.0
5938,2.0,13.0
7381,4.0,12.0
27109,1.0,11.0
10590,0.0,0.0
35964,4.0,18.0
42503,6.0,16.0
31856,5.0,14.0
707,0.0,11.0
24242,1.0,8.0
25571,0.0,18.0
46769,2.0,21.0
31455,0.0,7.0
27091,8.0,15.0
28156,0.0,1.0
22656,0.0,6.0
49223,7.0,10.0
15575,0.0,3.0
39371,0.0,4.0
29389,4.0,11.0
18219,3.0,11.0
13423,0.0,3.0
47515,5.0,17.0
42233,6.0,17.0
34622,2.0,21.0
42757,5.0,12.0
40467,,12.0
39088,5.0,20.0
41658,5.0,18.0
14417,4.0,17.0
47890,4.0,12.0
48546,7.0,15.0
24007,5.0,17.0
47714,4.0,15.0
2292,4.0,7.0
12907,2.0,18.0
8737,4.0,7.0
45491,5.0,12.0
17513,1.0,16.0
48816,5.0,13.0
27298,4.0,14.0
4136,5.0,13.0
43043,5.0,17.0
2102,2.0,14.0
16443,3.0,11.0
26570,3.0,11.0
11825,0.0,2.0
13561,2.0,20.0
7122,2.0,13.0
6305,4.0,12.0
49614,2.0,11.0
17096,0.0,2.0
33367,1.0,20.0
43408,5.0,14.0
3645,2.0,12.0
1193,9.0,7.0
29428,3.0,12.0
1122,4.0,12.0
31396,0.0,3.0
28315,3.0,9.0
4284,6.0,10.0
24139,1.0,10.0
1218,4.0,14.0
43209,3.0,16.0
36822,4.0,16.0
7024,0.0,4.0
26652,5.0,11.0
402,5.0,14.0
2692,6.0,14.0
1475,1.0,16.0
5422,3.0,14.0
21587,2.0,16.0
16676,0.0,5.0
47712,,3.0
31422,4.0,12.0
3139,4.0,13.0
24962,5.0,17.0
3009,6.0,14.0
38647,0.0,2.0
23365,0.0,16.0
12413,5.0,15.0
7180,0.0,19.0
31005,7.0,12.0
10972,0.0,2.0
1338,5.0,12.0
46328,4.0,14.0
5931,6.0,18.0
23153,0.0,3.0
7068,0.0,5.0
37099,2.0,10.0
26076,3.0,10.0
24429,4.0,12.0
3297,,18.0
45858,5.0,
16853,4.0,13.0
45862,6.0,16.0
1134,0.0,3.0
46301,3.0,15.0
35474,4.0,13.0
32748,1.0,
44286,5.0,13.0
24697,6.0,17.0
18695,6.0,19.0
47098,2.0,16.0
46019,7.0,13.0
15518,2.0,16.0
27237,2.0,16.0
36202,3.0,17.0
1734,7.0,6.0
37216,,13.0
6749,3.0,19.0
20284,3.0,13.0
43962,0.0,6.0
4288,4.0,19.0
43113,7.0,10.0
13349,4.0,16.0
32211,6.0,11.0
13174,2.0,12.0
3041,4.0,11.0
4878,5.0,11.0
42474,2.0,10.0
10371,4.0,12.0
29052,2.0,17.0
5808,3.0,11.0
26046,6.0,10.0
2096,5.0,16.0
15956,0.0,3.0
11497,0.0,3.0
39856,2.0,12.0
24399,2.0,20.0
9940,4.0,10.0
9726,4.0,15.0
26025,4.0,17.0
7946,3.0,19.0
34483,3.0,13.0
24524,1.0,9.0
11517,2.0,15.0
8896,2.0,18.0
38132,3.0,14.0
35644,,9.0
24592,3.0,17.0
4916,2.0,10.0
13753,,17.0
24532,6.0,20.0
12471,1.0,17.0
31173,0.0,7.0
26184,4.0,19.0
15159,7.0,14.0
16046,1.0,7.0
13321,5.0,13.0
43546,4.0,12.0
46840,1.0,18.0
32568,5.0,9.0
49940,2.0,15.0
17574,4.0,12.0
19827,2.0,13.0
19954,2.0,15.0
13471,1.0,11.0
18587,3.0,12.0
30732,4.0,10.0
43186,5.0,12.0
19836,4.0,19.0
10064,4.0,16.0
3023,1.0,16.0
39054,2.0,9.0
38947,3.0,14.0
41504,1.0,13.0
30128,7.0,14.0
6573,,15.0
1425,6.0,13.0
21127,2.0,20.0
19106,5.0,13.0
7907,5.0,17.0
14613,0.0,18.0
37802,5.0,10.0
46490,1.0,17.0
46766,4.0,13.0
31458,4.0,14.0
26850,4.0,16.0
13577,2.0,13.0
34668,3.0,19.0
18902,4.0,12.0
46502,3.0,18.0
586,2.0,13.0
47569,3.0,17.0
9024,5.0,12.0
9053,0.0,23.0
24465,,10.0
18447,2.0,13.0
5126,4.0,17.0
37155,3.0,13.0
3610,0.0,6.0
22126,7.0,17.0
16842,4.0,10.0
9890,0.0,30.0
2437,3.0,12.0
2827,2.0,10.0
34291,1.0,15.0
12287,4.0,9.0
40435,4.0,14.0
20603,,17.0
5795,0.0,5.0
42383,3.0,8.0
12011,5.0,13.0
21583,3.0,11.0
49920,3.0,16.0
16583,2.0,19.0
21512,3.0,16.0
42808,0.0,
34364,3.0,21.0
21556,9.0,14.0
23716,1.0,9.0
47666,,4.0
30699,4.0,13.0
23871,8.0,190.0
22817,3.0,12.0
42050,2.0,6.0
38518,4.0,13.0
35184,2.0,13.0
615,3.0,19.0
12378,0.0,2.0
45889,5.0,10.0
20250,0.0,3.0
4130,2.0,12.0
34608,3.0,22.0
12728,0.0,1.0
28818,2.0,9.0
47865,3.0,20.0
49629,2.0,17.0
4228,2.0,18.0
19424,2.0,10.0
31276,6.0,13.0
8815,0.0,12.0
31109,,14.0
46703,2.0,16.0
28666,5.0,20.0
22800,4.0,18.0
2893,4.0,13.0
35590,7.0,12.0
33105,0.0,19.0
24828,6.0,19.0
18382,4.0,13.0
35630,4.0,14.0
34178,4.0,15.0
29090,4.0,19.0
49266,3.0,11.0
4131,5.0,16.0
17866,1.0,8.0
42978,3.0,9.0
45106,4.0,26.0
47232,3.0,12.0
24190,4.0,26.0
46146,1.0,9.0
19188,2.0,13.0
27499,2.0,7.0
42583,7.0,12.0
42805,0.0,2.0
44983,,23.0
14464,3.0,10.0
45930,4.0,12.0
39544,5.0,20.0
26173,2.0,17.0
15410,2.0,14.0
39847,2.0,15.0
37384,0.0,140.0
48771,8.0,11.0
11726,8.0,200.0
10950,0.0,11.0
46399,7.0,11.0
15715,5.0,14.0
41807,0.0,10.0
33015,5.0,10.0
1055,1.0,18.0
20324,2.0,15.0
40974,1.0,13.0
44935,5.0,15.0
44602,2.0,8.0
48863,1.0,
31621,1.0,16.0
5911,1.0,17.0
4684,2.0,14.0
36383,8.0,19.0
5667,0.0,2.0
21098,0.0,20.0
39882,4.0,14.0
34195,5.0,8.0
32985,1.0,12.0
6263,4.0,16.0
49509,,16.0
8550,3.0,
1323,3.0,17.0
44745,2.0,12.0
286,1.0,14.0
41299,5.0,15.0
40553,2.0,18.0
34796,2.0,9.0
5046,2.0,20.0
16179,6.0,16.0
28173,0.0,3.0
34286,4.0,26.0
36253,1.0,17.0
48338,2.0,13.0
32937,6.0,23.0
8257,1.0,17.0
24638,3.0,14.0
37000,4.0,18.0
21368,2.0,19.0
105,3.0,15.0
38122,1.0,12.0
40444,2.0,9.0
16414,5.0,18.0
25200,3.0,18.0
39297,2.0,17.0
47054,3.0,12.0
17097,4.0,15.0
38119,,11.0
23119,2.0,15.0
3703,0.0,4.0
36751,2.0,22.0
31502,3.0,11.0
36403,0.0,13.0
18005,1.0,16.0
6209,0.0,14.0
18850,1.0,15.0
43422,1.0,12.0
40260,2.0,14.0
21394,3.0,20.0
27223,3.0,13.0
8958,0.0,16.0
40405,3.0,24.0
16664,0.0,3.0
49268,2.0,21.0
4899,3.0,17.0
6672,0.0,13.0
45857,1.0,21.0
30024,4.0,16.0
43655,3.0,11.0
8000,3.0,16.0
34651,6.0,6.0
8515,4.0,18.0
46698,1.0,12.0
9665,2.0,20.0
39048,0.0,
26581,2.0,8.0
4229,3.0,20.0
20479,2.0,12.0
49523,,130.0
13434,0.0,7.0
37880,0.0,13.0
43843,3.0,19.0
41987,4.0,15.0
40399,4.0,17.0
47810,3.0,10.0
12008,4.0,80.0
19997,2.0,12.0
47111,0.0,3.0
39633,3.0,12.0
13080,2.0,12.0
1916,3.0,15.0
42192,3.0,11.0
19249,3.0,19.0
38174,5.0,13.0
28583,0.0,1.0
12781,2.0,13.0
27715,3.0,19.0
37125,3.0,21.0
19694,3.0,16.0
42053,3.0,17.0
41907,7.0,24.0
5543,1.0,17.0
48434,0.0,8.0
47995,2.0,17.0
27820,6.0,12.0
39723,2.0,11.0
47456,1.0,15.0
44980,3.0,19.0
25574,4.0,17.0
21204,3.0,17.0
3111,1.0,17.0
25021,2.0,16.0
46229,2.0,16.0
27181,5.0,18.0
30461,4.0,17.0
10802,4.0,13.0
29782,3.0,20.0
39280,3.0,18.0
18309,2.0,17.0
19580,2.0,11.0
23286,0.0,4.0
9562,2.0,17.0
46008,0.0,11.0
41082,2.0,13.0
33986,1.0,16.0
6417,4.0,19.0
2522,0.0,5.0
48061,1.0,15.0
35125,2.0,160.0
8055,2.0,16.0
6126,1.0,15.0
11265,2.0,20.0
39947,2.0,7.0
42722,3.0,18.0
46309,2.0,9.0
9215,3.0,15.0
26747,2.0,11.0
18748,1.0,15.0
20179,4.0,21.0
49884,0.0,1.0
30478,3.0,12.0
13901,2.0,18.0
37832,5.0,12.0
22390,4.0,17.0
9137,5.0,14.0
37297,0.0,
42731,0.0,7.0
3112,7.0,16.0
10254,0.0,18.0
26401,1.0,10.0
7447,3.0,11.0
27388,3.0,9.0
7901,2.0,130.0
7303,4.0,17.0
20444,0.0,7.0
48773,3.0,17.0
43689,3.0,16.0
47573,0.0,1.0
13208,3.0,17.0
28178,3.0,11.0
13909,1.0,15.0
7445,2.0,19.0
47335,1.0,15.0
41094,0.0,12.0
38873,4.0,9.0
22167,2.0,
7427,0.0,1.0
11206,4.0,14.0
17333,5.0,17.0
27982,3.0,16.0
38894,0.0,13.0
6271,4.0,10.0
168,4.0,
35978,6.0,15.0
3465,6.0,17.0
1670,6.0,9.0
17268,5.0,11.0
6208,6.0,12.0
18667,4.0,12.0
30516,0.0,8.0
30843,2.0,17.0
2449,0.0,4.0
22177,1.0,11.0
7562,0.0,2.0
7308,6.0,17.0
36431,3.0,11.0
37353,1.0,28.0
45899,2.0,17.0
25152,3.0,17.0
25360,5.0,20.0
32487,3.0,22.0
34354,1.0,15.0
40629,5.0,12.0
34362,,21.0
5492,5.0,10.0
37490,4.0,20.0
38766,3.0,
17557,5.0,13.0
1216,3.0,15.0
9551,6.0,17.0
10785,5.0,7.0
29110,0.0,5.0
6329,2.0,11.0
1416,,10.0
34373,3.0,19.0
47142,0.0,2.0
21045,2.0,11.0
10777,2.0,13.0
27108,3.0,21.0
43350,2.0,15.0
15821,2.0,14.0
44452,3.0,19.0
41251,1.0,14.0
12281,0.0,3.0
17447,2.0,9.0
42485,3.0,11.0
18737,7.0,14.0
35434,3.0,10.0
34134,4.0,14.0
6153,4.0,22.0
17132,7.0,20.0
15478,0.0,16.0
12316,3.0,14.0
13533,2.0,13.0
43402,4.0,17.0
18230,0.0,0.0
2736,4.0,14.0
14342,3.0,17.0
48547,0.0,14.0
39373,2.0,11.0
10669,6.0,18.0
42266,4.0,12.0
38484,5.0,10.0
26759,0.0,2.0
15896,5.0,10.0
3077,3.0,16.0
30401,3.0,10.0
27169,,14.0
44855,4.0,12.0
14790,,14.0
12831,1.0,19.0
41326,5.0,12.0
38314,0.0,23.0
11274,1.0,12.0
1970,4.0,9.0
49995,6.0,16.0
45549,3.0,14.0
16898,0.0,11.0
23654,2.0,16.0
35960,2.0,9.0
37744,,12.0
3629,2.0,12.0
29474,,15.0
45318,6.0,13.0
30010,6.0,15.0
8044,3.0,12.0
28614,3.0,12.0
24249,2.0,12.0
6127,3.0,14.0
3523,3.0,18.0
23316,2.0,16.0
32354,3.0,7.0
35653,5.0,19.0
1943,6.0,16.0
37671,2.0,9.0
529,4.0,18.0
25953,0.0,1.0
20611,2.0,13.0
24432,4.0,17.0
5453,4.0,14.0
46953,6.0,14.0
8629,2.0,14.0
43416,5.0,16.0
26251,1.0,16.0
47207,0.0,11.0
43523,0.0,4.0
18989,5.0,8.0
8216,2.0,
37963,3.0,13.0
19135,0.0,4.0
21657,2.0,14.0
35063,3.0,17.0
46859,6.0,9.0
32209,0.0,2.0
48406,2.0,14.0
14243,5.0,16.0
20933,3.0,16.0
14741,5.0,17.0
7399,3.0,18.0
15592,2.0,14.0
8422,0.0,
26530,4.0,12.0
28561,2.0,11.0
1488,2.0,12.0
34136,3.0,11.0
14537,6.0,17.0
11872,3.0,20.0
5299,1.0,15.0
40915,4.0,13.0
29758,4.0,15.0
31239,5.0,9.0
30641,0.0,3.0
17512,2.0,18.0
47279,1.0,12.0
45421,5.0,17.0
10714,2.0,12.0
18468,3.0,16.0
9048,6.0,10.0
41585,3.0,15.0
38532,1.0,12.0
1141,3.0,17.0
19284,0.0,4.0
2068,1.0,16.0
5293,5.0,
41534,4.0,14.0
6635,3.0,9.0
14012,3.0,18.0
31758,4.0,15.0
22959,8.0,18.0
5408,5.0,11.0
34533,0.0,16.0
47062,0.0,3.0
39849,0.0,0.0
44488,6.0,14.0
8169,2.0,15.0
39192,3.0,18.0
32857,0.0,5.0
14891,0.0,1.0
46218,2.0,11.0
35104,4.0,20.0
2973,6.0,14.0
17437,7.0,12.0
38974,,13.0
49834,3.0,21.0
36041,2.0,17.0
35762,7.0,14.0
26848,5.0,21.0
9330,4.0,16.0
869,6.0,9.0
39093,6.0,14.0
4183,3.0,15.0
44508,4.0,13.0
32701,5.0,11.0
6548,3.0,13.0
7300,0.0,1.0
8824,4.0,21.0
2317,3.0,13.0
34496,3.0,15.0
9878,0.0,2.0
14307,4.0,11.0
47558,4.0,17.0
12752,5.0,
22352,0.0,6.0
31324,2.0,14.0
47036,1.0,11.0
11975,3.0,16.0
5732,1.0,
44579,2.0,25.0
23273,4.0,16.0
28526,4.0,12.0
21660,5.0,20.0
3888,2.0,170.0
6302,0.0,
22625,4.0,12.0
40699,2.0,11.0
9212,0.0,2.0
36260,4.0,10.0
36619,3.0,17.0
40362,2.0,9.0
45938,2.0,19.0
28028,3.0,10.0
47363,3.0,10.0
33161,4.0,10.0
39616,,1.0
45116,0.0,4.0
35935,1.0,12.0
46377,2.0,11.0
17618,2.0,10.0
22281,6.0,18.0
23666,5.0,13.0
1029,2.0,
22906,3.0,13.0
41016,3.0,15.0
33868,3.0,18.0
6140,0.0,1.0
43958,4.0,15.0
13143,1.0,17.0
33566,3.0,15.0
10052,4.0,10.0
9274,3.0,12.0
21208,3.0,170.0
20920,1.0,13.0
4853,5.0,16.0
5766,6.0,13.0
43575,5.0,10.0
24870,0.0,3.0
5930,6.0,12.0
44761,2.0,13.0
34491,0.0,14.0
9478,2.0,14.0
25535,3.0,15.0
40437,3.0,20.0
1616,0.0,1.0
42600,3.0,20.0
14481,4.0,13.0
39120,3.0,18.0
30674,3.0,16.0
49089,2.0,6.0
29815,1.0,17.0
35365,3.0,6.0
7825,4.0,16.0
992,1.0,12.0
5966,0.0,3.0
34375,3.0,16.0
25602,1.0,
42942,2.0,14.0
48522,2.0,22.0
46697,3.0,18.0
14225,4.0,14.0
4886,2.0,16.0
41348,2.0,16.0
11940,0.0,4.0
15794,5.0,11.0
19079,2.0,15.0
40426,1.0,13.0
47199,0.0,0.0
28858,0.0,4.0
7913,3.0,9.0
40245,,19.0
30919,4.0,11.0
8069,1.0,6.0
43307,5.0,16.0
17950,1.0,13.0
6842,8.0,8.0
36940,0.0,16.0
6176,3.0,11.0
41882,4.0,16.0
48257,7.0,19.0
17621,4.0,15.0
15059,1.0,19.0
38087,4.0,18.0
14554,2.0,15.0
18718,,10.0
27917,7.0,13.0
16219,1.0,19.0
29064,3.0,13.0
16181,0.0,2.0
47159,5.0,23.0
45216,4.0,17.0
24850,7.0,18.0
21842,0.0,1.0
15500,3.0,14.0
5544,5.0,11.0
5896,3.0,12.0
30767,1.0,21.0
8353,1.0,14.0
7968,2.0,10.0
34892,0.0,6.0
7698,4.0,14.0
16257,4.0,14.0
39814,4.0,10.0
31233,6.0,12.0
15568,,11.0
49840,0.0,2.0
21397,6.0,13.0
20904,3.0,10.0
35895,4.0,15.0
16069,5.0,14.0
20493,6.0,12.0
18148,3.0,19.0
713,1.0,13.0
11227,1.0,13.0
7772,0.0,7.0
27676,2.0,10.0
48069,0.0,1.0
9669,2.0,19.0
21283,4.0,18.0
12789,3.0,8.0
29327,1.0,10.0
33851,0.0,10.0
27066,1.0,11.0
49025,5.0,13.0
49083,5.0,17.0
24852,6.0,18.0
44081,,12.0
23256,4.0,12.0
41991,1.0,17.0
9496,3.0,18.0
23905,5.0,20.0
23811,4.0,12.0
2881,2.0,14.0
11187,6.0,15.0
9206,2.0,13.0
38509,0.0,9.0
4043,0.0,2.0
29802,2.0,19.0
8293,1.0,18.0
46178,3.0,14.0
27258,2.0,10.0
34108,6.0,11.0
16784,5.0,9.0
38580,0.0,15.0
461,3.0,9.0
39809,4.0,9.0
25400,4.0,15.0
20658,2.0,9.0
5793,0.0,2.0
14351,3.0,19.0
26675,2.0,11.0
150,,11.0
45620,5.0,14.0
36669,3.0,8.0
19864,2.0,10.0
5145,3.0,20.0
27206,2.0,19.0
5960,4.0,14.0
20460,3.0,14.0
4953,1.0,10.0
3405,1.0,10.0
37101,5.0,14.0
5755,3.0,12.0
15498,4.0,9.0
9899,3.0,6.0
14330,4.0,15.0
16678,5.0,9.0
12718,5.0,7.0
42560,5.0,14.0
25428,4.0,9.0
12483,5.0,21.0
16836,3.0,14.0
12387,2.0,11.0
20644,0.0,3.0
15436,4.0,15.0
4490,1.0,11.0
21667,2.0,18.0
8179,6.0,11.0
974,,9.0
16124,2.0,14.0
36546,,18.0
19739,6.0,15.0
29811,1.0,12.0
44883,5.0,19.0
5211,4.0,10.0
10226,3.0,
43635,5.0,10.0
28131,1.0,18.0
48600,4.0,14.0
26344,0.0,2.0
18935,2.0,20.0
8032,,19.0
7880,1.0,8.0
49198,6.0,19.0
11835,3.0,10.0
31572,5.0,14.0
24913,2.0,14.0
41480,0.0,3.0
12818,2.0,14.0
15693,6.0,
41948,5.0,14.0
48102,4.0,15.0
9154,2.0,11.0
18598,3.0,11.0
45638,4.0,14.0
22131,5.0,10.0
31190,3.0,14.0
41025,3.0,12.0
49060,6.0,14.0
38164,0.0,3.0
41365,4.0,17.0
49870,3.0,12.0
11192,5.0,12.0
19910,4.0,13.0
40224,4.0,18.0
28919,1.0,
21108,0.0,24.0
31820,3.0,8.0
25636,2.0,13.0
594,3.0,16.0
22405,2.0,12.0
22950,4.0,18.0
25173,1.0,14.0
21796,2.0,13.0
16358,3.0,13.0
13820,2.0,17.0
3433,3.0,13.0
27016,0.0,14.0
12234,6.0,190.0
42235,4.0,15.0
33537,2.0,10.0
43955,3.0,6.0
16572,2.0,16.0
9078,3.0,14.0
43984,3.0,19.0
41981,1.0,10.0
17046,0.0,2.0
9950,1.0,12.0
6946,6.0,12.0
26546,5.0,17.0
26557,3.0,12.0
27183,5.0,14.0
18073,4.0,16.0
10872,2.0,13.0
28909,4.0,18.0
4818,4.0,23.0
27502,4.0,8.0
49338,4.0,16.0
13033,4.0,18.0
39914,4.0,14.0
30410,2.0,14.0
45685,3.0,15.0
23078,0.0,2.0
41567,1.0,14.0
49110,1.0,12.0
37669,3.0,15.0
8243,4.0,12.0
18704,1.0,12.0
23424,4.0,18.0
57,6.0,9.0
27293,5.0,20.0
24250,6.0,20.0
32269,3.0,10.0
10188,3.0,13.0
39798,3.0,11.0
47258,2.0,9.0
5875,1.0,11.0
23349,2.0,14.0
14363,3.0,11.0
32417,7.0,14.0
39261,6.0,170.0
20362,3.0,10.0
39387,4.0,8.0
3141,2.0,17.0
6929,2.0,10.0
33405,1.0,8.0
34599,3.0,6.0
48412,3.0,12.0
7621,2.0,8.0
40468,8.0,11.0
27558,5.0,11.0
21662,1.0,10.0
9547,3.0,21.0
23104,1.0,14.0
11175,0.0,5.0
45705,2.0,14.0
15168,3.0,11.0
23114,1.0,11.0
31901,4.0,15.0
48181,2.0,19.0
38459,0.0,3.0
26680,0.0,5.0
19044,4.0,15.0
31578,0.0,7.0
25001,3.0,18.0
5659,0.0,1.0
30325,0.0,2.0
39011,3.0,11.0
22687,4.0,15.0
20803,,8.0
16350,6.0,17.0
1587,8.0,18.0
31346,3.0,16.0
49901,3.0,15.0
14871,3.0,11.0
46492,2.0,10.0
9881,2.0,11.0
34867,0.0,3.0
30933,4.0,5.0
4545,3.0,11.0
17199,5.0,14.0
18646,0.0,2.0
31539,1.0,22.0
27746,1.0,13.0
12607,1.0,14.0
21743,3.0,14.0
3626,3.0,9.0
15651,4.0,12.0
21043,0.0,5.0
6542,6.0,14.0
32577,2.0,10.0
4449,3.0,11.0
12837,3.0,8.0
8805,0.0,1.0
44289,6.0,15.0
27125,2.0,100.0
18917,4.0,17.0
30221,2.0,10.0
37912,3.0,11.0
2992,3.0,14.0
38556,2.0,13.0
36021,3.0,13.0
10533,3.0,17.0
39642,3.0,9.0
48793,3.0,9.0
852,5.0,16.0
3970,2.0,13.0
44212,0.0,15.0
17631,0.0,4.0
14146,3.0,7.0
9150,3.0,11.0
29902,0.0,3.0
48542,4.0,19.0
3292,2.0,12.0
37633,5.0,14.0
26784,3.0,18.0
8495,3.0,18.0
41440,3.0,6.0
25765,0.0,1.0
36295,2.0,9.0
24906,2.0,13.0
41934,2.0,16.0
9879,6.0,11.0
35033,6.0,150.0
3137,3.0,15.0
37463,0.0,
43705,2.0,17.0
30286,5.0,10.0
17500,0.0,5.0
44206,4.0,16.0
24129,0.0,0.0
1553,4.0,18.0
4495,0.0,21.0
30215,5.0,7.0
23983,1.0,15.0
43166,0.0,11.0
27949,2.0,13.0
24563,5.0,23.0
33442,0.0,8.0
47343,2.0,14.0
12767,3.0,15.0
28142,4.0,23.0
36177,4.0,15.0
938,,13.0
26230,1.0,9.0
27309,3.0,14.0
25221,1.0,19.0
41477,5.0,10.0
9356,2.0,14.0
7930,3.0,22.0
2120,3.0,8.0
33146,2.0,12.0
14927,2.0,20.0
27179,2.0,17.0
1061,6.0,15.0
14716,2.0,13.0
506,2.0,17.0
36580,1.0,11.0
41632,6.0,17.0
33565,0.0,4.0
31023,6.0,17.0
9579,,16.0
46662,5.0,14.0
28109,1.0,14.0
28529,1.0,9.0
9868,0.0,4.0
18283,1.0,14.0
21529,3.0,21.0
43086,7.0,11.0
1010,2.0,13.0
5738,5.0,
9980,3.0,17.0
41716,2.0,11.0
24505,3.0,21.0
7778,3.0,12.0
38186,1.0,13.0
2975,3.0,15.0
46235,4.0,15.0
24952,4.0,17.0
26782,0.0,17.0
16450,3.0,7.0
8445,0.0,
22909,5.0,15.0
11078,1.0,14.0
29057,1.0,16.0
14984,3.0,15.0
21156,2.0,12.0
4289,2.0,11.0
35591,5.0,19.0
15211,0.0,12.0
36516,4.0,8.0
35098,9.0,11.0
37772,0.0,4.0
29200,4.0,14.0
10437,5.0,13.0
24123,1.0,19.0
5443,,14.0
28089,4.0,14.0
49863,4.0,11.0
41027,3.0,20.0
27640,2.0,15.0
5774,1.0,20.0
28581,,5.0
22500,3.0,15.0
6631,,16.0
41346,4.0,18.0
39839,4.0,18.0
48949,3.0,11.0
12974,3.0,13.0
22763,4.0,11.0
88,2.0,22.0
33625,1.0,15.0
5783,2.0,10.0
6340,1.0,11.0
13818,2.0,14.0
45337,1.0,16.0
23252,3.0,13.0
19586,4.0,17.0
34267,3.0,9.0
47884,5.0,14.0
31200,3.0,13.0
40409,4.0,13.0
30252,4.0,7.0
15628,6.0,15.0
45957,4.0,12.0
42534,3.0,14.0
43099,2.0,15.0
2495,7.0,8.0
47084,0.0,
48780,3.0,20.0
42133,5.0,10.0
21889,0.0,3.0
41503,4.0,8.0
41949,1.0,14.0
45065,3.0,15.0
37685,1.0,17.0
39117,3.0,19.0
35989,5.0,
31769,1.0,15.0
19558,0.0,2.0
20593,3.0,13.0
2180,3.0,11.0
42198,1.0,13.0
15992,1.0,8.0
16481,2.0,11.0
22615,2.0,13.0
45592,5.0,14.0
38886,1.0,9.0
38953,4.0,13.0
19879,7.0,13.0
28789,0.0,3.0
16711,5.0,23.0
26657,1.0,11.0
30235,2.0,13.0
23012,6.0,14.0
36734,0.0,4.0
5138,0.0,3.0
28712,5.0,10.0
19132,5.0,15.0
45149,2.0,8.0
12472,4.0,20.0
3544,,5.0
22208,2.0,14.0
1445,3.0,15.0
14310,0.0,20.0
49160,1.0,12.0
49736,0.0,0.0
9176,0.0,0.0
25255,0.0,4.0
34759,6.0,13.0
19880,0.0,4.0
10522,,13.0
17600,3.0,18.0
27044,2.0,17.0
4673,4.0,12.0
32009,3.0,15.0
2066,2.0,12.0
12482,4.0,11.0
37002,0.0,3.0
33016,2.0,20.0
7919,0.0,1.0
41751,4.0,18.0
49123,2.0,18.0
9924,4.0,14.0
18450,4.0,16.0
32624,2.0,
21680,1.0,17.0
25859,2.0,15.0
8564,3.0,21.0
19458,2.0,18.0
36312,0.0,5.0
48990,3.0,16.0
39857,4.0,5.0
730,3.0,13.0
6991,2.0,7.0
4176,4.0,18.0
44690,5.0,13.0
31521,4.0,14.0
18620,0.0,4.0
13302,5.0,8.0
5666,3.0,13.0
24156,2.0,16.0
34285,,19.0
21873,0.0,19.0
34495,0.0,10.0
49270,1.0,16.0
9082,3.0,17.0
6300,6.0,16.0
33594,4.0,19.0
28615,0.0,2.0
10862,4.0,14.0
48295,0.0,3.0
7715,5.0,7.0
4399,3.0,13.0
15748,2.0,12.0
48644,1.0,16.0
39303,6.0,13.0
40529,2.0,100.0
7990,0.0,17.0
40904,0.0,5.0
44846,3.0,12.0
22712,0.0,4.0
8161,5.0,23.0
40984,4.0,15.0
1013,5.0,9.0
14003,2.0,18.0
8914,6.0,7.0
44185,2.0,11.0
43982,2.0,10.0
32222,8.0,15.0
17382,6.0,18.0
12662,6.0,18.0
29644,,1.0
11657,8.0,8.0
49273,0.0,2.0
38943,3.0,10.0
15401,4.0,
4573,3.0,14.0
92,5.0,12.0
15090,0.0,4.0
18206,0.0,9.0
9287,3.0,11.0
19850,2.0,13.0
8892,2.0,
20876,4.0,13.0
41319,4.0,16.0
5417,7.0,13.0
1373,0.0,15.0
943,3.0,14.0
27599,2.0,13.0
40041,4.0,12.0
30027,5.0,14.0
22444,8.0,17.0
27322,3.0,16.0
44521,3.0,11.0
3280,3.0,18.0
34721,,21.0
39419,2.0,7.0
38115,0.0,1.0
22188,3.0,
43901,1.0,17.0
42363,6.0,
21021,3.0,16.0
19998,4.0,150.0
29872,4.0,11.0
21977,4.0,8.0
48560,6.0,7.0
43813,3.0,11.0
45435,6.0,18.0
26336,2.0,15.0
26824,4.0,10.0
20126,5.0,16.0
38825,0.0,1.0
28194,0.0,5.0
35308,3.0,13.0
45111,3.0,13.0
31920,4.0,24.0
20918,3.0,11.0
13993,2.0,13.0
40149,5.0,17.0
46170,0.0,2.0
17113,0.0,17.0
35581,3.0,11.0
8031,0.0,6.0
35221,0.0,4.0
39238,0.0,
44145,0.0,5.0
41383,9.0,13.0
36412,3.0,12.0
1950,7.0,16.0
29919,2.0,14.0
9858,2.0,21.0
10607,7.0,20.0
49795,0.0,4.0
38690,7.0,14.0
47843,4.0,15.0
25044,2.0,14.0
12351,3.0,12.0
10078,2.0,13.0
8046,4.0,9.0
10747,4.0,14.0
238,5.0,
15841,1.0,11.0
41104,5.0,17.0
17675,0.0,1.0
29115,3.0,20.0
7581,3.0,5.0
25709,6.0,9.0
9778,5.0,13.0
43357,3.0,14.0
1732,3.0,18.0
10591,4.0,15.0
7160,3.0,13.0
37049,3.0,17.0
35891,,4.0
21396,7.0,11.0
19811,,13.0
37342,3.0,12.0
34557,3.0,15.0
45477,3.0,9.0
18940,0.0,
7007,1.0,13.0
15023,3.0,20.0
19501,2.0,24.0
39202,4.0,11.0
13894,2.0,13.0
19488,2.0,4.0
5357,,12.0
17933,1.0,13.0
18312,4.0,16.0
8322,5.0,13.0
43613,5.0,18.0
40653,1.0,16.0
42151,6.0,13.0
34297,3.0,9.0
4703,1.0,20.0
13207,6.0,16.0
25756,1.0,8.0
7785,0.0,11.0
769,3.0,21.0
43665,0.0,0.0
5371,5.0,14.0
927,2.0,
36027,4.0,16.0
49068,2.0,10.0
39579,7.0,21.0
36185,2.0,13.0
45362,2.0,13.0
36016,2.0,16.0
17248,9.0,
35511,2.0,17.0
16781,5.0,11.0
35820,0.0,1.0
34442,5.0,12.0
33539,5.0,13.0
37587,2.0,14.0
3588,,11.0
11843,4.0,14.0
49466,3.0,16.0
22789,3.0,12.0
39000,3.0,10.0
18854,6.0,16.0
27323,4.0,17.0
14130,2.0,15.0
43852,3.0,14.0
23239,5.0,
28331,3.0,
49726,1.0,11.0
46858,4.0,15.0
10574,,18.0
38419,0.0,5.0
39573,4.0,10.0
30507,3.0,20.0
33695,5.0,14.0
45546,0.0,4.0
14228,4.0,19.0
21437,5.0,19.0
2972,4.0,15.0
20759,0.0,3.0
17167,0.0,18.0
42568,0.0,
8321,,150.0
1833,0.0,1.0
28623,1.0,18.0
34799,4.0,8.0
25889,2.0,15.0
27029,1.0,6.0
34670,3.0,11.0
40961,1.0,6.0
17255,2.0,16.0
1696,1.0,11.0
16497,1.0,12.0
13557,1.0,
21537,,14.0
48495,2.0,17.0
13081,3.0,13.0
1149,1.0,13.0
31451,1.0,15.0
6986,3.0,13.0
48970,4.0,14.0
1915,6.0,14.0
25920,0.0,2.0
12965,2.0,15.0
7942,0.0,3.0
34915,5.0,7.0
39153,2.0,16.0
30153,3.0,13.0
13170,5.0,12.0
36963,1.0,9.0
15298,,9.0
41436,2.0,11.0
31071,3.0,12.0
42298,2.0,15.0
5927,10.0,9.0
28670,1.0,16.0
31916,4.0,19.0
8134,,14.0
22603,3.0,13.0
40503,2.0,15.0
41201,2.0,13.0
36496,4.0,20.0
45783,2.0,14.0
41498,1.0,12.0
47475,4.0,
14911,3.0,17.0
31694,3.0,15.0
8452,0.0,13.0
810,5.0,13.0
13724,2.0,11.0
24954,1.0,16.0
43698,2.0,15.0
44177,4.0,14.0
36555,2.0,16.0
21552,2.0,16.0
46836,3.0,6.0
11844,1.0,13.0
17368,0.0,3.0
6499,4.0,15.0
43400,3.0,16.0
11390,3.0,17.0
834,3.0,11.0
10784,5.0,14.0
31310,3.0,17.0
26371,4.0,11.0
30616,3.0,15.0
29749,,13.0
24803,1.0,12.0
27778,2.0,15.0
17066,4.0,10.0
23549,5.0,8.0
20288,1.0,21.0
39398,4.0,18.0
2399,3.0,20.0
2711,2.0,11.0
63,4.0,13.0
38101,0.0,1.0
41460,5.0,15.0
30079,6.0,12.0
18295,3.0,10.0
29786,3.0,17.0
22639,5.0,14.0
7659,7.0,19.0
30261,,17.0
14478,0.0,3.0
28220,5.0,13.0
32737,0.0,18.0
30579,5.0,16.0
13708,2.0,14.0
44241,6.0,8.0
48973,2.0,10.0
33090,3.0,13.0
6588,3.0,10.0
48800,1.0,7.0
13636,5.0,14.0
6595,1.0,5.0
45252,7.0,11.0
37950,0.0,3.0
15677,4.0,14.0
48134,,
28465,1.0,8.0
27357,2.0,11.0
15736,2.0,18.0
16878,,15.0
49733,2.0,14.0
49566,4.0,15.0
39762,9.0,18.0
3306,1.0,12.0
34241,5.0,14.0
5341,2.0,22.0
31538,1.0,14.0
40531,3.0,13.0
17211,,18.0
33263,9.0,18.0
30,5.0,15.0
41461,3.0,16.0
49892,7.0,15.0
13834,3.0,19.0
29374,5.0,12.0
40639,11.0,15.0
39527,3.0,13.0
37406,5.0,10.0
35592,6.0,4.0
6450,3.0,16.0
13620,0.0,2.0
35633,4.0,12.0
19733,5.0,11.0
23925,0.0,4.0
16120,6.0,12.0
35273,1.0,20.0
32860,5.0,7.0
42024,5.0,16.0
20959,1.0,12.0
23608,1.0,7.0
20484,2.0,19.0
12715,7.0,12.0
42229,2.0,17.0
7967,3.0,16.0
15303,3.0,13.0
20829,4.0,15.0
36233,,15.0
6310,3.0,12.0
11100,4.0,14.0
9329,9.0,8.0
43662,6.0,15.0
44007,1.0,13.0
23950,4.0,13.0
15901,3.0,14.0
38861,2.0,17.0
15081,2.0,16.0
14842,4.0,20.0
15352,,16.0
41583,3.0,15.0
6788,4.0,9.0
39460,3.0,16.0
46107,,8.0
29409,0.0,4.0
31701,2.0,12.0
25656,2.0,17.0
21755,3.0,15.0
21151,5.0,14.0
15685,3.0,21.0
43806,4.0,12.0
9434,7.0,17.0
40869,2.0,17.0
30273,1.0,12.0
10118,2.0,19.0
42883,3.0,20.0
35961,2.0,15.0
17929,3.0,12.0
34086,4.0,13.0
49242,3.0,11.0
24451,2.0,18.0
42906,3.0,15.0
43972,2.0,14.0
20305,0.0,1.0
4350,1.0,18.0
1509,5.0,17.0
37474,5.0,16.0
44512,0.0,2.0
29590,0.0,2.0
16854,4.0,17.0
43276,2.0,12.0
31566,3.0,18.0
45258,3.0,21.0
10921,5.0,8.0
31943,3.0,10.0
18986,3.0,7.0
11422,2.0,12.0
46469,0.0,16.0
3504,3.0,12.0
44437,2.0,12.0
16785,3.0,13.0
27725,1.0,15.0
47247,1.0,19.0
4653,2.0,14.0
4250,3.0,23.0
21133,3.0,9.0
27945,4.0,10.0
47341,3.0,20.0
19565,5.0,
24939,3.0,13.0
1865,2.0,17.0
29284,2.0,14.0
21802,4.0,19.0
31563,0.0,5.0
49574,1.0,13.0
35829,2.0,17.0
20693,3.0,7.0
8684,7.0,11.0
3330,2.0,8.0
32097,5.0,
10152,3.0,13.0
30469,0.0,5.0
22358,4.0,14.0
24422,4.0,12.0
37451,1.0,10.0
32617,3.0,17.0
258,3.0,10.0
14756,2.0,19.0
31135,7.0,12.0
6919,2.0,10.0
39765,4.0,16.0
24782,0.0,0.0
47744,1.0,16.0
44182,2.0,10.0
16816,6.0,18.0
5471,4.0,14.0
40873,1.0,16.0
32284,3.0,10.0
7326,7.0,16.0
6461,1.0,
15960,4.0,15.0
921,5.0,16.0
37981,9.0,17.0
24363,3.0,17.0
25740,6.0,12.0
18675,1.0,17.0
46364,0.0,20.0
47088,4.0,16.0
9252,3.0,14.0
2618,4.0,150.0
10621,2.0,10.0
10320,0.0,4.0
20273,5.0,8.0
11700,5.0,14.0
4636,3.0,16.0
30638,3.0,17.0
13025,6.0,13.0
43053,2.0,9.0
40336,4.0,14.0
41118,2.0,14.0
40141,2.0,17.0
32596,1.0,20.0
10429,3.0,15.0
34652,2.0,15.0
35559,4.0,12.0
40153,0.0,10.0
13881,7.0,15.0
34420,2.0,19.0
30946,4.0,8.0
1624,4.0,18.0
2978,0.0,1.0
49013,1.0,14.0
12740,1.0,13.0
3722,2.0,9.0
37455,3.0,13.0
13111,0.0,2.0
48897,,17.0
38848,3.0,18.0
7590,2.0,15.0
48687,2.0,18.0
49631,4.0,16.0
43493,3.0,10.0
28180,6.0,11.0
29650,6.0,16.0
40484,,10.0
49753,3.0,
3955,3.0,12.0
25762,2.0,
45493,1.0,13.0
6057,3.0,14.0
4497,5.0,13.0
47327,3.0,19.0
27956,5.0,17.0
33915,5.0,13.0
38900,,11.0
30530,1.0,19.0
16625,3.0,17.0
14447,,5.0
736,0.0,4.0
42995,2.0,12.0
41222,1.0,15.0
36587,0.0,3.0
12030,0.0,15.0
3809,3.0,22.0
20956,2.0,17.0
38611,2.0,17.0
1807,0.0,2.0
34654,0.0,2.0
33722,7.0,20.0
4693,0.0,2.0
3278,5.0,6.0
45918,5.0,17.0
22183,5.0,9.0
27588,6.0,13.0
44263,5.0,16.0
14776,3.0,10.0
27403,1.0,13.0
43263,3.0,15.0
11489,0.0,4.0
1655,2.0,12.0
41431,0.0,4.0
13435,3.0,21.0
13117,2.0,13.0
36292,3.0,14.0
38431,2.0,11.0
40665,5.0,9.0
18810,5.0,17.0
9267,1.0,14.0
28045,3.0,15.0
13603,2.0,16.0
48578,3.0,21.0
13367,2.0,15.0
47654,4.0,10.0
33780,2.0,9.0
9180,4.0,17.0
29860,5.0,6.0
33639,6.0,19.0
6358,0.0,15.0
30095,0.0,5.0
4712,0.0,2.0
7141,0.0,2.0
49768,2.0,13.0
49485,7.0,11.0
28914,2.0,17.0
13522,5.0,14.0
28800,1.0,21.0
32317,,13.0
40825,2.0,18.0
25024,5.0,13.0
30615,5.0,14.0
32574,0.0,3.0
20052,3.0,18.0
30707,1.0,16.0
1286,3.0,13.0
27118,1.0,13.0
10198,3.0,12.0
42261,5.0,19.0
27790,2.0,70.0
10306,1.0,10.0
42903,5.0,16.0
24294,2.0,
30180,0.0,16.0
6642,5.0,10.0
35451,6.0,13.0
33917,5.0,10.0
19323,4.0,15.0
47421,1.0,13.0
40242,6.0,19.0
7706,5.0,14.0
19930,2.0,13.0
38663,3.0,10.0
41565,6.0,9.0
29270,3.0,14.0
43236,5.0,13.0
30597,1.0,15.0
43650,5.0,12.0
26122,2.0,110.0
3503,2.0,7.0
32000,3.0,7.0
19158,0.0,17.0
48710,5.0,16.0
3530,3.0,17.0
49787,4.0,14.0
11244,1.0,19.0
36047,3.0,20.0
10081,3.0,14.0
17696,2.0,16.0
7482,2.0,10.0
48892,2.0,12.0
26851,4.0,13.0
43593,0.0,3.0
20619,3.0,16.0
11428,3.0,15.0
24724,3.0,14.0
17507,0.0,1.0
38024,4.0,16.0
17935,2.0,17.0
44994,0.0,2.0
43310,4.0,13.0
5887,3.0,13.0
24683,4.0,17.0
30808,2.0,7.0
47043,2.0,
22226,3.0,16.0
20200,2.0,18.0
7131,3.0,12.0
15933,2.0,15.0
29783,3.0,
16151,,15.0
15320,3.0,15.0
19703,2.0,16.0
29173,3.0,15.0
6668,2.0,16.0
22634,6.0,19.0
1911,4.0,11.0
22853,2.0,12.0
28415,0.0,2.0
14196,6.0,16.0
11759,1.0,15.0
44280,4.0,15.0
11740,0.0,3.0
22983,1.0,18.0
40130,0.0,7.0
3004,2.0,14.0
24472,2.0,14.0
34500,4.0,11.0
36100,,14.0
19716,1.0,14.0
12537,5.0,10.0
11000,4.0,13.0
38399,0.0,2.0
10943,2.0,22.0
34422,3.0,15.0
16598,4.0,20.0
15042,3.0,15.0
30158,5.0,19.0
30794,2.0,13.0
34013,0.0,3.0
20343,,13.0
9729,5.0,13.0
34645,4.0,7.0
15558,2.0,15.0
30150,4.0,23.0
47173,4.0,10.0
39908,0.0,2.0
32219,2.0,14.0
15799,3.0,13.0
41512,3.0,12.0
16700,1.0,15.0
18197,6.0,16.0
14849,0.0,4.0
43040,2.0,18.0
9763,4.0,14.0
25307,2.0,17.0
7413,2.0,10.0
19239,4.0,14.0
49999,5.0,21.0
21028,2.0,
3140,6.0,12.0
4353,1.0,11.0
45853,4.0,10.0
18789,2.0,19.0
15000,2.0,18.0
43315,3.0,11.0
27487,7.0,9.0
19671,2.0,15.0
11494,,15.0
16476,0.0,3.0
30678,4.0,12.0
27768,4.0,11.0
932,4.0,17.0
19738,2.0,12.0
2249,2.0,15.0
41593,4.0,16.0
9769,1.0,15.0
31381,0.0,7.0
29812,6.0,15.0
26498,3.0,16.0
7259,2.0,19.0
19693,1.0,16.0
3367,3.0,14.0
30531,2.0,19.0
15263,7.0,26.0
45716,2.0,20.0
16012,3.0,17.0
31562,0.0,3.0
16053,2.0,10.0
28669,0.0,3.0
44782,4.0,13.0
49077,0.0,17.0
10168,0.0,17.0
35984,6.0,11.0
2707,2.0,15.0
48085,3.0,16.0
28587,4.0,15.0
17112,,15.0
40096,4.0,11.0
20514,2.0,
48521,1.0,6.0
36652,1.0,9.0
19000,0.0,22.0
33493,0.0,3.0
25451,4.0,19.0
17856,2.0,11.0
14795,0.0,2.0
41966,6.0,12.0
9792,0.0,3.0
21828,2.0,15.0
21161,2.0,8.0
206,0.0,3.0
35497,5.0,5.0
13976,1.0,15.0
1210,0.0,12.0
13553,4.0,13.0
27318,3.0,18.0
12051,3.0,14.0
33647,6.0,21.0
20850,2.0,15.0
12114,5.0,11.0
11643,2.0,10.0
25068,3.0,16.0
35257,,17.0
40481,3.0,
12771,0.0,16.0
28742,3.0,11.0
15991,0.0,12.0
34161,2.0,7.0
13284,0.0,20.0
41039,1.0,180.0
30292,0.0,2.0
35047,3.0,15.0
26484,5.0,12.0
13512,4.0,7.0
3290,3.0,10.0
3357,4.0,13.0
49970,7.0,9.0
2306,2.0,8.0
18751,5.0,15.0
27376,1.0,7.0
23275,3.0,14.0
5148,5.0,13.0
31555,5.0,14.0
44576,0.0,5.0
20998,4.0,18.0
42290,0.0,18.0
36505,5.0,14.0
27205,5.0,10.0
5683,4.0,20.0
26036,6.0,13.0
6568,2.0,9.0
40398,2.0,
26304,4.0,14.0
896,8.0,13.0
24484,3.0,7.0
35715,3.0,7.0
20181,5.0,15.0
31002,2.0,12.0
30613,7.0,13.0
41802,0.0,4.0
48413,2.0,14.0
10154,5.0,10.0
47563,3.0,17.0
590,2.0,14.0
46290,3.0,16.0
9942,5.0,
28931,2.0,17.0
16794,1.0,18.0
1507,4.0,10.0
6398,2.0,19.0
13523,2.0,12.0
12623,1.0,200.0
6850,0.0,13.0
17337,3.0,18.0
44273,2.0,16.0
42100,0.0,16.0
37147,3.0,21.0
48238,1.0,12.0
36588,2.0,12.0
17764,3.0,9.0
35149,0.0,7.0
26517,2.0,12.0
23621,1.0,11.0
27348,5.0,
48838,0.0,3.0
44797,2.0,19.0
21945,5.0,13.0
23995,2.0,16.0
4015,3.0,10.0
31214,1.0,18.0
10844,3.0,11.0
17565,5.0,11.0
42234,0.0,2.0
14858,0.0,0.0
8590,5.0,19.0
34581,6.0,11.0
5459,1.0,21.0
20453,2.0,19.0
3547,0.0,4.0
21384,2.0,15.0
23752,,9.0
26584,2.0,17.0
11710,2.0,16.0
1382,0.0,11.0
35081,5.0,21.0
37980,,3.0
40470,2.0,16.0
27694,3.0,14.0
39060,1.0,8.0
38145,4.0,14.0
3992,6.0,16.0
45876,2.0,19.0
5088,4.0,15.0
30925,4.0,13.0
40348,4.0,10.0
27632,2.0,16.0
33034,4.0,12.0
39878,5.0,16.0
23010,6.0,11.0
10213,3.0,14.0
3410,4.0,13.0
12977,2.0,14.0
17310,4.0,
28428,1.0,15.0
34748,2.0,12.0
7633,4.0,14.0
44167,5.0,19.0
18647,4.0,14.0
7695,3.0,7.0
33939,2.0,17.0
18160,3.0,
16624,3.0,11.0
44426,6.0,26.0
18142,2.0,17.0
38815,6.0,11.0
14638,6.0,17.0
4360,0.0,8.0
30205,0.0,2.0
14902,5.0,16.0
48243,2.0,22.0
3043,3.0,130.0
2419,0.0,1.0
21840,0.0,10.0
46123,4.0,7.0
35449,6.0,9.0
8835,1.0,11.0
12734,1.0,13.0
28249,0.0,11.0
20046,0.0,16.0
23916,7.0,10.0
22142,0.0,19.0
26386,2.0,13.0
18971,3.0,10.0
21763,2.0,8.0
16321,4.0,16.0
45266,1.0,16.0
42444,3.0,15.0
44611,,8.0
26271,1.0,10.0
42164,7.0,11.0
399,0.0,17.0
544,3.0,15.0
25310,1.0,24.0
18331,2.0,6.0
20555,4.0,15.0
18105,1.0,16.0
16295,,23.0
33951,4.0,19.0
29679,3.0,14.0
49407,3.0,15.0
41421,,15.0
44544,2.0,
23137,3.0,12.0
11608,2.0,18.0
3377,2.0,11.0
22721,2.0,9.0
2412,3.0,14.0
40541,1.0,14.0
23403,4.0,16.0
36813,4.0,18.0
9323,1.0,18.0
12200,4.0,12.0
36593,4.0,10.0
33152,6.0,14.0
24089,3.0,18.0
10595,,3.0
16072,3.0,10.0
3775,4.0,14.0
33194,2.0,14.0
49907,2.0,10.0
2933,0.0,5.0
39683,6.0,18.0
28504,0.0,15.0
1719,2.0,15.0
28280,4.0,20.0
40065,3.0,8.0
42346,0.0,11.0
19230,0.0,11.0
32637,3.0,11.0
19001,2.0,11.0
39319,4.0,10.0
137,6.0,10.0
30907,5.0,14.0
23767,1.0,17.0
40573,2.0,12.0
29971,4.0,14.0
43297,0.0,1.0
11046,5.0,9.0
37499,5.0,15.0
10387,3.0,6.0
9822,1.0,14.0
48858,0.0,3.0
46991,5.0,19.0
10902,1.0,23.0
20534,0.0,16.0
3235,3.0,19.0
41914,3.0,14.0
33854,,6.0
31930,0.0,14.0
25000,1.0,15.0
3368,4.0,13.0
38971,4.0,23.0
4328,3.0,19.0
20394,0.0,5.0
10995,3.0,11.0
16717,3.0,23.0
5108,4.0,15.0
16059,4.0,15.0
46446,2.0,18.0
2659,3.0,17.0
12901,3.0,14.0
12251,1.0,11.0
21738,2.0,11.0
49897,2.0,10.0
35744,0.0,8.0
2241,9.0,19.0
9585,2.0,9.0
16488,0.0,2.0
35392,5.0,10.0
19984,4.0,17.0
40720,6.0,15.0
2475,0.0,2.0
10373,1.0,10.0
43353,1.0,23.0
8272,,14.0
11383,1.0,15.0
27081,0.0,4.0
21016,3.0,11.0
13571,10.0,10.0
28798,3.0,7.0
39682,2.0,14.0
7550,3.0,20.0
23353,2.0,15.0
3042,2.0,7.0
25040,5.0,9.0
35660,4.0,12.0
44481,6.0,17.0
9824,0.0,3.0
8806,1.0,11.0
41496,3.0,13.0
37373,2.0,16.0
11496,3.0,120.0
21577,5.0,14.0
9226,5.0,19.0
915,4.0,9.0
27134,1.0,17.0
12476,2.0,9.0
28324,1.0,14.0
5170,2.0,17.0
38997,5.0,13.0
4635,2.0,12.0
8382,,12.0
25994,1.0,9.0
22619,2.0,22.0
25988,4.0,11.0
13951,2.0,22.0
16073,1.0,12.0
39233,3.0,10.0
8296,0.0,0.0
24572,6.0,17.0
7937,4.0,12.0
26200,6.0,9.0
28479,2.0,12.0
8238,4.0,10.0
25706,2.0,14.0
18239,4.0,17.0
5428,4.0,11.0
27821,0.0,14.0
31988,3.0,13.0
10792,3.0,10.0
44510,2.0,18.0
13203,2.0,14.0
39363,2.0,18.0
7827,2.0,11.0
18951,3.0,10.0
18808,4.0,17.0
28124,1.0,20.0
1593,4.0,13.0
42533,5.0,13.0
640,6.0,15.0
25073,2.0,7.0
46950,,1.0
19062,4.0,10.0
2193,2.0,5.0
26203,3.0,14.0
11111,2.0,22.0
24815,4.0,10.0
42174,5.0,11.0
11354,3.0,10.0
47155,4.0,20.0
24216,0.0,4.0
26151,4.0,17.0
36614,4.0,5.0
7223,4.0,17.0
2665,4.0,8.0
38576,5.0,18.0
26066,4.0,15.0
9485,0.0,16.0
4831,0.0,5.0
2248,3.0,18.0
5285,4.0,8.0
14093,5.0,14.0
42896,7.0,13.0
25942,0.0,0.0
45225,7.0,8.0
11362,0.0,13.0
35460,9.0,17.0
31019,0.0,18.0
29434,2.0,9.0
49630,1.0,14.0
26449,2.0,16.0
22677,4.0,14.0
678,0.0,14.0
12527,10.0,10.0
5870,4.0,20.0
45913,5.0,15.0
41097,5.0,13.0
49633,1.0,19.0
33476,4.0,11.0
28328,4.0,17.0
1336,3.0,16.0
14323,2.0,12.0
10,3.0,12.0
33376,,15.0
48328,5.0,17.0
7462,4.0,13.0
10138,1.0,12.0
6444,0.0,20.0
25433,3.0,12.0
22021,3.0,8.0
12793,4.0,14.0
14867,1.0,17.0
14944,6.0,
2408,3.0,14.0
6424,4.0,13.0
27148,5.0,14.0
29773,2.0,20.0
23518,0.0,17.0
46041,6.0,13.0
25531,5.0,13.0
8547,1.0,23.0
35699,3.0,17.0
46714,1.0,17.0
46403,0.0,4.0
44239,1.0,12.0
18029,2.0,7.0
10185,5.0,14.0
47235,6.0,16.0
46664,1.0,22.0
5537,6.0,19.0
7851,0.0,4.0
24726,0.0,12.0
8843,7.0,17.0
38860,0.0,2.0
43409,1.0,21.0
41253,7.0,18.0
3674,5.0,16.0
41879,5.0,17.0
33462,2.0,15.0
1495,5.0,10.0
39607,2.0,17.0
38618,1.0,
29041,4.0,14.0
48128,4.0,14.0
6121,5.0,14.0
30920,3.0,13.0
20687,4.0,21.0
21879,5.0,15.0
36242,3.0,12.0
36017,2.0,16.0
48925,2.0,22.0
11556,2.0,19.0
43795,2.0,18.0
45461,2.0,14.0
1245,0.0,2.0
41768,3.0,23.0
20845,5.0,18.0
29713,3.0,12.0
14467,5.0,11.0
24369,0.0,1.0
27921,2.0,10.0
18088,3.0,14.0
20787,4.0,
10961,2.0,23.0
41168,5.0,22.0
38350,2.0,11.0
11773,4.0,17.0
1834,3.0,17.0
11024,4.0,12.0
8248,0.0,1.0
36616,4.0,17.0
48982,3.0,15.0
46623,5.0,10.0
20495,2.0,14.0
42521,3.0,9.0
34288,,15.0
19113,0.0,
32157,,15.0
4586,3.0,16.0
16068,2.0,13.0
24251,0.0,2.0
12879,4.0,14.0
33215,5.0,12.0
32107,2.0,17.0
11703,2.0,19.0
13759,4.0,15.0
2141,3.0,14.0
24881,2.0,20.0
49203,6.0,9.0
354,1.0,16.0
27142,1.0,13.0
36966,4.0,19.0
16751,3.0,9.0
44645,3.0,17.0
48691,2.0,
42545,5.0,21.0
1784,2.0,10.0
18169,2.0,11.0
11454,2.0,12.0
33153,3.0,11.0
30426,3.0,18.0
48861,4.0,12.0
32466,1.0,170.0
23462,0.0,
44052,1.0,11.0
18537,2.0,7.0
26523,1.0,18.0
19453,4.0,15.0
49461,1.0,12.0
42922,4.0,10.0
10346,2.0,14.0
28514,3.0,14.0
10688,2.0,14.0
25239,5.0,12.0
15902,1.0,6.0
44266,3.0,16.0
5197,2.0,16.0
32432,2.0,25.0
32891,3.0,9.0
36668,2.0,11.0
12964,0.0,11.0
47243,4.0,11.0
2328,5.0,7.0
2538,2.0,19.0
30379,1.0,12.0
35117,3.0,15.0
24796,6.0,13.0
28745,4.0,12.0
42309,4.0,10.0
38991,2.0,13.0
45517,1.0,14.0
4075,0.0,3.0
3500,3.0,14.0
5447,2.0,22.0
12615,6.0,14.0
49611,2.0,13.0
25013,4.0,16.0
40147,3.0,17.0
36676,5.0,11.0
27692,,18.0
45276,0.0,3.0
44419,5.0,13.0
24222,2.0,10.0
38277,0.0,3.0
7055,4.0,12.0
30178,4.0,9.0
22626,7.0,21.0
37781,,18.0
42493,,16.0
3199,2.0,
20155,4.0,11.0
39978,5.0,14.0
37869,3.0,14.0
39799,2.0,15.0
7407,3.0,9.0
25402,3.0,14.0
9338,3.0,
8349,0.0,16.0
6645,0.0,6.0
36792,3.0,12.0
4864,1.0,17.0
16158,3.0,14.0
23939,3.0,14.0
13047,2.0,11.0
17713,1.0,13.0
25750,3.0,10.0
40469,2.0,16.0
33624,2.0,17.0
18109,0.0,1.0
27437,,19.0
16202,5.0,12.0
40067,2.0,21.0
44709,3.0,15.0
26033,0.0,2.0
19316,4.0,13.0
25764,3.0,18.0
41631,2.0,15.0
31289,5.0,16.0
38254,0.0,4.0
6207,3.0,9.0
2001,2.0,16.0
299,2.0,11.0
24794,5.0,10.0
40964,2.0,10.0
7537,,2.0
28707,3.0,15.0
12671,1.0,10.0
43044,0.0,10.0
20960,5.0,12.0
28604,0.0,1.0
41128,3.0,10.0
48301,2.0,10.0
45630,5.0,24.0
37082,2.0,13.0
38089,1.0,11.0
17524,4.0,10.0
29776,4.0,11.0
36481,3.0,14.0
47293,4.0,12.0
21578,0.0,2.0
29211,1.0,12.0
22145,3.0,15.0
5878,0.0,15.0
6887,2.0,16.0
11340,6.0,11.0
28136,1.0,17.0
36062,1.0,9.0
39428,1.0,9.0
1886,4.0,13.0
9149,3.0,13.0
47793,2.0,14.0
9457,5.0,15.0
22940,3.0,14.0
21800,4.0,13.0
28807,6.0,13.0
4322,2.0,12.0
47633,4.0,8.0
16048,0.0,4.0
39483,6.0,16.0
9308,4.0,11.0
2039,2.0,16.0
23410,1.0,8.0
8331,4.0,14.0
9714,0.0,1.0
28870,1.0,13.0
43738,0.0,2.0
21851,0.0,4.0
21695,1.0,14.0
49595,2.0,10.0
31468,5.0,11.0
1673,0.0,13.0
11256,2.0,17.0
1001,1.0,11.0
9224,2.0,10.0
12681,5.0,15.0
11892,5.0,24.0
17606,4.0,15.0
1514,5.0,11.0
35482,2.0,16.0
8061,5.0,15.0
6109,0.0,3.0
31923,3.0,13.0
12824,3.0,12.0
5579,5.0,16.0
37089,1.0,16.0
732,,9.0
3805,3.0,16.0
4338,5.0,14.0
28753,5.0,12.0
8814,,11.0
25830,5.0,8.0
41035,2.0,17.0
30277,4.0,15.0
26550,4.0,11.0
19626,6.0,13.0
43811,2.0,21.0
30314,2.0,14.0
33934,1.0,18.0
47599,2.0,17.0
16383,2.0,12.0
34319,1.0,
33794,3.0,23.0
2111,2.0,15.0
23423,5.0,14.0
5772,2.0,13.0
16589,0.0,16.0
9555,1.0,17.0
16603,4.0,14.0
49305,4.0,10.0
28950,3.0,12.0
20264,3.0,110.0
46598,1.0,12.0
13946,1.0,14.0
18265,4.0,15.0
21816,3.0,8.0
755,2.0,11.0
13576,4.0,15.0
36956,5.0,
2764,4.0,8.0
12745,1.0,9.0
17663,0.0,19.0
14105,5.0,19.0
11186,5.0,11.0
30032,3.0,8.0
38803,3.0,11.0
42450,3.0,16.0
11791,5.0,10.0
47446,1.0,9.0
42890,3.0,12.0
25708,4.0,10.0
44480,4.0,9.0
27901,2.0,19.0
16703,4.0,15.0
26979,0.0,15.0
25284,4.0,12.0
33041,3.0,10.0
19701,2.0,8.0
30332,6.0,11.0
7269,5.0,18.0
43561,2.0,12.0
13932,1.0,11.0
34515,2.0,15.0
38389,6.0,12.0
38417,3.0,14.0
28075,2.0,14.0
18734,2.0,16.0
49983,0.0,10.0
11927,1.0,16.0
39883,0.0,15.0
39274,2.0,22.0
41395,4.0,14.0
12943,6.0,10.0
16911,3.0,13.0
48510,3.0,11.0
11654,4.0,12.0
11298,6.0,14.0
6085,1.0,9.0
34965,3.0,8.0
31041,5.0,15.0
20208,0.0,2.0
14910,4.0,10.0
35309,2.0,15.0
5075,4.0,9.0
18547,2.0,15.0
30152,2.0,17.0
3567,5.0,16.0
19047,2.0,11.0
14466,2.0,11.0
27353,0.0,1.0
948,2.0,
49108,0.0,2.0
15967,4.0,
22846,6.0,11.0
9938,7.0,13.0
49037,5.0,13.0
13786,2.0,14.0
49055,2.0,14.0
48514,2.0,7.0
10270,0.0,3.0
2943,3.0,21.0
8315,3.0,12.0
11695,0.0,3.0
22882,,11.0
12935,2.0,12.0
34299,5.0,11.0
12902,8.0,19.0
47385,5.0,19.0
49690,4.0,9.0
23277,2.0,11.0
49400,2.0,19.0
7680,3.0,17.0
42322,3.0,13.0
30582,5.0,12.0
1977,1.0,14.0
4726,5.0,11.0
6765,5.0,14.0
12431,4.0,12.0
3045,5.0,15.0
11554,5.0,21.0
43253,4.0,13.0
24287,4.0,11.0
22899,4.0,13.0
28544,3.0,16.0
17525,6.0,7.0
6681,1.0,21.0
27627,0.0,1.0
39816,3.0,15.0
37661,6.0,17.0
47038,3.0,10.0
17734,4.0,14.0
16484,3.0,18.0
41732,6.0,21.0
20670,3.0,16.0
19334,4.0,18.0
2514,4.0,19.0
46533,2.0,10.0
32400,0.0,3.0
49549,2.0,22.0
33156,3.0,15.0
24040,2.0,15.0
26422,3.0,19.0
29523,0.0,6.0
45802,2.0,15.0
17001,3.0,15.0
22150,,8.0
48873,0.0,2.0
44724,0.0,4.0
7603,7.0,11.0
27919,0.0,7.0
48438,5.0,14.0
2488,1.0,18.0
7970,3.0,10.0
33745,3.0,11.0
42395,0.0,12.0
39110,3.0,15.0
18203,3.0,13.0
28333,4.0,12.0
23814,4.0,9.0
9204,6.0,17.0
44002,7.0,17.0
16517,3.0,9.0
29511,2.0,16.0
12682,1.0,18.0
37475,1.0,12.0
8839,2.0,19.0
43943,3.0,18.0
47745,2.0,
13307,4.0,12.0
49692,2.0,15.0
22081,1.0,16.0
28568,3.0,17.0
25174,2.0,10.0
35313,3.0,9.0
33193,3.0,11.0
25613,4.0,24.0
28884,2.0,24.0
23634,2.0,14.0
8778,3.0,13.0
29739,0.0,3.0
26335,6.0,17.0
37613,4.0,12.0
30799,2.0,17.0
41514,3.0,12.0
12105,1.0,16.0
36402,0.0,14.0
23285,4.0,10.0
812,1.0,120.0
12928,4.0,9.0
37970,2.0,15.0
36978,1.0,18.0
12024,2.0,15.0
42634,4.0,14.0
23493,4.0,22.0
49367,4.0,7.0
29891,5.0,18.0
4933,4.0,10.0
32863,7.0,10.0
12528,3.0,17.0
15114,2.0,17.0
48309,0.0,5.0
20506,,20.0
48113,7.0,16.0
21784,3.0,20.0
34966,4.0,13.0
3236,2.0,14.0
30614,2.0,140.0
49107,4.0,12.0
8439,4.0,
36743,4.0,15.0
28408,4.0,
37497,1.0,20.0
43607,5.0,12.0
25612,4.0,19.0
49309,5.0,11.0
45346,3.0,9.0
40229,5.0,13.0
44137,2.0,16.0
20565,4.0,14.0
10161,4.0,13.0
25197,2.0,17.0
30640,1.0,
6248,1.0,23.0
28999,4.0,16.0
48437,4.0,11.0
22268,0.0,1.0
42085,7.0,15.0
47403,2.0,19.0
6028,4.0,18.0
29256,3.0,8.0
25458,1.0,6.0
12534,1.0,12.0
19584,1.0,15.0
40779,6.0,16.0
35567,4.0,20.0
11030,3.0,23.0
42835,4.0,25.0
47935,2.0,15.0
13713,8.0,15.0
42249,4.0,20.0
29846,5.0,
34842,3.0,19.0
13454,3.0,10.0
46555,2.0,18.0
28357,0.0,6.0
22733,2.0,16.0
11871,4.0,9.0
38937,2.0,11.0
38045,0.0,19.0
43701,4.0,16.0
16714,3.0,4.0
8127,5.0,7.0
32527,3.0,20.0
7802,6.0,16.0
9903,5.0,9.0
484,2.0,12.0
30290,3.0,16.0
45962,3.0,15.0
17704,5.0,16.0
9581,3.0,10.0
33507,6.0,9.0
37150,2.0,13.0
28755,2.0,12.0
46100,6.0,13.0
40590,0.0,25.0
10374,2.0,9.0
29890,6.0,9.0
19876,2.0,16.0
3390,0.0,20.0
30011,3.0,10.0
23991,2.0,16.0
25804,2.0,10.0
16820,1.0,
21148,1.0,10.0
34779,1.0,15.0
42986,1.0,11.0
48463,3.0,13.0
14707,0.0,2.0
13037,1.0,11.0
33784,1.0,8.0
39948,3.0,8.0
22546,2.0,16.0
10765,6.0,13.0
16755,6.0,9.0
13693,5.0,12.0
8233,3.0,17.0
5743,4.0,6.0
29447,3.0,12.0
24601,0.0,16.0
42773,2.0,10.0
34878,0.0,3.0
22872,5.0,6.0
12490,0.0,14.0
48163,5.0,17.0
22377,2.0,14.0
27247,4.0,23.0
16268,0.0,40.0
1294,0.0,13.0
45347,3.0,17.0
4053,4.0,9.0
17740,2.0,10.0
16705,7.0,6.0
36133,0.0,3.0
23401,3.0,18.0
8170,0.0,13.0
49460,6.0,15.0
6888,3.0,12.0
14796,1.0,15.0
41419,3.0,10.0
13908,2.0,7.0
6717,2.0,16.0
39737,2.0,14.0
15824,1.0,12.0
18975,5.0,18.0
31054,1.0,12.0
29073,3.0,13.0
12545,3.0,16.0
38758,4.0,18.0
21307,0.0,2.0
28482,5.0,8.0
44518,1.0,8.0
1471,2.0,21.0
4401,5.0,14.0
17613,1.0,11.0
8358,3.0,11.0
33200,6.0,21.0
22652,4.0,13.0
27230,3.0,6.0
31854,4.0,16.0
23016,3.0,17.0
24658,10.0,12.0
32864,3.0,22.0
2650,,40.0
32854,7.0,18.0
48692,,14.0
24143,4.0,16.0
47634,1.0,16.0
15127,3.0,16.0
16336,8.0,19.0
13785,5.0,12.0
37732,2.0,9.0
10572,,3.0
33892,6.0,12.0
42604,0.0,9.0
11107,1.0,13.0
31037,2.0,15.0
36562,1.0,19.0
1470,5.0,10.0
31908,6.0,19.0
38075,5.0,18.0
39743,4.0,12.0
1169,,2.0
40628,3.0,11.0
40379,9.0,13.0
33210,3.0,10.0
47073,0.0,3.0
46265,3.0,10.0
31577,3.0,14.0
10339,5.0,10.0
41628,,19.0
14788,0.0,12.0
18493,0.0,2.0
49345,4.0,9.0
32075,0.0,2.0
30700,3.0,20.0
26712,5.0,14.0
8875,3.0,18.0
46367,1.0,11.0
19569,2.0,19.0
2268,3.0,15.0
9378,2.0,13.0
816,,14.0
46880,0.0,5.0
32225,4.0,15.0
29532,1.0,13.0
28975,4.0,14.0
28297,2.0,12.0
535,4.0,19.0
33582,1.0,17.0
19574,3.0,17.0
10276,4.0,14.0
32696,4.0,15.0
12526,8.0,22.0
35213,4.0,11.0
49206,2.0,18.0
43673,1.0,20.0
21150,5.0,20.0
35354,4.0,9.0
767,2.0,12.0
10070,4.0,13.0
27155,1.0,14.0
37432,0.0,3.0
19492,3.0,14.0
41804,5.0,16.0
32862,6.0,9.0
31783,4.0,13.0
40734,,15.0
25319,3.0,14.0
23539,3.0,15.0
31588,2.0,20.0
35892,,14.0
17634,2.0,10.0
12731,4.0,13.0
42180,2.0,11.0
26358,5.0,8.0
31146,4.0,11.0
42619,6.0,19.0
46002,3.0,14.0
48281,0.0,15.0
45902,6.0,17.0
35212,3.0,8.0
32528,,12.0
47671,2.0,10.0
24516,5.0,10.0
18351,7.0,14.0
25630,1.0,12.0
49976,5.0,8.0
41169,4.0,16.0
23189,4.0,8.0
973,2.0,12.0
49786,1.0,13.0
46814,2.0,13.0
15149,1.0,19.0
15535,1.0,17.0
3425,3.0,16.0
26597,4.0,18.0
16511,3.0,15.0
1592,2.0,6.0
48225,2.0,14.0
27124,3.0,14.0
41545,2.0,19.0
49937,2.0,15.0
41107,6.0,17.0
18559,3.0,13.0
49180,6.0,14.0
25308,3.0,
48804,4.0,8.0
14480,3.0,12.0
39726,2.0,14.0
23309,0.0,1.0
41925,3.0,21.0
3363,2.0,17.0
28713,4.0,12.0
10999,2.0,11.0
44867,0.0,15.0
23320,3.0,
42023,5.0,13.0
30350,2.0,15.0
11632,3.0,14.0
26684,5.0,10.0
45053,6.0,12.0
25514,8.0,14.0
39566,1.0,7.0
28584,2.0,20.0
13212,4.0,14.0
3073,0.0,4.0
13275,3.0,16.0
22120,5.0,17.0
6338,3.0,19.0
16075,3.0,16.0
25720,0.0,2.0
43975,4.0,12.0
7487,4.0,14.0
23926,6.0,17.0
44049,0.0,0.0
36296,0.0,4.0
34072,0.0,3.0
29587,8.0,9.0
48717,3.0,17.0
34550,5.0,9.0
24045,0.0,16.0
34060,2.0,9.0
18157,4.0,11.0
22749,3.0,10.0
13330,,13.0
16522,8.0,9.0
10427,2.0,11.0
35949,2.0,11.0
81,5.0,11.0
25858,1.0,
42716,0.0,6.0
12984,4.0,15.0
18844,6.0,17.0
22624,4.0,14.0
48239,3.0,12.0
28151,2.0,14.0
22999,2.0,13.0
20570,8.0,
44236,0.0,8.0
13051,1.0,13.0
23668,4.0,8.0
23075,4.0,17.0
40492,6.0,13.0
27374,3.0,14.0
3917,4.0,14.0
13584,1.0,16.0
14240,3.0,
42949,2.0,10.0
34929,0.0,3.0
20033,,10.0
46325,2.0,11.0
43948,3.0,13.0
47470,1.0,9.0
39169,1.0,
33271,1.0,19.0
49519,2.0,11.0
15942,4.0,15.0
35142,5.0,18.0
19189,3.0,15.0
24079,3.0,10.0
26131,4.0,17.0
25981,0.0,3.0
6852,0.0,0.0
7214,2.0,15.0
26207,2.0,11.0
5566,2.0,14.0
28113,4.0,12.0
36611,,19.0
39144,6.0,11.0
32764,2.0,9.0
14972,2.0,17.0
23168,6.0,
16738,2.0,13.0
47006,8.0,9.0
37569,4.0,15.0
16529,3.0,14.0
5116,5.0,17.0
48715,0.0,2.0
35229,5.0,9.0
44063,3.0,7.0
41992,2.0,20.0
48242,4.0,15.0
9372,6.0,12.0
13502,4.0,15.0
20457,5.0,12.0
31277,4.0,13.0
17816,2.0,15.0
14582,4.0,14.0
21385,0.0,3.0
16393,3.0,13.0
20370,7.0,17.0
44501,2.0,10.0
49211,5.0,8.0
37886,2.0,13.0
13055,6.0,13.0
15823,3.0,14.0
23943,3.0,14.0
20938,3.0,9.0
4363,0.0,16.0
46092,2.0,15.0
29364,0.0,1.0
27766,1.0,14.0
45656,3.0,16.0
46311,1.0,8.0
37768,7.0,15.0
32593,3.0,12.0
11560,0.0,3.0
44312,4.0,18.0
29705,3.0,12.0
43631,0.0,3.0
48829,3.0,7.0
5819,1.0,11.0
2397,3.0,130.0
48231,1.0,14.0
49831,0.0,20.0
11559,2.0,
47037,7.0,10.0
17914,5.0,11.0
40523,0.0,18.0
47561,4.0,16.0
2138,2.0,12.0
32838,5.0,16.0
14141,3.0,12.0
22637,2.0,14.0
26842,6.0,15.0
40664,5.0,10.0
47807,5.0,12.0
6698,2.0,13.0
20240,4.0,19.0
39592,2.0,15.0
11251,2.0,10.0
36291,7.0,
36012,0.0,13.0
41427,0.0,17.0
29196,1.0,19.0
14266,0.0,6.0
4728,,17.0
14898,3.0,12.0
34744,3.0,20.0
42225,7.0,12.0
12575,3.0,15.0
22780,5.0,10.0
43462,3.0,12.0
48363,4.0,12.0
24262,2.0,11.0
49919,5.0,15.0
23232,4.0,10.0
6189,3.0,170.0
1973,10.0,13.0
7514,1.0,19.0
12885,4.0,12.0
14024,4.0,
48489,4.0,17.0
36158,2.0,19.0
35807,6.0,13.0
23635,3.0,18.0
38405,4.0,27.0
41117,3.0,10.0
47503,0.0,2.0
22676,0.0,3.0
33548,3.0,13.0
38030,6.0,13.0
44425,2.0,15.0
38695,5.0,10.0
28627,7.0,14.0
12122,2.0,10.0
6304,0.0,1.0
33040,3.0,14.0
22273,2.0,17.0
21914,1.0,18.0
29699,4.0,16.0
32014,2.0,10.0
257,2.0,20.0
16396,4.0,12.0
22312,5.0,19.0
22646,1.0,9.0
9090,4.0,13.0
21686,2.0,7.0
2011,4.0,19.0
27043,,9.0
37321,2.0,9.0
38719,2.0,18.0
26994,5.0,13.0
16312,6.0,16.0
43543,0.0,14.0
23173,,17.0
27543,3.0,20.0
33253,3.0,13.0
23125,2.0,13.0
31625,0.0,0.0
21457,5.0,9.0
14620,0.0,15.0
37806,0.0,12.0
24968,3.0,9.0
42063,3.0,
12543,1.0,15.0
26531,5.0,19.0
17814,3.0,18.0
39538,6.0,12.0
34940,1.0,9.0
7254,7.0,13.0
23918,2.0,12.0
25467,4.0,13.0
16863,4.0,12.0
7723,3.0,8.0
35421,3.0,11.0
46741,4.0,
46336,2.0,15.0
12229,4.0,12.0
44440,3.0,16.0
18599,2.0,13.0
23177,6.0,13.0
23718,4.0,14.0
35575,1.0,16.0
9270,3.0,12.0
24170,,17.0
3376,4.0,16.0
19244,0.0,1.0
28783,3.0,16.0
24542,2.0,17.0
48750,10.0,14.0
48005,3.0,15.0
36286,2.0,12.0
31564,0.0,3.0
5389,6.0,24.0
11650,2.0,8.0
21603,2.0,17.0
15848,5.0,17.0
36947,3.0,12.0
21566,,9.0
46938,5.0,9.0
32102,3.0,
2287,6.0,14.0
10493,3.0,16.0
40866,2.0,21.0
18860,0.0,6.0
43377,0.0,6.0
4162,4.0,18.0
38293,7.0,20.0
31570,1.0,10.0
16248,3.0,8.0
5554,6.0,11.0
35225,3.0,19.0
19856,0.0,4.0
28936,7.0,15.0
22740,9.0,13.0
27020,1.0,17.0
5688,2.0,16.0
29143,4.0,11.0
37081,1.0,10.0
312,0.0,1.0
18665,0.0,2.0
10937,0.0,3.0
21726,5.0,13.0
2464,4.0,12.0
11346,2.0,14.0
39479,4.0,14.0
48834,4.0,17.0
14246,2.0,12.0
28027,3.0,10.0
32706,0.0,5.0
32619,0.0,1.0
40069,5.0,16.0
15648,5.0,16.0
26626,3.0,17.0
40413,2.0,16.0
47168,5.0,21.0
3641,4.0,12.0
15189,6.0,14.0
9687,4.0,10.0
5690,2.0,7.0
13757,4.0,10.0
42815,3.0,10.0
30201,1.0,27.0
47750,2.0,10.0
18024,2.0,19.0
20058,2.0,19.0
23760,1.0,11.0
48002,2.0,17.0
44975,4.0,13.0
30877,2.0,
43519,3.0,14.0
26891,2.0,9.0
33805,3.0,11.0
24750,3.0,6.0
45939,5.0,20.0
33848,4.0,11.0
36513,1.0,19.0
35948,4.0,19.0
9945,3.0,13.0
19615,3.0,16.0
38850,4.0,10.0
37334,1.0,15.0
22211,7.0,12.0
28599,4.0,11.0
38562,3.0,20.0
21242,1.0,17.0
11922,6.0,13.0
18227,4.0,17.0
43579,4.0,10.0
45025,2.0,12.0
13456,1.0,17.0
9545,0.0,22.0
29536,2.0,
32089,4.0,13.0
16466,2.0,13.0
32159,4.0,11.0
26315,2.0,10.0
6975,3.0,14.0
26655,0.0,2.0
21644,6.0,17.0
5218,6.0,13.0
36656,2.0,14.0
39178,,3.0
29423,0.0,13.0
23452,3.0,20.0
2759,0.0,0.0
15480,3.0,15.0
47080,2.0,11.0
9780,6.0,15.0
38315,3.0,24.0
39740,3.0,15.0
13002,2.0,10.0
4375,5.0,14.0
45836,2.0,9.0
1933,2.0,11.0
7243,6.0,11.0
21426,1.0,12.0
20728,3.0,19.0
3456,,11.0
23266,3.0,14.0
14546,,19.0
1276,1.0,190.0
29674,3.0,14.0
17588,0.0,2.0
31440,2.0,18.0
6794,2.0,12.0
40123,4.0,
6968,5.0,14.0
39514,1.0,17.0
20996,7.0,12.0
42547,0.0,12.0
7322,3.0,14.0
26536,1.0,16.0
6087,3.0,10.0
11413,1.0,15.0
43721,,12.0
29517,5.0,13.0
6693,3.0,19.0
32268,2.0,17.0
40365,2.0,9.0
18471,4.0,19.0
4277,4.0,16.0
36886,5.0,16.0
36000,3.0,9.0
29152,8.0,8.0
30472,0.0,3.0
11048,2.0,12.0
2134,2.0,7.0
30212,0.0,4.0
25278,3.0,13.0
33003,5.0,12.0
26773,0.0,4.0
21087,7.0,150.0
16031,0.0,4.0
9589,3.0,15.0
26454,2.0,10.0
11473,1.0,12.0
21523,1.0,14.0
28218,3.0,7.0
27127,,16.0
47520,3.0,90.0
13241,0.0,2.0
1704,2.0,10.0
33557,1.0,11.0
12732,0.0,0.0
41026,5.0,8.0
15645,3.0,7.0
387,0.0,16.0
7972,1.0,9.0
5273,4.0,17.0
9862,8.0,18.0
28903,0.0,1.0
4666,3.0,17.0
45481,8.0,16.0
44115,1.0,11.0
9295,3.0,17.0
6618,2.0,8.0
31418,2.0,10.0
2561,3.0,
23384,2.0,10.0
35689,4.0,11.0
15761,2.0,16.0
19985,5.0,
305,3.0,18.0
21231,3.0,16.0
13292,1.0,11.0
43858,2.0,18.0
32477,5.0,19.0
39466,4.0,130.0
28565,4.0,22.0
34671,3.0,
33680,6.0,10.0
21171,1.0,14.0
9254,1.0,15.0
42275,0.0,11.0
4181,3.0,15.0
5823,0.0,18.0
15203,2.0,24.0
49702,0.0,3.0
2643,4.0,14.0
40606,3.0,16.0
17795,4.0,13.0
36635,,16.0
33065,0.0,8.0
22815,4.0,18.0
37253,0.0,13.0
24462,2.0,16.0
24353,0.0,4.0
13317,2.0,13.0
27730,0.0,15.0
49328,4.0,10.0
26089,1.0,15.0
25169,4.0,15.0
30833,4.0,7.0
11012,3.0,11.0
39575,8.0,10.0
20398,7.0,19.0
32674,4.0,11.0
1664,0.0,14.0
20559,0.0,70.0
11450,4.0,18.0
17767,6.0,17.0
47950,2.0,13.0
25905,5.0,13.0
13614,5.0,10.0
289,4.0,16.0
7208,2.0,17.0
44838,3.0,12.0
22549,5.0,16.0
35741,4.0,17.0
44828,6.0,13.0
28187,1.0,9.0
7312,3.0,16.0
49636,3.0,16.0
30343,2.0,10.0
10069,3.0,9.0
13527,0.0,3.0
2603,3.0,16.0
38985,4.0,19.0
34576,5.0,18.0
22513,5.0,5.0
11836,5.0,15.0
21362,0.0,18.0
5246,4.0,13.0
7765,3.0,14.0
35880,0.0,0.0
23616,2.0,12.0
49683,,15.0
42355,2.0,10.0
8921,4.0,12.0
37078,0.0,3.0
46954,3.0,17.0
27707,3.0,19.0
35445,3.0,16.0
3265,2.0,12.0
36604,3.0,7.0
49243,1.0,
43622,4.0,8.0
44037,3.0,9.0
13043,0.0,1.0
5882,0.0,4.0
23476,5.0,8.0
28681,1.0,9.0
30227,1.0,9.0
41047,3.0,9.0
5222,,12.0
13788,3.0,14.0
2073,0.0,5.0
3153,3.0,15.0
29696,4.0,16.0
7416,,13.0
19713,1.0,11.0
9157,3.0,16.0
24330,0.0,4.0
42607,3.0,18.0
36715,3.0,14.0
15075,1.0,4.0
27878,4.0,15.0
499,3.0,12.0
37675,3.0,15.0
29337,0.0,6.0
33980,1.0,18.0
32702,2.0,21.0
32006,5.0,21.0
35979,1.0,5.0
167,2.0,
26565,4.0,9.0
42451,3.0,19.0
15175,3.0,11.0
32885,4.0,15.0
36101,5.0,21.0
15565,0.0,2.0
46241,1.0,11.0
46519,0.0,8.0
13741,1.0,16.0
42795,3.0,18.0
49953,0.0,2.0
25968,1.0,4.0
2163,5.0,15.0
22272,,20.0
13924,4.0,15.0
9933,2.0,20.0
8869,2.0,10.0
46576,0.0,6.0
19636,3.0,12.0
29751,1.0,13.0
43013,,9.0
26714,1.0,15.0
4589,,10.0
28808,5.0,150.0
6586,1.0,11.0
31271,1.0,10.0
6670,3.0,14.0
48246,2.0,10.0
20523,2.0,13.0
25209,0.0,2.0
2582,0.0,4.0
28008,6.0,13.0
29822,5.0,17.0
37033,1.0,17.0
23699,4.0,6.0
16867,2.0,15.0
29193,4.0,17.0
47413,0.0,5.0
25553,1.0,15.0
42705,3.0,14.0
22849,5.0,8.0
30200,5.0,14.0
30564,0.0,16.0
41250,4.0,12.0
19434,6.0,13.0
33634,5.0,13.0
59,2.0,13.0
6100,0.0,3.0
42443,5.0,11.0
32377,7.0,
37888,3.0,10.0
22253,1.0,15.0
20363,11.0,22.0
819,2.0,13.0
31429,1.0,21.0
33391,3.0,11.0
23787,,8.0
48332,0.0,3.0
39236,2.0,18.0
42037,0.0,4.0
47567,4.0,12.0
21461,5.0,10.0
26795,5.0,20.0
40438,3.0,8.0
8685,2.0,27.0
32536,3.0,140.0
48768,4.0,100.0
30000,3.0,11.0
41688,2.0,18.0
39583,3.0,14.0
23330,2.0,14.0
44080,5.0,11.0
12323,0.0,12.0
31924,0.0,4.0
46200,3.0,19.0
35712,5.0,9.0
43238,6.0,13.0
27136,4.0,13.0
10241,1.0,19.0
40161,5.0,14.0
37909,6.0,11.0
47664,5.0,15.0
4026,4.0,19.0
418,3.0,15.0
23386,8.0,14.0
25875,4.0,18.0
18958,3.0,150.0
4422,1.0,
42196,3.0,14.0
25967,,5.0
38273,2.0,11.0
23020,2.0,12.0
8583,4.0,11.0
20980,4.0,18.0
25772,4.0,14.0
30571,6.0,22.0
35208,2.0,10.0
5339,2.0,8.0
44985,6.0,12.0
1380,6.0,15.0
42513,0.0,14.0
33185,2.0,22.0
48912,3.0,19.0
20688,2.0,
18788,2.0,19.0
39469,2.0,15.0
23095,2.0,6.0
38269,2.0,11.0
17543,4.0,14.0
28403,2.0,16.0
1626,4.0,13.0
7608,0.0,4.0
22752,3.0,19.0
16259,5.0,12.0
23430,4.0,18.0
24709,3.0,19.0
8237,8.0,10.0
24766,0.0,0.0
39102,3.0,18.0
28177,6.0,7.0
45537,2.0,7.0
13153,3.0,6.0
15978,8.0,11.0
14164,6.0,13.0
34168,4.0,12.0
12550,4.0,18.0
21262,3.0,17.0
36284,2.0,18.0
46780,2.0,14.0
20226,2.0,17.0
44931,2.0,14.0
33261,2.0,14.0
46739,2.0,20.0
610,2.0,12.0
14379,0.0,0.0
6752,0.0,1.0
633,4.0,11.0
25084,5.0,
36548,2.0,14.0
47657,3.0,20.0
17954,0.0,11.0
33086,2.0,10.0
37166,3.0,8.0
27815,4.0,11.0
18815,0.0,4.0
28718,5.0,16.0
2639,3.0,9.0
18582,3.0,14.0
10952,3.0,8.0
10435,2.0,15.0
15195,4.0,20.0
33226,0.0,2.0
49304,4.0,11.0
10219,4.0,15.0
14113,1.0,13.0
9850,2.0,20.0
34266,5.0,13.0
9672,2.0,9.0
39124,5.0,18.0
19129,0.0,12.0
7470,5.0,14.0
5115,3.0,16.0
8016,4.0,17.0
16855,2.0,12.0
37899,3.0,21.0
20616,3.0,16.0
29785,2.0,7.0
11314,5.0,17.0
42928,3.0,7.0
35136,7.0,13.0
34619,1.0,8.0
11741,3.0,12.0
39125,1.0,15.0
1236,0.0,4.0
241,3.0,22.0
20414,4.0,14.0
1023,6.0,16.0
37252,0.0,2.0
38340,2.0,160.0
8379,3.0,17.0
17511,4.0,19.0
13762,4.0,11.0
25665,4.0,12.0
28014,4.0,18.0
42144,5.0,18.0
11699,0.0,15.0
26520,5.0,13.0
6600,5.0,18.0
8890,2.0,16.0
39435,4.0,18.0
32635,6.0,18.0
19055,0.0,10.0
41832,0.0,
29895,5.0,11.0
29373,2.0,9.0
9848,6.0,14.0
39441,4.0,13.0
29348,4.0,100.0
49801,5.0,14.0
40478,1.0,10.0
29546,0.0,9.0
14051,1.0,13.0
19507,3.0,15.0
122,3.0,15.0
34048,4.0,17.0
41653,2.0,12.0
9132,5.0,12.0
45810,5.0,19.0
4708,5.0,11.0
8893,1.0,13.0
31717,3.0,16.0
4486,1.0,12.0
33219,0.0,2.0
49847,1.0,16.0
36081,2.0,6.0
25299,5.0,18.0
41412,4.0,15.0
14494,3.0,23.0
27078,2.0,16.0
32319,4.0,13.0
43469,2.0,17.0
39961,,12.0
27000,2.0,10.0
24490,0.0,7.0
47663,4.0,16.0
20329,0.0,5.0
36892,2.0,14.0
11017,0.0,1.0
44914,2.0,17.0
13640,8.0,12.0
9699,4.0,13.0
2375,0.0,4.0
43516,6.0,15.0
7670,1.0,18.0
9257,2.0,13.0
24801,1.0,14.0
43867,3.0,16.0
16366,7.0,
26462,4.0,18.0
22447,3.0,18.0
38747,0.0,2.0
8400,8.0,11.0
26284,7.0,13.0
40114,2.0,13.0
34026,4.0,6.0
47305,4.0,14.0
46109,6.0,17.0
37084,4.0,17.0
36831,7.0,18.0
6165,5.0,10.0
19484,3.0,9.0
4246,3.0,14.0
25067,4.0,15.0
19286,2.0,14.0
5237,1.0,15.0
35302,2.0,12.0
14023,3.0,11.0
31102,1.0,6.0
14144,5.0,16.0
43168,4.0,21.0
22757,5.0,10.0
42862,3.0,14.0
41918,1.0,17.0
30299,3.0,13.0
34558,3.0,18.0
26952,4.0,19.0
12081,0.0,1.0
44493,5.0,
47989,5.0,11.0
1242,5.0,13.0
13071,3.0,12.0
564,3.0,14.0
24702,4.0,14.0
551,5.0,15.0
11443,4.0,14.0
715,0.0,13.0
7305,1.0,19.0
11980,2.0,14.0
19497,3.0,14.0
25784,0.0,8.0
29332,1.0,19.0
4766,1.0,12.0
17148,4.0,12.0
47219,5.0,17.0
30746,4.0,13.0
45559,5.0,26.0
23891,3.0,10.0
3901,7.0,
28843,6.0,12.0
25860,3.0,13.0
3459,2.0,12.0
16574,7.0,10.0
27428,4.0,13.0
32741,3.0,15.0
23612,4.0,9.0
31893,3.0,14.0
45390,0.0,2.0
10251,2.0,11.0
6912,4.0,16.0
24842,3.0,8.0
15155,3.0,100.0
49105,6.0,18.0
48256,4.0,22.0
14091,1.0,10.0
39166,3.0,21.0
13990,2.0,10.0
40999,4.0,9.0
25414,4.0,21.0
7244,1.0,11.0
2451,5.0,15.0
10385,5.0,17.0
28970,3.0,10.0
19459,4.0,13.0
11577,0.0,10.0
4324,1.0,13.0
43296,5.0,10.0
37074,0.0,16.0
34765,3.0,17.0
48094,6.0,13.0
32314,4.0,8.0
27704,2.0,21.0
28695,6.0,17.0
8372,2.0,11.0
18172,1.0,18.0
26544,8.0,11.0
38022,6.0,11.0
44364,1.0,14.0
16147,0.0,3.0
37143,0.0,1.0
34148,4.0,15.0
19561,0.0,19.0
29898,4.0,10.0
35542,5.0,11.0
31632,8.0,8.0
40063,1.0,11.0
15544,0.0,13.0
13156,3.0,7.0
34650,,11.0
20573,6.0,7.0
3395,1.0,17.0
14548,5.0,16.0
45603,0.0,4.0
36302,4.0,12.0
25282,1.0,11.0
6966,0.0,1.0
12415,2.0,15.0
8663,1.0,12.0
9282,4.0,10.0
12802,3.0,
4961,0.0,11.0
21655,3.0,19.0
43871,3.0,14.0
33841,5.0,12.0
13866,5.0,18.0
8644,1.0,23.0
29999,0.0,17.0
24232,2.0,15.0
36124,2.0,20.0
11098,2.0,12.0
42189,3.0,11.0
3994,2.0,14.0
37,3.0,17.0
32504,2.0,12.0
41942,5.0,12.0
44669,4.0,18.0
40312,2.0,16.0
44397,4.0,15.0
4108,4.0,10.0
38568,3.0,17.0
49348,4.0,14.0
49871,1.0,15.0
38238,4.0,14.0
16463,7.0,8.0
35372,0.0,6.0
36166,0.0,11.0
28551,4.0,16.0
6432,3.0,12.0
46669,3.0,11.0
25998,6.0,18.0
29456,5.0,9.0
49576,1.0,15.0
25151,3.0,14.0
7676,2.0,
12992,5.0,9.0
45587,6.0,12.0
28003,6.0,15.0
23121,2.0,14.0
37846,4.0,13.0
1272,0.0,6.0
35007,1.0,17.0
14510,4.0,15.0
39515,4.0,9.0
29450,1.0,17.0
27928,0.0,2.0
40115,2.0,17.0
43277,4.0,16.0
25923,1.0,10.0
32437,2.0,16.0
4270,4.0,11.0
30296,,5.0
31494,1.0,13.0
16670,4.0,12.0
16715,1.0,11.0
46012,2.0,16.0
22149,6.0,11.0
3887,5.0,9.0
44834,5.0,11.0
15207,1.0,9.0
9598,1.0,9.0
37913,2.0,12.0
26751,6.0,9.0
34802,0.0,2.0
47004,5.0,13.0
46394,6.0,11.0
1158,3.0,21.0
15295,3.0,13.0
34536,0.0,3.0
33838,2.0,17.0
30432,6.0,10.0
33827,3.0,18.0
17110,3.0,10.0
33424,1.0,11.0
23090,0.0,
3085,3.0,12.0
40690,5.0,12.0
11585,1.0,15.0
28910,5.0,16.0
4308,2.0,13.0
2575,1.0,19.0
20647,3.0,17.0
14102,2.0,8.0
38640,0.0,13.0
33816,3.0,21.0
25484,4.0,18.0
969,4.0,11.0
905,3.0,11.0
35977,6.0,19.0
45339,7.0,9.0
14762,1.0,15.0
13532,2.0,8.0
46901,1.0,11.0
34611,2.0,22.0
9995,5.0,12.0
33852,4.0,3.0
24648,3.0,14.0
46066,,4.0
5031,2.0,13.0
48658,2.0,13.0
19094,3.0,11.0
28016,5.0,15.0
98,0.0,1.0
26106,5.0,15.0
34586,0.0,2.0
29558,3.0,14.0
31492,2.0,12.0
2820,0.0,3.0
26973,3.0,6.0
33414,3.0,14.0
11257,5.0,15.0
42725,1.0,14.0
34100,6.0,5.0
15074,5.0,17.0
18735,1.0,16.0
15297,3.0,14.0
25879,3.0,140.0
30897,9.0,12.0
4787,1.0,14.0
32378,5.0,9.0
29884,4.0,10.0
2779,7.0,17.0
20727,2.0,13.0
2952,,16.0
1078,0.0,2.0
9174,,19.0
20890,1.0,11.0
18738,1.0,17.0
22596,4.0,11.0
22462,0.0,10.0
33498,3.0,17.0
33596,6.0,12.0
43526,3.0,10.0
17070,1.0,12.0
19545,1.0,12.0
4779,,17.0
13147,1.0,18.0
8455,3.0,11.0
27519,3.0,13.0
7724,5.0,12.0
49813,5.0,18.0
13184,0.0,3.0
34001,2.0,15.0
30295,0.0,3.0
40080,2.0,17.0
1289,4.0,14.0
7365,0.0,
10318,2.0,14.0
19746,1.0,9.0
41384,5.0,18.0
47960,3.0,7.0
23062,0.0,3.0
20551,1.0,8.0
24553,2.0,20.0
39350,,11.0
14408,1.0,16.0
17022,4.0,15.0
26813,4.0,17.0
47476,4.0,14.0
43403,3.0,14.0
13906,3.0,6.0
3222,4.0,16.0
44209,2.0,32.0
31630,3.0,12.0
14547,2.0,13.0
11263,2.0,10.0
38313,1.0,13.0
4179,5.0,17.0
21200,1.0,14.0
13701,5.0,11.0
14309,6.0,15.0
48688,1.0,15.0
49601,3.0,12.0
40179,2.0,14.0
41347,3.0,9.0
7368,7.0,7.0
2541,4.0,14.0
28935,,11.0
47694,0.0,10.0
36280,4.0,18.0
29422,5.0,13.0
28797,3.0,10.0
10444,3.0,16.0
27602,3.0,13.0
48921,1.0,12.0
17207,0.0,1.0
36145,3.0,14.0
406,1.0,190.0
29609,3.0,16.0
40754,2.0,10.0
15131,0.0,3.0
32920,,12.0
682,3.0,19.0
21124,6.0,
9583,7.0,
16779,8.0,12.0
49536,,13.0
16021,3.0,13.0
32256,7.0,14.0
28616,2.0,26.0
10989,6.0,12.0
42748,3.0,14.0
11453,3.0,16.0
24272,7.0,16.0
42775,0.0,2.0
39999,3.0,14.0
13120,1.0,11.0
37876,1.0,14.0
38372,1.0,10.0
41836,2.0,12.0
26540,6.0,11.0
42427,2.0,14.0
33846,4.0,19.0
1503,6.0,10.0
14458,1.0,18.0
45864,0.0,4.0
12198,2.0,10.0
9086,0.0,30.0
14355,0.0,11.0
44484,4.0,17.0
18524,4.0,16.0
27772,2.0,10.0
32650,5.0,11.0
34132,0.0,6.0
1287,5.0,12.0
38515,3.0,22.0
28585,3.0,20.0
21438,5.0,9.0
21287,,19.0
26706,,14.0
34105,,17.0
23637,5.0,8.0
11128,,19.0
18568,1.0,16.0
45299,,19.0
8535,2.0,20.0
1815,5.0,17.0
8096,2.0,15.0
36224,2.0,12.0
49301,1.0,15.0
18977,3.0,8.0
20564,3.0,9.0
30656,3.0,17.0
6163,,12.0
13200,4.0,12.0
939,6.0,16.0
29642,5.0,13.0
23741,4.0,16.0
37344,4.0,14.0
42955,1.0,17.0
8119,4.0,28.0
9688,4.0,10.0
49687,3.0,16.0
26549,1.0,9.0
7917,5.0,13.0
14403,3.0,12.0
41481,2.0,23.0
21993,9.0,12.0
35496,6.0,14.0
15408,3.0,7.0
30311,3.0,
44355,4.0,14.0
13907,0.0,3.0
13395,7.0,15.0
3006,3.0,13.0
13366,6.0,15.0
1981,2.0,15.0
32274,5.0,12.0
6866,3.0,15.0
35113,3.0,13.0
20609,3.0,10.0
34900,1.0,11.0
24058,0.0,4.0
36474,4.0,18.0
8617,2.0,13.0
32707,9.0,9.0
41913,1.0,9.0
42853,4.0,11.0
26061,0.0,3.0
2443,1.0,13.0
38897,6.0,19.0
43615,3.0,13.0
1054,0.0,13.0
49537,0.0,1.0
17509,3.0,
13658,2.0,16.0
31476,6.0,14.0
2461,5.0,14.0
1252,2.0,19.0
27456,0.0,3.0
11894,3.0,12.0
48577,2.0,10.0
27761,5.0,14.0
49824,1.0,17.0
19147,2.0,10.0
44691,3.0,13.0
44018,4.0,12.0
45588,4.0,16.0
32188,5.0,12.0
22989,2.0,19.0
34864,1.0,10.0
35586,3.0,14.0
47914,3.0,14.0
39058,4.0,12.0
11668,3.0,9.0
29910,3.0,14.0
26300,2.0,10.0
25488,3.0,11.0
31487,1.0,9.0
48778,3.0,160.0
45429,5.0,11.0
508,1.0,11.0
13140,4.0,14.0
6738,2.0,15.0
45551,5.0,15.0
47267,1.0,16.0
16918,0.0,1.0
30181,7.0,14.0
22490,4.0,11.0
13046,6.0,15.0
45698,3.0,16.0
37664,0.0,15.0
48928,2.0,20.0
49851,6.0,120.0
37882,4.0,20.0
34676,2.0,18.0
47444,4.0,14.0
48013,6.0,13.0
2010,0.0,3.0
9211,0.0,
46298,4.0,12.0
46202,3.0,12.0
11308,0.0,3.0
38918,4.0,9.0
34249,5.0,18.0
44818,1.0,6.0
2304,2.0,11.0
5921,3.0,12.0
3974,4.0,15.0
25614,3.0,13.0
5142,,8.0
36599,7.0,7.0
49942,4.0,19.0
7375,5.0,13.0
9073,6.0,15.0
16161,5.0,13.0
30989,2.0,14.0
40835,5.0,11.0
33663,3.0,20.0
36128,0.0,11.0
3052,4.0,23.0
11593,3.0,10.0
29742,3.0,14.0
16112,4.0,8.0
7451,0.0,4.0
11166,2.0,11.0
1456,7.0,15.0
19096,5.0,17.0
11110,2.0,16.0
10489,,14.0
26553,0.0,0.0
7719,2.0,24.0
24064,3.0,18.0
48611,1.0,12.0
38259,3.0,10.0
19169,2.0,20.0
21622,2.0,100.0
29130,4.0,13.0
21501,1.0,18.0
39626,1.0,6.0
2401,0.0,1.0
33257,2.0,
28364,1.0,9.0
33637,0.0,7.0
39933,2.0,16.0
32788,3.0,13.0
25430,4.0,10.0
19386,4.0,9.0
17558,4.0,10.0
19552,,16.0
4509,5.0,8.0
44594,1.0,16.0
33416,3.0,8.0
6710,6.0,10.0
15085,2.0,
6495,2.0,10.0
37597,4.0,16.0
12673,2.0,17.0
21719,4.0,12.0
49371,3.0,16.0
6496,1.0,11.0
16558,1.0,21.0
30964,4.0,17.0
30776,4.0,10.0
8932,0.0,10.0
30060,3.0,12.0
1963,2.0,10.0
12594,2.0,18.0
2220,6.0,9.0
35494,3.0,16.0
462,4.0,14.0
20809,3.0,17.0
14275,3.0,12.0
28972,4.0,15.0
3156,1.0,140.0
28654,4.0,14.0
13765,1.0,17.0
26807,4.0,14.0
31544,4.0,13.0
39930,6.0,9.0
35554,0.0,1.0
48285,1.0,12.0
4297,2.0,14.0
2426,0.0,16.0
32312,3.0,18.0
15516,4.0,15.0
7163,,15.0
18705,6.0,14.0
860,4.0,15.0
7646,2.0,11.0
1847,6.0,10.0
39017,1.0,10.0
17590,4.0,12.0
35951,1.0,17.0
22878,1.0,14.0
7145,1.0,12.0
37145,4.0,100.0
44955,2.0,11.0
21046,0.0,4.0
30417,4.0,22.0
18799,6.0,170.0
46609,0.0,1.0
9164,0.0,2.0
25171,0.0,6.0
33588,6.0,21.0
33225,0.0,11.0
12500,2.0,19.0
9917,3.0,21.0
11838,0.0,5.0
21322,3.0,13.0
27001,5.0,9.0
45063,3.0,9.0
31779,6.0,12.0
42429,3.0,14.0
46700,6.0,12.0
7755,1.0,18.0
4232,3.0,18.0
26674,1.0,16.0
46094,3.0,80.0
11976,0.0,3.0
45360,5.0,8.0
13702,4.0,9.0
6229,4.0,15.0
34345,5.0,13.0
23160,0.0,3.0
45440,0.0,1.0
49153,5.0,17.0
24637,3.0,14.0
45726,4.0,15.0
4934,2.0,16.0
22005,4.0,17.0
2036,6.0,14.0
49860,3.0,19.0
10105,2.0,14.0
44587,2.0,180.0
11394,4.0,11.0
18689,3.0,13.0
42424,2.0,15.0
2520,5.0,15.0
23602,2.0,
25911,3.0,18.0
32852,0.0,13.0
36976,5.0,11.0
12160,0.0,3.0
40604,2.0,11.0
17865,1.0,13.0
1771,2.0,11.0
42170,1.0,15.0
49019,1.0,120.0
48126,5.0,7.0
5588,3.0,14.0
25391,7.0,10.0
1481,4.0,14.0
10196,4.0,110.0
26333,4.0,18.0
45229,7.0,10.0
410,3.0,15.0
1725,3.0,15.0
33715,3.0,18.0
24633,6.0,17.0
12463,2.0,20.0
48959,7.0,7.0
15492,3.0,11.0
10892,3.0,8.0
12343,4.0,15.0
7915,1.0,14.0
15032,5.0,15.0
2201,3.0,14.0
17769,5.0,19.0
9840,5.0,15.0
44342,6.0,14.0
19485,1.0,16.0
1740,5.0,15.0
14118,2.0,10.0
29342,2.0,13.0
10490,3.0,14.0
20940,4.0,15.0
44749,2.0,15.0
18407,5.0,11.0
48059,1.0,18.0
28442,1.0,16.0
37894,2.0,10.0
33140,3.0,17.0
11983,0.0,13.0
12133,5.0,16.0
16071,6.0,11.0
48288,4.0,18.0
4351,0.0,2.0
19432,3.0,10.0
33426,4.0,13.0
8095,,24.0
5122,2.0,14.0
2071,3.0,16.0
46873,3.0,16.0
5487,0.0,11.0
22633,9.0,11.0
23231,4.0,14.0
39134,5.0,15.0
40545,5.0,16.0
8220,5.0,17.0
36633,2.0,18.0
26337,4.0,14.0
47821,5.0,15.0
5205,1.0,12.0
34356,4.0,13.0
19114,2.0,10.0
16451,5.0,10.0
13676,,8.0
44245,3.0,11.0
36228,2.0,16.0
17727,7.0,10.0
135,0.0,2.0
36550,5.0,18.0
18009,0.0,70.0
36517,3.0,12.0
13506,5.0,11.0
47210,3.0,14.0
2381,0.0,
41667,5.0,10.0
21684,2.0,9.0
8600,2.0,14.0
35105,3.0,15.0
11531,1.0,15.0
12733,2.0,11.0
39447,6.0,13.0
28137,5.0,
24459,4.0,13.0
15551,0.0,5.0
23990,4.0,20.0
23911,1.0,13.0
25803,6.0,8.0
33366,2.0,17.0
5515,0.0,1.0
46605,6.0,10.0
32079,5.0,9.0
49412,4.0,11.0
13499,2.0,15.0
12919,5.0,16.0
14536,5.0,20.0
49558,6.0,9.0
24672,2.0,10.0
20222,0.0,4.0
44332,2.0,6.0
1596,0.0,4.0
26472,5.0,14.0
22418,0.0,2.0
12176,1.0,
26873,2.0,17.0
32828,3.0,10.0
24821,3.0,17.0
6897,8.0,18.0
46529,2.0,14.0
26614,2.0,16.0
29856,0.0,3.0
38830,2.0,10.0
22778,2.0,17.0
38139,3.0,12.0
36358,1.0,10.0
30154,5.0,
2040,1.0,
33450,4.0,14.0
2986,6.0,12.0
45968,4.0,15.0
20427,3.0,15.0
13923,6.0,14.0
25704,3.0,10.0
20477,3.0,15.0
29935,1.0,25.0
30944,2.0,12.0
45526,9.0,16.0
28378,1.0,12.0
15600,4.0,9.0
4683,3.0,15.0
8881,0.0,2.0
46748,4.0,
26341,0.0,18.0
29589,6.0,16.0
33914,7.0,20.0
5425,2.0,12.0
44796,4.0,23.0
40289,5.0,6.0
5731,3.0,12.0
7885,0.0,3.0
35667,4.0,10.0
5182,1.0,9.0
28854,8.0,12.0
43534,1.0,10.0
43063,2.0,10.0
15762,3.0,17.0
3081,4.0,13.0
30084,4.0,17.0
33509,2.0,14.0
41511,5.0,13.0
37961,4.0,9.0
5427,2.0,18.0
184,2.0,17.0
34010,5.0,13.0
19789,3.0,14.0
25885,3.0,21.0
28684,3.0,9.0
27889,3.0,7.0
22264,2.0,11.0
30738,0.0,2.0
2279,5.0,11.0
1837,2.0,15.0
5461,3.0,21.0
2831,2.0,14.0
39299,4.0,10.0
42256,0.0,2.0
35202,2.0,20.0
7270,5.0,15.0
16444,2.0,8.0
28245,6.0,9.0
33506,1.0,14.0
16408,1.0,14.0
5067,3.0,16.0
24115,7.0,11.0
43582,1.0,9.0
15524,4.0,14.0
32481,4.0,17.0
2465,2.0,19.0
30805,1.0,15.0
23436,4.0,12.0
4558,2.0,13.0
29744,4.0,21.0
1578,2.0,100.0
621,,19.0
28065,6.0,25.0
33089,4.0,10.0
30210,5.0,14.0
31148,4.0,19.0
16374,4.0,15.0
28034,1.0,14.0
25342,5.0,8.0
32675,3.0,12.0
43352,2.0,11.0
8883,2.0,10.0
1317,3.0,8.0
31036,3.0,20.0
33704,2.0,10.0
27844,1.0,15.0
24886,0.0,11.0
15046,1.0,16.0
23854,4.0,12.0
10893,,
20061,4.0,12.0
15475,2.0,16.0
21902,2.0,16.0
1831,2.0,
48968,4.0,16.0
23661,2.0,12.0
8728,3.0,17.0
2122,3.0,17.0
47649,5.0,14.0
33031,,10.0
24374,4.0,20.0
22998,4.0,16.0
30441,1.0,10.0
3083,5.0,20.0
23406,1.0,14.0
34050,,17.0
5614,8.0,16.0
149,2.0,13.0
9698,6.0,19.0
40691,5.0,16.0
341,0.0,3.0
952,1.0,14.0
14678,2.0,7.0
27971,4.0,17.0
37958,4.0,16.0
26622,0.0,8.0
93,1.0,12.0
26160,0.0,4.0
5920,5.0,14.0
45764,6.0,18.0
33208,2.0,
24537,3.0,10.0
553,4.0,15.0
3827,5.0,19.0
23559,3.0,12.0
13896,1.0,11.0
24721,4.0,13.0
24454,3.0,20.0
28841,3.0,16.0
9392,4.0,15.0
19633,,17.0
16521,1.0,10.0
4333,2.0,12.0
10848,5.0,23.0
5478,8.0,10.0
21269,2.0,17.0
32138,3.0,9.0
28085,5.0,15.0
16192,6.0,13.0
40284,1.0,16.0
25848,5.0,16.0
34685,2.0,12.0
9877,3.0,12.0
31219,3.0,15.0
41938,3.0,
22612,3.0,12.0
6761,6.0,9.0
21487,4.0,18.0
16416,4.0,15.0
38554,3.0,13.0
16520,6.0,16.0
30935,5.0,14.0
120,0.0,5.0
758,3.0,14.0
5482,0.0,3.0
47239,1.0,19.0
15016,3.0,16.0
7077,4.0,18.0
40586,1.0,15.0
29716,5.0,14.0
39748,1.0,12.0
35214,7.0,24.0
23571,2.0,13.0
45661,0.0,2.0
42562,5.0,14.0
46033,0.0,2.0
25059,3.0,12.0
2414,1.0,16.0
19003,5.0,12.0
48490,4.0,17.0
49491,1.0,18.0
33635,4.0,17.0
29771,2.0,21.0
22161,2.0,9.0
35401,2.0,21.0
49532,2.0,13.0
38609,6.0,7.0
8733,3.0,21.0
3705,2.0,9.0
22351,1.0,10.0
41709,5.0,10.0
15564,3.0,11.0
32311,3.0,13.0
4912,4.0,15.0
43997,3.0,13.0
808,5.0,11.0
38121,1.0,15.0
33390,2.0,18.0
7744,3.0,19.0
41092,1.0,17.0
15749,5.0,16.0
31126,2.0,9.0
45514,,16.0
13259,5.0,16.0
14456,7.0,10.0
48402,5.0,17.0
36812,3.0,11.0
5563,3.0,9.0
14327,3.0,9.0
38151,3.0,15.0
14913,0.0,2.0
20410,1.0,14.0
16697,5.0,13.0
36705,7.0,9.0
29279,0.0,3.0
7083,5.0,17.0
15574,1.0,15.0
3739,0.0,5.0
7677,5.0,19.0
24665,2.0,14.0
28329,4.0,9.0
47201,3.0,11.0
26567,4.0,28.0
18491,2.0,9.0
40103,0.0,2.0
46607,8.0,10.0
42497,2.0,20.0
7846,6.0,16.0
30770,3.0,16.0
8113,1.0,16.0
22762,3.0,24.0
9962,3.0,11.0
3512,2.0,13.0
31415,9.0,21.0
39630,7.0,15.0
7448,6.0,15.0
29976,4.0,15.0
18315,2.0,14.0
49603,2.0,13.0
16828,0.0,7.0
22361,,11.0
5926,1.0,10.0
34808,0.0,10.0
23892,1.0,11.0
4225,4.0,14.0
34875,3.0,11.0
44884,3.0,18.0
14159,5.0,4.0
13431,3.0,12.0
25955,6.0,180.0
1688,3.0,15.0
18365,5.0,15.0
26835,,10.0
20842,4.0,18.0
47785,5.0,10.0
30570,3.0,14.0
18403,6.0,12.0
27800,4.0,10.0
32597,1.0,14.0
44696,0.0,4.0
6195,2.0,16.0
9647,5.0,12.0
45683,6.0,9.0
29289,1.0,16.0
27164,5.0,20.0
16825,2.0,11.0
114,0.0,12.0
24830,4.0,14.0
24135,0.0,2.0
44930,4.0,10.0
11329,0.0,11.0
13358,0.0,8.0
21905,2.0,17.0
47399,5.0,9.0
6524,0.0,14.0
31582,3.0,10.0
9552,7.0,17.0
7734,1.0,9.0
4605,2.0,14.0
25868,5.0,18.0
41491,3.0,11.0
43762,2.0,13.0
22609,3.0,17.0
18498,4.0,15.0
44096,4.0,19.0
33080,4.0,10.0
39701,5.0,15.0
4626,7.0,14.0
12871,3.0,12.0
47023,1.0,11.0
20836,2.0,11.0
4539,4.0,9.0
39425,4.0,14.0
24974,7.0,15.0
15472,1.0,14.0
34662,2.0,14.0
42888,1.0,15.0
5457,,17.0
35408,0.0,3.0
49675,4.0,13.0
7929,0.0,3.0
505,7.0,11.0
15469,0.0,14.0
9436,4.0,14.0
41923,4.0,13.0
228,3.0,13.0
27566,2.0,16.0
10512,2.0,13.0
33406,4.0,12.0
45781,2.0,15.0
47698,3.0,15.0
37977,5.0,15.0
11656,0.0,21.0
39693,3.0,17.0
17913,1.0,12.0
32895,1.0,14.0
44237,5.0,8.0
32693,4.0,14.0
16541,2.0,9.0
48716,2.0,20.0
2717,4.0,11.0
3099,0.0,2.0
19017,7.0,14.0
48655,3.0,15.0
10932,3.0,12.0
35189,4.0,18.0
9793,3.0,9.0
24642,3.0,13.0
16310,1.0,17.0
43248,,17.0
47603,6.0,18.0
40159,1.0,17.0
23672,4.0,13.0
36574,0.0,4.0
13421,6.0,17.0
41297,3.0,13.0
37248,2.0,19.0
37910,1.0,20.0
6789,1.0,12.0
24507,1.0,14.0
4374,3.0,9.0
20844,3.0,12.0
8290,6.0,12.0
6603,5.0,15.0
48917,1.0,18.0
40512,,19.0
41483,4.0,17.0
47370,0.0,6.0
33847,1.0,15.0
3226,3.0,20.0
9720,2.0,15.0
12848,4.0,12.0
6098,3.0,18.0
41111,6.0,130.0
47819,3.0,14.0
11382,2.0,12.0
44026,2.0,15.0
45289,1.0,18.0
16613,,
20203,2.0,11.0
38233,2.0,10.0
34351,6.0,15.0
19639,0.0,10.0
28172,2.0,12.0
42260,1.0,16.0
15272,3.0,15.0
8784,0.0,0.0
22411,6.0,15.0
7354,2.0,6.0
680,,
2627,5.0,15.0
46464,2.0,15.0
29101,0.0,3.0
45198,4.0,8.0
46157,7.0,17.0
36810,5.0,110.0
33799,4.0,16.0
16505,6.0,15.0
30594,2.0,12.0
19944,3.0,9.0
22140,2.0,18.0
1849,6.0,20.0
45293,3.0,12.0
14170,4.0,13.0
29549,5.0,17.0
34526,5.0,17.0
14268,0.0,
17241,5.0,8.0
36197,6.0,17.0
43835,,4.0
39028,3.0,16.0
35639,2.0,14.0
8098,1.0,11.0
33262,0.0,1.0
33837,2.0,17.0
20689,4.0,10.0
31728,5.0,12.0
13481,3.0,15.0
20600,4.0,12.0
3261,6.0,10.0
33129,1.0,12.0
2198,2.0,17.0
7957,3.0,
17390,4.0,16.0
36524,3.0,15.0
7016,5.0,13.0
43448,3.0,15.0
33536,7.0,14.0
19036,1.0,16.0
5092,5.0,14.0
40847,5.0,14.0
24310,1.0,13.0
44025,3.0,11.0
18634,0.0,5.0
43496,0.0,6.0
34741,1.0,15.0
46515,6.0,16.0
48396,4.0,8.0
23461,2.0,14.0
32197,3.0,17.0
21904,1.0,12.0
55,0.0,12.0
32306,3.0,9.0
17608,2.0,8.0
8597,2.0,16.0
41445,,2.0
27394,3.0,11.0
4627,4.0,19.0
20076,0.0,3.0
7489,3.0,16.0
29761,5.0,23.0
155,2.0,21.0
36914,4.0,18.0
24213,2.0,19.0
6840,4.0,14.0
4813,2.0,18.0
1684,1.0,14.0
23038,0.0,2.0
7524,6.0,20.0
49142,2.0,18.0
34647,0.0,1.0
5824,2.0,13.0
17428,5.0,14.0
34711,0.0,2.0
22797,1.0,15.0
47322,,14.0
23388,3.0,16.0
6385,3.0,15.0
26687,5.0,20.0
45602,3.0,19.0
44798,,23.0
12088,2.0,16.0
38327,6.0,17.0
29198,2.0,23.0
16035,5.0,19.0
38404,4.0,13.0
21290,1.0,13.0
34038,4.0,19.0
49757,0.0,4.0
33956,0.0,2.0
43452,1.0,11.0
27869,0.0,3.0
11150,3.0,9.0
6235,0.0,1.0
31982,4.0,16.0
14992,2.0,13.0
24366,2.0,17.0
9080,0.0,4.0
29176,1.0,20.0
24837,0.0,4.0
18306,6.0,15.0
39997,4.0,200.0
10623,4.0,15.0
8888,2.0,11.0
23422,0.0,0.0
39711,0.0,12.0
24296,3.0,15.0
23665,2.0,17.0
32248,3.0,14.0
44538,5.0,14.0
15855,2.0,11.0
17748,5.0,20.0
33214,3.0,13.0
48989,2.0,7.0
34919,3.0,8.0
46713,6.0,16.0
45040,0.0,2.0
22563,3.0,20.0
37146,3.0,15.0
19778,2.0,12.0
31609,5.0,12.0
8770,1.0,13.0
7066,6.0,12.0
18257,1.0,21.0
14137,3.0,
23751,,15.0
34728,3.0,17.0
21403,0.0,0.0
4611,3.0,5.0
28735,2.0,17.0
13029,1.0,13.0
21187,1.0,
37838,4.0,14.0
47505,2.0,14.0
32986,3.0,19.0
30068,6.0,
37250,3.0,13.0
7444,4.0,10.0
22037,3.0,14.0
2763,6.0,18.0
3605,2.0,16.0
3324,2.0,12.0
4902,,18.0
18682,,12.0
26042,0.0,2.0
15511,0.0,12.0
23717,,14.0
34497,5.0,12.0
35247,8.0,13.0
7222,2.0,14.0
35501,8.0,13.0
26916,2.0,17.0
39121,0.0,12.0
38637,2.0,19.0
49701,1.0,15.0
4944,4.0,12.0
3693,1.0,20.0
40972,2.0,12.0
4945,1.0,15.0
19902,6.0,15.0
40912,3.0,14.0
27688,0.0,25.0
18565,3.0,9.0
43860,2.0,15.0
8923,2.0,16.0
31515,4.0,7.0
38463,3.0,17.0
5036,0.0,4.0
24398,3.0,19.0
24283,2.0,15.0
27276,2.0,14.0
16318,0.0,14.0
23781,2.0,17.0
918,3.0,13.0
31945,0.0,4.0
28205,0.0,3.0
23342,6.0,16.0
8448,2.0,16.0
15929,5.0,10.0
33640,1.0,13.0
30045,0.0,3.0
30595,0.0,6.0
8861,1.0,12.0
25896,2.0,17.0
12677,4.0,13.0
11246,2.0,17.0
30784,4.0,14.0
10467,2.0,16.0
3115,0.0,18.0
5383,3.0,160.0
46084,4.0,13.0
35143,0.0,2.0
44631,4.0,16.0
40947,1.0,19.0
43750,0.0,7.0
7114,0.0,1.0
36498,7.0,17.0
21143,5.0,11.0
40440,3.0,9.0
9796,2.0,13.0
5263,5.0,14.0
3142,4.0,3.0
42372,2.0,19.0
35889,7.0,22.0
4649,6.0,12.0
44767,1.0,16.0
40178,1.0,20.0
36731,3.0,15.0
10795,3.0,20.0
13107,4.0,17.0
45985,5.0,15.0
28715,6.0,20.0
21681,5.0,15.0
23667,,25.0
29526,2.0,15.0
44718,5.0,18.0
41349,4.0,9.0
19761,1.0,16.0
20096,3.0,14.0
25766,0.0,3.0
41050,4.0,18.0
16979,1.0,13.0
41122,3.0,21.0
47653,0.0,10.0
13936,7.0,9.0
26920,0.0,19.0
18516,4.0,17.0
13015,3.0,13.0
33267,6.0,18.0
10733,1.0,10.0
12748,1.0,9.0
8131,,10.0
33564,4.0,11.0
22136,5.0,18.0
39179,1.0,18.0
32,0.0,4.0
34699,0.0,2.0
9059,1.0,6.0
7592,2.0,
33417,5.0,
21970,4.0,16.0
20331,0.0,14.0
49015,1.0,11.0
43305,,13.0
6275,5.0,16.0
38095,5.0,10.0
29269,3.0,14.0
4403,4.0,15.0
18215,3.0,210.0
32334,2.0,23.0
42252,1.0,14.0
20445,0.0,3.0
14343,5.0,12.0
30813,2.0,14.0
19029,2.0,9.0
25926,0.0,3.0
5446,3.0,19.0
20386,3.0,9.0
18758,0.0,4.0
27347,1.0,16.0
7339,2.0,21.0
18443,6.0,12.0
40898,3.0,16.0
19759,2.0,16.0
23968,4.0,11.0
30243,2.0,14.0
29843,7.0,13.0
27240,5.0,15.0
27893,2.0,13.0
33479,1.0,16.0
46541,2.0,17.0
3132,,11.0
18539,4.0,18.0
21848,2.0,9.0
27775,6.0,17.0
41685,1.0,18.0
37700,4.0,17.0
6625,1.0,14.0
32814,4.0,14.0
27474,3.0,19.0
28557,3.0,13.0
36803,7.0,13.0
27429,2.0,13.0
41863,3.0,13.0
38841,2.0,12.0
11678,0.0,1.0
29529,1.0,14.0
3894,0.0,2.0
36838,0.0,
20705,0.0,16.0
13958,2.0,11.0
31385,4.0,15.0
14238,3.0,11.0
32822,4.0,11.0
24716,6.0,12.0
26587,2.0,14.0
44092,6.0,13.0
7877,4.0,15.0
26495,5.0,12.0
48539,3.0,16.0
16770,2.0,20.0
45416,2.0,13.0
16568,2.0,14.0
20016,1.0,17.0
36142,8.0,13.0
28673,2.0,17.0
10981,6.0,18.0
44987,0.0,2.0
14090,3.0,9.0
9661,2.0,9.0
45166,1.0,15.0
6377,0.0,4.0
3848,0.0,1.0
18898,3.0,16.0
12033,0.0,1.0
45342,3.0,17.0
10632,3.0,8.0
20123,1.0,20.0
36335,7.0,13.0
35326,3.0,12.0
47083,4.0,8.0
49189,6.0,10.0
39585,3.0,14.0
26656,3.0,13.0
39215,8.0,12.0
39838,0.0,1.0
16677,5.0,10.0
45409,2.0,17.0
2895,10.0,18.0
6403,1.0,16.0
5596,4.0,15.0
18132,,16.0
35893,2.0,12.0
20251,3.0,8.0
41282,2.0,110.0
18621,2.0,22.0
25576,2.0,17.0
3487,4.0,13.0
43584,2.0,15.0
36832,,11.0
46584,0.0,
165,6.0,12.0
18159,2.0,11.0
11801,2.0,20.0
47645,1.0,14.0
10845,,21.0
33162,7.0,13.0
32909,1.0,9.0
44413,5.0,14.0
41917,1.0,18.0
38912,2.0,18.0
38570,4.0,11.0
12259,2.0,7.0
38027,1.0,10.0
40056,5.0,17.0
27985,2.0,11.0
33082,3.0,13.0
48152,2.0,16.0
11287,,17.0
268,3.0,11.0
27385,4.0,9.0
17672,1.0,15.0
33469,0.0,2.0
33781,2.0,10.0
1339,3.0,18.0
20225,5.0,13.0
12336,4.0,15.0
38723,4.0,19.0
49098,5.0,11.0
19303,1.0,21.0
9171,1.0,15.0
40259,0.0,20.0
11292,1.0,16.0
32587,6.0,18.0
47755,3.0,26.0
1140,1.0,15.0
14908,,11.0
34777,,13.0
30891,2.0,11.0
5559,1.0,17.0
45624,6.0,21.0
42250,5.0,8.0
5964,3.0,15.0
42627,3.0,15.0
15497,2.0,16.0
5815,2.0,20.0
5892,3.0,15.0
18583,4.0,12.0
31753,2.0,11.0
27121,2.0,18.0
46080,4.0,14.0
3421,4.0,13.0
41717,3.0,11.0
5742,2.0,16.0
37513,0.0,9.0
49899,5.0,
28090,3.0,17.0
27278,4.0,16.0
29513,2.0,15.0
1510,3.0,13.0
8465,4.0,12.0
14755,0.0,2.0
49797,5.0,14.0
43742,6.0,14.0
49679,1.0,13.0
17532,3.0,17.0
665,1.0,16.0
30220,5.0,17.0
17073,4.0,13.0
29709,2.0,15.0
38290,,11.0
16079,1.0,16.0
8213,0.0,2.0
9451,3.0,16.0
40420,0.0,2.0
13841,,1.0
17983,3.0,13.0
40696,3.0,12.0
49561,2.0,10.0
30110,1.0,24.0
666,3.0,12.0
1632,1.0,17.0
37940,0.0,12.0
32327,0.0,4.0
963,2.0,10.0
32972,5.0,15.0
45141,3.0,20.0
35453,4.0,22.0
45005,1.0,10.0
24647,2.0,14.0
48622,3.0,7.0
1681,4.0,18.0
25475,5.0,12.0
19663,0.0,7.0
32465,4.0,14.0
49877,0.0,13.0
40583,4.0,18.0
47362,4.0,16.0
33731,,18.0
40483,4.0,150.0
31658,3.0,16.0
7064,1.0,12.0
18099,4.0,11.0
32331,3.0,12.0
36786,4.0,17.0
39395,0.0,15.0
37690,0.0,4.0
39254,5.0,12.0
20518,3.0,19.0
22282,,14.0
39219,0.0,
25341,6.0,14.0
33057,3.0,16.0
42446,5.0,12.0
20021,2.0,18.0
35837,4.0,18.0
75,3.0,18.0
12672,4.0,12.0
38171,4.0,12.0
5990,5.0,10.0
21153,1.0,9.0
48350,2.0,10.0
30015,6.0,13.0
35651,5.0,16.0
31163,1.0,12.0
12448,5.0,12.0
41915,3.0,8.0
33760,5.0,14.0
38858,5.0,11.0
42517,3.0,8.0
7675,4.0,16.0
7159,2.0,18.0
22079,2.0,13.0
48385,6.0,11.0
2513,3.0,22.0
25798,1.0,10.0
25950,2.0,15.0
17665,5.0,9.0
486,0.0,5.0
4772,4.0,15.0
21535,2.0,14.0
14219,2.0,15.0
45722,2.0,13.0
14901,3.0,17.0
42720,3.0,15.0
22201,4.0,19.0
23860,0.0,16.0
13760,3.0,13.0
39446,3.0,11.0
24076,5.0,21.0
15515,5.0,11.0
6115,2.0,16.0
12046,1.0,10.0
28986,1.0,14.0
39148,0.0,18.0
36793,0.0,4.0
15783,5.0,19.0
37651,4.0,15.0
43720,0.0,1.0
16412,2.0,10.0
4325,5.0,9.0
42571,3.0,15.0
38930,2.0,9.0
33569,3.0,13.0
25662,5.0,14.0
31025,5.0,14.0
27123,2.0,13.0
20979,7.0,13.0
41596,3.0,11.0
41189,2.0,12.0
1005,3.0,9.0
20145,2.0,8.0
3559,4.0,12.0
46976,0.0,17.0
39871,5.0,10.0
18359,1.0,11.0
27799,2.0,13.0
35385,1.0,18.0
36725,1.0,20.0
19666,4.0,13.0
3636,3.0,18.0
36904,3.0,13.0
35197,0.0,2.0
45671,3.0,10.0
4598,3.0,20.0
10853,4.0,13.0
32340,2.0,21.0
284,3.0,16.0
48859,5.0,8.0
29126,1.0,10.0
44608,,4.0
23103,3.0,19.0
15839,0.0,17.0
29444,4.0,15.0
8305,6.0,15.0
2335,6.0,10.0
24446,1.0,12.0
10796,,17.0
4757,0.0,1.0
29186,0.0,1.0
3922,4.0,19.0
965,,4.0
47969,5.0,15.0
14490,4.0,10.0
47905,2.0,16.0
8059,4.0,12.0
47359,3.0,14.0
33994,4.0,21.0
42321,0.0,7.0
30593,9.0,10.0
43095,4.0,12.0
25652,0.0,2.0
8486,0.0,16.0
6531,0.0,3.0
32266,1.0,13.0
23797,4.0,14.0
44995,3.0,12.0
28421,3.0,12.0
27864,3.0,15.0
9023,2.0,8.0
28692,7.0,20.0
28039,1.0,11.0
35527,6.0,13.0
7569,5.0,19.0
37363,0.0,3.0
39866,2.0,13.0
37034,5.0,17.0
49882,6.0,17.0
7598,0.0,2.0
27325,5.0,16.0
39665,4.0,16.0
24127,4.0,19.0
8311,5.0,13.0
6256,3.0,13.0
17228,4.0,12.0
40026,3.0,13.0
29939,5.0,10.0
5508,2.0,19.0
1875,0.0,19.0
36281,1.0,11.0
4689,0.0,2.0
4011,3.0,12.0
19212,4.0,11.0
40830,1.0,13.0
14500,2.0,15.0
11461,5.0,8.0
34225,3.0,20.0
32840,0.0,3.0
10577,4.0,15.0
6939,1.0,9.0
27735,1.0,15.0
6605,1.0,18.0
6943,2.0,16.0
24111,3.0,18.0
37152,4.0,14.0
6428,6.0,14.0
46558,3.0,16.0
12080,2.0,11.0
41720,4.0,14.0
34998,3.0,13.0
6918,0.0,4.0
41101,4.0,16.0
33798,5.0,14.0
25781,4.0,17.0
28562,0.0,4.0
36560,2.0,7.0
14377,,12.0
30066,2.0,
24757,5.0,18.0
32691,2.0,25.0
13145,0.0,1.0
32541,2.0,13.0
36451,1.0,16.0
42357,7.0,16.0
27221,4.0,15.0
47103,3.0,12.0
18052,5.0,3.0
14088,3.0,18.0
27406,1.0,15.0
36311,5.0,
39488,3.0,17.0
24836,0.0,3.0
32165,5.0,
2518,0.0,14.0
19476,6.0,14.0
41689,4.0,21.0
4150,4.0,25.0
45407,7.0,16.0
3460,4.0,10.0
9787,3.0,12.0
9349,3.0,8.0
5249,4.0,7.0
40684,4.0,14.0
27524,0.0,14.0
48602,,15.0
11950,8.0,16.0
1773,0.0,5.0
40881,4.0,21.0
16401,2.0,10.0
34293,6.0,11.0
21677,2.0,15.0
39968,2.0,12.0
29874,1.0,15.0
39118,4.0,12.0
38497,6.0,15.0
10812,3.0,11.0
42299,2.0,11.0
355,2.0,16.0
20745,6.0,18.0
39539,3.0,7.0
48359,5.0,16.0
23691,0.0,3.0
9930,2.0,14.0
8970,2.0,11.0
26482,3.0,10.0
43895,2.0,12.0
4383,2.0,13.0
40129,2.0,18.0
35613,3.0,17.0
13323,2.0,15.0
39104,3.0,13.0
39050,2.0,15.0
49210,0.0,10.0
5309,5.0,21.0
47224,2.0,13.0
48628,6.0,20.0
34119,3.0,7.0
25249,6.0,15.0
18604,,15.0
44379,2.0,10.0
6785,5.0,16.0
34734,6.0,16.0
3179,3.0,16.0
34330,0.0,11.0
22215,4.0,20.0
24224,5.0,10.0
33139,0.0,3.0
28294,,15.0
35205,1.0,7.0
40582,5.0,16.0
35357,,13.0
37591,,6.0
48830,0.0,13.0
17682,1.0,7.0
25770,1.0,16.0
15453,4.0,12.0
47959,3.0,16.0
31653,5.0,17.0
19313,3.0,14.0
49646,7.0,12.0
3331,2.0,6.0
12106,0.0,11.0
36903,3.0,15.0
32928,5.0,12.0
28948,4.0,15.0
19831,3.0,11.0
46204,4.0,14.0
22385,4.0,140.0
9517,2.0,23.0
24149,3.0,14.0
6040,3.0,15.0
27030,2.0,13.0
4002,4.0,14.0
25663,2.0,10.0
27256,1.0,17.0
9229,0.0,4.0
34502,2.0,11.0
34675,2.0,16.0
5711,2.0,12.0
6420,1.0,18.0
35161,1.0,13.0
38187,2.0,16.0
23765,7.0,10.0
25105,5.0,14.0
19100,2.0,21.0
27569,2.0,14.0
49968,3.0,13.0
21216,4.0,9.0
24707,2.0,11.0
48110,3.0,8.0
18011,5.0,12.0
3804,3.0,16.0
7252,5.0,16.0
27175,2.0,18.0
36701,5.0,16.0
19978,8.0,10.0
40211,1.0,14.0
49477,2.0,14.0
23553,4.0,9.0
32381,4.0,14.0
40090,5.0,7.0
6136,2.0,9.0
11031,2.0,10.0
29841,4.0,160.0
17076,,
7655,8.0,11.0
8472,3.0,12.0
45146,9.0,9.0
21405,6.0,16.0
11762,6.0,14.0
35118,4.0,14.0
37126,3.0,11.0
34479,2.0,19.0
28555,1.0,10.0
647,4.0,110.0
873,3.0,12.0
27690,3.0,12.0
22378,2.0,14.0
42090,6.0,11.0
37778,5.0,14.0
39951,3.0,15.0
9038,4.0,17.0
17779,5.0,13.0
9851,7.0,17.0
5951,2.0,17.0
27750,6.0,9.0
17446,3.0,11.0
17410,3.0,25.0
34933,0.0,3.0
41388,5.0,11.0
12090,0.0,2.0
4717,5.0,16.0
32386,2.0,16.0
14035,2.0,15.0
12165,4.0,15.0
24290,1.0,17.0
46149,3.0,12.0
32509,6.0,13.0
35146,2.0,12.0
23992,2.0,17.0
46647,5.0,12.0
32008,,14.0
10847,3.0,17.0
11429,4.0,12.0
15701,2.0,10.0
41316,4.0,10.0
3068,2.0,14.0
43037,5.0,16.0
19948,1.0,18.0
42959,3.0,10.0
16230,3.0,17.0
42432,1.0,14.0
32297,6.0,16.0
19641,4.0,9.0
704,2.0,14.0
27777,3.0,19.0
45829,0.0,15.0
41872,0.0,
3252,3.0,20.0
21703,,13.0
9414,3.0,14.0
11358,,15.0
24963,5.0,14.0
3697,4.0,12.0
3935,4.0,
25439,0.0,4.0
14204,5.0,12.0
10536,0.0,3.0
22224,3.0,13.0
7685,4.0,19.0
13720,4.0,11.0
30855,1.0,14.0
9956,2.0,17.0
49126,4.0,14.0
1779,3.0,21.0
29806,3.0,13.0
36960,4.0,18.0
25946,1.0,14.0
5517,0.0,2.0
15224,4.0,10.0
43606,3.0,13.0
35842,2.0,13.0
17889,8.0,14.0
6762,0.0,1.0
34908,0.0,2.0
19020,5.0,9.0
164,,14.0
46612,3.0,9.0
42285,3.0,110.0
10697,2.0,18.0
34493,2.0,13.0
20943,3.0,16.0
24883,0.0,3.0
14649,3.0,18.0
24681,3.0,12.0
46966,2.0,7.0
2183,5.0,25.0
11198,1.0,14.0
48156,2.0,13.0
6219,3.0,9.0
6797,2.0,18.0
37784,1.0,16.0
11228,2.0,17.0
26119,3.0,18.0
11660,4.0,14.0
38066,3.0,12.0
26524,3.0,15.0
1297,7.0,10.0
5765,0.0,2.0
5525,1.0,15.0
7864,1.0,13.0
33348,5.0,16.0
43855,5.0,15.0
13903,2.0,12.0
16453,0.0,2.0
41758,4.0,17.0
32694,0.0,2.0
11833,0.0,4.0
7599,2.0,15.0
3044,2.0,190.0
34618,5.0,23.0
43630,5.0,17.0
6680,2.0,13.0
23809,2.0,13.0
8366,0.0,4.0
38989,4.0,8.0
7313,0.0,2.0
17710,2.0,11.0
42019,5.0,18.0
3268,3.0,20.0
3619,4.0,15.0
37268,,11.0
32628,5.0,19.0
47287,1.0,20.0
2454,2.0,14.0
16513,2.0,17.0
33955,0.0,4.0
6593,4.0,14.0
859,4.0,130.0
48651,0.0,2.0
8551,3.0,14.0
47028,3.0,9.0
31437,6.0,14.0
32155,6.0,10.0
30378,0.0,3.0
487,2.0,8.0
38057,6.0,16.0
28763,3.0,17.0
967,3.0,
49977,0.0,4.0
26085,3.0,13.0
18034,1.0,14.0
36720,4.0,15.0
40785,4.0,20.0
45921,2.0,
69,3.0,21.0
5624,3.0,11.0
5676,3.0,12.0
19499,2.0,15.0
48033,1.0,9.0
22384,3.0,12.0
44455,1.0,22.0
49544,4.0,21.0
29807,4.0,10.0
13641,2.0,7.0
13048,7.0,11.0
34453,4.0,18.0
21974,0.0,2.0
35739,5.0,12.0
1051,1.0,15.0
36339,3.0,12.0
24562,2.0,11.0
35381,2.0,11.0
14884,4.0,15.0
42380,0.0,13.0
22394,1.0,
25529,3.0,7.0
32423,5.0,21.0
10953,2.0,18.0
34584,2.0,17.0
47639,3.0,15.0
40320,2.0,13.0
5856,1.0,16.0
22701,6.0,11.0
523,2.0,15.0
14890,2.0,11.0
9185,1.0,16.0
16710,2.0,19.0
13504,4.0,17.0
31076,2.0,9.0
18908,6.0,16.0
25703,4.0,12.0
38946,0.0,6.0
35783,1.0,15.0
7752,4.0,12.0
7849,2.0,10.0
47256,2.0,16.0
26722,4.0,11.0
28095,3.0,13.0
16201,2.0,14.0
32553,4.0,12.0
5014,5.0,10.0
49420,3.0,10.0
34261,3.0,9.0
11989,5.0,6.0
44801,3.0,15.0
34455,4.0,10.0
29360,4.0,17.0
24077,3.0,12.0
14455,6.0,10.0
7605,2.0,13.0
21948,0.0,5.0
28730,2.0,17.0
28373,0.0,1.0
13872,1.0,15.0
16276,4.0,17.0
10976,2.0,11.0
34188,3.0,
11707,5.0,18.0
48738,0.0,20.0
48696,5.0,18.0
600,4.0,17.0
41464,3.0,9.0
26219,4.0,14.0
12067,6.0,10.0
3928,2.0,18.0
43444,6.0,17.0
37848,,23.0
13567,1.0,160.0
474,3.0,18.0
3752,2.0,14.0
8108,3.0,14.0
33710,4.0,10.0
36507,2.0,17.0
13623,4.0,21.0
38346,5.0,13.0
48039,6.0,20.0
43624,2.0,120.0
12141,4.0,12.0
8107,3.0,18.0
24288,3.0,8.0
2920,0.0,11.0
48995,1.0,16.0
40281,5.0,13.0
25886,3.0,14.0
15215,7.0,160.0
40644,4.0,14.0
44886,2.0,17.0
5605,0.0,1.0
21126,5.0,18.0
34494,3.0,9.0
18387,2.0,13.0
44712,,6.0
42317,5.0,19.0
4025,5.0,19.0
19689,0.0,7.0
37982,3.0,11.0
42265,5.0,14.0
33311,6.0,12.0
38130,1.0,10.0
21754,2.0,12.0
30396,2.0,16.0
25328,4.0,10.0
15220,1.0,13.0
20340,1.0,17.0
37168,5.0,13.0
48230,0.0,3.0
34732,2.0,18.0
9812,5.0,17.0
22932,0.0,5.0
5834,5.0,15.0
13424,3.0,24.0
11134,0.0,4.0
17718,3.0,12.0
25052,4.0,19.0
1039,5.0,15.0
26235,7.0,21.0
15973,2.0,13.0
3020,3.0,9.0
18938,2.0,
39821,6.0,16.0
43415,1.0,10.0
23083,5.0,12.0
35513,3.0,11.0
45433,0.0,2.0
6512,,23.0
49742,0.0,1.0
8649,3.0,150.0
4597,3.0,10.0
30030,3.0,9.0
4939,0.0,2.0
3219,3.0,
17389,3.0,13.0
24696,4.0,10.0
33867,0.0,13.0
11451,5.0,9.0
42746,2.0,13.0
20135,4.0,15.0
36461,2.0,15.0
3437,3.0,13.0
43571,0.0,13.0
545,3.0,15.0
4226,0.0,2.0
49231,0.0,4.0
2613,3.0,8.0
47391,3.0,14.0
40821,5.0,18.0
24407,3.0,9.0
40286,6.0,14.0
36179,8.0,9.0
5751,0.0,5.0
48370,5.0,19.0
47697,4.0,15.0
48322,4.0,17.0
2285,0.0,4.0
33494,2.0,14.0
30717,4.0,12.0
19628,4.0,13.0
39880,2.0,130.0
38297,0.0,2.0
41385,3.0,11.0
9123,2.0,12.0
19069,2.0,14.0
9953,2.0,21.0
35283,5.0,14.0
5113,0.0,1.0
24540,4.0,13.0
17162,3.0,21.0
42200,3.0,17.0
31592,2.0,21.0
27398,,9.0
8783,1.0,15.0
278,4.0,11.0
47451,4.0,14.0
40324,3.0,16.0
25839,4.0,13.0
16936,3.0,
40089,3.0,12.0
40758,2.0,14.0
47690,4.0,12.0
1800,0.0,4.0
45708,7.0,13.0
49408,5.0,17.0
29703,5.0,16.0
20730,6.0,14.0
43365,5.0,18.0
13271,1.0,18.0
6545,9.0,14.0
20888,2.0,12.0
33342,4.0,10.0
47992,1.0,9.0
21174,0.0,1.0
5498,3.0,19.0
16983,3.0,15.0
19304,1.0,12.0
14291,3.0,20.0
29299,6.0,14.0
10465,,3.0
35316,3.0,20.0
18931,4.0,20.0
49989,4.0,13.0
34381,5.0,
35555,3.0,10.0
19152,4.0,9.0
49141,3.0,9.0
1004,2.0,12.0
33056,5.0,13.0
8978,3.0,12.0
34969,4.0,17.0
42310,3.0,11.0
25587,3.0,23.0
19137,3.0,14.0
3420,3.0,12.0
31828,1.0,15.0
2124,0.0,1.0
25568,3.0,12.0
20587,5.0,23.0
36829,4.0,80.0
41794,2.0,13.0
36423,1.0,14.0
24746,4.0,16.0
21995,4.0,11.0
41091,0.0,4.0
38336,0.0,2.0
43757,2.0,13.0
1378,4.0,16.0
19187,0.0,1.0
39833,8.0,17.0
36039,7.0,19.0
25849,3.0,3.0
39308,2.0,14.0
31230,,16.0
24208,1.0,17.0
7093,2.0,12.0
18762,5.0,7.0
43793,0.0,11.0
11036,4.0,16.0
12308,4.0,14.0
15861,1.0,12.0
653,0.0,4.0
48618,4.0,13.0
11466,6.0,23.0
7791,1.0,14.0
871,5.0,8.0
32255,6.0,17.0
33368,4.0,10.0
45533,3.0,14.0
38844,0.0,0.0
650,5.0,9.0
23830,4.0,8.0
28532,2.0,17.0
9526,0.0,3.0
35294,1.0,14.0
18253,4.0,10.0
13562,1.0,14.0
24790,0.0,11.0
16265,5.0,10.0
45327,2.0,16.0
16532,1.0,19.0
9272,2.0,10.0
41635,4.0,18.0
10083,7.0,18.0
4583,4.0,19.0
31875,3.0,17.0
31950,5.0,14.0
47731,5.0,12.0
38036,1.0,21.0
46945,6.0,10.0
35199,2.0,7.0
40268,5.0,12.0
4812,5.0,13.0
9534,0.0,24.0
18555,2.0,16.0
40840,3.0,13.0
39237,2.0,16.0
27390,6.0,16.0
28499,2.0,15.0
38916,4.0,5.0
28658,4.0,18.0
13814,1.0,15.0
37330,2.0,14.0
24497,4.0,9.0
13987,5.0,15.0
29764,5.0,13.0
49778,3.0,14.0
7667,6.0,16.0
19420,1.0,15.0
32606,2.0,5.0
14300,2.0,12.0
47325,4.0,9.0
40862,3.0,14.0
40788,0.0,5.0
15484,6.0,24.0
19235,3.0,8.0
27850,1.0,14.0
46284,1.0,21.0
42124,4.0,11.0
29545,0.0,0.0
20965,2.0,17.0
47672,4.0,17.0
8677,0.0,5.0
18796,5.0,180.0
34764,2.0,16.0
3791,5.0,8.0
46431,0.0,5.0
31432,4.0,13.0
40736,4.0,14.0
43170,6.0,22.0
45400,0.0,2.0
42121,3.0,17.0
33070,1.0,11.0
35969,4.0,14.0
48537,3.0,
2428,1.0,18.0
17187,2.0,17.0
31221,0.0,17.0
22921,2.0,17.0
1458,0.0,5.0
21576,0.0,5.0
34637,3.0,19.0
39462,1.0,13.0
42744,3.0,15.0
48075,2.0,15.0
16030,4.0,14.0
12071,3.0,11.0
42064,4.0,18.0
30174,2.0,13.0
18731,5.0,15.0
13823,3.0,17.0
7871,3.0,10.0
31602,2.0,13.0
29916,1.0,14.0
28212,3.0,13.0
10163,2.0,24.0
41474,3.0,9.0
23795,4.0,8.0
8788,3.0,16.0
7712,5.0,13.0
36500,0.0,3.0
12236,1.0,19.0
14440,2.0,11.0
15825,1.0,16.0
24293,3.0,21.0
12131,3.0,22.0
48916,2.0,12.0
11712,0.0,19.0
40675,2.0,15.0
8097,2.0,15.0
22341,1.0,16.0
11840,0.0,4.0
37935,3.0,16.0
41588,4.0,15.0
27895,2.0,14.0
23483,0.0,3.0
33844,4.0,17.0
6090,2.0,7.0
33465,4.0,16.0
39250,6.0,11.0
49662,4.0,11.0
6242,,16.0
49199,0.0,8.0
44249,5.0,17.0
49481,2.0,10.0
2247,1.0,15.0
4007,3.0,14.0
49754,0.0,16.0
35452,1.0,18.0
988,7.0,7.0
31341,0.0,14.0
36272,4.0,11.0
47407,4.0,12.0
18800,2.0,8.0
2331,3.0,10.0
47058,5.0,20.0
11196,6.0,8.0
32585,0.0,2.0
21492,,19.0
28425,5.0,12.0
4979,3.0,9.0
35940,4.0,11.0
20028,2.0,13.0
29207,1.0,11.0
36098,1.0,12.0
13809,1.0,
9102,2.0,20.0
25373,4.0,15.0
21376,3.0,11.0
22360,2.0,140.0
29220,6.0,13.0
36002,1.0,10.0
30362,2.0,16.0
36598,2.0,5.0
32750,4.0,19.0
14644,2.0,15.0
11088,3.0,13.0
347,3.0,
39069,4.0,10.0
16208,2.0,16.0
26628,1.0,17.0
45749,4.0,20.0
10209,4.0,13.0
16317,0.0,2.0
4799,3.0,15.0
13721,3.0,9.0
7686,2.0,12.0
34071,4.0,11.0
19395,4.0,5.0
9269,1.0,29.0
38440,4.0,14.0
31442,1.0,12.0
48730,0.0,13.0
25520,7.0,13.0
13913,0.0,5.0
45571,0.0,1.0
23561,4.0,6.0
48627,2.0,9.0
27930,5.0,13.0
38131,6.0,8.0
46160,4.0,11.0
25304,3.0,19.0
26803,4.0,14.0
11884,3.0,16.0
2273,3.0,13.0
21057,4.0,18.0
19308,2.0,16.0
25065,3.0,9.0
17204,1.0,11.0
30394,0.0,5.0
41559,1.0,15.0
3884,4.0,
46275,5.0,19.0
32645,2.0,7.0
33876,1.0,10.0
1799,5.0,19.0
33308,1.0,19.0
964,3.0,10.0
27289,4.0,18.0
15585,0.0,4.0
10895,2.0,8.0
1788,5.0,17.0
7606,2.0,13.0
34443,7.0,13.0
34504,3.0,10.0
35680,2.0,13.0
23204,3.0,15.0
38195,2.0,12.0
45816,0.0,3.0
5933,3.0,14.0
25895,1.0,19.0
25873,4.0,9.0
9028,5.0,11.0
2166,0.0,2.0
2235,5.0,18.0
8171,0.0,7.0
8157,2.0,13.0
27312,3.0,16.0
16848,0.0,1.0
14994,4.0,15.0
49128,2.0,14.0
11058,4.0,12.0
6122,5.0,12.0
25446,2.0,12.0
23224,8.0,16.0
47925,2.0,12.0
5228,4.0,19.0
47193,1.0,6.0
19515,3.0,19.0
38217,0.0,0.0
7347,2.0,7.0
27372,3.0,13.0
35778,0.0,4.0
12659,3.0,23.0
26662,4.0,10.0
28484,4.0,18.0
37698,4.0,12.0
14281,4.0,19.0
27573,1.0,9.0
29762,6.0,
38632,3.0,13.0
1780,3.0,17.0
36492,2.0,13.0
31834,1.0,13.0
25758,4.0,13.0
17449,1.0,13.0
47030,4.0,14.0
15454,1.0,18.0
32984,3.0,7.0
28191,0.0,6.0
31196,2.0,8.0
23591,0.0,4.0
16148,4.0,13.0
37332,0.0,2.0
38820,4.0,22.0
9701,4.0,15.0
11778,5.0,10.0
21044,6.0,11.0
28700,3.0,13.0
34643,0.0,2.0
28018,2.0,8.0
21822,3.0,14.0
27008,0.0,8.0
26502,4.0,16.0
48869,2.0,8.0
40084,4.0,19.0
20649,5.0,10.0
11370,3.0,13.0
4368,0.0,11.0
3553,2.0,20.0
34120,5.0,14.0
45465,7.0,12.0
34310,4.0,13.0
32851,2.0,17.0
26663,2.0,17.0
13893,5.0,16.0
38017,4.0,12.0
33916,1.0,18.0
29521,4.0,14.0
11544,1.0,9.0
2436,4.0,21.0
33245,3.0,12.0
42834,4.0,17.0
29013,4.0,16.0
36935,7.0,11.0
16386,3.0,27.0
19397,2.0,19.0
47204,4.0,13.0
20384,2.0,12.0
10071,2.0,10.0
17830,4.0,15.0
36277,0.0,0.0
29484,4.0,14.0
4888,2.0,11.0
16452,2.0,15.0
40452,4.0,11.0
3536,6.0,13.0
24487,4.0,16.0
36902,1.0,15.0
8960,2.0,17.0
10553,2.0,8.0
43886,7.0,12.0
34534,,18.0
28453,0.0,2.0
7393,1.0,17.0
10786,2.0,19.0
1150,3.0,19.0
42973,5.0,11.0
6870,5.0,11.0
35722,2.0,11.0
21765,3.0,16.0
31520,7.0,15.0
33240,4.0,18.0
14873,5.0,19.0
43626,6.0,9.0
45200,3.0,25.0
20237,0.0,18.0
43470,3.0,12.0
15031,0.0,6.0
37314,5.0,14.0
14578,2.0,13.0
6203,,15.0
17812,2.0,12.0
38980,6.0,14.0
26013,0.0,11.0
46943,0.0,2.0
35703,0.0,60.0
33346,,18.0
36246,3.0,17.0
31339,0.0,5.0
42489,2.0,12.0
5934,3.0,13.0
25348,3.0,16.0
21420,4.0,14.0
2281,5.0,21.0
29295,5.0,18.0
39223,6.0,13.0
15951,3.0,19.0
44324,2.0,10.0
33445,0.0,3.0
8348,4.0,16.0
16968,5.0,14.0
44678,1.0,20.0
42606,3.0,20.0
9227,3.0,13.0
49035,6.0,12.0
22903,0.0,60.0
10324,4.0,12.0
33436,4.0,16.0
23785,0.0,13.0
28815,2.0,13.0
22938,2.0,13.0
14325,3.0,12.0
25224,2.0,15.0
6830,4.0,15.0
5687,2.0,18.0
24316,7.0,12.0
2790,1.0,17.0
47284,0.0,2.0
7142,9.0,13.0
44361,4.0,18.0
44605,2.0,9.0
41562,3.0,20.0
15509,8.0,10.0
14254,2.0,13.0
29722,0.0,14.0
26664,5.0,19.0
13948,2.0,10.0
25723,2.0,12.0
9681,7.0,14.0
35926,2.0,12.0
45725,6.0,11.0
35239,1.0,12.0
11996,2.0,16.0
22917,1.0,14.0
29117,9.0,12.0
20048,4.0,18.0
15577,5.0,13.0
30202,0.0,4.0
26749,1.0,17.0
1838,4.0,18.0
48016,0.0,4.0
29183,0.0,3.0
31863,7.0,26.0
20540,5.0,22.0
30766,3.0,11.0
16405,3.0,15.0
8441,0.0,4.0
30165,3.0,14.0
46171,5.0,11.0
24853,2.0,17.0
11033,1.0,18.0
24116,2.0,14.0
9044,3.0,8.0
1519,0.0,3.0
5147,0.0,10.0
35540,2.0,11.0
36754,0.0,1.0
3443,3.0,16.0
16977,3.0,15.0
40618,2.0,16.0
11273,5.0,20.0
46198,2.0,12.0
7198,2.0,12.0
26831,1.0,13.0
24327,2.0,6.0
44170,2.0,12.0
26192,,11.0
45538,1.0,12.0
25775,6.0,13.0
27951,6.0,15.0
44278,0.0,1.0
8477,1.0,13.0
4343,6.0,15.0
31154,2.0,22.0
31747,1.0,17.0
23536,3.0,12.0
33347,1.0,13.0
15306,,18.0
17305,7.0,12.0
38264,3.0,11.0
2680,5.0,12.0
3051,3.0,17.0
49237,3.0,15.0
28787,4.0,15.0
33553,1.0,10.0
26841,2.0,18.0
30562,1.0,12.0
46951,3.0,
30347,0.0,13.0
27900,3.0,15.0
19815,,11.0
23644,6.0,15.0
30012,2.0,14.0
29852,4.0,16.0
27509,4.0,18.0
11440,0.0,3.0
11348,2.0,19.0
48805,2.0,21.0
29574,3.0,14.0
18991,0.0,2.0
15815,4.0,10.0
42477,3.0,
4094,3.0,12.0
42347,7.0,9.0
14557,3.0,14.0
821,1.0,16.0
845,2.0,13.0
12328,0.0,0.0
38318,2.0,10.0
34731,7.0,12.0
36400,3.0,8.0
5292,3.0,19.0
6270,1.0,17.0
30725,1.0,16.0
31585,2.0,10.0
5382,6.0,14.0
12019,4.0,13.0
12747,3.0,8.0
15531,3.0,6.0
917,3.0,13.0
39278,3.0,11.0
30466,3.0,12.0
46254,3.0,14.0
29662,3.0,18.0
19792,2.0,12.0
2510,2.0,11.0
18495,1.0,14.0
1591,4.0,13.0
7854,0.0,3.0
7147,5.0,22.0
6942,0.0,17.0
30019,4.0,9.0
24048,1.0,13.0
35834,3.0,11.0
4364,0.0,2.0
16654,6.0,13.0
33840,,18.0
32464,3.0,9.0
26986,4.0,15.0
7983,4.0,13.0
35641,2.0,15.0
13013,5.0,19.0
1351,5.0,20.0
7463,0.0,9.0
34847,1.0,10.0
22157,4.0,15.0
6005,2.0,17.0
19122,3.0,18.0
17915,0.0,2.0
2377,2.0,9.0
10481,5.0,15.0
11815,0.0,2.0
12380,6.0,13.0
46015,5.0,17.0
39928,4.0,14.0
41601,0.0,1.0
23679,0.0,12.0
8267,0.0,5.0
6650,4.0,21.0
42669,2.0,15.0
10869,5.0,14.0
36557,3.0,13.0
44753,5.0,14.0
11001,2.0,23.0
17554,0.0,6.0
43269,1.0,20.0
32957,3.0,17.0
21326,3.0,14.0
23763,1.0,11.0
26237,0.0,2.0
47236,7.0,13.0
34626,3.0,11.0
1184,3.0,11.0
28640,2.0,18.0
11803,6.0,13.0
16778,1.0,6.0
16788,1.0,16.0
14528,4.0,10.0
34982,0.0,7.0
6458,5.0,16.0
37720,3.0,13.0
37525,5.0,13.0
21207,,12.0
14556,4.0,14.0
30504,2.0,14.0
31614,4.0,13.0
48276,5.0,16.0
425,1.0,12.0
45091,4.0,15.0
25776,3.0,12.0
42495,0.0,19.0
47180,,13.0
49779,0.0,18.0
33894,6.0,17.0
1906,,22.0
33629,3.0,16.0
41458,3.0,13.0
45059,3.0,16.0
12510,0.0,16.0
27813,4.0,11.0
48690,3.0,7.0
22249,1.0,13.0
38664,2.0,12.0
4406,6.0,16.0
3817,5.0,14.0
22812,5.0,14.0
43121,0.0,1.0
3217,3.0,11.0
22371,3.0,12.0
39584,5.0,18.0
37918,7.0,13.0
25872,,15.0
39950,4.0,19.0
15088,0.0,5.0
48446,1.0,6.0
19355,3.0,
48076,2.0,11.0
15994,,12.0
5629,6.0,13.0
12804,6.0,16.0
31198,0.0,4.0
9588,1.0,10.0
44726,1.0,13.0
28125,2.0,14.0
6697,7.0,20.0
7340,0.0,1.0
28810,3.0,13.0
16719,6.0,18.0
1845,4.0,14.0
24068,5.0,12.0
2240,3.0,9.0
10906,7.0,8.0
19273,3.0,16.0
28517,1.0,13.0
42837,5.0,11.0
5867,,11.0
17450,3.0,11.0
35454,0.0,4.0
46026,2.0,12.0
8561,1.0,18.0
8185,4.0,12.0
20765,2.0,9.0
48661,4.0,18.0
28005,5.0,14.0
30977,2.0,17.0
22365,5.0,15.0
20252,0.0,1.0
41452,0.0,15.0
7311,3.0,13.0
3093,3.0,13.0
29163,4.0,16.0
45796,2.0,19.0
44524,2.0,9.0
6373,5.0,14.0
25533,4.0,16.0
49908,2.0,7.0
7149,4.0,15.0
4983,6.0,13.0
16560,0.0,15.0
25807,5.0,17.0
6687,1.0,16.0
30736,1.0,12.0
47007,1.0,15.0
16415,6.0,12.0
15165,3.0,17.0
23392,3.0,14.0
13501,4.0,13.0
38517,3.0,12.0
48147,1.0,16.0
48704,3.0,11.0
33761,0.0,3.0
10123,3.0,16.0
16997,1.0,13.0
16630,4.0,19.0
32512,2.0,14.0
9847,5.0,20.0
2338,6.0,15.0
38479,3.0,10.0
2991,2.0,13.0
5490,0.0,3.0
1823,8.0,12.0
16088,6.0,8.0
28314,6.0,13.0
32746,3.0,5.0
31595,3.0,13.0
48121,2.0,13.0
43515,4.0,11.0
3706,4.0,10.0
26285,2.0,11.0
2857,3.0,10.0
22674,1.0,14.0
13377,2.0,120.0
20703,4.0,15.0
8532,4.0,13.0
9293,4.0,13.0
17235,3.0,10.0
40814,4.0,15.0
23405,0.0,2.0
40978,3.0,10.0
35668,4.0,12.0
4366,0.0,4.0
142,4.0,10.0
43025,4.0,11.0
13485,1.0,14.0
40370,4.0,16.0
1386,3.0,12.0
14461,4.0,6.0
34203,3.0,9.0
31165,4.0,7.0
7767,3.0,22.0
38181,4.0,9.0
49363,6.0,20.0
24440,2.0,
26406,0.0,1.0
42221,3.0,14.0
10483,4.0,10.0
9656,3.0,14.0
13632,2.0,15.0
8988,2.0,17.0
21364,5.0,12.0
22526,3.0,13.0
20962,4.0,13.0
26899,3.0,20.0
29603,0.0,3.0
24245,4.0,17.0
46028,5.0,5.0
28850,3.0,9.0
43752,1.0,17.0
7616,4.0,11.0
25677,6.0,15.0
31669,6.0,12.0
4932,4.0,15.0
30358,6.0,16.0
2151,6.0,13.0
31776,5.0,22.0
26942,6.0,16.0
1968,4.0,12.0
4212,4.0,16.0
23184,1.0,12.0
21062,3.0,13.0
32172,4.0,16.0
36671,2.0,12.0
41677,3.0,18.0
30768,1.0,12.0
39611,3.0,11.0
30021,4.0,12.0
3063,9.0,12.0
31872,3.0,26.0
879,3.0,12.0
32621,2.0,16.0
45710,4.0,15.0
3795,2.0,17.0
7162,2.0,17.0
40971,3.0,17.0
33159,5.0,13.0
18648,4.0,13.0
18104,0.0,2.0
22252,8.0,9.0
35582,2.0,11.0
22080,1.0,15.0
21935,2.0,14.0
42832,0.0,2.0
10801,1.0,13.0
7580,4.0,14.0
38519,6.0,12.0
30094,8.0,14.0
37245,7.0,18.0
27618,2.0,14.0
30320,3.0,15.0
1667,0.0,2.0
40430,2.0,18.0
9986,2.0,13.0
14415,2.0,14.0
12356,0.0,15.0
31500,4.0,27.0
4873,4.0,11.0
24784,3.0,19.0
40968,5.0,16.0
23875,1.0,13.0
44793,4.0,17.0
9916,1.0,12.0
44218,1.0,11.0
8011,4.0,15.0
40603,0.0,7.0
18420,5.0,20.0
25506,2.0,20.0
37138,0.0,0.0
6694,3.0,13.0
23217,3.0,12.0
6327,5.0,15.0
15276,4.0,10.0
23689,6.0,12.0
46021,,10.0
504,4.0,
22388,2.0,8.0
42110,1.0,11.0
28420,3.0,9.0
47072,3.0,16.0
11543,0.0,1.0
32277,1.0,7.0
4248,3.0,10.0
48198,6.0,8.0
12201,1.0,16.0
11389,0.0,9.0
14684,5.0,16.0
37165,0.0,4.0
33218,2.0,17.0
21932,7.0,13.0
48619,0.0,2.0
33600,1.0,17.0
9216,1.0,21.0
21452,3.0,10.0
12910,,14.0
28332,3.0,10.0
39073,2.0,19.0
41510,3.0,12.0
31197,0.0,1.0
36382,0.0,4.0
27948,3.0,16.0
33050,0.0,3.0
25752,2.0,20.0
26542,4.0,10.0
38192,1.0,14.0
21263,4.0,14.0
32276,1.0,11.0
3761,7.0,12.0
8718,3.0,8.0
13539,0.0,3.0
33430,3.0,15.0
21499,4.0,7.0
11962,0.0,1.0
45095,4.0,14.0
35629,0.0,2.0
30218,5.0,18.0
12656,2.0,16.0
8636,4.0,12.0
37181,0.0,2.0
31335,4.0,10.0
47527,1.0,11.0
14761,5.0,19.0
34269,1.0,12.0
24920,7.0,16.0
38743,3.0,12.0
11558,2.0,12.0
23195,4.0,16.0
11669,3.0,15.0
18204,3.0,11.0
25092,1.0,14.0
37541,5.0,12.0
11728,3.0,12.0
40256,4.0,16.0
13989,0.0,6.0
13113,1.0,15.0
662,4.0,22.0
39307,4.0,23.0
37483,0.0,4.0
31912,3.0,16.0
15552,6.0,13.0
40777,7.0,14.0
30714,2.0,11.0
44290,1.0,14.0
39137,2.0,12.0
46056,3.0,12.0
30055,2.0,22.0
36887,0.0,0.0
16300,1.0,14.0
2460,4.0,24.0
45658,5.0,13.0
10451,3.0,10.0
40255,7.0,8.0
46967,1.0,17.0
23515,5.0,10.0
365,2.0,13.0
10171,3.0,11.0
42529,5.0,120.0
12175,3.0,11.0
38567,5.0,11.0
36244,4.0,18.0
27098,2.0,10.0
46278,0.0,3.0
10681,3.0,9.0
46597,6.0,14.0
25025,2.0,12.0
15385,3.0,13.0
8868,5.0,7.0
6536,3.0,13.0
27381,1.0,11.0
9167,2.0,14.0
42175,5.0,13.0
14031,2.0,18.0
2732,3.0,11.0
5310,5.0,18.0
45083,6.0,10.0
46089,3.0,10.0
26247,0.0,40.0
16455,0.0,1.0
835,3.0,18.0
23066,5.0,25.0
27216,4.0,11.0
34797,,7.0
15665,5.0,13.0
48556,2.0,12.0
14248,4.0,13.0
20483,2.0,15.0
27449,3.0,12.0
34638,1.0,5.0
26459,5.0,13.0
31925,5.0,18.0
28855,5.0,20.0
41655,1.0,12.0
11041,0.0,4.0
10176,1.0,10.0
46770,1.0,14.0
34253,1.0,13.0
9247,1.0,11.0
44443,0.0,4.0
35927,3.0,10.0
25462,2.0,17.0
11758,2.0,18.0
28777,3.0,14.0
40097,2.0,16.0
48036,2.0,8.0
2744,3.0,8.0
13822,3.0,13.0
23054,4.0,12.0
35544,0.0,5.0
22638,2.0,12.0
4520,1.0,12.0
195,4.0,9.0
37179,3.0,17.0
25008,,13.0
13161,2.0,11.0
41130,3.0,10.0
42184,1.0,11.0
37677,3.0,9.0
26398,5.0,14.0
49155,3.0,11.0
31141,0.0,2.0
37678,4.0,15.0
16025,1.0,17.0
46893,2.0,11.0
1913,1.0,14.0
34633,4.0,11.0
8184,4.0,7.0
20879,5.0,15.0
26777,0.0,1.0
16125,4.0,16.0
3480,2.0,9.0
21813,4.0,13.0
42389,0.0,14.0
3766,5.0,18.0
22679,5.0,16.0
26094,1.0,11.0
5916,3.0,19.0
48923,3.0,16.0
10485,4.0,10.0
32013,1.0,12.0
33929,6.0,18.0
29637,4.0,14.0
1568,3.0,14.0
7071,4.0,10.0
29086,4.0,8.0
42742,8.0,14.0
36404,3.0,12.0
26895,5.0,11.0
16213,,14.0
47310,6.0,17.0
23538,3.0,11.0
45655,3.0,19.0
40698,3.0,16.0
4521,4.0,12.0
5594,2.0,18.0
49290,4.0,17.0
16131,5.0,21.0
34986,3.0,10.0
43844,0.0,5.0
12800,5.0,9.0
14485,1.0,14.0
31,1.0,15.0
42797,4.0,10.0
37266,3.0,10.0
3651,2.0,15.0
27495,4.0,
17136,1.0,17.0
12779,4.0,12.0
17431,2.0,9.0
31719,5.0,18.0
36056,3.0,18.0
5547,,8.0
7954,5.0,11.0
32747,0.0,6.0
11385,7.0,10.0
9573,5.0,11.0
1605,0.0,3.0
43754,4.0,19.0
8051,3.0,12.0
5090,7.0,11.0
43959,9.0,13.0
2728,3.0,19.0
1855,5.0,11.0
18497,5.0,14.0
25833,7.0,15.0
1786,3.0,17.0
45955,7.0,14.0
31166,1.0,10.0
5608,1.0,12.0
8722,2.0,10.0
21079,5.0,15.0
42817,3.0,12.0
43537,4.0,11.0
13356,0.0,15.0
18558,3.0,23.0
14139,1.0,15.0
8533,3.0,9.0
32151,3.0,12.0
49245,3.0,19.0
5243,2.0,7.0
5657,6.0,10.0
30398,3.0,11.0
6296,2.0,17.0
43111,0.0,7.0
23098,8.0,14.0
38451,3.0,
10778,3.0,10.0
47106,2.0,10.0
11518,0.0,17.0
7183,3.0,15.0
24859,1.0,12.0
984,3.0,15.0
33992,3.0,19.0
47832,1.0,13.0
15610,4.0,10.0
39981,2.0,9.0
23629,3.0,13.0
8994,2.0,
3582,3.0,11.0
40927,,13.0
34110,1.0,11.0
13516,2.0,13.0
27218,1.0,10.0
27922,0.0,12.0
47575,4.0,21.0
37198,5.0,18.0
15309,2.0,11.0
20527,5.0,18.0
19098,3.0,16.0
18271,4.0,10.0
23028,6.0,
15576,2.0,11.0
422,1.0,14.0
3121,5.0,8.0
2346,4.0,13.0
40566,2.0,9.0
4941,5.0,11.0
20599,2.0,15.0
47364,3.0,11.0
30076,6.0,8.0
10911,0.0,4.0
34776,3.0,17.0
24832,2.0,25.0
39707,3.0,21.0
7456,6.0,18.0
4358,6.0,13.0
41173,4.0,11.0
10945,,12.0
48146,3.0,12.0
22179,3.0,18.0
8288,4.0,17.0
32508,2.0,18.0
39086,3.0,15.0
38425,6.0,8.0
13004,2.0,17.0
29829,4.0,
38079,0.0,5.0
48797,7.0,18.0
19105,2.0,13.0
14176,2.0,13.0
21378,2.0,9.0
12339,3.0,24.0
20652,1.0,8.0
24754,6.0,14.0
20089,7.0,15.0
30141,1.0,11.0
17810,2.0,14.0
41513,4.0,11.0
45730,3.0,16.0
11318,3.0,19.0
2529,0.0,9.0
43505,0.0,9.0
19522,2.0,15.0
37619,5.0,
19310,0.0,12.0
49586,6.0,13.0
1921,2.0,11.0
28042,1.0,19.0
32148,3.0,14.0
33060,5.0,16.0
19747,2.0,10.0
45463,4.0,15.0
40282,9.0,10.0
41741,5.0,19.0
38287,4.0,12.0
12880,5.0,23.0
43785,0.0,5.0
21008,5.0,15.0
46342,0.0,0.0
11821,3.0,13.0
20127,3.0,12.0
46139,7.0,11.0
28602,2.0,14.0
31537,2.0,13.0
45354,2.0,21.0
43132,3.0,9.0
25384,3.0,11.0
23564,,9.0
13438,3.0,19.0
30267,7.0,18.0
11709,0.0,8.0
34884,7.0,19.0
30523,1.0,12.0
6589,4.0,13.0
25311,2.0,22.0
45811,1.0,12.0
6640,2.0,14.0
25318,1.0,23.0
44353,4.0,7.0
44404,4.0,12.0
7372,5.0,17.0
45784,2.0,16.0
4178,6.0,20.0
13326,3.0,16.0
11646,0.0,3.0
214,4.0,9.0
32975,2.0,10.0
41367,3.0,13.0
4909,4.0,9.0
49543,4.0,18.0
14915,3.0,20.0
38468,4.0,16.0
33528,4.0,14.0
13780,4.0,
13662,3.0,15.0
4686,3.0,17.0
29081,2.0,10.0
10857,6.0,10.0
14402,0.0,2.0
48974,3.0,15.0
32078,5.0,19.0
11978,0.0,4.0
37307,2.0,19.0
48435,5.0,8.0
246,1.0,11.0
8557,1.0,9.0
49714,2.0,15.0
919,4.0,17.0
29031,1.0,9.0
38188,5.0,15.0
13375,5.0,20.0
40626,3.0,12.0
16180,6.0,19.0
46057,3.0,18.0
12700,2.0,
6349,2.0,22.0
6323,0.0,2.0
45302,5.0,10.0
18684,3.0,19.0
49802,4.0,23.0
36716,0.0,2.0
9417,5.0,13.0
35016,4.0,15.0
25041,,14.0
27871,0.0,2.0
19328,4.0,17.0
11157,4.0,10.0
36271,4.0,20.0
44970,1.0,11.0
16034,1.0,15.0
22118,0.0,5.0
31677,0.0,10.0
15419,2.0,16.0
22277,0.0,13.0
39152,0.0,3.0
22784,6.0,12.0
11013,3.0,13.0
33320,4.0,15.0
2657,2.0,20.0
24067,4.0,15.0
34447,1.0,18.0
40571,4.0,17.0
46855,0.0,7.0
9652,3.0,12.0
32507,3.0,17.0
12840,5.0,11.0
35720,6.0,16.0
5529,2.0,10.0
15477,5.0,10.0
49928,0.0,3.0
30627,1.0,16.0
37408,4.0,130.0
44509,2.0,16.0
28439,10.0,
16580,,21.0
32821,3.0,14.0
4744,3.0,12.0
27418,2.0,10.0
22465,0.0,19.0
23883,7.0,12.0
38642,1.0,15.0
3639,6.0,14.0
11966,2.0,16.0
39595,2.0,15.0
47670,4.0,17.0
33717,5.0,15.0
19467,2.0,14.0
41763,3.0,23.0
36761,0.0,2.0
41275,1.0,12.0
30543,8.0,11.0
6234,3.0,11.0
6748,5.0,16.0
36112,5.0,9.0
1851,5.0,11.0
36254,2.0,14.0
1408,0.0,2.0
44310,6.0,12.0
43483,0.0,3.0
38954,3.0,10.0
36317,1.0,11.0
46871,4.0,11.0
138,3.0,9.0
44825,1.0,12.0
17892,4.0,13.0
45074,0.0,1.0
27657,0.0,21.0
29745,6.0,18.0
40894,3.0,15.0
45690,5.0,14.0
20196,3.0,17.0
21199,3.0,
9532,3.0,23.0
40686,1.0,15.0
42269,0.0,1.0
22965,6.0,13.0
39213,6.0,7.0
23506,0.0,12.0
26245,,14.0
46363,0.0,1.0
47987,5.0,23.0
5397,,3.0
40712,0.0,1.0
2946,0.0,14.0
20176,2.0,20.0
811,1.0,14.0
48591,0.0,0.0
24033,2.0,15.0
46334,2.0,15.0
18639,1.0,13.0
15254,1.0,15.0
22829,1.0,16.0
8971,2.0,19.0
16649,0.0,2.0
14671,5.0,17.0
3194,5.0,14.0
10835,4.0,21.0
23438,2.0,13.0
35103,6.0,13.0
31033,1.0,17.0
1043,4.0,10.0
22750,1.0,16.0
42377,5.0,17.0
22678,2.0,16.0
4641,2.0,13.0
4223,3.0,17.0
47765,2.0,12.0
31906,3.0,8.0
15876,0.0,1.0
40875,6.0,17.0
28828,3.0,14.0
35990,6.0,14.0
30719,5.0,19.0
29651,0.0,1.0
19466,3.0,13.0
46593,5.0,14.0
32947,3.0,9.0
26465,4.0,10.0
21533,2.0,18.0
44216,4.0,15.0
27805,4.0,14.0
34159,4.0,12.0
2368,1.0,25.0
36552,4.0,19.0
12957,2.0,15.0
5691,0.0,15.0
48796,3.0,15.0
6699,3.0,15.0
43056,3.0,
30223,3.0,10.0
46216,4.0,11.0
13467,3.0,13.0
32412,2.0,9.0
415,1.0,13.0
44888,4.0,13.0
7467,3.0,12.0
15122,0.0,6.0
38016,6.0,20.0
17815,5.0,12.0
21091,2.0,14.0
32177,1.0,18.0
29108,0.0,3.0
7498,0.0,4.0
23415,2.0,18.0
34199,3.0,19.0
17399,0.0,3.0
19785,2.0,18.0
36525,4.0,15.0
2179,0.0,
43994,2.0,15.0
12113,5.0,18.0
17701,1.0,11.0
37095,2.0,14.0
18848,2.0,14.0
36825,5.0,14.0
9783,2.0,13.0
30385,3.0,19.0
5857,6.0,17.0
36900,0.0,3.0
7852,1.0,14.0
928,4.0,17.0
5947,3.0,13.0
40681,4.0,16.0
26392,2.0,14.0
8253,3.0,18.0
19359,1.0,18.0
9410,2.0,15.0
17771,2.0,15.0
1395,1.0,6.0
33651,5.0,14.0
20639,0.0,2.0
19595,1.0,12.0
3090,6.0,16.0
37234,2.0,
11474,6.0,16.0
18310,1.0,13.0
1109,4.0,10.0
20950,3.0,18.0
2641,0.0,3.0
39903,1.0,11.0
38877,1.0,7.0
37184,4.0,
3516,,10.0
39386,2.0,16.0
1491,2.0,15.0
45947,2.0,9.0
25674,5.0,11.0
28207,2.0,15.0
23116,2.0,11.0
43753,2.0,7.0
27264,3.0,20.0
21252,3.0,15.0
28255,3.0,18.0
48903,1.0,
17988,7.0,10.0
27,4.0,15.0
19398,2.0,18.0
23473,1.0,14.0
200,2.0,11.0
41344,3.0,27.0
25492,5.0,11.0
42138,2.0,14.0
17630,3.0,18.0
6557,4.0,17.0
19238,1.0,18.0
23283,2.0,13.0
21609,0.0,3.0
1171,4.0,20.0
22974,7.0,19.0
43749,2.0,17.0
10819,6.0,13.0
37337,3.0,8.0
22714,,14.0
38441,5.0,15.0
8282,1.0,15.0
10503,2.0,18.0
38552,4.0,14.0
49164,1.0,13.0
25554,2.0,15.0
24893,1.0,16.0
37821,4.0,16.0
17246,3.0,18.0
7541,4.0,22.0
11918,2.0,12.0
4830,3.0,11.0
46293,3.0,18.0
4811,3.0,11.0
40263,3.0,13.0
47229,0.0,17.0
10570,1.0,16.0
6818,4.0,14.0
15828,3.0,23.0
11008,1.0,21.0
39302,4.0,10.0
763,2.0,16.0
33413,3.0,16.0
39294,4.0,13.0
21934,2.0,12.0
15362,4.0,12.0
1017,8.0,12.0
25990,3.0,20.0
32161,0.0,0.0
8522,3.0,
9251,2.0,15.0
37809,1.0,12.0
18806,3.0,12.0
20798,7.0,16.0
48569,2.0,18.0
5061,5.0,14.0
37227,4.0,160.0
2922,2.0,16.0
11781,4.0,14.0
44531,4.0,11.0
13023,3.0,19.0
41982,4.0,19.0
772,1.0,9.0
10330,4.0,16.0
6708,2.0,13.0
5599,1.0,15.0
5074,5.0,16.0
16780,6.0,14.0
21989,6.0,12.0
30694,7.0,12.0
12531,,11.0
43983,3.0,18.0
49130,2.0,14.0
28311,2.0,13.0
32022,6.0,18.0
13529,3.0,16.0
19650,7.0,17.0
23964,3.0,18.0
26823,3.0,12.0
33369,1.0,18.0
13775,1.0,14.0
6488,2.0,11.0
80,,
25265,0.0,4.0
10740,4.0,14.0
47487,,19.0
28871,0.0,1.0
49131,6.0,18.0
17014,1.0,11.0
32938,6.0,
30668,7.0,13.0
1892,0.0,5.0
35499,4.0,16.0
25744,1.0,12.0
42758,3.0,5.0
5645,4.0,10.0
46356,0.0,3.0
46282,2.0,
7213,3.0,9.0
41079,0.0,4.0
19161,3.0,8.0
24559,2.0,18.0
15137,0.0,16.0
30447,8.0,20.0
18672,0.0,3.0
8846,2.0,12.0
8215,5.0,9.0
17760,4.0,
44124,,18.0
28498,6.0,16.0
38418,2.0,12.0
31322,0.0,4.0
18457,4.0,16.0
42781,,16.0
8578,1.0,12.0
3289,0.0,2.0
8328,5.0,10.0
18914,3.0,11.0
43473,3.0,22.0
726,3.0,21.0
5103,0.0,4.0
38028,3.0,11.0
29293,3.0,13.0
24804,2.0,21.0
34427,3.0,14.0
19393,3.0,
8198,3.0,13.0
19793,4.0,15.0
15692,0.0,15.0
37660,2.0,16.0
43685,2.0,26.0
19280,3.0,16.0
28859,4.0,
28491,3.0,26.0
29385,4.0,17.0
16978,2.0,6.0
18950,4.0,14.0
8678,4.0,14.0
1247,5.0,20.0
39076,3.0,16.0
38100,1.0,17.0
15781,2.0,16.0
30937,6.0,16.0
41163,0.0,2.0
42213,3.0,16.0
11551,0.0,9.0
38652,2.0,14.0
36501,4.0,15.0
19597,,9.0
8759,6.0,17.0
11636,2.0,7.0
3800,2.0,10.0
28438,4.0,18.0
24664,,12.0
45404,1.0,16.0
33818,5.0,15.0
2257,0.0,1.0
49564,3.0,16.0
42220,2.0,17.0
23022,4.0,10.0
3469,1.0,14.0
7132,,15.0
2715,2.0,12.0
45777,2.0,12.0
16634,1.0,13.0
27249,2.0,17.0
3160,2.0,14.0
49188,0.0,15.0
44984,3.0,13.0
28372,2.0,18.0
1679,0.0,13.0
44401,4.0,18.0
2406,2.0,15.0
24284,4.0,14.0
45863,3.0,17.0
29578,,12.0
47480,1.0,20.0
2416,,14.0
8354,4.0,5.0
15983,2.0,14.0
9506,3.0,14.0
47029,1.0,22.0
21807,0.0,5.0
27712,4.0,16.0
32360,2.0,8.0
2378,4.0,13.0
8105,3.0,11.0
19782,5.0,9.0
45799,1.0,17.0
47418,5.0,16.0
22269,0.0,2.0
840,4.0,20.0
22181,1.0,13.0
45890,1.0,17.0
35793,0.0,17.0
4918,4.0,12.0
30695,7.0,11.0
23594,2.0,13.0
29584,3.0,12.0
44269,3.0,13.0
21410,3.0,13.0
32848,2.0,19.0
13233,4.0,17.0
21017,,8.0
14561,0.0,3.0
9626,,9.0
31488,3.0,9.0
41556,0.0,16.0
22339,4.0,160.0
31258,1.0,14.0
3034,2.0,14.0
6086,4.0,17.0
28973,7.0,17.0
45457,0.0,5.0
23607,3.0,10.0
25939,2.0,14.0
782,3.0,18.0
38383,1.0,15.0
12874,1.0,15.0
1986,2.0,12.0
32438,1.0,17.0
3380,8.0,18.0
36547,2.0,7.0
283,4.0,14.0
25866,2.0,13.0
26990,1.0,16.0
17026,1.0,7.0
8891,0.0,0.0
3921,0.0,3.0
33321,6.0,13.0
19593,5.0,11.0
5865,3.0,23.0
32071,4.0,11.0
11783,4.0,8.0
13138,4.0,12.0
13761,4.0,9.0
28433,8.0,16.0
2507,0.0,3.0
1511,6.0,9.0
36630,4.0,13.0
4697,1.0,9.0
45330,1.0,14.0
49881,2.0,13.0
36413,4.0,14.0
21881,2.0,10.0
4642,3.0,13.0
14829,1.0,13.0
45029,2.0,12.0
29240,5.0,10.0
10361,,5.0
29114,1.0,11.0
2043,2.0,19.0
5993,3.0,19.0
37098,4.0,10.0
45233,5.0,14.0
40575,3.0,7.0
33005,1.0,11.0
29611,2.0,16.0
40926,1.0,12.0
1095,5.0,10.0
19285,2.0,15.0
28189,2.0,13.0
16074,3.0,19.0
45556,0.0,6.0
5157,4.0,12.0
43065,4.0,19.0
40367,1.0,6.0
2829,2.0,20.0
100,0.0,13.0
32174,2.0,10.0
24157,5.0,18.0
29296,6.0,18.0
24055,,12.0
25583,4.0,20.0
20655,2.0,14.0
38834,3.0,14.0
10310,4.0,7.0
14362,1.0,16.0
21056,6.0,9.0
20044,3.0,8.0
5981,0.0,5.0
23779,2.0,17.0
24866,6.0,12.0
13148,0.0,4.0
7662,3.0,10.0
39344,6.0,
30482,4.0,14.0
26357,7.0,9.0
18910,0.0,13.0
47463,2.0,11.0
26303,5.0,14.0
9625,1.0,9.0
17923,2.0,18.0
22522,4.0,13.0
22481,0.0,4.0
48273,3.0,10.0
6685,3.0,15.0
36392,2.0,12.0
23730,4.0,8.0
49965,5.0,16.0
18636,3.0,7.0
36316,2.0,19.0
39561,1.0,22.0
47547,5.0,19.0
39400,2.0,14.0
25761,1.0,19.0
46045,3.0,7.0
45125,1.0,14.0
35702,1.0,17.0
48375,3.0,16.0
17753,1.0,15.0
19030,0.0,3.0
42660,5.0,11.0
26825,5.0,14.0
48543,6.0,18.0
20351,3.0,9.0
21500,3.0,8.0
35070,0.0,16.0
18838,4.0,15.0
931,4.0,10.0
18653,5.0,9.0
5320,1.0,21.0
26767,3.0,20.0
47758,4.0,11.0
3580,3.0,12.0
23108,0.0,6.0
44588,3.0,12.0
34118,2.0,16.0
8510,1.0,18.0
17309,3.0,13.0
12797,4.0,14.0
3918,4.0,15.0
2296,4.0,16.0
45374,1.0,15.0
5280,2.0,10.0
4451,2.0,9.0
18067,2.0,13.0
6787,4.0,12.0
45349,3.0,17.0
45572,0.0,2.0
16576,3.0,16.0
39724,3.0,13.0
5701,0.0,14.0
157,1.0,18.0
1532,4.0,12.0
24901,3.0,21.0
31999,2.0,14.0
33176,3.0,18.0
33575,2.0,13.0
45980,2.0,9.0
13290,3.0,15.0
1072,3.0,13.0
17761,6.0,20.0
437,7.0,11.0
30541,4.0,11.0
45782,3.0,13.0
25557,3.0,15.0
18490,7.0,17.0
23304,1.0,13.0
42430,6.0,12.0
41539,0.0,18.0
35345,0.0,21.0
38402,4.0,18.0
14758,4.0,15.0
21473,3.0,13.0
19504,1.0,8.0
7927,4.0,10.0
39359,4.0,18.0
21462,3.0,15.0
22045,4.0,18.0
23472,1.0,11.0
10169,3.0,13.0
21411,2.0,14.0
5718,3.0,17.0
38450,2.0,20.0
28474,4.0,16.0
40135,1.0,15.0
1660,0.0,6.0
11905,1.0,17.0
15179,4.0,15.0
11325,0.0,4.0
29616,7.0,19.0
26893,1.0,15.0
47426,1.0,17.0
46351,0.0,7.0
23537,0.0,0.0
21565,5.0,20.0
34944,5.0,19.0
1288,2.0,11.0
27788,1.0,18.0
34518,1.0,15.0
40055,3.0,14.0
38421,2.0,14.0
44211,1.0,7.0
2662,0.0,11.0
38289,1.0,13.0
27182,1.0,16.0
41448,2.0,13.0
11486,1.0,13.0
8689,2.0,16.0
28471,3.0,
26976,4.0,14.0
27664,4.0,19.0
4106,4.0,7.0
40514,0.0,50.0
23497,0.0,3.0
4390,0.0,6.0
16601,3.0,18.0
48965,1.0,15.0
12822,0.0,6.0
21947,5.0,14.0
10400,3.0,12.0
46566,1.0,13.0
7741,5.0,14.0
46251,4.0,12.0
44778,6.0,12.0
47815,4.0,16.0
37921,0.0,3.0
45201,5.0,17.0
30036,6.0,16.0
40502,1.0,10.0
49402,0.0,0.0
24023,5.0,20.0
25314,4.0,10.0
43158,0.0,4.0
14699,5.0,15.0
43644,4.0,13.0
20419,4.0,11.0
25526,6.0,11.0
30962,4.0,15.0
32230,4.0,12.0
46007,3.0,8.0
45891,4.0,13.0
21352,6.0,11.0
10257,0.0,1.0
44684,2.0,15.0
24905,4.0,21.0
27275,1.0,12.0
42675,2.0,13.0
1990,2.0,17.0
3016,0.0,2.0
15496,4.0,8.0
45038,5.0,7.0
6462,1.0,6.0
11421,5.0,22.0
40490,3.0,18.0
5368,0.0,13.0
22370,3.0,20.0
14887,5.0,13.0
1263,4.0,12.0
6055,3.0,10.0
46986,4.0,13.0
19177,5.0,12.0
17135,4.0,14.0
43529,2.0,14.0
18973,4.0,14.0
935,5.0,18.0
22094,4.0,12.0
10157,4.0,11.0
19500,4.0,16.0
6201,0.0,13.0
2383,4.0,14.0
15471,2.0,19.0
37737,5.0,20.0
28469,1.0,14.0
25799,3.0,18.0
40465,5.0,14.0
45574,4.0,11.0
35269,7.0,11.0
10006,2.0,11.0
23931,1.0,14.0
12846,0.0,2.0
41063,1.0,18.0
48289,4.0,17.0
14601,3.0,10.0
4783,6.0,8.0
21551,1.0,8.0
22969,3.0,8.0
48701,6.0,22.0
32887,2.0,11.0
41501,4.0,8.0
28939,2.0,11.0
12301,2.0,16.0
34544,0.0,17.0
39690,1.0,8.0
1651,2.0,17.0
37665,2.0,9.0
14961,4.0,10.0
26672,0.0,1.0
10390,7.0,6.0
32548,1.0,8.0
25113,6.0,10.0
24867,1.0,15.0
8130,0.0,7.0
27483,5.0,13.0
30573,5.0,10.0
2199,6.0,16.0
35266,3.0,17.0
1271,3.0,13.0
13551,2.0,15.0
22399,1.0,15.0
25508,1.0,19.0
7893,3.0,13.0
1559,5.0,17.0
9029,3.0,11.0
3551,3.0,7.0
10406,4.0,19.0
46256,1.0,10.0
46102,3.0,13.0
41220,3.0,13.0
3464,1.0,13.0
27643,1.0,14.0
32827,1.0,19.0
48997,0.0,1.0
33069,4.0,14.0
9182,2.0,11.0
30038,,22.0
12680,2.0,14.0
15439,0.0,
34914,,6.0
44760,5.0,16.0
21550,0.0,3.0
4993,1.0,12.0
39156,6.0,13.0
41102,4.0,20.0
39053,1.0,11.0
2963,3.0,15.0
1316,3.0,11.0
25351,5.0,15.0
24178,3.0,13.0
32395,8.0,14.0
458,2.0,16.0
20874,4.0,15.0
12530,2.0,17.0
31127,3.0,12.0
29091,2.0,12.0
24628,3.0,15.0
6790,2.0,11.0
32117,6.0,15.0
38148,1.0,16.0
3987,2.0,16.0
48966,6.0,12.0
10629,2.0,13.0
9809,1.0,8.0
5072,1.0,13.0
28424,6.0,15.0
10715,1.0,19.0
5984,0.0,5.0
48760,1.0,14.0
49405,4.0,12.0
18409,5.0,21.0
12227,3.0,15.0
25485,0.0,2.0
41028,2.0,11.0
7274,5.0,13.0
16927,2.0,14.0
46578,6.0,13.0
25985,5.0,11.0
13116,4.0,4.0
7397,1.0,
18437,3.0,16.0
23630,4.0,11.0
3749,5.0,18.0
38754,4.0,9.0
39529,0.0,8.0
1750,0.0,3.0
23363,4.0,19.0
28971,3.0,5.0
23818,1.0,14.0
36110,1.0,18.0
11447,5.0,12.0
10728,5.0,13.0
3406,4.0,5.0
23235,4.0,17.0
17575,1.0,19.0
20556,3.0,12.0
18472,5.0,14.0
23360,2.0,10.0
24066,4.0,17.0
46060,0.0,3.0
23162,3.0,14.0
33861,2.0,14.0
1900,3.0,11.0
35088,6.0,11.0
3556,3.0,15.0
4633,4.0,12.0
46804,5.0,12.0
15711,6.0,14.0
21880,4.0,13.0
7521,1.0,15.0
21872,5.0,13.0
39193,6.0,9.0
29560,4.0,8.0
11295,2.0,16.0
24417,2.0,17.0
43441,5.0,25.0
10658,2.0,13.0
28400,1.0,11.0
22433,4.0,13.0
45534,4.0,18.0
17676,0.0,4.0
33923,4.0,18.0
47566,2.0,5.0
15499,6.0,19.0
49362,4.0,11.0
47912,,18.0
42721,3.0,8.0
8539,3.0,11.0
25522,7.0,7.0
45312,1.0,15.0
36127,4.0,18.0
24486,2.0,13.0
45118,0.0,4.0
231,4.0,12.0
24534,3.0,8.0
30851,0.0,0.0
47640,3.0,22.0
30918,2.0,9.0
4170,1.0,7.0
39227,5.0,10.0
37885,5.0,8.0
4081,5.0,13.0
3273,1.0,7.0
41262,2.0,15.0
12150,3.0,19.0
2350,7.0,18.0
11333,0.0,16.0
27572,2.0,10.0
37893,2.0,15.0
24839,3.0,13.0
38316,2.0,11.0
36549,1.0,10.0
44240,3.0,15.0
20372,3.0,21.0
28002,2.0,17.0
41581,2.0,18.0
40113,0.0,5.0
32185,0.0,4.0
14128,5.0,9.0
7197,1.0,11.0
25881,3.0,10.0
15785,7.0,19.0
27306,6.0,12.0
35693,5.0,
2056,4.0,9.0
7761,0.0,13.0
8882,4.0,14.0
37714,6.0,19.0
35407,2.0,9.0
27451,5.0,11.0
23574,4.0,16.0
1565,3.0,17.0
12418,0.0,3.0
26605,1.0,12.0
12458,0.0,2.0
18670,2.0,15.0
33808,5.0,14.0
29247,2.0,18.0
29120,0.0,10.0
39684,2.0,17.0
20840,4.0,7.0
24214,4.0,16.0
12768,3.0,24.0
24468,0.0,1.0
10175,3.0,17.0
17380,5.0,6.0
26810,3.0,23.0
32486,9.0,12.0
33372,2.0,15.0
27471,1.0,16.0
40552,4.0,18.0
49213,1.0,15.0
33508,1.0,14.0
9631,5.0,17.0
6974,2.0,11.0
36490,4.0,17.0
20007,0.0,14.0
35657,2.0,9.0
8608,3.0,13.0
9060,4.0,13.0
8196,4.0,12.0
3788,3.0,13.0
45992,4.0,21.0
41896,2.0,16.0
28123,1.0,20.0
23878,2.0,23.0
10554,1.0,22.0
34089,3.0,19.0
30976,0.0,11.0
43773,4.0,17.0
36084,2.0,5.0
49855,5.0,13.0
40155,5.0,17.0
18638,0.0,12.0
29486,1.0,12.0
26505,6.0,16.0
17292,5.0,17.0
49619,3.0,19.0
26356,3.0,17.0
11029,3.0,20.0
5655,3.0,20.0
27151,2.0,11.0
15447,0.0,3.0
35456,2.0,17.0
10646,1.0,21.0
21855,3.0,13.0
17279,0.0,1.0
12853,2.0,13.0
27405,3.0,12.0
16862,4.0,10.0
5684,3.0,9.0
33205,3.0,21.0
30102,2.0,13.0
10288,1.0,15.0
29878,3.0,14.0
14052,3.0,16.0
31876,5.0,16.0
34346,3.0,13.0
13056,4.0,15.0
46039,3.0,13.0
10337,3.0,20.0
43410,1.0,14.0
29729,3.0,12.0
11761,2.0,16.0
3943,4.0,18.0
1804,3.0,21.0
38827,1.0,15.0
3524,0.0,10.0
31254,3.0,13.0
37115,5.0,12.0
43853,3.0,12.0
39033,2.0,18.0
46453,0.0,5.0
20241,4.0,21.0
44799,2.0,
26987,,11.0
21572,6.0,20.0
48235,1.0,10.0
7460,8.0,10.0
13309,0.0,14.0
455,5.0,11.0
37329,1.0,15.0
43566,3.0,12.0
33899,5.0,7.0
47618,0.0,16.0
31444,2.0,14.0
8674,1.0,14.0
9398,7.0,14.0
11289,3.0,8.0
18035,0.0,4.0
8251,0.0,17.0
30298,8.0,9.0
22895,5.0,18.0
4803,,20.0
22299,4.0,17.0
26360,7.0,11.0
6835,3.0,14.0
33733,1.0,18.0
3173,3.0,16.0
33874,3.0,8.0
48736,2.0,16.0
16554,3.0,14.0
40017,4.0,12.0
24755,2.0,12.0
40195,1.0,15.0
35609,0.0,3.0
28635,1.0,12.0
19379,7.0,14.0
26778,8.0,21.0
34284,6.0,16.0
12041,4.0,11.0
34812,7.0,18.0
19658,4.0,
38408,0.0,2.0
29191,4.0,12.0
20315,3.0,21.0
22876,,11.0
1241,2.0,10.0
2472,3.0,9.0
25176,2.0,14.0
7700,0.0,4.0
25978,0.0,2.0
8164,3.0,14.0
49431,0.0,13.0
19091,2.0,15.0
7900,0.0,6.0
48637,0.0,3.0
31217,3.0,17.0
18816,3.0,11.0
42150,3.0,14.0
17578,5.0,13.0
25396,3.0,8.0
19240,1.0,17.0
8747,4.0,19.0
36572,2.0,12.0
34554,0.0,9.0
35344,0.0,3.0
20205,3.0,9.0
22470,1.0,13.0
9565,3.0,10.0
42119,1.0,12.0
41870,5.0,15.0
31120,5.0,10.0
29276,4.0,190.0
10414,3.0,14.0
10215,7.0,18.0
28236,1.0,12.0
37764,0.0,22.0
16173,5.0,15.0
25909,0.0,4.0
28092,2.0,14.0
7792,1.0,7.0
35766,4.0,17.0
2276,3.0,13.0
24743,0.0,6.0
4843,1.0,18.0
36872,3.0,14.0
23397,4.0,19.0
30274,1.0,13.0
33686,0.0,5.0
45135,5.0,19.0
37379,0.0,3.0
44789,3.0,11.0
18020,,3.0
11794,1.0,10.0
38575,3.0,11.0
13752,7.0,11.0
16789,3.0,9.0
19683,5.0,9.0
47493,2.0,130.0
23761,2.0,6.0
8801,4.0,10.0
45720,2.0,14.0
2996,5.0,22.0
7073,4.0,17.0
38633,3.0,14.0
45527,4.0,9.0
42767,0.0,6.0
15052,2.0,11.0
36315,1.0,8.0
49879,0.0,13.0
44489,8.0,15.0
32086,3.0,20.0
40930,4.0,11.0
25590,2.0,13.0
10260,3.0,13.0
563,3.0,10.0
20911,2.0,10.0
37437,3.0,16.0
8165,2.0,15.0
9525,5.0,10.0
40074,6.0,13.0
19869,5.0,
48831,4.0,10.0
48751,0.0,11.0
19367,3.0,12.0
20697,0.0,2.0
36953,4.0,14.0
28962,4.0,17.0
37343,2.0,13.0
18207,3.0,13.0
7178,1.0,15.0
21460,2.0,10.0
11485,2.0,20.0
8509,0.0,4.0
47124,3.0,13.0
26007,4.0,17.0
39659,4.0,10.0
27246,2.0,17.0
37550,6.0,16.0
12050,10.0,16.0
34408,0.0,15.0
37396,5.0,170.0
6742,6.0,29.0
39408,0.0,2.0
46627,0.0,4.0
33700,2.0,10.0
36267,4.0,14.0
49005,,6.0
24153,0.0,3.0
3682,5.0,11.0
46349,2.0,12.0
36095,3.0,11.0
32309,2.0,13.0
2623,1.0,11.0
40662,3.0,13.0
35131,4.0,12.0
33484,0.0,0.0
35857,3.0,15.0
28087,2.0,19.0
6772,,17.0
11606,2.0,14.0
12608,3.0,12.0
14509,,9.0
12886,3.0,15.0
48985,3.0,14.0
8246,1.0,15.0
38203,2.0,16.0
12447,2.0,12.0
23579,4.0,19.0
16566,0.0,6.0
31053,3.0,15.0
43588,1.0,12.0
45301,0.0,14.0
44232,2.0,16.0
43702,5.0,8.0
32281,3.0,15.0
29302,4.0,20.0
13935,6.0,14.0
11947,0.0,1.0
8137,1.0,15.0
2423,2.0,18.0
6553,5.0,18.0
45696,3.0,11.0
17822,3.0,13.0
3007,1.0,24.0
36157,2.0,8.0
12142,,17.0
29305,4.0,16.0
32745,1.0,8.0
25900,7.0,12.0
34193,1.0,16.0
10050,,12.0
46754,2.0,9.0
11506,2.0,6.0
35906,0.0,2.0
12844,0.0,11.0
22962,3.0,9.0
18609,2.0,15.0
8643,0.0,2.0
48488,0.0,1.0
17353,6.0,13.0
48346,2.0,10.0
4450,2.0,9.0
13590,4.0,16.0
240,0.0,4.0
15451,4.0,13.0
43171,5.0,22.0
42112,2.0,18.0
21229,3.0,17.0
33109,3.0,17.0
4506,6.0,17.0
6254,4.0,15.0
44546,0.0,4.0
30972,2.0,9.0
43071,4.0,13.0
8041,0.0,5.0
39555,6.0,
47609,2.0,11.0
22446,3.0,12.0
11744,0.0,1.0
34520,2.0,10.0
8141,2.0,21.0
1702,7.0,16.0
34244,0.0,1.0
11921,2.0,13.0
6222,0.0,
2119,3.0,15.0
23431,2.0,8.0
28941,3.0,110.0
44966,4.0,12.0
45821,2.0,19.0
35574,1.0,8.0
4565,4.0,
29087,4.0,19.0
47184,1.0,14.0
23826,3.0,16.0
31260,3.0,12.0
25367,3.0,12.0
44711,4.0,19.0
28203,,1.0
44667,5.0,16.0
22649,2.0,14.0
31210,3.0,12.0
31649,5.0,11.0
7277,0.0,4.0
43362,1.0,13.0
43334,4.0,12.0
28702,2.0,11.0
20321,2.0,9.0
4123,3.0,22.0
12751,4.0,15.0
3300,0.0,0.0
34076,0.0,2.0
34004,5.0,11.0
5924,5.0,14.0
33313,0.0,0.0
9533,1.0,17.0
43619,6.0,18.0
4118,0.0,3.0
22907,,20.0
34056,0.0,
14416,7.0,6.0
9784,0.0,23.0
16432,2.0,11.0
33387,0.0,4.0
17778,2.0,13.0
1204,1.0,12.0
2713,2.0,20.0
3166,2.0,15.0
23037,2.0,12.0
8442,3.0,7.0
49838,2.0,14.0
2477,2.0,100.0
3664,2.0,11.0
18002,2.0,10.0
6843,3.0,10.0
32318,6.0,16.0
11060,3.0,24.0
27824,3.0,15.0
19589,3.0,14.0
3189,4.0,22.0
37603,0.0,2.0
9527,4.0,18.0
37707,5.0,15.0
32120,3.0,12.0
18477,4.0,13.0
1698,3.0,18.0
4988,4.0,11.0
43010,2.0,9.0
42385,1.0,16.0
34700,3.0,18.0
1621,4.0,20.0
40818,3.0,13.0
41231,7.0,12.0
16926,3.0,8.0
23532,3.0,6.0
18661,5.0,12.0
15047,3.0,15.0
40845,3.0,11.0
26276,3.0,9.0
31096,2.0,16.0
35620,1.0,11.0
4841,,14.0
40997,3.0,9.0
42830,3.0,16.0
532,2.0,11.0
15846,,10.0
29124,1.0,18.0
14966,1.0,
16082,1.0,13.0
31223,2.0,11.0
37036,2.0,9.0
41263,1.0,12.0
46501,4.0,20.0
43767,5.0,9.0
19964,0.0,15.0
39439,3.0,18.0
34015,5.0,12.0
6682,3.0,10.0
33987,,12.0
31647,2.0,9.0
49054,3.0,16.0
26049,5.0,13.0
7783,4.0,14.0
21548,5.0,21.0
28502,1.0,15.0
20101,3.0,14.0
42054,6.0,12.0
16294,4.0,15.0
26158,7.0,21.0
14404,2.0,11.0
19818,0.0,3.0
16354,5.0,18.0
42747,0.0,20.0
26302,0.0,15.0
22143,4.0,
3339,2.0,12.0
39789,8.0,12.0
3742,2.0,10.0
323,1.0,11.0
33549,5.0,17.0
37438,4.0,16.0
49854,5.0,11.0
8087,4.0,9.0
8810,1.0,14.0
6914,5.0,14.0
47022,3.0,13.0
6094,0.0,10.0
17071,2.0,9.0
5900,4.0,
35701,3.0,15.0
21586,10.0,11.0
2012,0.0,7.0
42664,9.0,13.0
4262,3.0,11.0
22744,2.0,18.0
8565,4.0,19.0
44358,3.0,16.0
37441,6.0,
36147,3.0,13.0
41967,3.0,11.0
30263,2.0,10.0
49094,6.0,15.0
8037,0.0,13.0
36222,0.0,11.0
3435,2.0,18.0
32773,,15.0
26686,4.0,14.0
30923,,4.0
32560,7.0,16.0
46916,1.0,11.0
3026,1.0,17.0
19287,0.0,4.0
39619,4.0,17.0
46903,1.0,18.0
15607,5.0,14.0
36163,,18.0
15997,4.0,11.0
21920,2.0,23.0
22737,4.0,13.0
10693,2.0,11.0
18374,2.0,13.0
12377,0.0,3.0
39970,5.0,8.0
985,3.0,15.0
27514,2.0,12.0
42314,,14.0
15058,5.0,15.0
32954,7.0,14.0
10363,0.0,4.0
8336,3.0,21.0
30662,1.0,13.0
29246,0.0,4.0
22705,3.0,18.0
5479,2.0,9.0
9838,8.0,11.0
5099,3.0,
1606,4.0,13.0
24857,1.0,16.0
14353,0.0,6.0
32324,4.0,11.0
35576,1.0,9.0
38136,7.0,12.0
37639,7.0,13.0
22707,6.0,10.0
14472,5.0,16.0
14746,2.0,15.0
13921,6.0,14.0
9160,2.0,12.0
35395,0.0,4.0
32990,1.0,16.0
23205,3.0,13.0
3777,3.0,18.0
23389,4.0,9.0
4192,1.0,9.0
24809,5.0,18.0
43900,2.0,14.0
42379,2.0,15.0
1176,2.0,20.0
14258,,13.0
12996,1.0,15.0
829,2.0,15.0
38234,3.0,12.0
20761,3.0,9.0
13180,2.0,15.0
43188,4.0,
12007,,6.0
30315,2.0,19.0
39618,4.0,11.0
7031,6.0,18.0
27639,3.0,13.0
39944,0.0,2.0
48726,2.0,13.0
38528,3.0,15.0
20625,2.0,17.0
44130,2.0,
47809,3.0,16.0
30545,2.0,18.0
47967,3.0,9.0
17768,2.0,12.0
25401,5.0,11.0
35444,7.0,13.0
8390,2.0,17.0
34705,1.0,11.0
15611,4.0,
32126,1.0,
17242,3.0,17.0
14664,2.0,10.0
42340,3.0,10.0
31868,3.0,14.0
14831,0.0,3.0
46059,3.0,16.0
24183,4.0,16.0
25697,2.0,9.0
1071,3.0,15.0
27557,6.0,19.0
19575,3.0,15.0
10910,2.0,12.0
38783,4.0,12.0
15473,2.0,15.0
41800,5.0,11.0
16293,6.0,9.0
11301,3.0,14.0
3195,5.0,11.0
29055,4.0,14.0
49016,,23.0
44654,5.0,12.0
40166,7.0,13.0
6150,2.0,12.0
42211,6.0,6.0
4266,6.0,19.0
2885,3.0,10.0
31567,3.0,11.0
20732,3.0,13.0
10924,0.0,4.0
36673,2.0,23.0
39506,0.0,6.0
44908,3.0,15.0
5761,0.0,15.0
19608,0.0,2.0
48597,3.0,19.0
36998,2.0,13.0
49239,1.0,21.0
27369,3.0,11.0
41886,0.0,14.0
5682,2.0,16.0
4640,2.0,12.0
31359,5.0,12.0
45031,0.0,4.0
10005,4.0,16.0
26328,0.0,3.0
27617,4.0,250.0
22497,0.0,11.0
10384,2.0,19.0
15279,4.0,15.0
33995,2.0,17.0
34152,5.0,15.0
35004,3.0,13.0
25450,1.0,16.0
27204,3.0,6.0
21137,7.0,12.0
28157,,13.0
44012,3.0,7.0
38945,2.0,13.0
14452,,17.0
23802,4.0,14.0
16557,4.0,15.0
26486,6.0,17.0
18937,5.0,15.0
40238,5.0,8.0
4634,5.0,7.0
31296,7.0,11.0
18184,3.0,15.0
10746,1.0,12.0
12342,5.0,21.0
3948,1.0,12.0
42987,7.0,10.0
14827,2.0,16.0
37833,3.0,16.0
8147,6.0,15.0
26223,1.0,
28690,5.0,17.0
43530,6.0,20.0
8725,2.0,10.0
10484,3.0,12.0
38422,1.0,14.0
34350,2.0,16.0
42558,2.0,13.0
46070,5.0,19.0
43339,2.0,15.0
38275,1.0,14.0
35678,2.0,21.0
18878,2.0,16.0
47315,5.0,14.0
7319,4.0,17.0
25546,4.0,22.0
39660,6.0,19.0
40627,,13.0
11452,3.0,12.0
32372,0.0,4.0
13239,4.0,14.0
25651,5.0,7.0
43693,3.0,12.0
6441,,18.0
12152,3.0,23.0
22141,3.0,11.0
49354,1.0,11.0
21190,5.0,18.0
17015,1.0,14.0
67,3.0,10.0
20883,2.0,
38477,0.0,3.0
39899,3.0,12.0
21611,6.0,12.0
562,2.0,10.0
15193,1.0,18.0
175,1.0,15.0
29618,3.0,20.0
19109,3.0,17.0
6678,7.0,20.0
32839,6.0,10.0
17962,4.0,17.0
30687,3.0,8.0
46124,3.0,19.0
43468,7.0,11.0
41979,3.0,13.0
29602,3.0,13.0
28067,0.0,4.0
48082,3.0,7.0
4044,4.0,18.0
1721,4.0,17.0
7618,3.0,17.0
17010,3.0,13.0
13865,3.0,13.0
46091,7.0,13.0
15249,0.0,4.0
37830,2.0,10.0
31665,4.0,18.0
21221,4.0,15.0
41873,3.0,18.0
37259,2.0,20.0
33187,5.0,10.0
33862,3.0,100.0
40100,1.0,13.0
38074,0.0,5.0
49744,1.0,10.0
1877,7.0,9.0
31851,4.0,
8206,5.0,11.0
38344,0.0,7.0
40499,1.0,14.0
3188,2.0,7.0
13997,0.0,4.0
21560,2.0,9.0
22244,1.0,18.0
6523,6.0,11.0
1919,6.0,18.0
3930,6.0,7.0
29370,2.0,10.0
43578,0.0,2.0
36779,6.0,10.0
43184,8.0,9.0
1502,3.0,16.0
42875,3.0,17.0
36672,4.0,19.0
23288,4.0,14.0
48252,1.0,15.0
3282,3.0,13.0
17314,4.0,11.0
25818,2.0,7.0
40973,5.0,18.0
10828,,2.0
28693,2.0,9.0
17533,2.0,17.0
15654,3.0,11.0
38413,2.0,11.0
35203,0.0,22.0
19451,,11.0
22400,1.0,16.0
48746,2.0,19.0
26616,4.0,9.0
35512,5.0,13.0
10440,7.0,19.0
18023,1.0,11.0
25952,2.0,
3299,3.0,16.0
37079,3.0,16.0
3334,2.0,13.0
41894,2.0,
24137,4.0,13.0
6050,2.0,17.0
27498,3.0,14.0
4514,4.0,11.0
21875,5.0,12.0
41166,0.0,17.0
7442,4.0,9.0
30257,6.0,20.0
49823,4.0,20.0
41885,7.0,10.0
23149,2.0,8.0
27330,2.0,12.0
133,7.0,14.0
39107,4.0,20.0
37984,4.0,7.0
41080,7.0,13.0
41053,5.0,12.0
18687,3.0,15.0
22328,4.0,9.0
709,3.0,16.0
7635,5.0,22.0
11946,2.0,11.0
3197,5.0,15.0
7969,5.0,19.0
42507,6.0,18.0
10896,4.0,
48465,0.0,3.0
1547,4.0,12.0
1522,4.0,13.0
23796,4.0,16.0
42280,3.0,16.0
33074,6.0,13.0
45137,3.0,13.0
23208,4.0,15.0
20992,0.0,4.0
6890,3.0,8.0
7726,3.0,11.0
31303,10.0,14.0
31560,1.0,12.0
20111,3.0,17.0
22482,3.0,11.0
23541,0.0,13.0
1227,5.0,15.0
40501,2.0,8.0
30672,0.0,4.0
49285,0.0,22.0
37443,3.0,6.0
22,8.0,9.0
8065,,18.0
35464,6.0,8.0
4427,4.0,13.0
6430,0.0,3.0
27361,4.0,12.0
2357,3.0,17.0
8732,4.0,11.0
5367,5.0,13.0
9222,2.0,16.0
14059,2.0,15.0
21590,8.0,14.0
18783,0.0,11.0
32045,,16.0
3617,4.0,14.0
38794,6.0,19.0
28284,2.0,12.0
35459,4.0,11.0
13134,4.0,16.0
21078,5.0,14.0
25071,,17.0
35585,1.0,8.0
26593,2.0,13.0
35962,5.0,8.0
22044,4.0,22.0
22578,5.0,20.0
24034,6.0,14.0
21752,0.0,20.0
43123,6.0,14.0
39735,3.0,16.0
49293,4.0,16.0
5221,1.0,17.0
12916,0.0,6.0
29039,0.0,1.0
21113,2.0,15.0
31934,1.0,18.0
20077,2.0,18.0
4196,0.0,17.0
37364,1.0,17.0
4090,6.0,10.0
40640,0.0,10.0
9832,0.0,13.0
36767,1.0,19.0
20597,2.0,17.0
47349,2.0,21.0
49874,4.0,14.0
10039,4.0,18.0
46402,5.0,10.0
34918,,14.0
47828,3.0,12.0
27570,,
44478,4.0,15.0
12436,5.0,16.0
31815,4.0,6.0
42106,0.0,4.0
15868,,5.0
793,0.0,4.0
28770,2.0,8.0
32832,3.0,14.0
20084,2.0,8.0
41619,,14.0
49895,3.0,10.0
44598,3.0,14.0
22798,1.0,
42791,3.0,16.0
22001,1.0,18.0
38896,4.0,11.0
7909,1.0,15.0
13332,7.0,15.0
42073,0.0,5.0
19337,3.0,14.0
11467,4.0,11.0
36441,5.0,21.0
23362,2.0,6.0
28073,2.0,11.0
32657,4.0,12.0
29151,2.0,13.0
16020,2.0,11.0
29646,3.0,13.0
29714,6.0,13.0
17505,2.0,17.0
47255,3.0,19.0
4111,0.0,4.0
21745,3.0,11.0
13166,4.0,14.0
34715,0.0,24.0
45545,2.0,13.0
16954,6.0,14.0
3898,1.0,22.0
14178,1.0,
28762,4.0,12.0
8104,,18.0
21608,8.0,11.0
23947,5.0,12.0
280,3.0,13.0
20003,2.0,14.0
18296,,18.0
1467,2.0,11.0
11391,3.0,21.0
36195,9.0,12.0
34656,2.0,17.0
4423,5.0,17.0
15274,2.0,13.0
1893,3.0,10.0
30429,2.0,12.0
42171,6.0,18.0
3509,0.0,3.0
18036,5.0,15.0
38775,0.0,0.0
5499,5.0,14.0
3304,4.0,17.0
36830,3.0,13.0
7692,2.0,21.0
17269,1.0,14.0
39131,2.0,16.0
3353,,16.0
27041,0.0,3.0
4462,7.0,14.0
33919,2.0,24.0
40602,0.0,2.0
13910,3.0,10.0
13105,5.0,14.0
41612,3.0,14.0
31911,1.0,22.0
40966,2.0,23.0
1889,4.0,12.0
14056,3.0,12.0
26783,2.0,
29740,3.0,7.0
5726,0.0,
48032,2.0,12.0
6391,2.0,19.0
29775,3.0,7.0
33370,6.0,24.0
37667,1.0,
18358,3.0,90.0
33936,5.0,13.0
11750,3.0,19.0
29131,2.0,10.0
34600,3.0,9.0
21740,4.0,
37551,3.0,10.0
14376,6.0,10.0
26048,2.0,13.0
45358,2.0,12.0
3655,5.0,7.0
45257,,13.0
44755,2.0,22.0
20837,1.0,13.0
6351,2.0,11.0
18378,1.0,20.0
19662,0.0,1.0
32517,2.0,22.0
16264,2.0,14.0
9408,0.0,9.0
17906,0.0,7.0
17702,2.0,18.0
18651,4.0,
42613,0.0,1.0
15871,3.0,
41936,5.0,20.0
20910,4.0,17.0
41874,2.0,15.0
7231,,20.0
29933,3.0,12.0
47715,1.0,22.0
1348,3.0,18.0
37104,2.0,10.0
45016,1.0,11.0
48720,3.0,15.0
24727,2.0,16.0
22104,2.0,12.0
48952,2.0,18.0
28537,3.0,80.0
10411,5.0,13.0
43525,,17.0
35369,4.0,13.0
19421,4.0,17.0
1483,,9.0
259,6.0,11.0
8091,6.0,10.0
32140,3.0,11.0
46900,3.0,18.0
18124,3.0,9.0
25598,7.0,18.0
45325,4.0,11.0
44017,1.0,15.0
46542,2.0,15.0
11991,3.0,12.0
35953,3.0,15.0
7960,3.0,15.0
14371,2.0,11.0
18332,4.0,16.0
32179,0.0,4.0
34325,6.0,18.0
41364,3.0,13.0
2421,1.0,19.0
3031,3.0,9.0
35547,3.0,19.0
44424,2.0,11.0
28639,3.0,21.0
31817,1.0,
2057,2.0,6.0
25425,3.0,9.0
1533,1.0,14.0
5848,0.0,0.0
45300,4.0,21.0
13158,1.0,18.0
5252,2.0,15.0
16956,3.0,14.0
29753,5.0,14.0
25643,3.0,17.0
49805,,9.0
38476,4.0,10.0
16375,3.0,14.0
2675,1.0,8.0
22290,4.0,17.0
47830,7.0,13.0
43235,,15.0
19070,3.0,12.0
26143,4.0,11.0
41171,0.0,2.0
40252,3.0,12.0
14785,3.0,14.0
2559,3.0,14.0
5165,,9.0
24670,4.0,16.0
42957,0.0,
4209,5.0,13.0
23501,3.0,11.0
24582,2.0,14.0
22461,0.0,2.0
28190,1.0,15.0
22960,1.0,16.0
33532,,2.0
33154,5.0,5.0
2651,1.0,23.0
16992,3.0,11.0
12684,0.0,3.0
45998,0.0,5.0
21063,5.0,15.0
48119,4.0,12.0
39184,4.0,12.0
12196,0.0,2.0
35358,5.0,16.0
29067,1.0,14.0
7938,3.0,14.0
28840,0.0,3.0
40882,2.0,10.0
15914,6.0,
11839,5.0,17.0
15906,4.0,17.0
33969,3.0,15.0
9873,6.0,
24748,1.0,15.0
33133,0.0,3.0
37535,0.0,13.0
29897,4.0,10.0
24529,2.0,11.0
26500,4.0,12.0
25038,3.0,17.0
39449,2.0,8.0
23197,3.0,9.0
38150,0.0,4.0
23827,5.0,18.0
27875,3.0,21.0
27470,3.0,17.0
44153,2.0,17.0
47638,2.0,10.0
26874,4.0,21.0
211,6.0,23.0
44583,5.0,12.0
32441,2.0,
49427,3.0,17.0
4101,1.0,15.0
30584,1.0,16.0
34323,4.0,15.0
9740,7.0,11.0
12048,4.0,11.0
42402,0.0,5.0
40739,5.0,15.0
22175,7.0,11.0
9724,3.0,14.0
41771,3.0,18.0
34040,,12.0
16831,2.0,12.0
40979,3.0,17.0
2606,,17.0
2505,0.0,4.0
16706,6.0,10.0
29816,2.0,19.0
38659,4.0,13.0
25398,0.0,4.0
36121,0.0,4.0
3713,2.0,11.0
33203,5.0,16.0
26423,3.0,9.0
2570,3.0,11.0
48379,2.0,19.0
24260,2.0,14.0
1922,5.0,21.0
47231,2.0,
34398,0.0,2.0
16656,0.0,15.0
38221,3.0,5.0
21664,4.0,13.0
25644,3.0,16.0
14317,2.0,13.0
44393,2.0,14.0
35737,6.0,15.0
6399,0.0,4.0
17642,2.0,14.0
9058,6.0,13.0
35193,2.0,15.0
11611,2.0,9.0
281,3.0,13.0
8621,4.0,15.0
32992,4.0,19.0
43477,,12.0
15111,4.0,9.0
39823,2.0,18.0
20157,3.0,14.0
9342,0.0,
33758,8.0,15.0
16324,2.0,25.0
46671,2.0,15.0
18473,3.0,13.0
26272,3.0,14.0
32801,6.0,18.0
47263,1.0,13.0
11193,3.0,2.0
19548,1.0,16.0
10496,4.0,13.0
17611,2.0,16.0
9041,0.0,2.0
15482,3.0,16.0
29548,1.0,17.0
49435,4.0,12.0
1882,5.0,
27721,3.0,11.0
17899,,4.0
31388,6.0,24.0
45744,8.0,14.0
47471,5.0,9.0
16447,5.0,13.0
36934,4.0,9.0
17134,2.0,11.0
6186,0.0,12.0
34272,5.0,18.0
48551,3.0,11.0
19868,2.0,14.0
35931,3.0,13.0
10235,2.0,18.0
6097,1.0,14.0
38798,2.0,16.0
42840,0.0,2.0
47910,2.0,13.0
14813,2.0,12.0
9258,0.0,3.0
22347,2.0,9.0
42967,4.0,17.0
41586,1.0,12.0
32061,4.0,11.0
6756,4.0,13.0
28457,2.0,15.0
41311,3.0,8.0
46378,0.0,3.0
5066,3.0,12.0
11523,2.0,9.0
44041,4.0,8.0
11232,2.0,13.0
13084,4.0,12.0
49878,1.0,13.0
185,6.0,13.0
41953,5.0,12.0
2730,3.0,17.0
42872,1.0,17.0
3541,2.0,6.0
25011,4.0,15.0
1308,3.0,15.0
27511,2.0,15.0
34301,,10.0
39881,1.0,10.0
21600,2.0,15.0
25002,4.0,17.0
15378,4.0,14.0
8827,2.0,13.0
31612,3.0,18.0
21661,2.0,16.0
15597,8.0,14.0
34450,2.0,10.0
42393,3.0,180.0
4691,3.0,14.0
42318,1.0,17.0
16515,0.0,8.0
42753,3.0,110.0
43498,5.0,20.0
12028,0.0,3.0
44661,1.0,15.0
4260,1.0,11.0
23023,5.0,21.0
44171,2.0,10.0
43200,5.0,13.0
49705,1.0,10.0
22587,5.0,16.0
17687,4.0,20.0
36738,1.0,17.0
24131,1.0,15.0
26504,1.0,21.0
24225,0.0,11.0
7539,4.0,20.0
7120,3.0,15.0
14488,7.0,17.0
31878,2.0,11.0
6244,0.0,3.0
48518,4.0,20.0
24006,4.0,150.0
8319,4.0,17.0
32738,3.0,17.0
12618,4.0,12.0
43321,2.0,13.0
38846,0.0,14.0
2767,2.0,13.0
4895,5.0,18.0
31598,2.0,13.0
24595,4.0,17.0
46406,2.0,11.0
9328,6.0,16.0
42358,4.0,19.0
42333,2.0,15.0
41746,5.0,18.0
38706,4.0,21.0
38272,2.0,13.0
31919,5.0,11.0
35619,5.0,12.0
6017,6.0,140.0
8021,3.0,19.0
10966,3.0,12.0
2953,1.0,15.0
6199,3.0,150.0
36845,2.0,13.0
41100,3.0,15.0
797,2.0,11.0
8084,2.0,21.0
42498,0.0,3.0
13686,2.0,16.0
13085,0.0,2.0
18454,3.0,11.0
22891,6.0,9.0
5637,2.0,13.0
24197,5.0,20.0
49487,4.0,13.0
903,1.0,21.0
26619,4.0,12.0
26249,4.0,23.0
15822,2.0,5.0
40771,4.0,110.0
5355,1.0,14.0
31847,2.0,14.0
25891,3.0,17.0
33613,3.0,18.0
41406,0.0,2.0
33174,6.0,11.0
30329,0.0,10.0
27849,2.0,5.0
43372,5.0,14.0
20369,4.0,12.0
4701,6.0,10.0
6314,0.0,9.0
31599,3.0,17.0
7098,0.0,2.0
7268,5.0,15.0
10963,3.0,20.0
6692,0.0,15.0
7492,5.0,7.0
3912,4.0,11.0
1529,4.0,16.0
14714,3.0,12.0
27496,1.0,8.0
317,5.0,11.0
19720,3.0,13.0
3032,7.0,16.0
48130,0.0,3.0
17595,6.0,20.0
42519,0.0,3.0
32003,4.0,20.0
5123,2.0,17.0
28556,5.0,17.0
11125,3.0,14.0
1954,3.0,19.0
7315,1.0,16.0
17212,3.0,13.0
12664,4.0,13.0
46225,4.0,15.0
10807,4.0,16.0
44449,5.0,12.0
47276,1.0,15.0
12513,2.0,15.0
9757,4.0,14.0
30643,1.0,12.0
44043,4.0,13.0
49428,2.0,19.0
3754,1.0,16.0
44093,3.0,
14171,0.0,
48980,5.0,12.0
38781,4.0,24.0
21898,3.0,13.0
42737,1.0,13.0
9231,5.0,16.0
2572,2.0,12.0
6283,6.0,17.0
29415,3.0,13.0
22291,2.0,14.0
37905,,15.0
26683,0.0,5.0
33,1.0,8.0
35757,5.0,12.0
42632,1.0,8.0
14883,0.0,1.0
10274,4.0,16.0
29937,0.0,21.0
18087,5.0,
41123,2.0,4.0
47753,0.0,6.0
46439,5.0,16.0
40706,6.0,14.0
27677,,18.0
40062,0.0,2.0
26067,3.0,13.0
28193,5.0,18.0
41139,4.0,14.0
40764,7.0,18.0
46534,1.0,13.0
33104,2.0,16.0
6240,4.0,13.0
12392,2.0,10.0
29963,5.0,13.0
8029,0.0,12.0
17692,4.0,12.0
13135,0.0,3.0
30260,6.0,20.0
34403,3.0,20.0
44812,3.0,9.0
3640,2.0,10.0
29899,,9.0
3358,6.0,14.0
41970,2.0,8.0
12582,3.0,
26724,2.0,18.0
28352,2.0,9.0
7029,2.0,9.0
43868,2.0,12.0
36415,1.0,17.0
24441,1.0,9.0
22127,7.0,17.0
28431,4.0,7.0
20964,0.0,17.0
1743,0.0,3.0
11312,4.0,18.0
46310,2.0,12.0
10736,1.0,11.0
16696,3.0,17.0
25611,6.0,11.0
23903,4.0,19.0
18834,3.0,14.0
16008,0.0,13.0
30758,6.0,18.0
24763,5.0,10.0
30693,3.0,13.0
8719,0.0,2.0
28597,0.0,4.0
15205,,16.0
1564,3.0,13.0
25203,4.0,15.0
31504,4.0,12.0
27494,1.0,15.0
20825,2.0,12.0
26938,5.0,14.0
26372,4.0,9.0
46339,2.0,14.0
40292,7.0,9.0
30667,3.0,14.0
17989,5.0,18.0
34578,4.0,13.0
27107,4.0,8.0
1656,1.0,18.0
20834,3.0,15.0
37625,3.0,14.0
18536,3.0,13.0
2168,4.0,21.0
46258,4.0,9.0
15626,2.0,13.0
35463,4.0,15.0
45395,6.0,8.0
8773,4.0,14.0
8004,,16.0
4727,0.0,1.0
30957,5.0,11.0
14912,4.0,18.0
11539,5.0,8.0
31978,3.0,13.0
28097,2.0,60.0
17104,6.0,14.0
2526,0.0,16.0
48209,2.0,11.0
36273,2.0,16.0
15271,2.0,11.0
2932,0.0,16.0
40851,1.0,11.0
16886,1.0,12.0
31465,2.0,8.0
2209,2.0,22.0
3133,1.0,7.0
47802,4.0,7.0
21182,3.0,19.0
25431,4.0,12.0
19191,0.0,13.0
12552,4.0,16.0
48070,2.0,18.0
7224,2.0,15.0
41226,3.0,11.0
4166,3.0,18.0
22381,1.0,11.0
46752,3.0,15.0
12643,5.0,16.0
33102,2.0,10.0
32936,4.0,19.0
46465,3.0,13.0
38219,1.0,12.0
15630,1.0,8.0
18919,0.0,16.0
45525,2.0,16.0
47328,6.0,13.0
32800,3.0,19.0
49222,1.0,8.0
424,2.0,15.0
24281,7.0,9.0
48354,3.0,13.0
5462,4.0,16.0
49421,6.0,10.0
42788,1.0,25.0
34111,1.0,10.0
15312,5.0,12.0
25992,3.0,14.0
45379,3.0,13.0
20437,4.0,14.0
24174,3.0,8.0
6735,3.0,14.0
24378,3.0,19.0
33502,3.0,15.0
44298,2.0,7.0
25863,7.0,16.0
32931,3.0,17.0
30214,5.0,13.0
6238,8.0,15.0
14391,4.0,13.0
44662,7.0,17.0
42188,5.0,18.0
19233,3.0,18.0
3637,1.0,12.0
47357,2.0,13.0
382,5.0,21.0
41850,7.0,10.0
7977,3.0,12.0
18805,3.0,16.0
18030,8.0,10.0
30994,3.0,10.0
10224,2.0,
17535,0.0,11.0
44308,1.0,11.0
35987,4.0,13.0
12627,4.0,9.0
21343,,20.0
21073,2.0,13.0
48092,3.0,12.0
22943,2.0,16.0
5279,2.0,14.0
27630,2.0,6.0
45959,1.0,14.0
41735,4.0,11.0
37335,1.0,16.0
47985,0.0,4.0
9959,,12.0
9623,2.0,24.0
4471,4.0,12.0
15040,8.0,11.0
49190,4.0,12.0
24978,3.0,11.0
20802,7.0,15.0
26752,1.0,16.0
43538,1.0,13.0
15109,1.0,14.0
12778,2.0,20.0
17378,3.0,20.0
24616,0.0,6.0
30144,1.0,14.0
16890,4.0,20.0
247,,11.0
35774,3.0,16.0
9467,1.0,20.0
3196,1.0,16.0
11512,2.0,8.0
11223,3.0,17.0
32451,4.0,13.0
25921,9.0,17.0
9104,4.0,14.0
44800,7.0,14.0
8223,3.0,12.0
24257,3.0,9.0
24474,2.0,20.0
17891,1.0,13.0
12247,1.0,14.0
33945,4.0,16.0
16435,7.0,14.0
40095,3.0,16.0
43406,4.0,11.0
8812,5.0,15.0
29368,0.0,3.0
6061,4.0,13.0
48306,3.0,11.0
18876,4.0,17.0
27068,1.0,16.0
35021,5.0,12.0
40538,1.0,12.0
42963,5.0,17.0
431,2.0,14.0
22525,0.0,5.0
30898,0.0,8.0
12499,4.0,13.0
20182,3.0,12.0
10349,5.0,7.0
35201,0.0,14.0
38838,0.0,6.0
34474,0.0,11.0
9754,4.0,10.0
25579,5.0,16.0
18842,0.0,6.0
22319,5.0,16.0
12278,4.0,19.0
18793,0.0,5.0
22185,2.0,19.0
5452,1.0,19.0
6245,2.0,13.0
16377,7.0,17.0
31211,4.0,10.0
8416,5.0,16.0
42044,1.0,
26407,3.0,15.0
35092,2.0,24.0
17684,5.0,15.0
14681,7.0,15.0
19758,1.0,17.0
19493,0.0,8.0
4777,2.0,12.0
31927,0.0,11.0
25156,8.0,18.0
13457,3.0,10.0
7836,3.0,11.0
21356,7.0,9.0
23749,4.0,11.0
37230,5.0,17.0
8697,5.0,16.0
47496,3.0,18.0
28928,0.0,13.0
39142,5.0,12.0
26396,,16.0
4651,0.0,12.0
21110,5.0,9.0
38639,3.0,9.0
25808,4.0,11.0
22806,6.0,19.0
45966,1.0,17.0
48654,8.0,9.0
38235,2.0,10.0
29177,3.0,17.0
16888,4.0,20.0
9870,0.0,5.0
7833,0.0,10.0
37650,1.0,14.0
20177,5.0,8.0
21641,2.0,18.0
44091,3.0,11.0
2013,0.0,13.0
17484,4.0,16.0
16774,3.0,13.0
42390,3.0,9.0
45506,4.0,14.0
8935,5.0,13.0
49883,4.0,18.0
22654,5.0,19.0
737,2.0,14.0
19450,1.0,12.0
24455,3.0,14.0
2339,5.0,20.0
29397,0.0,1.0
42591,3.0,
12456,4.0,19.0
15324,0.0,3.0
46428,1.0,12.0
40678,4.0,
17737,2.0,20.0
10179,2.0,7.0
17960,5.0,13.0
32246,1.0,19.0
29743,,11.0
1766,6.0,14.0
32164,2.0,8.0
6960,2.0,9.0
22775,4.0,7.0
2173,2.0,15.0
6216,0.0,0.0
44663,5.0,13.0
1710,2.0,9.0
49165,0.0,5.0
48558,4.0,9.0
31161,1.0,21.0
41462,1.0,21.0
25147,6.0,17.0
115,3.0,12.0
9584,4.0,3.0
19952,0.0,3.0
12488,4.0,11.0
9117,3.0,14.0
39052,1.0,12.0
20618,3.0,17.0
19718,2.0,11.0
34307,2.0,
47788,2.0,18.0
15445,5.0,17.0
44456,3.0,18.0
372,4.0,22.0
36915,1.0,9.0
10839,3.0,9.0
28461,1.0,12.0
42918,3.0,12.0
20366,3.0,11.0
35299,7.0,19.0
26170,2.0,16.0
27512,5.0,14.0
17082,3.0,14.0
34587,2.0,19.0
27002,4.0,13.0
23046,0.0,2.0
33177,2.0,
25606,0.0,9.0
18730,4.0,11.0
30757,4.0,19.0
6504,2.0,12.0
12522,6.0,13.0
217,5.0,13.0
10521,3.0,10.0
24873,2.0,14.0
20069,1.0,22.0
49106,5.0,12.0
20474,7.0,23.0
26330,5.0,21.0
19892,4.0,14.0
31024,3.0,
8799,2.0,15.0
1881,0.0,18.0
31022,3.0,10.0
8701,0.0,4.0
48125,0.0,13.0
29113,2.0,10.0
41782,4.0,13.0
27382,3.0,12.0
39279,3.0,14.0
20989,0.0,
18461,4.0,14.0
46150,5.0,17.0
19844,5.0,15.0
31167,0.0,8.0
15957,3.0,18.0
30254,2.0,23.0
38995,1.0,13.0
46772,4.0,21.0
25795,4.0,12.0
2935,5.0,18.0
557,4.0,16.0
7584,6.0,11.0
16096,2.0,10.0
39846,0.0,3.0
14663,2.0,21.0
48608,5.0,150.0
39644,4.0,12.0
9766,3.0,12.0
41152,4.0,15.0
41905,,
40072,2.0,11.0
49374,0.0,2.0
5917,3.0,11.0
23420,3.0,10.0
1335,2.0,9.0
33776,0.0,15.0
47824,4.0,16.0
8660,0.0,3.0
37517,0.0,3.0
16713,5.0,11.0
20281,3.0,
3354,2.0,15.0
15937,3.0,13.0
24436,3.0,9.0
9025,2.0,14.0
13252,3.0,12.0
3622,4.0,11.0
42441,4.0,16.0
1573,1.0,15.0
11847,3.0,20.0
6345,2.0,16.0
37734,2.0,16.0
18494,4.0,10.0
7334,0.0,20.0
36971,2.0,
1082,,15.0
12519,3.0,16.0
46562,2.0,14.0
33330,5.0,14.0
22871,2.0,11.0
41548,5.0,15.0
23290,4.0,17.0
7816,2.0,14.0
38129,1.0,17.0
31695,2.0,15.0
11096,6.0,12.0
29961,3.0,18.0
25888,6.0,12.0
9096,3.0,17.0
4956,5.0,16.0
21427,3.0,20.0
32408,2.0,13.0
39756,0.0,13.0
47827,3.0,17.0
40309,2.0,14.0
27212,2.0,10.0
35925,2.0,12.0
34485,8.0,15.0
26320,3.0,13.0
28393,5.0,14.0
43527,2.0,7.0
16326,2.0,14.0
35258,0.0,4.0
9648,1.0,20.0
15273,5.0,12.0
29203,5.0,14.0
23678,3.0,13.0
28449,5.0,12.0
45677,2.0,12.0
31705,2.0,21.0
30098,4.0,16.0
17875,2.0,14.0
19796,0.0,11.0
13795,0.0,1.0
10916,6.0,12.0
35780,6.0,14.0
43282,4.0,12.0
5630,0.0,4.0
7819,3.0,19.0
26308,2.0,14.0
47213,0.0,12.0
17062,6.0,14.0
35013,7.0,15.0
16411,3.0,8.0
14,4.0,13.0
14570,2.0,11.0
42079,0.0,4.0
32583,3.0,11.0
8729,1.0,15.0
23546,4.0,16.0
2229,4.0,14.0
26436,7.0,19.0
38005,1.0,19.0
26682,3.0,18.0
35223,4.0,15.0
25075,2.0,17.0
33411,3.0,13.0
19224,,17.0
2695,1.0,19.0
30578,2.0,26.0
41598,3.0,14.0
5901,3.0,16.0
17982,5.0,18.0
35898,1.0,12.0
47369,6.0,16.0
44675,4.0,19.0
48508,2.0,14.0
13390,5.0,15.0
2388,3.0,22.0
48060,0.0,1.0
27383,3.0,15.0
44943,3.0,16.0
26999,0.0,1.0
38047,1.0,17.0
46318,4.0,7.0
9900,2.0,16.0
1623,0.0,17.0
40454,2.0,12.0
27827,2.0,16.0
27214,4.0,17.0
609,0.0,3.0
28977,4.0,16.0
10192,2.0,15.0
1368,4.0,10.0
5164,3.0,14.0
49996,4.0,10.0
27077,5.0,12.0
13654,3.0,14.0
35156,3.0,15.0
35383,4.0,13.0
49588,4.0,12.0
22448,3.0,
4975,2.0,17.0
9011,,15.0
47066,3.0,19.0
40187,7.0,9.0
46946,1.0,13.0
15283,5.0,10.0
41549,6.0,15.0
3344,3.0,
53,2.0,16.0
27319,0.0,4.0
36531,3.0,24.0
9967,3.0,16.0
37793,4.0,8.0
31479,7.0,17.0
7971,2.0,11.0
9628,4.0,12.0
5862,3.0,16.0
45163,5.0,8.0
44102,1.0,
48684,2.0,13.0
28984,3.0,17.0
17627,4.0,20.0
34022,0.0,
44150,1.0,130.0
25983,1.0,16.0
43019,6.0,17.0
8368,3.0,11.0
19777,1.0,14.0
38133,1.0,21.0
28239,0.0,5.0
12811,3.0,15.0
38359,2.0,12.0
42561,2.0,14.0
30872,2.0,10.0
24884,1.0,21.0
46214,1.0,13.0
34841,2.0,14.0
10477,6.0,14.0
23317,3.0,9.0
31004,,20.0
19141,3.0,14.0
1609,4.0,16.0
4069,2.0,15.0
41558,,12.0
12504,4.0,18.0
3815,3.0,17.0
26811,3.0,17.0
13127,3.0,18.0
27332,5.0,14.0
39713,2.0,18.0
47266,2.0,12.0
20423,3.0,13.0
16040,5.0,12.0
32125,3.0,13.0
13994,1.0,17.0
35286,0.0,5.0
15586,0.0,2.0
45511,3.0,13.0
20180,0.0,3.0
49645,2.0,14.0
2823,2.0,10.0
17730,6.0,16.0
33558,4.0,11.0
12764,5.0,12.0
34898,2.0,7.0
3814,2.0,9.0
47783,8.0,15.0
39569,5.0,17.0
7150,2.0,11.0
28441,2.0,
20129,4.0,14.0
34482,1.0,16.0
35097,2.0,13.0
17133,6.0,15.0
37395,2.0,11.0
40169,1.0,21.0
8454,1.0,16.0
10470,0.0,4.0
46821,1.0,11.0
19980,2.0,17.0
21705,0.0,
35371,1.0,16.0
26144,6.0,19.0
7997,2.0,
3889,5.0,16.0
47766,5.0,16.0
12335,8.0,16.0
2293,5.0,14.0
33243,4.0,20.0
41267,5.0,18.0
20296,8.0,13.0
5266,0.0,6.0
40581,2.0,10.0
42129,2.0,12.0
28588,0.0,4.0
5396,4.0,8.0
33964,3.0,18.0
40279,7.0,18.0
15129,4.0,
24207,2.0,15.0
20799,4.0,15.0
8726,1.0,11.0
46257,4.0,16.0
2038,3.0,10.0
48199,3.0,11.0
9709,1.0,9.0
29617,0.0,11.0
22614,5.0,12.0
44252,3.0,10.0
1212,3.0,17.0
8854,6.0,15.0
43981,3.0,11.0
37666,4.0,11.0
43220,2.0,12.0
35450,1.0,17.0
14623,3.0,14.0
7215,3.0,15.0
18401,1.0,9.0
43210,2.0,16.0
22476,6.0,14.0
18273,3.0,14.0
12648,0.0,12.0
32250,2.0,13.0
41838,2.0,16.0
24384,4.0,10.0
13514,3.0,10.0
47851,3.0,13.0
8666,2.0,14.0
4264,6.0,8.0
3332,3.0,14.0
3392,5.0,13.0
17412,3.0,14.0
35588,1.0,11.0
27834,2.0,14.0
48814,0.0,10.0
6796,5.0,18.0
30345,3.0,20.0
41052,0.0,3.0
12750,1.0,24.0
18742,5.0,11.0
6982,5.0,15.0
42814,2.0,14.0
8151,3.0,15.0
10650,5.0,23.0
43727,4.0,9.0
23300,0.0,1.0
9849,2.0,12.0
7090,4.0,10.0
24320,2.0,11.0
17016,3.0,13.0
4243,5.0,14.0
7859,3.0,18.0
12042,2.0,12.0
9152,2.0,16.0
14167,1.0,10.0
30830,2.0,14.0
5469,3.0,16.0
40647,6.0,15.0
6145,1.0,10.0
5912,9.0,7.0
8,5.0,15.0
18874,4.0,17.0
45535,3.0,
6463,3.0,16.0
9068,1.0,12.0
33349,3.0,12.0
9279,3.0,19.0
45215,5.0,14.0
16460,2.0,9.0
37047,4.0,14.0
3409,3.0,13.0
7324,0.0,1.0
17728,5.0,12.0
9774,5.0,8.0
28938,2.0,10.0
42579,1.0,13.0
6637,3.0,15.0
12137,2.0,16.0
33741,3.0,17.0
28081,4.0,14.0
2205,3.0,13.0
14861,4.0,9.0
1199,0.0,2.0
48958,5.0,9.0
27229,1.0,15.0
10031,4.0,14.0
12770,5.0,12.0
21751,3.0,15.0
12601,2.0,17.0
20417,7.0,20.0
39500,0.0,3.0
41543,5.0,15.0
32144,3.0,
47844,0.0,11.0
15197,8.0,16.0
29265,2.0,23.0
7887,2.0,16.0
229,3.0,16.0
28167,5.0,
34838,2.0,14.0
37186,0.0,8.0
17968,2.0,13.0
45839,3.0,
4417,4.0,16.0
29062,0.0,7.0
4452,0.0,
43075,2.0,15.0
34803,1.0,15.0
41495,5.0,5.0
45896,4.0,
18287,4.0,13.0
18202,0.0,3.0
1736,4.0,19.0
23086,2.0,11.0
21491,5.0,8.0
25700,3.0,13.0
43028,0.0,0.0
7452,4.0,12.0
8693,3.0,15.0
12443,2.0,14.0
12744,0.0,12.0
43560,0.0,10.0
14860,3.0,9.0
41805,2.0,18.0
20737,4.0,20.0
42203,0.0,0.0
35259,5.0,12.0
46196,2.0,21.0
12898,1.0,20.0
30826,3.0,21.0
2028,1.0,6.0
35108,3.0,19.0
23982,5.0,12.0
45089,7.0,16.0
4072,4.0,
48140,0.0,19.0
18948,2.0,14.0
26234,2.0,20.0
14373,1.0,18.0
44924,3.0,14.0
33392,2.0,15.0
18355,,17.0
32922,3.0,16.0
32046,1.0,17.0
6104,2.0,24.0
25633,2.0,10.0
27021,4.0,20.0
18436,4.0,10.0
39556,3.0,17.0
20747,1.0,5.0
35,2.0,13.0
31380,11.0,12.0
37968,4.0,14.0
47079,2.0,16.0
43348,4.0,14.0
18612,3.0,10.0
22735,4.0,
10821,0.0,6.0
28922,5.0,12.0
26429,1.0,17.0
24927,0.0,18.0
23080,4.0,17.0
38757,3.0,13.0
37636,1.0,13.0
21672,7.0,10.0
28679,3.0,10.0
17441,0.0,4.0
31049,3.0,11.0
27367,3.0,9.0
41246,4.0,
9281,5.0,9.0
39423,2.0,7.0
16215,5.0,13.0
36522,,9.0
20749,5.0,9.0
46346,0.0,20.0
11162,3.0,4.0
16132,5.0,8.0
420,5.0,10.0
24792,4.0,12.0
37957,3.0,13.0
5296,2.0,11.0
38790,4.0,13.0
31725,1.0,14.0
17100,3.0,150.0
26701,2.0,14.0
16998,1.0,9.0
19347,0.0,5.0
29871,5.0,18.0
21691,2.0,5.0
3757,4.0,12.0
6885,4.0,13.0
47726,5.0,18.0
33782,5.0,13.0
16214,1.0,14.0
21693,5.0,16.0
14475,0.0,20.0
32911,4.0,11.0
18584,5.0,12.0
6831,4.0,10.0
49494,5.0,16.0
44247,0.0,17.0
3965,,7.0
23408,4.0,6.0
16758,0.0,14.0
33284,6.0,9.0
9094,3.0,13.0
20922,0.0,2.0
20880,2.0,17.0
16380,1.0,21.0
20202,5.0,
3060,0.0,17.0
3902,5.0,17.0
44334,2.0,17.0
39402,4.0,10.0
23029,5.0,10.0
32949,3.0,13.0
34819,4.0,10.0
5894,1.0,14.0
6737,1.0,20.0
31326,0.0,2.0
24192,4.0,17.0
22027,2.0,12.0
38902,,8.0
48081,,10.0
28849,7.0,14.0
47972,5.0,11.0
48747,6.0,11.0
11068,4.0,16.0
5728,1.0,11.0
18801,5.0,13.0
15641,6.0,19.0
32865,7.0,14.0
42681,2.0,14.0
32202,5.0,5.0
26019,3.0,11.0
35431,3.0,13.0
584,2.0,11.0
45068,3.0,14.0
41403,3.0,130.0
16907,1.0,11.0
21047,1.0,12.0
23981,3.0,16.0
39126,2.0,16.0
24300,2.0,16.0
48671,5.0,13.0
3736,0.0,4.0
18895,0.0,4.0
31278,2.0,14.0
48993,7.0,20.0
2020,4.0,22.0
12509,1.0,15.0
31151,3.0,7.0
26159,2.0,9.0
49668,4.0,
27638,3.0,2.0
45530,2.0,12.0
13486,5.0,17.0
15344,3.0,15.0
37094,1.0,12.0
38725,3.0,15.0
23165,6.0,11.0
30967,5.0,10.0
6604,4.0,17.0
45756,2.0,13.0
4080,0.0,1.0
32055,3.0,20.0
46268,0.0,10.0
1022,2.0,16.0
6258,5.0,15.0
6011,0.0,3.0
45870,0.0,5.0
27139,5.0,17.0
32789,0.0,3.0
9722,0.0,1.0
13242,2.0,19.0
2182,3.0,21.0
12687,4.0,15.0
32082,4.0,
23478,5.0,20.0
36262,1.0,10.0
46240,3.0,13.0
40769,4.0,21.0
17517,3.0,16.0
15246,0.0,2.0
24379,4.0,16.0
7644,1.0,18.0
23193,3.0,7.0
40307,4.0,16.0
29369,1.0,9.0
23791,3.0,22.0
39424,1.0,11.0
22452,3.0,16.0
24028,2.0,16.0
27675,3.0,16.0
42592,2.0,14.0
28501,3.0,21.0
29968,0.0,13.0
18211,0.0,4.0
17024,0.0,3.0
41001,3.0,20.0
18803,2.0,15.0
36240,3.0,
3565,2.0,17.0
47892,6.0,12.0
29283,1.0,7.0
27032,4.0,20.0
34352,2.0,16.0
2517,6.0,12.0
15071,1.0,19.0
33716,4.0,14.0
9642,2.0,21.0
23879,1.0,14.0
48450,4.0,15.0
40936,5.0,17.0
7218,0.0,10.0
44068,0.0,3.0
49915,2.0,13.0
17366,0.0,14.0
33764,3.0,9.0
33897,4.0,11.0
24457,8.0,10.0
9999,3.0,18.0
39910,0.0,2.0
39728,4.0,5.0
19993,4.0,11.0
25536,2.0,10.0
34881,1.0,13.0
16311,3.0,14.0
19837,5.0,16.0
21100,2.0,15.0
20985,2.0,8.0
41572,2.0,11.0
45931,0.0,5.0
19769,6.0,15.0
20835,3.0,11.0
37949,3.0,13.0
4692,4.0,9.0
48365,4.0,12.0
17926,1.0,16.0
27832,0.0,2.0
3248,6.0,16.0
3614,7.0,14.0
28305,3.0,19.0
1665,8.0,
37458,1.0,15.0
21971,2.0,10.0
27545,0.0,15.0
13525,4.0,12.0
48115,3.0,16.0
35688,3.0,11.0
6120,2.0,12.0
42194,0.0,17.0
2288,1.0,16.0
36807,8.0,18.0
37822,8.0,17.0
29391,8.0,9.0
8306,6.0,13.0
20812,4.0,15.0
36263,2.0,15.0
12730,6.0,14.0
36165,4.0,17.0
2228,0.0,5.0
35115,3.0,18.0
5736,1.0,19.0
10452,0.0,5.0
21328,,13.0
36430,1.0,13.0
24846,0.0,3.0
22766,2.0,20.0
37500,6.0,15.0
37743,,15.0
14730,3.0,17.0
9099,5.0,
22819,0.0,2.0
16920,0.0,4.0
49756,6.0,10.0
40133,3.0,16.0
10143,,15.0
37959,2.0,13.0
30050,4.0,11.0
36727,5.0,10.0
29483,0.0,12.0
44042,4.0,22.0
7103,4.0,26.0
48588,4.0,210.0
28896,2.0,16.0
21897,2.0,12.0
24848,0.0,7.0
48176,2.0,20.0
23263,6.0,9.0
34380,0.0,2.0
24629,3.0,13.0
35493,0.0,5.0
41622,0.0,10.0
38628,3.0,11.0
45969,2.0,15.0
44315,2.0,
23055,3.0,
7097,2.0,12.0
32370,6.0,22.0
29070,3.0,15.0
6556,2.0,16.0
9977,0.0,16.0
10212,2.0,9.0
40272,3.0,16.0
26,2.0,11.0
38409,3.0,19.0
4782,4.0,17.0
42933,5.0,
10149,6.0,14.0
11959,2.0,11.0
26827,2.0,13.0
4124,3.0,16.0
1757,3.0,9.0
10791,6.0,14.0
39625,6.0,12.0
31368,0.0,0.0
49637,3.0,
38053,3.0,
11003,3.0,10.0
40671,3.0,11.0
40651,6.0,13.0
39830,4.0,10.0
6769,2.0,28.0
10287,4.0,13.0
25460,5.0,11.0
3202,4.0,11.0
36251,2.0,17.0
5410,,16.0
24590,4.0,14.0
45949,5.0,21.0
30610,1.0,9.0
31323,2.0,
13848,3.0,12.0
47792,1.0,18.0
42739,5.0,15.0
809,6.0,7.0
27215,2.0,10.0
3200,4.0,12.0
29371,3.0,14.0
20216,2.0,15.0
28202,5.0,13.0
21071,4.0,7.0
21896,0.0,2.0
40300,3.0,190.0
30168,0.0,5.0
49693,1.0,16.0
33619,0.0,4.0
25389,7.0,14.0
26726,4.0,16.0
11956,2.0,11.0
22036,3.0,19.0
46546,7.0,12.0
4714,1.0,12.0
46049,2.0,17.0
41566,5.0,16.0
32122,2.0,15.0
6684,5.0,10.0
41327,4.0,7.0
18741,4.0,10.0
19573,5.0,13.0
26944,4.0,11.0
29534,4.0,18.0
47374,5.0,14.0
37287,0.0,1.0
5342,2.0,16.0
28384,6.0,9.0
47800,8.0,10.0
26898,2.0,18.0
14532,5.0,20.0
14868,1.0,20.0
14579,1.0,6.0
24104,0.0,3.0
5757,4.0,15.0
9871,0.0,8.0
49843,0.0,2.0
49672,0.0,14.0
30405,4.0,11.0
15549,5.0,11.0
19705,2.0,15.0
32616,1.0,12.0
1278,0.0,1.0
42645,5.0,11.0
31644,1.0,8.0
22297,0.0,7.0
38561,2.0,19.0
2911,2.0,8.0
45986,0.0,6.0
36764,0.0,4.0
40109,0.0,4.0
40005,3.0,9.0
37271,0.0,8.0
14700,3.0,11.0
30145,2.0,9.0
36649,5.0,18.0
226,1.0,14.0
8771,4.0,18.0
45018,2.0,10.0
43897,6.0,7.0
800,3.0,14.0
47997,3.0,10.0
48468,5.0,14.0
25887,4.0,16.0
6130,0.0,0.0
17397,1.0,15.0
33206,7.0,10.0
19320,2.0,18.0
44674,2.0,18.0
12421,3.0,19.0
44905,3.0,8.0
41790,1.0,14.0
27515,0.0,4.0
21895,3.0,17.0
460,1.0,
27590,4.0,7.0
7391,4.0,13.0
49194,7.0,16.0
33571,4.0,16.0
4380,5.0,12.0
20389,2.0,14.0
47562,4.0,16.0
39675,2.0,12.0
27862,4.0,14.0
48017,1.0,18.0
42859,5.0,12.0
32532,1.0,18.0
2480,1.0,
2097,0.0,8.0
1671,3.0,20.0
27709,1.0,10.0
28550,2.0,12.0
28398,3.0,12.0
19637,,18.0
41214,2.0,7.0
15720,2.0,10.0
4715,1.0,16.0
11580,7.0,15.0
3186,1.0,10.0
29622,6.0,16.0
37394,4.0,19.0
7714,0.0,14.0
15833,3.0,14.0
2035,3.0,19.0
15566,0.0,13.0
29473,2.0,14.0
31935,2.0,14.0
30175,4.0,20.0
45467,6.0,10.0
27585,3.0,12.0
38982,1.0,19.0
22042,6.0,18.0
31028,2.0,13.0
11051,4.0,22.0
43280,1.0,10.0
25947,3.0,
8708,3.0,13.0
35349,,10.0
13122,0.0,2.0
25412,0.0,
37595,8.0,12.0
35368,0.0,4.0
18074,3.0,11.0
42770,3.0,11.0
7499,0.0,190.0
44609,0.0,6.0
34150,3.0,21.0
37368,0.0,4.0
31350,1.0,11.0
37231,0.0,4.0
19988,2.0,13.0
49205,2.0,10.0
667,0.0,4.0
34129,0.0,3.0
3446,2.0,18.0
21120,3.0,12.0
41350,4.0,11.0
31552,,16.0
21852,7.0,11.0
10888,2.0,12.0
43929,1.0,12.0
37467,1.0,14.0
35396,6.0,13.0
7527,2.0,16.0
47811,5.0,17.0
11047,4.0,20.0
11401,2.0,12.0
1643,3.0,12.0
34282,3.0,15.0
10597,2.0,18.0
14101,5.0,17.0
2298,0.0,0.0
49162,0.0,3.0
28114,2.0,23.0
38006,3.0,20.0
36055,5.0,15.0
42326,1.0,14.0
24011,2.0,7.0
22332,4.0,16.0
5613,4.0,15.0
2743,3.0,14.0
12520,1.0,13.0
39002,1.0,14.0
14190,0.0,14.0
26070,5.0,13.0
18843,5.0,14.0
2808,4.0,13.0
30075,3.0,14.0
18711,2.0,12.0
21495,8.0,14.0
1038,2.0,14.0
17111,1.0,13.0
14505,0.0,5.0
32092,3.0,16.0
31895,0.0,2.0
18432,4.0,17.0
6688,2.0,20.0
37196,3.0,16.0
47951,3.0,17.0
42088,0.0,4.0
44337,4.0,14.0
43045,5.0,18.0
15672,1.0,190.0
45319,4.0,14.0
40709,6.0,11.0
40447,4.0,8.0
28617,5.0,16.0
8645,5.0,17.0
30474,3.0,13.0
1477,4.0,11.0
12382,0.0,1.0
13496,3.0,12.0
16994,4.0,9.0
14721,4.0,15.0
1260,2.0,15.0
27362,2.0,18.0
28832,4.0,12.0
12900,5.0,14.0
18586,7.0,11.0
35206,,
26826,2.0,11.0
24695,0.0,11.0
19457,1.0,14.0
12573,7.0,22.0
25437,3.0,13.0
4158,4.0,9.0
41829,3.0,15.0
27564,3.0,12.0
47976,0.0,5.0
48511,0.0,3.0
37695,3.0,11.0
13751,0.0,5.0
41957,4.0,12.0
9997,5.0,15.0
32518,6.0,9.0
21509,3.0,24.0
47550,0.0,2.0
43394,3.0,10.0
14571,1.0,17.0
13182,2.0,14.0
13973,4.0,
4134,1.0,11.0
10517,1.0,14.0
29598,,14.0
38866,0.0,3.0
20862,1.0,10.0
28414,0.0,19.0
47390,8.0,14.0
37254,2.0,10.0
1880,2.0,16.0
1325,6.0,13.0
1189,1.0,16.0
6015,2.0,9.0
35822,0.0,3.0
10436,3.0,11.0
47478,2.0,13.0
2186,2.0,14.0
11179,3.0,17.0
11982,0.0,15.0
43335,0.0,12.0
15595,2.0,23.0
14169,3.0,10.0
34548,,17.0
43052,2.0,13.0
17044,5.0,13.0
30456,2.0,11.0
1594,6.0,19.0
24047,7.0,21.0
37725,4.0,20.0
12692,3.0,
16607,1.0,14.0
8990,1.0,24.0
11850,0.0,2.0
32101,1.0,19.0
41972,2.0,23.0
3528,3.0,18.0
30979,4.0,14.0
42083,3.0,16.0
16590,2.0,14.0
35304,4.0,12.0
31879,0.0,5.0
14479,6.0,13.0
24950,1.0,19.0
10067,0.0,14.0
32964,2.0,12.0
32933,5.0,16.0
47860,3.0,22.0
37647,1.0,17.0
35569,3.0,12.0
23190,2.0,16.0
6500,3.0,12.0
13905,4.0,16.0
36600,4.0,11.0
15339,3.0,11.0
4125,2.0,
22636,2.0,16.0
26931,3.0,13.0
49723,3.0,14.0
47114,1.0,11.0
4987,1.0,10.0
29853,4.0,15.0
39426,3.0,14.0
13345,5.0,13.0
15678,2.0,17.0
5271,5.0,19.0
38199,2.0,14.0
49609,7.0,5.0
5473,0.0,1.0
23618,6.0,19.0
38391,4.0,19.0
47059,3.0,
12414,0.0,2.0
16056,0.0,3.0
97,3.0,19.0
27829,5.0,8.0
2852,4.0,8.0
29908,0.0,6.0
24584,4.0,7.0
44389,2.0,10.0
37626,4.0,13.0
17005,4.0,
20624,5.0,16.0
11867,2.0,14.0
16094,5.0,12.0
8619,6.0,17.0
46151,1.0,7.0
21035,4.0,9.0
37488,7.0,12.0
42774,4.0,23.0
12190,2.0,15.0
31554,3.0,13.0
1574,5.0,18.0
3649,3.0,20.0
29199,1.0,11.0
23395,0.0,3.0
27879,10.0,14.0
42745,1.0,90.0
17809,2.0,14.0
43485,,13.0
22657,4.0,15.0
17522,2.0,19.0
40570,0.0,3.0
34844,7.0,18.0
42160,0.0,11.0
9559,7.0,12.0
48447,3.0,13.0
22842,2.0,10.0
20299,4.0,15.0
47803,4.0,11.0
46686,0.0,3.0
22419,5.0,17.0
46369,2.0,18.0
20520,1.0,15.0
14244,2.0,10.0
39240,0.0,4.0
14302,3.0,17.0
42387,6.0,9.0
43832,6.0,13.0
33373,1.0,9.0
38776,1.0,11.0
27714,3.0,19.0
17700,0.0,14.0
44911,1.0,19.0
34870,2.0,10.0
29148,2.0,11.0
24467,3.0,21.0
48630,2.0,17.0
848,4.0,15.0
24989,5.0,9.0
47225,5.0,15.0
108,1.0,11.0
38762,0.0,8.0
7648,0.0,2.0
25016,3.0,15.0
44127,0.0,3.0
29402,1.0,12.0
20431,3.0,11.0
16330,2.0,14.0
40182,4.0,
4153,4.0,16.0
9761,3.0,16.0
5060,3.0,19.0
44653,0.0,8.0
32837,2.0,13.0
36434,0.0,4.0
37494,6.0,14.0
15863,2.0,20.0
17559,0.0,12.0
35343,1.0,16.0
34957,2.0,20.0
32289,6.0,12.0
18081,4.0,
18522,4.0,8.0
6054,4.0,19.0
11545,6.0,23.0
39304,2.0,90.0
38469,0.0,19.0
45892,5.0,7.0
32184,3.0,19.0
6895,0.0,
41002,3.0,5.0
30839,0.0,3.0
17169,3.0,17.0
27521,2.0,120.0
6077,2.0,19.0
17589,4.0,10.0
16536,4.0,9.0
14581,4.0,16.0
46595,4.0,11.0
147,4.0,15.0
38871,2.0,18.0
20412,,19.0
43928,2.0,8.0
37718,1.0,11.0
37993,1.0,15.0
41284,5.0,14.0
40782,0.0,120.0
11242,3.0,12.0
1631,5.0,20.0
26925,6.0,9.0
23019,4.0,11.0
1434,1.0,12.0
34882,3.0,16.0
14501,5.0,16.0
8023,2.0,14.0
45761,5.0,11.0
15397,5.0,16.0
7731,3.0,11.0
46427,2.0,13.0
26677,1.0,11.0
37545,3.0,15.0
30866,4.0,12.0
47764,4.0,19.0
21515,6.0,12.0
39270,1.0,23.0
47019,4.0,20.0
31456,3.0,16.0
673,6.0,11.0
22823,2.0,24.0
24900,4.0,20.0
7175,2.0,11.0
49950,1.0,16.0
47565,3.0,11.0
19206,1.0,12.0
3168,3.0,17.0
38215,2.0,9.0
41136,2.0,13.0
21305,2.0,15.0
17841,5.0,17.0
7558,0.0,7.0
8682,0.0,4.0
26494,8.0,12.0
16548,5.0,8.0
46463,2.0,11.0
22768,0.0,4.0
15267,4.0,14.0
48390,1.0,18.0
46380,1.0,12.0
19496,3.0,11.0
37005,2.0,20.0
26376,5.0,15.0
17300,0.0,18.0
5290,6.0,19.0
29465,1.0,16.0
47775,,3.0
34791,4.0,12.0
35751,2.0,16.0
29012,5.0,11.0
3342,5.0,17.0
24871,2.0,7.0
38837,4.0,
38813,7.0,15.0
16098,4.0,13.0
22809,1.0,12.0
548,4.0,13.0
27268,5.0,14.0
26319,3.0,11.0
9557,4.0,15.0
19473,5.0,14.0
625,1.0,10.0
43914,3.0,18.0
14799,1.0,9.0
6257,1.0,13.0
49454,0.0,5.0
22942,3.0,12.0
43907,0.0,4.0
16465,7.0,11.0
15729,3.0,10.0
33030,0.0,4.0
37479,4.0,9.0
31764,6.0,8.0
44717,3.0,14.0
39249,5.0,14.0
36533,2.0,15.0
30043,3.0,16.0
27302,4.0,10.0
45773,1.0,18.0
13194,1.0,22.0
7020,2.0,18.0
5997,3.0,18.0
43455,2.0,12.0
43902,2.0,10.0
44346,6.0,11.0
34112,3.0,15.0
28672,6.0,18.0
26653,5.0,12.0
16313,4.0,17.0
18753,,16.0
21041,0.0,1.0
27977,3.0,10.0
48992,2.0,19.0
22064,3.0,10.0
19464,4.0,15.0
36135,3.0,14.0
20030,3.0,14.0
11566,6.0,12.0
33155,0.0,2.0
19578,4.0,17.0
24394,5.0,10.0
3845,2.0,12.0
35908,2.0,12.0
12538,2.0,11.0
19292,0.0,2.0
31914,0.0,11.0
13519,4.0,15.0
28030,4.0,12.0
24523,2.0,18.0
20868,2.0,12.0
33592,4.0,9.0
14932,5.0,16.0
3220,3.0,100.0
2558,5.0,17.0
6024,3.0,11.0
8995,4.0,12.0
49618,1.0,12.0
15766,1.0,14.0
40116,,
31298,2.0,15.0
19847,1.0,14.0
37947,2.0,17.0
48101,,11.0
13511,3.0,13.0
8493,2.0,18.0
47118,,0.0
20489,3.0,10.0
8694,1.0,18.0
5455,5.0,19.0
32705,6.0,18.0
4312,3.0,160.0
43847,4.0,20.0
8427,4.0,
21785,3.0,13.0
11331,,14.0
42914,1.0,19.0
47986,6.0,12.0
4180,6.0,7.0
46413,5.0,13.0
19068,4.0,15.0
8657,1.0,7.0
4466,8.0,14.0
43327,2.0,12.0
30706,0.0,4.0
28619,2.0,9.0
27935,3.0,8.0
48530,0.0,3.0
13778,6.0,9.0
24298,0.0,2.0
33172,,19.0
33757,0.0,3.0
14279,3.0,12.0
26297,3.0,16.0
41379,0.0,1.0
29340,5.0,18.0
35539,7.0,17.0
45736,3.0,15.0
5003,6.0,11.0
49386,5.0,13.0
13100,6.0,13.0
17502,5.0,17.0
49127,3.0,17.0
49099,,26.0
24323,6.0,7.0
17994,2.0,11.0
1102,1.0,18.0
13833,1.0,14.0
26868,1.0,17.0
46970,4.0,11.0
13063,0.0,2.0
11250,2.0,16.0
13363,2.0,15.0
36454,5.0,12.0
14359,3.0,13.0
29128,3.0,10.0
40507,3.0,9.0
12703,0.0,2.0
32450,2.0,16.0
27371,3.0,21.0
22577,7.0,15.0
43549,7.0,6.0
4848,1.0,15.0
34807,4.0,13.0
36569,2.0,18.0
3277,3.0,19.0
9560,4.0,22.0
14652,5.0,17.0
43657,1.0,10.0
36156,3.0,17.0
8013,3.0,10.0
49091,1.0,9.0
33108,3.0,20.0
9113,2.0,13.0
8396,3.0,15.0
604,4.0,22.0
10830,8.0,10.0
7794,0.0,19.0
26359,2.0,12.0
7205,0.0,2.0
46180,12.0,17.0
28134,3.0,12.0
47177,0.0,3.0
26069,4.0,14.0
21791,9.0,
30690,5.0,11.0
12713,3.0,
5838,4.0,16.0
46800,0.0,2.0
46866,5.0,13.0
32646,4.0,20.0
43996,3.0,14.0
34006,3.0,9.0
26238,0.0,5.0
28298,5.0,11.0
38574,,13.0
23299,,18.0
37223,4.0,12.0
23511,2.0,13.0
16239,0.0,5.0
40905,5.0,14.0
28413,1.0,12.0
49476,3.0,16.0
1088,4.0,10.0
43714,4.0,13.0
14970,3.0,15.0
39287,4.0,12.0
36069,3.0,15.0
1346,3.0,17.0
29432,5.0,12.0
7944,3.0,8.0
244,4.0,16.0
47570,3.0,24.0
17838,6.0,10.0
16438,0.0,3.0
24108,3.0,10.0
8482,6.0,19.0
25434,6.0,19.0
18606,2.0,17.0
21860,5.0,12.0
11639,4.0,15.0
21219,3.0,8.0
24124,2.0,16.0
15999,1.0,18.0
26054,1.0,11.0
20082,,14.0
43039,7.0,17.0
47222,5.0,14.0
40185,5.0,13.0
28653,3.0,12.0
1989,5.0,23.0
12801,3.0,18.0
27776,0.0,15.0
19614,0.0,3.0
32519,2.0,10.0
40220,4.0,23.0
25597,4.0,12.0
44482,1.0,16.0
24413,1.0,21.0
23945,4.0,15.0
26075,3.0,11.0
28318,2.0,12.0
46746,9.0,14.0
41305,0.0,1.0
23631,0.0,2.0
10707,1.0,14.0
8409,0.0,4.0
15493,2.0,15.0
17685,6.0,160.0
24632,5.0,10.0
24892,1.0,10.0
29700,2.0,15.0
46279,5.0,13.0
15284,2.0,12.0
30495,3.0,9.0
40865,4.0,10.0
24199,3.0,15.0
10542,0.0,
5233,4.0,13.0
13150,2.0,11.0
46120,0.0,1.0
44906,0.0,14.0
42654,1.0,11.0
39228,1.0,15.0
28992,0.0,2.0
25036,0.0,15.0
7973,0.0,0.0
22503,1.0,19.0
46822,2.0,18.0
4662,0.0,4.0
1955,3.0,15.0
4601,4.0,18.0
42803,2.0,19.0
48161,3.0,15.0
16629,3.0,
49221,5.0,18.0
2903,2.0,13.0
21557,2.0,17.0
33891,0.0,4.0
48866,2.0,16.0
12521,4.0,7.0
28895,2.0,12.0
39396,1.0,17.0
6802,2.0,10.0
40052,7.0,15.0
6365,3.0,16.0
16925,7.0,15.0
39628,2.0,18.0
19042,3.0,16.0
30003,0.0,3.0
16104,0.0,2.0
45557,3.0,11.0
25123,5.0,16.0
30136,,13.0
47191,1.0,16.0
26329,2.0,21.0
23999,0.0,2.0
29818,3.0,19.0
24182,0.0,2.0
39070,1.0,14.0
11686,7.0,19.0
46048,4.0,18.0
20456,0.0,1.0
31333,0.0,3.0
25912,4.0,17.0
39634,4.0,10.0
10967,7.0,15.0
49533,1.0,13.0
26280,5.0,21.0
10638,3.0,18.0
35777,4.0,16.0
45953,1.0,16.0
30840,5.0,12.0
41191,3.0,11.0
24343,3.0,12.0
32494,1.0,19.0
14358,3.0,14.0
36028,4.0,
9420,3.0,220.0
2230,1.0,15.0
15503,5.0,12.0
8670,5.0,15.0
42439,7.0,18.0
32716,4.0,14.0
3790,3.0,13.0
8440,4.0,15.0
41203,6.0,15.0
12419,4.0,13.0
43539,3.0,13.0
7916,2.0,14.0
26728,4.0,10.0
33435,7.0,20.0
40204,1.0,11.0
30356,1.0,23.0
40897,3.0,10.0
43003,2.0,9.0
24573,5.0,15.0
18527,3.0,13.0
35523,4.0,10.0
27074,3.0,12.0
22988,2.0,15.0
24574,,13.0
40148,0.0,4.0
22954,3.0,10.0
44714,,15.0
33396,1.0,14.0
16906,3.0,12.0
48643,4.0,12.0
3022,1.0,13.0
22366,,18.0
42197,5.0,19.0
23099,2.0,18.0
23015,1.0,15.0
20231,4.0,25.0
37676,3.0,10.0
3612,4.0,11.0
27902,5.0,14.0
38364,4.0,21.0
36931,2.0,11.0
42820,0.0,15.0
4872,3.0,19.0
18602,3.0,11.0
5636,0.0,1.0
32884,1.0,20.0
21315,5.0,22.0
4550,1.0,10.0
129,3.0,16.0
1320,3.0,14.0
20524,6.0,15.0
48575,1.0,15.0
44311,4.0,18.0
39481,0.0,3.0
31297,2.0,6.0
14150,5.0,17.0
17186,5.0,23.0
39989,5.0,16.0
30731,4.0,16.0
6658,2.0,13.0
4454,7.0,10.0
42330,2.0,15.0
46242,6.0,14.0
45943,5.0,23.0
11432,4.0,11.0
9333,6.0,13.0
35410,3.0,13.0
4310,3.0,11.0
38857,3.0,15.0
26800,6.0,13.0
30669,0.0,4.0
3714,3.0,18.0
6734,1.0,11.0
10225,3.0,12.0
7465,3.0,12.0
34959,7.0,19.0
2795,3.0,14.0
41086,3.0,13.0
6853,7.0,14.0
18794,0.0,3.0
23243,2.0,14.0
15270,1.0,16.0
37381,2.0,14.0
7081,2.0,18.0
11974,8.0,14.0
2902,3.0,6.0
38964,1.0,16.0
27224,3.0,10.0
11037,3.0,14.0
20087,3.0,15.0
524,7.0,18.0
11338,3.0,16.0
48927,6.0,13.0
41218,6.0,14.0
43255,3.0,11.0
34349,2.0,20.0
21004,2.0,9.0
14124,1.0,20.0
23294,1.0,12.0
24142,5.0,9.0
31536,4.0,11.0
9494,,12.0
5,,17.0
9845,2.0,10.0
7390,3.0,16.0
41235,8.0,13.0
38508,4.0,23.0
4775,0.0,4.0
48180,4.0,8.0
1601,2.0,19.0
24102,4.0,11.0
44405,4.0,14.0
34146,2.0,10.0
32893,5.0,13.0
49181,5.0,17.0
40693,1.0,17.0
13592,3.0,20.0
40950,1.0,18.0
15231,,15.0
36826,0.0,
11879,7.0,15.0
34413,2.0,7.0
942,3.0,10.0
26481,6.0,10.0
31202,5.0,8.0
44999,5.0,10.0
41467,6.0,11.0
18147,2.0,16.0
38051,3.0,8.0
6801,3.0,15.0
31971,1.0,12.0
47894,3.0,11.0
8112,0.0,18.0
24464,5.0,13.0
12917,6.0,19.0
11499,5.0,13.0
37703,2.0,10.0
49008,,15.0
15077,0.0,5.0
37357,5.0,17.0
22883,3.0,14.0
1550,6.0,13.0
34778,4.0,9.0
13247,5.0,21.0
19921,2.0,20.0
47438,4.0,20.0
30567,0.0,2.0
18681,3.0,19.0
8592,,17.0
7179,2.0,11.0
48277,5.0,19.0
27402,6.0,15.0
35690,5.0,24.0
24368,1.0,10.0
3508,2.0,12.0
45706,,13.0
3294,5.0,10.0
30684,3.0,8.0
17154,2.0,18.0
37435,2.0,12.0
31691,2.0,14.0
20214,3.0,18.0
25634,5.0,12.0
9045,2.0,7.0
42849,0.0,13.0
3959,3.0,16.0
336,1.0,12.0
32742,3.0,20.0
48349,2.0,11.0
44569,3.0,9.0
14247,1.0,16.0
43148,1.0,18.0
34665,,16.0
48143,2.0,22.0
45378,3.0,14.0
6497,2.0,16.0
46803,6.0,13.0
38494,4.0,15.0
36377,3.0,19.0
4501,1.0,16.0
40394,0.0,3.0
27615,6.0,17.0
19536,5.0,12.0
2898,4.0,12.0
13249,2.0,18.0
19269,3.0,19.0
1460,1.0,11.0
10148,5.0,7.0
18503,,11.0
9310,2.0,14.0
12649,2.0,13.0
8480,4.0,12.0
19728,4.0,12.0
49593,0.0,4.0
47129,0.0,2.0
27141,3.0,16.0
39141,5.0,9.0
26402,2.0,22.0
47945,2.0,10.0
33707,5.0,12.0
3670,4.0,12.0
44560,0.0,19.0
40763,0.0,2.0
10822,2.0,15.0
8878,2.0,15.0
23643,5.0,10.0
31404,5.0,21.0
22251,2.0,12.0
36111,5.0,9.0
33293,2.0,12.0
35169,1.0,15.0
2258,4.0,17.0
44996,2.0,10.0
41950,2.0,
5619,1.0,12.0
18698,4.0,
28940,3.0,20.0
24745,4.0,13.0
41321,0.0,15.0
23757,2.0,17.0
35988,5.0,17.0
46172,0.0,5.0
27285,1.0,23.0
20270,0.0,3.0
47501,1.0,12.0
43670,4.0,
2818,7.0,9.0
16203,3.0,11.0
40393,2.0,17.0
23520,0.0,2.0
47572,2.0,12.0
6880,2.0,14.0
27144,4.0,12.0
27384,5.0,17.0
4016,3.0,8.0
20334,3.0,13.0
45153,2.0,14.0
44373,3.0,13.0
20083,0.0,3.0
560,3.0,10.0
43771,0.0,13.0
2614,1.0,16.0
48663,4.0,11.0
10648,4.0,13.0
26820,4.0,17.0
23562,2.0,20.0
5618,1.0,9.0
913,1.0,15.0
31931,5.0,8.0
47507,2.0,11.0
34142,3.0,16.0
28795,6.0,
23159,5.0,10.0
18581,4.0,18.0
33555,1.0,21.0
42293,2.0,12.0
32093,7.0,9.0
21780,1.0,10.0
7379,0.0,1.0
36913,2.0,12.0
39218,2.0,13.0
41955,5.0,16.0
3171,3.0,9.0
30852,0.0,7.0
22582,6.0,16.0
19078,1.0,20.0
40338,6.0,18.0
5322,3.0,17.0
42878,4.0,14.0
35622,1.0,10.0
20691,4.0,17.0
254,4.0,17.0
17825,3.0,17.0
48798,2.0,19.0
46568,5.0,18.0
8991,4.0,12.0
43824,0.0,1.0
37130,5.0,12.0
46445,5.0,16.0
6516,3.0,18.0
46199,5.0,17.0
32146,2.0,9.0
37117,5.0,19.0
34725,,10.0
11120,2.0,11.0
10600,4.0,11.0
35662,2.0,14.0
26671,1.0,8.0
36504,4.0,10.0
30116,4.0,15.0
6113,2.0,13.0
34169,5.0,11.0
30233,4.0,17.0
19445,3.0,7.0
521,7.0,11.0
12214,0.0,1.0
37161,7.0,13.0
1345,2.0,10.0
15538,0.0,4.0
44318,9.0,17.0
49316,6.0,15.0
44854,0.0,4.0
4624,0.0,4.0
39623,2.0,6.0
40683,7.0,14.0
4516,,9.0
12372,5.0,20.0
4724,3.0,5.0
32036,1.0,14.0
35215,2.0,20.0
4416,2.0,16.0
15733,2.0,16.0
8075,3.0,20.0
42405,0.0,13.0
15975,1.0,14.0
38322,0.0,0.0
14673,1.0,7.0
13672,2.0,9.0
28436,5.0,14.0
22424,4.0,11.0
25141,,20.0
13985,5.0,9.0
2206,3.0,11.0
49372,4.0,14.0
36213,4.0,9.0
16403,5.0,16.0
12293,6.0,9.0
5058,4.0,12.0
2784,4.0,17.0
6178,2.0,20.0
46792,,10.0
20137,3.0,15.0
26323,0.0,3.0
7338,2.0,15.0
48193,4.0,13.0
34417,4.0,15.0
19635,4.0,9.0
29308,0.0,2.0
9381,4.0,11.0
30947,1.0,19.0
9463,2.0,10.0
9458,6.0,16.0
19480,4.0,12.0
38196,2.0,13.0
10735,4.0,16.0
13579,0.0,21.0
26146,2.0,10.0
4432,6.0,14.0
19462,3.0,15.0
22686,0.0,3.0
48633,4.0,12.0
31756,4.0,9.0
33408,3.0,11.0
19760,0.0,3.0
41839,4.0,8.0
38608,4.0,11.0
49437,5.0,15.0
14278,7.0,17.0
16559,0.0,15.0
32341,4.0,10.0
36586,4.0,14.0
11471,0.0,3.0
12665,4.0,16.0
18114,7.0,11.0
17650,3.0,9.0
13745,0.0,2.0
26155,,9.0
45814,4.0,14.0
32699,4.0,9.0
22832,0.0,4.0
43083,4.0,16.0
26347,0.0,3.0
46935,3.0,18.0
31421,2.0,12.0
42756,2.0,14.0
37427,6.0,16.0
13314,3.0,13.0
32877,3.0,11.0
205,2.0,20.0
2222,2.0,14.0
16537,5.0,
29338,0.0,3.0
20608,5.0,17.0
1045,5.0,15.0
21019,1.0,14.0
26799,5.0,11.0
5203,2.0,23.0
2587,3.0,15.0
29554,5.0,14.0
21797,4.0,16.0
41916,0.0,1.0
22523,2.0,17.0
15923,0.0,1.0
12212,1.0,15.0
44032,4.0,14.0
46659,2.0,14.0
12830,1.0,18.0
35043,2.0,9.0
27213,5.0,16.0
45105,2.0,17.0
9971,4.0,10.0
9639,4.0,24.0
18983,5.0,11.0
21999,6.0,14.0
26933,1.0,14.0
27860,4.0,19.0
7975,3.0,14.0
37990,0.0,11.0
15253,4.0,16.0
17885,4.0,12.0
43729,1.0,19.0
27425,0.0,4.0
41515,6.0,9.0
8929,5.0,17.0
12016,3.0,20.0
14249,1.0,8.0
13656,4.0,
2966,4.0,18.0
2393,4.0,16.0
20435,5.0,14.0
22833,1.0,11.0
16638,3.0,18.0
9427,3.0,18.0
27522,5.0,14.0
33602,5.0,15.0
34449,0.0,3.0
4678,5.0,
23790,4.0,11.0
42570,6.0,15.0
45192,0.0,11.0
5431,4.0,9.0
48369,4.0,
41007,5.0,16.0
21505,3.0,11.0
21398,1.0,17.0
11708,5.0,13.0
25600,3.0,14.0
13439,0.0,2.0
1971,4.0,9.0
8521,3.0,16.0
24112,1.0,14.0
48582,4.0,19.0
25940,5.0,11.0
47870,4.0,16.0
43638,1.0,13.0
7583,7.0,20.0
20690,3.0,10.0
9919,1.0,16.0
19711,3.0,110.0
48019,3.0,11.0
25269,3.0,9.0
46886,3.0,16.0
42511,3.0,15.0
2469,4.0,11.0
18592,2.0,11.0
34336,4.0,17.0
6989,3.0,11.0
26543,1.0,14.0
15328,2.0,12.0
49825,0.0,2.0
12313,4.0,16.0
5998,2.0,14.0
8117,0.0,3.0
16285,2.0,14.0
36211,5.0,23.0
6151,,10.0
15050,5.0,17.0
32247,2.0,140.0
15601,6.0,11.0
48265,3.0,10.0
8571,2.0,15.0
32783,5.0,11.0
33920,4.0,15.0
50000,5.0,20.0
3832,0.0,1.0
20344,3.0,20.0
38415,6.0,17.0
13545,1.0,14.0
7443,3.0,13.0
35305,4.0,
24101,7.0,18.0
29390,6.0,13.0
25620,,12.0
15294,0.0,16.0
31474,,16.0
40588,1.0,11.0
24845,5.0,6.0
1047,3.0,13.0
32476,2.0,17.0
8763,2.0,12.0
10859,2.0,11.0
32734,5.0,13.0
49673,3.0,14.0
24000,3.0,12.0
27508,7.0,18.0
26440,4.0,11.0
12895,3.0,19.0
20142,4.0,16.0
32988,5.0,7.0
23460,5.0,12.0
31890,2.0,18.0
15154,4.0,
18804,6.0,10.0
23731,1.0,20.0
18502,,16.0
23746,6.0,12.0
4763,0.0,10.0
38678,2.0,10.0
24125,5.0,10.0
21448,4.0,17.0
39209,8.0,
2864,4.0,15.0
38595,9.0,10.0
456,0.0,1.0
9905,3.0,16.0
15866,2.0,10.0
44141,6.0,14.0
47041,3.0,6.0
5331,2.0,22.0
24861,0.0,3.0
18120,4.0,180.0
5677,3.0,7.0
11427,0.0,10.0
38465,2.0,14.0
35278,3.0,14.0
35285,1.0,14.0
19707,4.0,17.0
36060,1.0,15.0
5054,3.0,10.0
14446,5.0,15.0
31237,6.0,9.0
22203,2.0,13.0
30375,2.0,17.0
21268,1.0,12.0
11475,5.0,13.0
42496,4.0,20.0
39347,7.0,17.0
31345,2.0,8.0
45021,1.0,22.0
35276,2.0,16.0
17859,2.0,14.0
29698,4.0,12.0
13521,1.0,18.0
19765,5.0,11.0
47852,4.0,8.0
36088,1.0,11.0
42569,5.0,14.0
3249,5.0,13.0
10332,3.0,13.0
24403,3.0,13.0
28204,,9.0
43246,4.0,12.0
4992,5.0,16.0
37903,2.0,18.0
36607,4.0,12.0
21010,1.0,10.0
6656,2.0,15.0
8605,0.0,16.0
11156,1.0,15.0
15494,4.0,13.0
1758,5.0,18.0
24240,,17.0
28434,5.0,14.0
37997,4.0,9.0
25379,7.0,20.0
23756,6.0,17.0
30900,4.0,12.0
32767,4.0,20.0
47941,3.0,8.0
42792,0.0,4.0
42183,4.0,13.0
47886,4.0,14.0
11519,2.0,12.0
32452,1.0,9.0
6361,4.0,19.0
8048,5.0,12.0
2661,1.0,15.0
23865,2.0,19.0
39996,2.0,11.0
18525,2.0,14.0
19947,0.0,3.0
15390,4.0,12.0
41199,5.0,15.0
9765,5.0,15.0
47675,0.0,3.0
48444,2.0,14.0
29663,5.0,16.0
14896,5.0,3.0
12464,4.0,7.0
4907,1.0,
3786,1.0,23.0
34604,6.0,13.0
8813,2.0,13.0
6157,3.0,13.0
3855,0.0,6.0
14539,0.0,2.0
31662,2.0,
43382,0.0,5.0
47936,3.0,12.0
22597,7.0,21.0
23007,4.0,14.0
42696,0.0,3.0
29685,5.0,16.0
17662,2.0,17.0
26694,1.0,16.0
4927,3.0,11.0
40042,3.0,9.0
20806,2.0,18.0
378,1.0,11.0
45831,3.0,11.0
12386,0.0,7.0
1566,0.0,3.0
8496,0.0,3.0
44044,4.0,16.0
23503,2.0,10.0
4752,5.0,11.0
1409,4.0,15.0
12044,8.0,18.0
5809,2.0,13.0
35875,5.0,10.0
44340,2.0,12.0
43850,,16.0
26205,6.0,17.0
26805,2.0,18.0
32147,4.0,13.0
31111,1.0,9.0
10238,0.0,9.0
23920,6.0,13.0
34116,2.0,18.0
39421,3.0,15.0
20383,6.0,9.0
42141,0.0,1.0
12775,4.0,14.0
10233,4.0,10.0
40343,1.0,10.0
24713,2.0,16.0
29914,4.0,14.0
10514,2.0,16.0
43466,4.0,17.0
13650,7.0,12.0
18773,5.0,8.0
18729,0.0,5.0
13680,4.0,18.0
2774,5.0,15.0
21101,3.0,10.0
32612,0.0,4.0
20626,3.0,11.0
16704,1.0,13.0
15741,1.0,13.0
19171,6.0,14.0
45510,4.0,15.0
42884,,10.0
9596,1.0,15.0
21025,2.0,10.0
49048,2.0,18.0
36223,0.0,2.0
46606,4.0,16.0
18923,3.0,19.0
8659,5.0,9.0
30284,0.0,10.0
27781,2.0,12.0
2083,2.0,14.0
46,3.0,13.0
34623,2.0,16.0
40402,4.0,11.0
32630,2.0,13.0
49076,0.0,6.0
41399,6.0,18.0
6783,3.0,13.0
5577,4.0,14.0
39513,2.0,14.0
14018,4.0,16.0
20230,4.0,14.0
33606,3.0,
18373,5.0,12.0
31690,2.0,12.0
17214,2.0,13.0
8186,1.0,18.0
26532,7.0,11.0
40023,2.0,15.0
21203,0.0,20.0
45371,6.0,12.0
22420,3.0,12.0
12289,3.0,10.0
17196,6.0,13.0
28084,,9.0
34781,3.0,14.0
3866,4.0,16.0
27592,0.0,3.0
17276,2.0,12.0
8582,1.0,23.0
31933,0.0,15.0
23778,3.0,14.0
26270,4.0,12.0
18685,2.0,10.0
14921,0.0,6.0
6110,0.0,18.0
11553,3.0,6.0
20242,1.0,20.0
24305,4.0,20.0
31187,0.0,4.0
27461,3.0,10.0
6606,1.0,
13698,4.0,14.0
43641,2.0,17.0
46887,3.0,16.0
14036,5.0,11.0
48042,4.0,11.0
32766,4.0,5.0
41630,5.0,8.0
42352,2.0,15.0
27547,5.0,17.0
20706,0.0,24.0
29185,2.0,15.0
38789,0.0,1.0
13479,1.0,15.0
17904,1.0,19.0
29318,2.0,17.0
23530,,17.0
34103,1.0,12.0
15318,5.0,4.0
37019,1.0,10.0
44836,4.0,15.0
45260,4.0,11.0
12270,3.0,16.0
44433,0.0,2.0
6380,3.0,14.0
44019,4.0,17.0
35922,,18.0
47491,4.0,14.0
44875,7.0,15.0
32993,1.0,
47600,1.0,10.0
39004,5.0,11.0
34320,3.0,7.0
10394,0.0,1.0
4559,3.0,15.0
8060,5.0,15.0
24921,4.0,11.0
693,4.0,15.0
42399,2.0,14.0
6882,3.0,19.0
39760,5.0,12.0
38296,5.0,18.0
15460,3.0,9.0
17012,2.0,11.0
20274,5.0,80.0
27644,2.0,7.0
14670,,15.0
1542,3.0,10.0
22765,5.0,19.0
15393,5.0,18.0
15865,7.0,10.0
12001,0.0,2.0
8291,3.0,16.0
15377,0.0,2.0
12035,5.0,15.0
38694,1.0,12.0
2493,5.0,14.0
46726,,9.0
3118,5.0,11.0
3700,0.0,5.0
34745,4.0,8.0
30355,1.0,15.0
32221,0.0,4.0
17601,0.0,11.0
16346,2.0,8.0
14289,4.0,13.0
11865,7.0,18.0
23051,2.0,8.0
44912,3.0,13.0
13889,5.0,18.0
7493,0.0,4.0
7576,3.0,12.0
28488,6.0,17.0
15133,4.0,14.0
36841,3.0,14.0
15663,3.0,14.0
32739,3.0,15.0
43690,2.0,12.0
19991,3.0,7.0
5313,4.0,
3591,4.0,
46295,2.0,16.0
20277,8.0,10.0
5486,6.0,11.0
42822,1.0,11.0
26991,4.0,8.0
10631,0.0,1.0
45598,3.0,19.0
2108,6.0,15.0
17971,0.0,6.0
25585,,19.0
7304,3.0,17.0
15387,4.0,13.0
9635,3.0,14.0
3980,1.0,15.0
26730,2.0,12.0
780,2.0,18.0
620,0.0,1.0
48915,3.0,8.0
21893,5.0,12.0
5647,4.0,13.0
23433,0.0,4.0
46430,3.0,9.0
16462,2.0,5.0
46657,4.0,13.0
14645,2.0,13.0
20740,2.0,10.0
42846,4.0,20.0
45687,5.0,18.0
42341,6.0,12.0
16456,0.0,3.0
8614,0.0,16.0
1097,7.0,8.0
40932,0.0,7.0
1496,2.0,10.0
49140,5.0,9.0
18235,2.0,16.0
23042,0.0,16.0
15490,3.0,17.0
1403,3.0,16.0
5669,1.0,14.0
2924,0.0,3.0
25449,6.0,9.0
20800,3.0,9.0
1693,2.0,18.0
14656,4.0,
40000,4.0,15.0
2503,7.0,20.0
30342,1.0,15.0
7290,1.0,15.0
22047,4.0,12.0
43761,,14.0
17853,7.0,11.0
16473,7.0,16.0
7495,2.0,12.0
22727,4.0,12.0
4755,4.0,15.0
10133,2.0,11.0
29468,10.0,11.0
24945,0.0,18.0
30042,1.0,15.0
42527,3.0,16.0
47494,5.0,14.0
4620,,14.0
12749,4.0,10.0
14633,4.0,13.0
47555,2.0,20.0
6549,4.0,12.0
36537,2.0,16.0
31360,4.0,16.0
10565,3.0,12.0
45604,2.0,19.0
45357,4.0,16.0
19509,0.0,2.0
40160,6.0,14.0
44785,4.0,18.0
26890,0.0,4.0
32214,1.0,9.0
18241,4.0,12.0
44513,6.0,9.0
42242,4.0,13.0
25731,2.0,16.0
8417,3.0,6.0
26983,6.0,15.0
16477,4.0,13.0
21861,0.0,2.0
13718,0.0,0.0
19529,1.0,15.0
42251,0.0,3.0
5406,1.0,14.0
31394,4.0,10.0
11138,2.0,10.0
1358,5.0,19.0
24166,2.0,10.0
17907,0.0,3.0
44687,5.0,12.0
14259,3.0,19.0
46730,4.0,12.0
32257,5.0,8.0
21824,1.0,13.0
1932,2.0,19.0
9646,3.0,11.0
16586,1.0,12.0
11924,3.0,15.0
23148,,11.0
18189,1.0,12.0
9716,2.0,16.0
16750,7.0,17.0
27663,4.0,16.0
43467,3.0,11.0
27012,4.0,16.0
40060,2.0,
10286,4.0,10.0
15293,1.0,9.0
19166,0.0,3.0
3102,5.0,8.0
29612,1.0,17.0
20045,3.0,6.0
30512,0.0,5.0
43736,0.0,4.0
42752,0.0,2.0
10645,3.0,14.0
40093,2.0,22.0
18111,4.0,11.0
5212,3.0,16.0
1116,0.0,5.0
48124,2.0,12.0
29492,2.0,12.0
37077,0.0,1.0
22329,5.0,13.0
12906,2.0,14.0
42091,5.0,13.0
15952,,14.0
694,5.0,10.0
11339,0.0,4.0
46340,2.0,12.0
15707,1.0,15.0
9970,0.0,16.0
2837,1.0,14.0
43728,5.0,18.0
41423,2.0,23.0
17610,0.0,18.0
13350,0.0,2.0
45284,,17.0
5969,3.0,13.0
19514,3.0,17.0
23906,2.0,14.0
16478,4.0,13.0
11751,2.0,12.0
29379,0.0,3.0
39185,0.0,8.0
21915,4.0,15.0
6686,2.0,7.0
28573,4.0,14.0
31790,0.0,12.0
9158,0.0,
49730,5.0,15.0
11565,3.0,13.0
36622,0.0,2.0
17924,3.0,13.0
33726,0.0,1.0
15367,2.0,13.0
18893,6.0,11.0
16054,1.0,11.0
2644,5.0,13.0
17075,3.0,12.0
14296,3.0,17.0
3853,2.0,10.0
2365,1.0,14.0
30186,3.0,18.0
40287,6.0,9.0
45366,2.0,17.0
29518,7.0,15.0
25930,2.0,15.0
43287,0.0,15.0
41888,4.0,9.0
20736,1.0,
27248,,15.0
42944,6.0,12.0
1429,1.0,13.0
43567,4.0,
12094,5.0,10.0
38500,4.0,12.0
7242,2.0,
49298,1.0,10.0
29951,6.0,9.0
24239,2.0,10.0
11204,2.0,17.0
15506,3.0,12.0
23504,0.0,11.0
27702,0.0,9.0
315,2.0,15.0
16436,5.0,10.0
9368,6.0,8.0
25201,1.0,17.0
44880,3.0,14.0
32346,4.0,10.0
17317,0.0,22.0
31417,0.0,15.0
42685,6.0,
49715,4.0,18.0
30408,0.0,15.0
3908,2.0,8.0
36791,0.0,3.0
40102,2.0,13.0
30873,6.0,13.0
48383,3.0,15.0
779,0.0,17.0
24080,0.0,0.0
16026,2.0,14.0
3519,3.0,16.0
22835,2.0,18.0
43001,0.0,5.0
20187,6.0,13.0
46435,4.0,14.0
48022,3.0,20.0
31888,3.0,13.0
24315,6.0,19.0
29673,3.0,16.0
6925,9.0,11.0
10474,2.0,6.0
32018,2.0,13.0
15573,6.0,12.0
39995,2.0,13.0
6455,2.0,12.0
12132,5.0,
15102,5.0,13.0
8686,7.0,12.0
38527,1.0,20.0
37424,,5.0
29403,2.0,13.0
46195,0.0,2.0
9240,5.0,25.0
43233,2.0,16.0
22018,4.0,12.0
2208,4.0,14.0
22498,1.0,11.0
45794,3.0,10.0
22401,3.0,13.0
28170,1.0,21.0
25459,3.0,14.0
37558,5.0,20.0
8796,2.0,18.0
5234,0.0,13.0
42910,3.0,15.0
26150,1.0,13.0
32836,1.0,11.0
2988,2.0,12.0
47052,1.0,13.0
127,2.0,7.0
44133,2.0,15.0
37682,2.0,15.0
16081,5.0,14.0
33209,6.0,15.0
42994,0.0,3.0
42011,6.0,11.0
33352,7.0,14.0
47857,5.0,5.0
49247,4.0,24.0
5915,3.0,12.0
35743,0.0,4.0
43201,1.0,12.0
46774,7.0,10.0
6956,0.0,3.0
3329,0.0,5.0
33470,0.0,1.0
20452,1.0,14.0
27601,0.0,4.0
12859,4.0,16.0
26836,3.0,
15917,4.0,16.0
21865,3.0,10.0
9587,6.0,12.0
26023,0.0,8.0
20785,0.0,5.0
39792,3.0,20.0
2344,3.0,14.0
9071,2.0,9.0
2702,4.0,13.0
29516,6.0,15.0
29235,6.0,16.0
6464,2.0,25.0
12568,3.0,14.0
3106,0.0,1.0
47376,3.0,17.0
39894,0.0,15.0
13850,4.0,10.0
36923,4.0,12.0
37715,5.0,14.0
16319,1.0,12.0
28898,2.0,
46510,5.0,16.0
44031,4.0,14.0
7108,1.0,13.0
32060,3.0,12.0
14737,2.0,10.0
230,3.0,18.0
38080,4.0,13.0
11016,3.0,13.0
33530,4.0,11.0
49383,0.0,9.0
8155,5.0,10.0
34008,5.0,17.0
33249,1.0,19.0
8874,0.0,6.0
41197,3.0,14.0
44292,2.0,18.0
36912,2.0,14.0
23334,6.0,14.0
11405,6.0,15.0
9304,1.0,18.0
11455,1.0,13.0
10343,1.0,16.0
31627,1.0,12.0
11237,2.0,12.0
266,4.0,11.0
16769,7.0,12.0
46014,5.0,15.0
32113,3.0,18.0
29766,6.0,11.0
39643,,21.0
30590,0.0,1.0
19032,2.0,15.0
35765,0.0,2.0
41659,3.0,5.0
31639,1.0,11.0
23481,4.0,10.0
12908,0.0,2.0
24744,5.0,10.0
29894,6.0,16.0
38768,3.0,15.0
39550,0.0,13.0
24617,6.0,15.0
11235,6.0,19.0
47389,5.0,150.0
3175,7.0,15.0
21157,0.0,3.0
44371,3.0,12.0
23211,5.0,16.0
8916,2.0,17.0
13301,2.0,22.0
21453,1.0,18.0
13609,5.0,11.0
29599,3.0,19.0
49780,0.0,3.0
15634,4.0,16.0
15103,4.0,14.0
4498,4.0,17.0
21891,2.0,15.0
34487,0.0,3.0
7587,3.0,15.0
20254,4.0,16.0
3427,7.0,12.0
36771,1.0,8.0
28138,1.0,9.0
35046,3.0,7.0
24786,0.0,2.0
19361,5.0,23.0
26287,3.0,18.0
26062,1.0,17.0
25727,2.0,17.0
10375,4.0,5.0
9235,,9.0
1600,1.0,13.0
3781,0.0,14.0
28747,3.0,17.0
45022,4.0,14.0
34990,5.0,17.0
12221,5.0,18.0
15136,1.0,
3429,0.0,18.0
9785,1.0,12.0
12166,4.0,13.0
8497,0.0,3.0
8443,1.0,12.0
9396,1.0,12.0
40516,2.0,12.0
46531,4.0,20.0
49531,3.0,14.0
828,1.0,16.0
28593,5.0,17.0
22034,4.0,22.0
10725,3.0,13.0
3015,1.0,16.0
39715,3.0,14.0
42193,,3.0
46348,3.0,10.0
11647,5.0,13.0
39268,3.0,14.0
35130,1.0,12.0
36651,2.0,15.0
34710,4.0,
4877,0.0,16.0
28072,4.0,12.0
21520,1.0,13.0
26121,4.0,13.0
19753,6.0,
28169,3.0,11.0
46415,3.0,13.0
20774,2.0,13.0
19816,0.0,2.0
47917,4.0,16.0
35970,3.0,13.0
21497,3.0,15.0
18476,0.0,1.0
37011,4.0,18.0
33946,6.0,13.0
22847,2.0,12.0
45915,5.0,14.0
45813,5.0,18.0
39007,3.0,14.0
23567,3.0,15.0
25815,2.0,13.0
26709,4.0,7.0
47230,6.0,15.0
34181,1.0,23.0
28321,1.0,13.0
3947,,14.0
29555,2.0,17.0
46958,5.0,12.0
5625,2.0,4.0
37983,0.0,6.0
46095,0.0,4.0
34869,2.0,16.0
45424,3.0,11.0
30633,3.0,19.0
13891,0.0,4.0
49384,4.0,
19410,1.0,
25218,0.0,2.0
37167,2.0,16.0
475,5.0,10.0
41124,1.0,12.0
1584,7.0,15.0
46897,5.0,20.0
26408,3.0,12.0
201,3.0,12.0
12850,1.0,14.0
17460,7.0,17.0
21130,1.0,16.0
13661,7.0,7.0
30369,7.0,
36610,2.0,
41912,3.0,18.0
569,1.0,20.0
11247,4.0,150.0
37730,1.0,11.0
29355,5.0,19.0
1647,2.0,17.0
12828,1.0,11.0
15258,0.0,5.0
2313,4.0,14.0
17711,0.0,0.0
43226,2.0,12.0
181,3.0,13.0
31433,1.0,11.0
16251,4.0,7.0
1142,4.0,20.0
10402,2.0,13.0
42684,1.0,11.0
43435,1.0,14.0
38793,0.0,4.0
14370,4.0,16.0
41310,1.0,6.0
40248,5.0,21.0
41437,3.0,13.0
40243,4.0,23.0
15742,5.0,10.0
21144,,16.0
18782,2.0,20.0
18078,1.0,13.0
14277,3.0,11.0
3263,4.0,
42294,2.0,13.0
41241,3.0,110.0
9418,3.0,14.0
401,2.0,11.0
44138,2.0,15.0
41796,2.0,12.0
16017,2.0,16.0
36229,3.0,14.0
32897,4.0,20.0
42665,2.0,16.0
37673,2.0,15.0
32076,1.0,15.0
30017,4.0,13.0
23517,4.0,13.0
20291,0.0,2.0
46711,3.0,9.0
32569,0.0,14.0
8036,2.0,20.0
4339,0.0,4.0
26977,2.0,8.0
45497,2.0,
33075,2.0,
37916,3.0,14.0
16339,6.0,6.0
28738,,9.0
24307,5.0,24.0
36577,,13.0
7438,0.0,21.0
33858,0.0,3.0
21425,1.0,15.0
16812,1.0,10.0
27817,5.0,20.0
46997,5.0,14.0
8461,2.0,16.0
19179,0.0,3.0
18386,0.0,0.0
7325,0.0,21.0
14058,3.0,20.0
9118,3.0,9.0
6350,3.0,12.0
32091,3.0,15.0
11793,3.0,11.0
10557,0.0,1.0
41048,5.0,12.0
4484,1.0,12.0
15462,5.0,15.0
47077,1.0,13.0
23311,1.0,19.0
32453,3.0,17.0
49340,,8.0
30849,3.0,17.0
45114,3.0,
32480,7.0,11.0
19275,,12.0
10824,2.0,16.0
35887,4.0,13.0
24445,2.0,16.0
33007,1.0,12.0
103,6.0,14.0
11957,4.0,14.0
25690,2.0,16.0
13535,4.0,16.0
6249,2.0,15.0
22647,3.0,12.0
4613,3.0,12.0
39941,2.0,15.0
35684,2.0,13.0
39974,1.0,12.0
41484,4.0,14.0
29316,6.0,15.0
39348,3.0,13.0
28905,4.0,15.0
11730,7.0,14.0
30869,0.0,2.0
43878,5.0,12.0
2656,7.0,10.0
3870,1.0,18.0
15296,3.0,22.0
2704,3.0,12.0
4001,4.0,12.0
24438,0.0,1.0
41724,2.0,18.0
31162,1.0,11.0
27669,3.0,12.0
2489,5.0,14.0
29030,1.0,10.0
14628,4.0,10.0
19213,2.0,19.0
1246,6.0,11.0
9256,,14.0
12340,3.0,8.0
32467,4.0,17.0
28982,4.0,13.0
16593,1.0,8.0
2768,3.0,12.0
5592,2.0,12.0
27542,5.0,9.0
32998,0.0,2.0
16334,0.0,17.0
30621,2.0,11.0
13005,2.0,20.0
34501,0.0,2.0
4802,3.0,15.0
9607,3.0,15.0
27192,3.0,8.0
47442,,
192,0.0,3.0
36532,4.0,11.0
7986,4.0,15.0
33853,1.0,13.0
42902,0.0,1.0
19927,4.0,12.0
29053,9.0,15.0
2216,3.0,14.0
13569,4.0,18.0
43974,4.0,11.0
5495,2.0,19.0
40854,4.0,27.0
29940,6.0,16.0
17609,2.0,7.0
19661,4.0,13.0
38612,3.0,12.0
38909,4.0,12.0
44882,0.0,13.0
9101,3.0,8.0
14424,0.0,2.0
31652,1.0,14.0
9965,5.0,15.0
45084,1.0,20.0
2855,0.0,4.0
30129,4.0,22.0
15420,4.0,10.0
22642,6.0,12.0
35580,3.0,18.0
7320,2.0,20.0
8221,3.0,20.0
5256,5.0,11.0
46409,3.0,19.0
19153,5.0,14.0
38727,2.0,12.0
45825,6.0,12.0
24835,0.0,17.0
22941,4.0,12.0
5306,0.0,12.0
14906,0.0,14.0
45919,,17.0
47117,5.0,15.0
44329,7.0,11.0
49124,6.0,16.0
9303,4.0,14.0
28004,2.0,21.0
26770,5.0,17.0
27641,2.0,9.0
23087,3.0,19.0
41438,1.0,17.0
45504,6.0,10.0
3039,3.0,100.0
3501,0.0,16.0
38448,2.0,15.0
25007,4.0,7.0
39273,1.0,14.0
13691,1.0,14.0
18717,1.0,12.0
18056,3.0,18.0
468,1.0,12.0
1110,2.0,10.0
9897,1.0,17.0
7490,3.0,12.0
14655,3.0,14.0
46088,2.0,17.0
5011,1.0,13.0
12173,7.0,18.0
31284,4.0,12.0
33043,0.0,1.0
3310,3.0,16.0
2024,6.0,14.0
2271,1.0,20.0
294,3.0,13.0
16570,3.0,16.0
49893,3.0,11.0
37534,0.0,4.0
1195,2.0,12.0
44223,1.0,7.0
3210,0.0,4.0
24533,7.0,14.0
16924,1.0,14.0
17150,3.0,19.0
37480,4.0,18.0
48601,1.0,17.0
31573,4.0,11.0
34209,0.0,4.0
49449,4.0,13.0
39198,1.0,14.0
44807,2.0,10.0
1935,,21.0
17056,1.0,14.0
15793,2.0,17.0
30281,0.0,0.0
7572,4.0,13.0
48423,4.0,19.0
4551,6.0,10.0
20211,2.0,15.0
28834,4.0,12.0
19155,5.0,14.0
41831,1.0,15.0
11855,4.0,10.0
29876,2.0,15.0
3770,4.0,21.0
43218,0.0,2.0
8531,,150.0
40092,0.0,8.0
9187,0.0,4.0
34628,4.0,15.0
6526,0.0,2.0
42708,4.0,9.0
2369,2.0,11.0
8265,4.0,14.0
15780,3.0,20.0
37218,2.0,13.0
12803,3.0,14.0
47107,1.0,14.0
37943,0.0,3.0
6091,8.0,16.0
27560,5.0,20.0
6092,2.0,14.0
2170,0.0,1.0
22502,4.0,13.0
24084,3.0,20.0
16575,3.0,21.0
41322,2.0,20.0
29614,0.0,2.0
40414,3.0,15.0
35929,3.0,15.0
30858,4.0,16.0
27932,0.0,16.0
48513,1.0,20.0
35073,0.0,2.0
24128,3.0,16.0
43223,0.0,16.0
16579,0.0,11.0
4707,2.0,16.0
31419,2.0,9.0
24037,3.0,11.0
6114,2.0,6.0
9955,0.0,5.0
41172,3.0,
32249,2.0,17.0
25601,2.0,11.0
40314,3.0,15.0
11617,2.0,18.0
4742,2.0,14.0
40505,2.0,12.0
1987,6.0,170.0
15689,0.0,1.0
29952,2.0,12.0
41413,5.0,9.0
40701,1.0,20.0
32878,3.0,14.0
42672,7.0,15.0
46386,2.0,15.0
27942,4.0,15.0
16967,5.0,16.0
33802,3.0,16.0
34932,1.0,16.0
11285,2.0,12.0
43008,0.0,16.0
39671,,17.0
21022,4.0,12.0
31348,1.0,13.0
2580,10.0,9.0
45682,6.0,17.0
33820,1.0,16.0
45320,,7.0
42348,4.0,15.0
38826,2.0,10.0
43295,0.0,4.0
36876,2.0,17.0
45987,1.0,13.0
15190,2.0,16.0
6372,2.0,17.0
48713,6.0,18.0
14276,2.0,11.0
22742,0.0,0.0
48754,1.0,15.0
978,6.0,10.0
27748,3.0,11.0
8468,2.0,13.0
13690,6.0,12.0
12517,4.0,19.0
11889,3.0,11.0
16913,5.0,24.0
23026,4.0,9.0
24154,3.0,14.0
25544,6.0,12.0
38168,3.0,20.0
42013,4.0,13.0
1486,,11.0
45904,5.0,20.0
31430,3.0,18.0
17801,3.0,14.0
22665,7.0,11.0
25390,2.0,12.0
22898,6.0,8.0
7808,3.0,10.0
44398,5.0,19.0
21701,4.0,17.0
1585,,12.0
14175,0.0,4.0
36609,3.0,10.0
17777,0.0,5.0
20778,1.0,19.0
30973,5.0,12.0
14060,0.0,4.0
867,2.0,20.0
27469,3.0,17.0
38604,0.0,2.0
29273,0.0,3.0
46232,4.0,14.0
44073,4.0,11.0
30837,6.0,21.0
39003,7.0,20.0
14195,0.0,3.0
49697,4.0,18.0
44408,5.0,9.0
35860,3.0,13.0
6406,1.0,15.0
18330,6.0,17.0
10036,2.0,11.0
8514,2.0,11.0
42646,5.0,19.0
7158,0.0,11.0
48006,2.0,
30517,0.0,1.0
10640,3.0,14.0
30980,1.0,14.0
10002,4.0,
25069,2.0,12.0
48975,2.0,13.0
34096,2.0,17.0
19643,2.0,9.0
16095,4.0,4.0
44636,4.0,19.0
21673,0.0,4.0
23017,2.0,15.0
23485,4.0,11.0
9833,5.0,11.0
4205,4.0,15.0
32021,6.0,16.0
13734,0.0,5.0
49012,1.0,10.0
9770,1.0,22.0
22866,0.0,17.0
30251,2.0,11.0
1924,3.0,17.0
42467,2.0,13.0
24619,3.0,24.0
20143,2.0,14.0
37275,5.0,15.0
40988,7.0,18.0
29268,4.0,12.0
2064,0.0,21.0
14156,3.0,20.0
5463,3.0,17.0
15138,2.0,11.0
41824,1.0,17.0
12791,5.0,14.0
21421,2.0,15.0
36819,3.0,24.0
43153,3.0,14.0
44570,6.0,11.0
41131,0.0,3.0
41884,0.0,2.0
47307,0.0,4.0
24959,,10.0
10965,0.0,13.0
44213,5.0,20.0
1073,0.0,6.0
2197,2.0,14.0
36766,7.0,15.0
28816,3.0,18.0
49818,6.0,21.0
46316,5.0,24.0
16873,3.0,17.0
12909,0.0,1.0
34815,3.0,8.0
21541,1.0,18.0
46307,0.0,5.0
33890,3.0,11.0
27252,2.0,14.0
44136,1.0,11.0
14328,0.0,1.0
45082,0.0,
25108,3.0,14.0
39549,1.0,14.0
36749,7.0,17.0
40044,3.0,11.0
8602,4.0,12.0
12918,2.0,12.0
39325,4.0,14.0
28630,6.0,17.0
45887,2.0,18.0
28197,1.0,9.0
23914,1.0,17.0
10220,4.0,7.0
10564,2.0,7.0
19236,0.0,2.0
30789,2.0,16.0
7740,4.0,11.0
11826,6.0,17.0
22928,0.0,3.0
46314,6.0,12.0
23074,6.0,11.0
47378,2.0,10.0
11795,1.0,12.0
567,2.0,12.0
48318,0.0,2.0
8320,3.0,14.0
10667,3.0,12.0
13172,4.0,11.0
5864,4.0,
32111,,11.0
8570,4.0,15.0
5800,3.0,4.0
21723,2.0,5.0
12078,5.0,13.0
348,1.0,12.0
46787,1.0,8.0
33580,3.0,12.0
48223,2.0,13.0
26911,1.0,13.0
47984,4.0,11.0
42564,0.0,7.0
34460,2.0,12.0
40126,1.0,15.0
5464,4.0,11.0
1229,3.0,17.0
46389,1.0,15.0
46345,3.0,9.0
4089,0.0,3.0
15319,4.0,14.0
106,2.0,21.0
11516,0.0,2.0
7548,7.0,14.0
9528,4.0,11.0
37187,7.0,15.0
36510,2.0,14.0
2782,0.0,20.0
22671,0.0,4.0
30647,2.0,14.0
41582,2.0,10.0
33247,5.0,18.0
34690,0.0,12.0
24220,3.0,8.0
32338,1.0,12.0
4500,6.0,11.0
29704,5.0,16.0
40196,5.0,11.0
44656,0.0,3.0
42917,1.0,13.0
31282,,7.0
34680,0.0,4.0
8182,4.0,18.0
3602,2.0,16.0
48337,6.0,17.0
31273,1.0,13.0
12202,0.0,3.0
30857,0.0,11.0
2647,4.0,12.0
45343,3.0,21.0
34683,1.0,16.0
38965,7.0,15.0
48879,5.0,14.0
15562,3.0,13.0
10817,1.0,15.0
10042,1.0,16.0
10964,2.0,12.0
29043,4.0,14.0
8302,6.0,15.0
25005,,17.0
1159,3.0,9.0
18152,4.0,13.0
42879,0.0,13.0
23508,1.0,13.0
30249,2.0,16.0
20875,2.0,20.0
38207,4.0,8.0
29757,5.0,18.0
14839,6.0,17.0
3858,5.0,12.0
27046,3.0,15.0
46017,3.0,19.0
40101,3.0,15.0
24614,2.0,12.0
14182,0.0,5.0
48573,3.0,14.0
17749,3.0,10.0
16673,0.0,3.0
24656,1.0,11.0
21721,3.0,13.0
29395,4.0,7.0
3431,5.0,11.0
7021,1.0,11.0
38008,4.0,12.0
2819,,15.0
42374,4.0,12.0
5524,2.0,13.0
41956,1.0,14.0
87,3.0,14.0
18198,6.0,22.0
28812,6.0,14.0
12115,5.0,18.0
20002,1.0,12.0
29682,3.0,14.0
790,4.0,18.0
17458,4.0,16.0
44193,4.0,6.0
34658,4.0,13.0
41209,7.0,14.0
38507,3.0,13.0
1255,5.0,10.0
12136,5.0,18.0
18897,0.0,2.0
38011,3.0,12.0
28788,3.0,11.0
14642,1.0,10.0
5365,,4.0
34481,5.0,12.0
5653,0.0,2.0
39796,0.0,1.0
7894,2.0,20.0
21095,9.0,22.0
11117,9.0,16.0
45253,1.0,13.0
13782,4.0,16.0
16365,3.0,10.0
21821,8.0,17.0
44142,3.0,15.0
47082,4.0,11.0
18445,0.0,2.0
32682,3.0,19.0
26171,2.0,13.0
31460,2.0,14.0
2990,3.0,16.0
24437,3.0,18.0
2668,6.0,15.0
4219,5.0,18.0
11601,0.0,21.0
31486,2.0,3.0
5548,2.0,15.0
14695,3.0,17.0
44829,1.0,13.0
48935,2.0,12.0
30404,4.0,14.0
7310,4.0,22.0
130,1.0,14.0
43247,3.0,15.0
45650,3.0,12.0
43127,3.0,17.0
22822,2.0,7.0
17485,3.0,14.0
43337,0.0,2.0
37577,3.0,14.0
45622,0.0,3.0
6846,0.0,4.0
26091,1.0,22.0
27582,4.0,13.0
37090,0.0,1.0
18909,2.0,16.0
34370,4.0,8.0
7431,4.0,8.0
37519,6.0,9.0
6472,2.0,14.0
22992,4.0,15.0
40340,6.0,14.0
2794,1.0,16.0
49148,5.0,12.0
29204,4.0,13.0
6281,4.0,14.0
15334,4.0,13.0
2830,6.0,7.0
26123,2.0,16.0
27710,4.0,13.0
38229,3.0,18.0
27130,6.0,
14779,2.0,12.0
28199,1.0,12.0
17414,5.0,10.0
2976,0.0,0.0
1324,2.0,14.0
13859,1.0,9.0
16858,2.0,11.0
49302,4.0,15.0
47137,6.0,13.0
1074,0.0,3.0
11330,7.0,110.0
24382,2.0,16.0
1958,3.0,17.0
46740,6.0,13.0
12063,2.0,19.0
6317,0.0,17.0
25182,4.0,13.0
2769,6.0,
19512,2.0,11.0
9739,1.0,12.0
29045,5.0,10.0
7219,1.0,
36769,2.0,22.0
46532,3.0,16.0
21456,0.0,3.0
41287,2.0,15.0
30592,5.0,13.0
19878,3.0,12.0
34735,5.0,10.0
48259,1.0,14.0
29551,3.0,10.0
10754,2.0,18.0
26533,4.0,18.0
5302,6.0,17.0
40326,4.0,8.0
25865,0.0,6.0
29464,5.0,16.0
1034,2.0,17.0
20560,4.0,16.0
24781,1.0,13.0
33768,3.0,17.0
30389,0.0,2.0
38276,6.0,20.0
40077,3.0,13.0
45167,2.0,18.0
36707,0.0,
27341,4.0,17.0
12425,1.0,13.0
18340,4.0,13.0
42375,3.0,6.0
44330,0.0,2.0
43598,4.0,9.0
38716,0.0,4.0
44951,0.0,3.0
27995,0.0,4.0
25701,6.0,18.0
49365,2.0,14.0
4199,2.0,13.0
31354,5.0,12.0
33806,3.0,22.0
30836,1.0,11.0
29082,2.0,15.0
42048,8.0,14.0
38749,3.0,18.0
21325,3.0,15.0
46161,3.0,22.0
7639,0.0,5.0
15466,5.0,14.0
37890,0.0,12.0
27731,6.0,16.0
1546,2.0,16.0
35659,1.0,12.0
34400,5.0,14.0
2792,3.0,17.0
5779,1.0,15.0
18976,1.0,13.0
46891,3.0,17.0
47000,0.0,3.0
15255,2.0,10.0
20708,3.0,13.0
22383,5.0,13.0
19974,6.0,11.0
37461,5.0,6.0
44144,1.0,13.0
18618,3.0,130.0
42863,2.0,10.0
33106,1.0,13.0
42581,3.0,17.0
14186,0.0,3.0
12485,1.0,12.0
22092,3.0,14.0
36866,6.0,
19533,0.0,6.0
24931,1.0,19.0
24482,,16.0
21599,0.0,2.0
14759,3.0,13.0
27500,6.0,10.0
41356,3.0,13.0
45056,3.0,15.0
20148,4.0,16.0
5413,2.0,15.0
19525,1.0,16.0
49664,2.0,17.0
24408,0.0,8.0
32529,1.0,12.0
11357,2.0,11.0
35310,2.0,9.0
13927,4.0,15.0
21134,5.0,13.0
14043,3.0,13.0
28409,3.0,10.0
41489,3.0,10.0
18107,1.0,19.0
18381,2.0,15.0
19439,6.0,16.0
37305,6.0,13.0
43770,5.0,11.0
34231,1.0,8.0
236,2.0,10.0
47644,3.0,11.0
7538,5.0,14.0
5304,2.0,13.0
25996,3.0,20.0
11638,0.0,4.0
4100,1.0,
46296,3.0,
47544,5.0,11.0
19332,2.0,14.0
42782,7.0,13.0
45171,7.0,15.0
27354,0.0,5.0
10405,2.0,17.0
47933,3.0,19.0
48875,4.0,12.0
23459,0.0,1.0
31015,6.0,90.0
7241,1.0,13.0
27038,5.0,120.0
11435,1.0,18.0
30764,2.0,19.0
8413,0.0,16.0
10177,3.0,7.0
35900,3.0,15.0
39815,2.0,20.0
43881,4.0,17.0
12912,2.0,12.0
30876,0.0,3.0
4031,4.0,13.0
40900,3.0,13.0
42798,3.0,15.0
18268,2.0,24.0
11784,0.0,4.0
6978,0.0,11.0
4318,2.0,7.0
30603,0.0,5.0
6476,2.0,18.0
29997,5.0,12.0
49932,3.0,7.0
47348,7.0,18.0
45832,1.0,20.0
22015,2.0,13.0
48477,1.0,16.0
7464,,13.0
43864,0.0,18.0
45221,0.0,20.0
33988,3.0,11.0
2267,5.0,12.0
36359,3.0,13.0
3488,3.0,16.0
27202,0.0,4.0
29557,1.0,15.0
12639,7.0,10.0
28127,,11.0
13032,3.0,
4561,4.0,18.0
47749,3.0,13.0
26231,3.0,23.0
15594,3.0,13.0
33912,1.0,14.0
35443,3.0,12.0
14904,1.0,10.0
23869,1.0,14.0
46506,2.0,13.0
39888,3.0,21.0
22467,1.0,13.0
25486,1.0,13.0
40270,5.0,20.0
1901,4.0,9.0
3062,5.0,17.0
31072,0.0,5.0
12973,3.0,13.0
12674,,16.0
22334,,7.0
47957,2.0,
25050,2.0,8.0
35708,2.0,18.0
16347,1.0,11.0
47281,4.0,70.0
23703,1.0,17.0
48380,,13.0
11546,1.0,11.0
37378,0.0,2.0
40508,4.0,10.0
40168,1.0,14.0
15998,3.0,8.0
5752,3.0,14.0
36169,1.0,11.0
19535,4.0,11.0
40987,4.0,14.0
18347,7.0,13.0
22285,7.0,15.0
29142,1.0,14.0
39892,3.0,14.0
32169,3.0,9.0
9723,0.0,8.0
19321,3.0,12.0
43629,,19.0
37028,0.0,1.0
28869,2.0,12.0
31831,1.0,16.0
30085,8.0,
22713,4.0,10.0
3599,2.0,18.0
35884,,11.0
33332,2.0,15.0
25464,4.0,10.0
12222,0.0,15.0
39480,2.0,12.0
32910,1.0,10.0
17784,1.0,14.0
27072,,1.0
8363,2.0,20.0
26666,0.0,10.0
47864,3.0,18.0
49029,1.0,13.0
46433,2.0,22.0
42034,2.0,13.0
3191,2.0,19.0
36364,3.0,14.0
20396,2.0,15.0
7694,2.0,13.0
49279,3.0,15.0
47249,5.0,9.0
5505,2.0,16.0
11121,5.0,21.0
18244,3.0,110.0
47033,8.0,12.0
14632,3.0,13.0
43484,2.0,17.0
33908,0.0,20.0
49436,4.0,18.0
47461,5.0,17.0
3608,2.0,15.0
31073,1.0,9.0
6353,7.0,13.0
5939,3.0,15.0
10696,6.0,16.0
3341,5.0,10.0
41774,0.0,12.0
34591,2.0,18.0
44747,5.0,16.0
26586,1.0,9.0
26124,0.0,2.0
39975,5.0,11.0
2846,6.0,16.0
9331,3.0,17.0
20710,4.0,18.0
8342,1.0,3.0
14216,,20.0
49987,3.0,15.0
45176,3.0,21.0
25078,4.0,13.0
34955,4.0,17.0
43286,3.0,8.0
22479,4.0,6.0
46305,9.0,11.0
4949,0.0,2.0
5662,1.0,15.0
42255,,15.0
45313,4.0,13.0
34068,2.0,12.0
33664,5.0,16.0
5876,5.0,16.0
5555,4.0,10.0
1948,3.0,15.0
15064,0.0,7.0
37481,0.0,
13066,1.0,12.0
45120,2.0,14.0
34907,3.0,15.0
4704,3.0,12.0
29953,2.0,12.0
5448,,13.0
30264,2.0,6.0
8698,3.0,13.0
46594,0.0,2.0
25915,5.0,17.0
6624,5.0,16.0
17387,5.0,13.0
18739,3.0,15.0
13766,2.0,10.0
47337,2.0,17.0
4303,2.0,8.0
3256,3.0,10.0
26470,5.0,17.0
11377,2.0,13.0
15881,0.0,2.0
30196,2.0,11.0
47262,0.0,8.0
21558,2.0,17.0
44917,1.0,16.0
8426,2.0,8.0
21281,2.0,14.0
26768,4.0,19.0
15290,3.0,13.0
19465,2.0,16.0
32308,2.0,17.0
35828,3.0,12.0
24869,2.0,16.0
41996,4.0,11.0
22536,3.0,13.0
5260,5.0,12.0
6574,0.0,2.0
9638,0.0,16.0
35816,2.0,14.0
962,1.0,20.0
38910,5.0,14.0
15771,9.0,8.0
22785,0.0,19.0
12291,2.0,
10649,0.0,4.0
26832,2.0,6.0
27195,0.0,0.0
20568,3.0,11.0
32243,1.0,21.0
22450,2.0,16.0
14565,1.0,12.0
25836,2.0,15.0
47812,2.0,14.0
26154,6.0,12.0
41036,2.0,19.0
29597,2.0,13.0
10970,4.0,14.0
5286,4.0,14.0
22568,7.0,17.0
16796,3.0,12.0
20249,3.0,18.0
29362,0.0,0.0
23965,1.0,15.0
40433,0.0,
35099,7.0,21.0
30091,2.0,12.0
37360,2.0,15.0
38460,3.0,6.0
47612,7.0,16.0
14495,5.0,10.0
19426,1.0,13.0
29885,1.0,12.0
23371,2.0,11.0
14443,3.0,9.0
8672,0.0,9.0
37468,2.0,11.0
29414,0.0,7.0
39624,4.0,15.0
27998,4.0,14.0
4104,4.0,12.0
47875,1.0,18.0
5540,3.0,9.0
7260,3.0,19.0
44520,3.0,18.0
13393,2.0,20.0
33738,4.0,
7236,5.0,18.0
23185,6.0,14.0
40491,2.0,11.0
49598,3.0,10.0
29964,3.0,16.0
28306,0.0,15.0
9327,3.0,12.0
19340,5.0,11.0
10289,4.0,12.0
37273,0.0,10.0
10856,2.0,17.0
23496,1.0,16.0
17072,4.0,14.0
39907,4.0,7.0
41975,4.0,7.0
35413,4.0,18.0
23187,0.0,4.0
40949,3.0,16.0
25831,0.0,3.0
2534,0.0,3.0
3412,2.0,12.0
17729,0.0,2.0
30735,4.0,8.0
22572,,11.0
22730,3.0,10.0
14482,,11.0
38551,5.0,18.0
1181,3.0,130.0
47126,2.0,20.0
31550,1.0,14.0
38718,5.0,13.0
17272,2.0,12.0
34696,2.0,10.0
25260,0.0,0.0
27987,7.0,15.0
13030,4.0,16.0
33301,1.0,16.0
12532,6.0,12.0
9,3.0,18.0
20579,8.0,21.0
13588,3.0,14.0
22158,3.0,17.0
18417,3.0,15.0
43163,4.0,17.0
46210,,17.0
33775,1.0,23.0
24535,2.0,10.0
10560,4.0,14.0
38490,,19.0
23647,0.0,1.0
36132,6.0,9.0
34768,4.0,17.0
23369,6.0,11.0
40019,4.0,16.0
36137,1.0,15.0
25768,5.0,17.0
35351,4.0,14.0
48857,3.0,18.0
5241,7.0,11.0
12424,,16.0
43980,2.0,15.0
13740,3.0,14.0
20434,0.0,
47296,4.0,14.0
30107,5.0,23.0
24349,4.0,16.0
43559,3.0,12.0
34484,0.0,1.0
27907,1.0,17.0
42836,,9.0
37581,,17.0
44147,0.0,
26667,0.0,2.0
11188,2.0,14.0
13871,2.0,16.0
7774,3.0,10.0
13560,2.0,18.0
16009,2.0,21.0
48517,1.0,8.0
37512,2.0,7.0
9678,6.0,12.0
29103,3.0,10.0
38547,4.0,8.0
2295,7.0,19.0
20036,3.0,9.0
48091,4.0,13.0
40027,3.0,12.0
26599,4.0,9.0
31775,3.0,9.0
37393,5.0,16.0
14692,5.0,11.0
7556,1.0,14.0
26774,4.0,22.0
40406,6.0,16.0
20272,4.0,13.0
30367,9.0,14.0
10603,0.0,4.0
47790,4.0,17.0
3576,7.0,14.0
33546,1.0,17.0
9040,0.0,13.0
20280,1.0,15.0
37926,3.0,12.0
23323,2.0,18.0
47610,6.0,9.0
40880,6.0,17.0
9097,4.0,13.0
1905,,18.0
5634,1.0,12.0
24512,3.0,16.0
19806,4.0,13.0
42501,4.0,9.0
6416,0.0,3.0
10528,4.0,15.0
34219,1.0,8.0
45543,,16.0
15643,3.0,11.0
42811,1.0,21.0
28773,6.0,13.0
22427,3.0,13.0
1452,6.0,19.0
28547,5.0,17.0
46592,3.0,5.0
46588,3.0,8.0
22338,3.0,13.0
25142,2.0,19.0
29932,2.0,18.0
31623,3.0,12.0
36768,5.0,11.0
6543,0.0,5.0
10035,1.0,15.0
31209,2.0,12.0
17973,0.0,2.0
47143,2.0,20.0
32647,2.0,15.0
45808,3.0,17.0
4467,2.0,10.0
40068,6.0,20.0
33658,2.0,16.0
19371,1.0,24.0
26634,5.0,8.0
11378,4.0,10.0
3151,5.0,12.0
24706,3.0,12.0
26103,4.0,13.0
49909,4.0,9.0
44549,0.0,1.0
14086,2.0,17.0
11745,6.0,8.0
1315,3.0,21.0
31110,1.0,18.0
15248,4.0,13.0
30234,2.0,
23872,2.0,19.0
9860,5.0,12.0
31074,1.0,16.0
13193,3.0,14.0
20814,3.0,13.0
2092,1.0,16.0
2799,7.0,13.0
48044,0.0,20.0
25320,0.0,5.0
48924,4.0,15.0
36419,0.0,3.0
21167,,14.0
37293,3.0,17.0
29226,1.0,15.0
14008,2.0,16.0
28036,6.0,12.0
14428,5.0,17.0
5168,2.0,19.0
39670,5.0,19.0
10548,3.0,23.0
25497,7.0,14.0
5526,2.0,12.0
30458,3.0,7.0
39987,3.0,14.0
28697,4.0,18.0
1705,3.0,14.0
47481,4.0,17.0
33771,2.0,13.0
33552,1.0,14.0
14618,3.0,14.0
31088,1.0,15.0
34435,2.0,
495,1.0,10.0
25107,2.0,15.0
877,2.0,18.0
5110,2.0,8.0
22238,6.0,19.0
22531,5.0,9.0
29823,0.0,1.0
5323,3.0,14.0
35518,2.0,8.0
14696,2.0,16.0
6415,6.0,7.0
17936,3.0,13.0
14988,6.0,12.0
49310,5.0,14.0
4059,0.0,12.0
31956,3.0,10.0
16734,2.0,16.0
24844,0.0,3.0
20485,0.0,4.0
41637,3.0,13.0
29049,2.0,16.0
10382,2.0,16.0
40990,5.0,
14543,3.0,16.0
36309,6.0,8.0
41391,3.0,14.0
22166,5.0,18.0
45255,4.0,
19140,0.0,3.0
15955,1.0,13.0
42800,1.0,18.0
21276,3.0,11.0
23727,2.0,19.0
5801,3.0,10.0
6277,0.0,3.0
35261,3.0,13.0
27842,3.0,18.0
8613,3.0,14.0
13886,1.0,16.0
3101,1.0,11.0
18887,4.0,10.0
24052,2.0,22.0
8953,0.0,1.0
28256,3.0,17.0
16727,3.0,8.0
26539,0.0,17.0
4057,2.0,
45701,7.0,9.0
46018,0.0,
37878,1.0,12.0
40341,0.0,1.0
2748,1.0,8.0
29746,5.0,15.0
31744,4.0,10.0
12180,2.0,16.0
48461,4.0,14.0
32927,3.0,9.0
23416,7.0,18.0
25131,,15.0
19225,5.0,13.0
21812,3.0,12.0
47528,2.0,13.0
46560,3.0,11.0
26658,1.0,14.0
39090,3.0,16.0
15001,4.0,10.0
17158,3.0,9.0
41670,1.0,11.0
849,4.0,18.0
22121,1.0,11.0
459,2.0,14.0
12129,2.0,12.0
1723,1.0,17.0
26522,5.0,15.0
20327,1.0,18.0
18075,6.0,12.0
35055,3.0,12.0
40265,4.0,12.0
9065,3.0,10.0
26322,1.0,13.0
40728,3.0,12.0
10742,5.0,17.0
49597,5.0,18.0
20023,0.0,0.0
39590,2.0,2.0
5020,1.0,24.0
42858,3.0,14.0
6751,7.0,7.0
13391,10.0,16.0
34395,2.0,13.0
46674,2.0,10.0
19074,2.0,13.0
34304,0.0,5.0
15899,1.0,
3818,5.0,11.0
25935,3.0,19.0
24714,5.0,8.0
20293,2.0,11.0
26212,3.0,13.0
19891,2.0,22.0
27823,0.0,21.0
17789,2.0,10.0
25214,3.0,22.0
8772,0.0,11.0
6452,4.0,11.0
45852,3.0,12.0
5885,0.0,4.0
8150,3.0,15.0
20161,2.0,21.0
37530,1.0,19.0
2652,3.0,8.0
27133,0.0,3.0
40895,4.0,15.0
35553,3.0,11.0
12590,5.0,11.0
29727,3.0,18.0
451,1.0,13.0
2753,0.0,7.0
49112,0.0,5.0
301,5.0,18.0
40290,1.0,14.0
5661,7.0,10.0
33959,6.0,17.0
34397,5.0,15.0
18200,4.0,16.0
1896,5.0,12.0
39129,3.0,16.0
3539,2.0,14.0
13446,5.0,14.0
13944,0.0,8.0
5853,2.0,13.0
29692,5.0,14.0
1618,0.0,3.0
47545,5.0,13.0
36576,,11.0
49639,0.0,1.0
4092,1.0,17.0
7076,2.0,10.0
42504,1.0,11.0
24805,3.0,11.0
29058,3.0,14.0
19449,4.0,12.0
16475,3.0,140.0
14787,2.0,17.0
12348,0.0,3.0
40521,3.0,15.0
10832,4.0,15.0
19256,7.0,15.0
40445,1.0,17.0
10930,2.0,15.0
44716,3.0,13.0
19840,0.0,13.0
49216,4.0,10.0
6103,5.0,19.0
27578,1.0,15.0
36354,3.0,18.0
27794,2.0,17.0
32316,1.0,14.0
22491,2.0,9.0
21771,4.0,7.0
49294,4.0,14.0
38003,5.0,10.0
21443,4.0,14.0
25654,1.0,14.0
26946,3.0,11.0
2402,3.0,14.0
32959,2.0,12.0
1700,5.0,9.0
18262,2.0,15.0
22426,2.0,7.0
16077,0.0,1.0
4367,2.0,14.0
12437,1.0,17.0
27868,3.0,15.0
43048,2.0,16.0
4247,1.0,18.0
6468,5.0,13.0
32623,1.0,17.0
11913,2.0,11.0
843,3.0,20.0
11979,2.0,13.0
40963,0.0,4.0
24679,3.0,7.0
35687,,15.0
21335,2.0,10.0
3784,0.0,20.0
10183,2.0,13.0
16139,3.0,14.0
14418,5.0,15.0
37265,1.0,13.0
20432,1.0,11.0
9144,,
12690,3.0,18.0
45214,6.0,23.0
7750,2.0,10.0
27161,6.0,16.0
22594,2.0,10.0
9110,2.0,13.0
29047,3.0,8.0
26222,4.0,12.0
48269,3.0,9.0
10558,3.0,16.0
39204,2.0,8.0
49716,,17.0
40679,0.0,0.0
28917,1.0,10.0
19468,6.0,18.0
46844,0.0,5.0
36322,2.0,15.0
38601,4.0,19.0
25309,5.0,20.0
26929,2.0,13.0
14826,3.0,
42076,2.0,18.0
43768,2.0,
32659,5.0,16.0
5143,2.0,15.0
14606,4.0,15.0
47412,4.0,13.0
18571,5.0,17.0
2868,5.0,15.0
38387,2.0,22.0
42394,8.0,14.0
920,3.0,15.0
17340,4.0,180.0
2367,0.0,3.0
5027,4.0,12.0
29069,6.0,9.0
22867,1.0,15.0
12757,0.0,15.0
1112,0.0,6.0
27846,2.0,16.0
3751,4.0,18.0
37317,2.0,18.0
28021,4.0,13.0
26852,2.0,15.0
32542,0.0,2.0
20124,6.0,15.0
5190,4.0,17.0
20654,4.0,19.0
11673,5.0,12.0
14126,,14.0
49969,2.0,17.0
19861,3.0,16.0
43966,6.0,11.0
8479,6.0,13.0
17489,5.0,16.0
13451,0.0,3.0
38957,4.0,12.0
38651,5.0,12.0
43432,7.0,18.0
47554,2.0,6.0
534,3.0,14.0
45014,0.0,6.0
47138,1.0,10.0
15051,4.0,13.0
9943,6.0,17.0
17739,4.0,17.0
27159,4.0,11.0
22611,6.0,17.0
17876,2.0,11.0
27468,1.0,21.0
48731,2.0,16.0
9057,,16.0
9643,1.0,17.0
6861,3.0,20.0
18455,6.0,12.0
32683,4.0,19.0
15142,3.0,16.0
43524,4.0,180.0
10776,0.0,17.0
13666,1.0,7.0
47437,1.0,17.0
23049,2.0,15.0
37753,3.0,4.0
34172,4.0,6.0
2742,0.0,3.0
30954,0.0,21.0
25846,1.0,15.0
25407,1.0,17.0
34207,4.0,17.0
37243,4.0,15.0
13995,4.0,18.0
14326,2.0,12.0
32555,1.0,7.0
34438,2.0,10.0
243,3.0,16.0
31118,2.0,12.0
5899,3.0,12.0
35424,2.0,15.0
28055,0.0,3.0
4741,4.0,20.0
18633,8.0,13.0
12753,5.0,18.0
11360,5.0,130.0
21543,5.0,16.0
40280,1.0,8.0
12403,8.0,13.0
30177,0.0,3.0
46292,1.0,11.0
34704,0.0,6.0
5267,4.0,15.0
40753,2.0,20.0
48625,2.0,14.0
15979,0.0,5.0
21012,4.0,20.0
27899,6.0,7.0
42080,5.0,10.0
13843,3.0,12.0
38023,,8.0
5616,5.0,13.0
6768,3.0,10.0
35723,5.0,13.0
6972,4.0,14.0
5948,2.0,15.0
34423,2.0,10.0
9742,6.0,14.0
39666,3.0,5.0
17638,3.0,15.0
43116,4.0,13.0
22918,4.0,9.0
48679,4.0,25.0
41518,2.0,14.0
34931,3.0,14.0
3059,2.0,13.0
6036,0.0,3.0
8750,7.0,16.0
18677,5.0,17.0
44816,4.0,18.0
25972,3.0,18.0
12491,3.0,18.0
17004,3.0,16.0
13635,4.0,18.0
4389,7.0,17.0
46176,3.0,5.0
46392,6.0,16.0
22760,0.0,4.0
12385,3.0,9.0
15428,4.0,21.0
39080,2.0,15.0
16494,2.0,18.0
8707,2.0,12.0
7795,,18.0
41943,0.0,5.0
39504,2.0,8.0
6138,2.0,
2581,4.0,9.0
38380,,8.0
46667,0.0,5.0
39115,2.0,11.0
5330,0.0,1.0
29510,0.0,5.0
26197,2.0,18.0
41815,2.0,18.0
1310,3.0,15.0
8807,5.0,18.0
42123,0.0,1.0
36989,3.0,17.0
17400,4.0,15.0
12777,3.0,9.0
19698,2.0,13.0
34717,3.0,11.0
33052,3.0,15.0
1371,4.0,15.0
43433,2.0,13.0
16810,4.0,18.0
12371,3.0,21.0
21930,4.0,14.0
20752,3.0,17.0
13495,4.0,19.0
20742,1.0,15.0
18987,0.0,5.0
18097,6.0,11.0
19925,,13.0
36690,5.0,12.0
24286,3.0,12.0
28282,3.0,11.0
8934,5.0,12.0
20578,2.0,130.0
12922,1.0,11.0
8314,1.0,10.0
48404,3.0,14.0
5373,2.0,10.0
18994,2.0,13.0
20256,2.0,13.0
29061,2.0,18.0
3035,5.0,11.0
11255,3.0,8.0
19813,6.0,20.0
46930,8.0,15.0
45140,4.0,16.0
14848,0.0,8.0
43759,5.0,17.0
42077,3.0,14.0
42771,0.0,1.0
33652,2.0,20.0
9243,2.0,13.0
32168,2.0,12.0
34432,,13.0
1096,2.0,8.0
9320,1.0,10.0
26612,2.0,12.0
39862,3.0,12.0
3597,0.0,13.0
25542,6.0,19.0
24834,5.0,13.0
30217,1.0,11.0
17569,4.0,13.0
38251,0.0,2.0
25155,0.0,3.0
6387,0.0,4.0
35993,0.0,4.0
4592,3.0,23.0
18269,0.0,19.0
3566,2.0,13.0
48512,1.0,17.0
34382,2.0,21.0
11528,1.0,26.0
10106,4.0,15.0
41531,2.0,19.0
2826,2.0,18.0
5922,,13.0
5226,0.0,2.0
182,4.0,17.0
9544,6.0,17.0
43919,,9.0
31532,5.0,19.0
22464,0.0,12.0
11652,4.0,21.0
46043,0.0,5.0
16121,0.0,30.0
25792,0.0,0.0
32715,2.0,14.0
34712,5.0,18.0
21545,7.0,18.0
9196,2.0,16.0
23543,2.0,12.0
36884,1.0,16.0
42483,5.0,14.0
7273,2.0,14.0
2441,3.0,7.0
40611,5.0,12.0
22163,4.0,12.0
10317,3.0,19.0
15996,5.0,11.0
28887,5.0,19.0
22039,4.0,17.0
18955,2.0,13.0
26072,5.0,9.0
14728,2.0,15.0
14425,1.0,13.0
19958,0.0,2.0
35876,3.0,10.0
16815,4.0,17.0
26561,6.0,
24890,4.0,10.0
16024,5.0,180.0
35078,0.0,3.0
39503,0.0,1.0
24557,4.0,7.0
20005,4.0,15.0
29056,3.0,13.0
34754,3.0,14.0
46051,3.0,15.0
35917,3.0,10.0
6133,4.0,17.0
12186,3.0,9.0
27064,,11.0
5935,0.0,3.0
40079,4.0,13.0
16591,1.0,21.0
47825,5.0,16.0
47340,2.0,9.0
36171,3.0,16.0
4791,4.0,19.0
24806,1.0,6.0
14205,3.0,17.0
44853,2.0,12.0
26955,0.0,3.0
25783,0.0,10.0
30297,5.0,9.0
47012,2.0,9.0
19255,2.0,13.0
10705,4.0,11.0
2655,0.0,2.0
11732,2.0,15.0
17198,2.0,14.0
40418,2.0,8.0
5822,3.0,8.0
24162,3.0,13.0
35980,2.0,11.0
14262,4.0,14.0
34568,1.0,15.0
12194,6.0,12.0
42288,1.0,17.0
24550,5.0,12.0
18949,3.0,12.0
49064,4.0,11.0
30834,4.0,14.0
35813,1.0,13.0
42576,3.0,11.0
38354,0.0,5.0
9091,1.0,18.0
26746,6.0,11.0
18833,4.0,10.0
7293,4.0,15.0
7673,5.0,19.0
12022,4.0,80.0
20777,2.0,13.0
49691,5.0,22.0
36070,1.0,17.0
8371,6.0,16.0
28147,3.0,18.0
9931,1.0,12.0
26368,4.0,15.0
25498,3.0,13.0
18434,5.0,18.0
26943,3.0,16.0
15329,2.0,13.0
27467,3.0,9.0
23432,2.0,10.0
18510,3.0,10.0
46523,3.0,15.0
29466,3.0,10.0
3054,4.0,10.0
7974,3.0,15.0
3730,3.0,15.0
6389,0.0,2.0
45910,3.0,14.0
11663,0.0,3.0
17069,3.0,10.0
44944,1.0,18.0
40677,6.0,14.0
6744,,4.0
3255,,11.0
28651,0.0,11.0
17085,3.0,13.0
7394,6.0,21.0
3973,4.0,12.0
35311,1.0,15.0
6448,7.0,9.0
30956,5.0,10.0
7643,2.0,14.0
18832,1.0,8.0
16749,4.0,10.0
6360,4.0,15.0
32978,0.0,14.0
35440,6.0,15.0
21808,2.0,19.0
6043,3.0,10.0
48502,0.0,2.0
21925,5.0,17.0
14936,4.0,10.0
3819,2.0,140.0
11462,4.0,16.0
28717,0.0,15.0
12345,2.0,21.0
46961,,9.0
24554,0.0,1.0
32241,5.0,10.0
40933,3.0,11.0
10799,1.0,18.0
49972,4.0,17.0
2462,5.0,17.0
24626,6.0,12.0
1619,0.0,1.0
30420,2.0,11.0
36204,1.0,22.0
18016,2.0,22.0
4996,0.0,5.0
6930,1.0,20.0
31361,3.0,15.0
36155,1.0,14.0
30431,1.0,14.0
48849,6.0,14.0
3990,6.0,17.0
18907,3.0,10.0
17823,5.0,14.0
10704,4.0,19.0
3309,2.0,
47439,4.0,11.0
21493,2.0,13.0
43512,3.0,18.0
31085,5.0,12.0
45460,3.0,15.0
8749,4.0,10.0
44721,1.0,18.0
15178,5.0,17.0
17419,4.0,19.0
30481,2.0,16.0
29796,2.0,16.0
13712,5.0,14.0
39334,2.0,11.0
45492,4.0,22.0
47681,1.0,10.0
17510,4.0,10.0
12685,5.0,17.0
17341,1.0,12.0
22852,4.0,14.0
33421,1.0,16.0
20923,5.0,13.0
10282,4.0,15.0
19300,6.0,10.0
47693,4.0,13.0
2192,1.0,
27861,7.0,11.0
12032,1.0,9.0
4519,0.0,3.0
15596,2.0,16.0
45364,,4.0
1065,2.0,12.0
49175,2.0,11.0
36692,3.0,16.0
33362,6.0,8.0
1853,1.0,21.0
44061,1.0,19.0
16892,3.0,13.0
49852,4.0,19.0
32493,4.0,16.0
23706,0.0,3.0
46898,4.0,10.0
5807,0.0,15.0
12805,0.0,4.0
36674,0.0,20.0
19932,2.0,18.0
43790,5.0,15.0
35293,5.0,13.0
1021,7.0,14.0
36638,8.0,5.0
39873,3.0,11.0
48297,0.0,1.0
49964,0.0,15.0
47150,,18.0
1714,0.0,3.0
22799,6.0,16.0
9620,2.0,19.0
44699,,12.0
7092,3.0,11.0
15728,0.0,13.0
22658,7.0,8.0
33516,0.0,18.0
17848,2.0,16.0
3595,3.0,13.0
10534,0.0,2.0
35674,,16.0
8094,2.0,15.0
35191,0.0,1.0
4643,5.0,8.0
32710,2.0,11.0
9350,2.0,13.0
36997,3.0,22.0
36950,4.0,13.0
48818,5.0,13.0
13157,0.0,2.0
3767,4.0,12.0
1250,4.0,11.0
21246,5.0,13.0
16798,5.0,22.0
16471,0.0,5.0
1117,4.0,19.0
23463,1.0,11.0
46067,2.0,18.0
17229,4.0,17.0
43987,4.0,17.0
27253,0.0,13.0
22627,4.0,21.0
49125,5.0,11.0
32797,4.0,13.0
329,2.0,10.0
44149,1.0,12.0
11806,2.0,16.0
3985,0.0,3.0
727,3.0,13.0
1489,3.0,14.0
38967,3.0,17.0
32261,,13.0
49493,4.0,19.0
31812,1.0,19.0
29212,3.0,19.0
19128,0.0,15.0
29216,2.0,11.0
26313,6.0,19.0
17108,0.0,2.0
14435,1.0,10.0
31026,3.0,18.0
17054,2.0,12.0
21739,3.0,13.0
37955,1.0,13.0
6868,0.0,2.0
40455,2.0,11.0
49065,4.0,16.0
47095,6.0,11.0
20286,2.0,17.0
9616,3.0,12.0
23067,0.0,14.0
6936,4.0,14.0
31910,0.0,3.0
35476,7.0,16.0
5405,2.0,11.0
39632,4.0,22.0
30062,6.0,17.0
35010,2.0,13.0
23050,0.0,1.0
38623,1.0,13.0
37419,4.0,16.0
5604,2.0,17.0
31235,7.0,16.0
32556,4.0,14.0
22593,2.0,13.0
42726,2.0,10.0
110,,16.0
13983,3.0,13.0
6185,2.0,11.0
45600,0.0,3.0
44921,0.0,19.0
47806,2.0,10.0
17270,3.0,15.0
16896,0.0,1.0
40105,0.0,5.0
43260,0.0,12.0
28686,3.0,15.0
36957,0.0,4.0
7512,1.0,13.0
49954,4.0,17.0
21250,5.0,16.0
31780,0.0,1.0
24701,2.0,12.0
32095,4.0,
28746,5.0,13.0
10403,8.0,23.0
24338,0.0,3.0
28545,4.0,21.0
1281,1.0,13.0
13364,2.0,14.0
35011,7.0,16.0
46412,3.0,12.0
15647,3.0,14.0
37366,2.0,8.0
603,8.0,14.0
3691,4.0,13.0
11112,3.0,17.0
39001,5.0,24.0
31616,0.0,3.0
49820,3.0,18.0
49507,3.0,16.0
22425,1.0,
13572,2.0,14.0
14996,,15.0
21303,7.0,19.0
35071,0.0,3.0
27422,4.0,19.0
35721,1.0,16.0
39818,0.0,3.0
30991,2.0,21.0
14468,2.0,14.0
44277,1.0,9.0
20596,1.0,26.0
38994,5.0,14.0
11600,4.0,17.0
36567,2.0,11.0
20304,5.0,
34903,0.0,20.0
34806,1.0,11.0
23458,7.0,
17049,1.0,11.0
42689,3.0,9.0
27052,3.0,16.0
45654,2.0,15.0
17031,2.0,12.0
12155,0.0,13.0
26476,0.0,10.0
30502,3.0,16.0
29913,3.0,25.0
23713,2.0,12.0
42990,5.0,15.0
21064,0.0,2.0
2788,0.0,1.0
3442,0.0,3.0
5024,6.0,15.0
47979,5.0,8.0
40223,2.0,12.0
32798,2.0,13.0
35439,0.0,10.0
38712,1.0,18.0
8393,0.0,1.0
39868,,3.0
32220,5.0,8.0
37537,4.0,16.0
10620,5.0,8.0
37176,4.0,16.0
1196,0.0,7.0
6152,0.0,5.0
39615,2.0,8.0
25669,2.0,170.0
12856,1.0,16.0
46980,2.0,7.0
19008,2.0,18.0
30912,3.0,24.0
13581,3.0,19.0
47557,4.0,12.0
47411,3.0,18.0
31253,0.0,4.0
22414,4.0,12.0
26064,3.0,13.0
48823,3.0,12.0
35353,4.0,15.0
4045,6.0,15.0
17766,5.0,17.0
28068,2.0,18.0
30915,1.0,18.0
34012,0.0,3.0
25661,4.0,12.0
6663,1.0,19.0
32664,3.0,14.0
32640,5.0,17.0
43533,0.0,1.0
17359,3.0,14.0
49682,5.0,10.0
46993,1.0,17.0
27464,2.0,11.0
15269,7.0,21.0
27137,7.0,14.0
11802,0.0,2.0
28383,6.0,12.0
26278,6.0,14.0
43849,3.0,10.0
45208,2.0,19.0
40254,6.0,18.0
9470,3.0,7.0
49678,3.0,17.0
17370,4.0,12.0
37917,1.0,12.0
38638,2.0,8.0
49276,4.0,17.0
41333,5.0,17.0
35110,3.0,13.0
46699,0.0,16.0
20545,3.0,11.0
35342,5.0,13.0
15826,3.0,14.0
39610,1.0,19.0
40844,6.0,10.0
15981,2.0,13.0
46788,1.0,140.0
7525,4.0,13.0
25245,3.0,14.0
42761,1.0,19.0
48000,3.0,14.0
25230,8.0,15.0
17137,2.0,21.0
37324,3.0,18.0
44554,4.0,18.0
22221,7.0,19.0
48429,0.0,14.0
15661,4.0,15.0
27185,5.0,11.0
13387,0.0,17.0
4253,0.0,16.0
42257,1.0,13.0
10029,1.0,15.0
6039,3.0,7.0
39730,,9.0
14907,7.0,12.0
9570,3.0,19.0
42614,3.0,13.0
20397,5.0,17.0
34720,6.0,5.0
47031,7.0,19.0
36691,0.0,2.0
34128,4.0,15.0
41828,5.0,11.0
19571,1.0,10.0
45541,4.0,16.0
14955,4.0,12.0
6609,0.0,4.0
14405,1.0,12.0
24265,4.0,10.0
10325,0.0,3.0
18044,3.0,16.0
40929,0.0,16.0
14107,2.0,17.0
33101,1.0,16.0
9650,1.0,9.0
10362,2.0,9.0
48895,1.0,23.0
32023,5.0,12.0
26071,4.0,7.0
31152,3.0,15.0
26796,2.0,10.0
16539,3.0,11.0
9750,3.0,18.0
20114,,18.0
28527,3.0,14.0
31952,5.0,16.0
38184,2.0,17.0
34238,2.0,13.0
25253,4.0,11.0
24493,2.0,17.0
38149,6.0,13.0
15614,2.0,9.0
26632,2.0,19.0
19331,0.0,19.0
28059,2.0,13.0
19373,0.0,6.0
25901,1.0,15.0
30031,2.0,14.0
43144,2.0,14.0
7014,3.0,16.0
12276,3.0,9.0
2550,5.0,7.0
6661,3.0,8.0
36833,0.0,3.0
5093,0.0,3.0
1240,6.0,15.0
47896,3.0,17.0
18546,2.0,13.0
32262,3.0,20.0
43125,3.0,16.0
44186,4.0,12.0
19845,5.0,16.0
35602,6.0,12.0
37141,4.0,9.0
21524,3.0,19.0
10898,5.0,13.0
38920,4.0,15.0
11268,7.0,11.0
49939,2.0,13.0
16500,4.0,16.0
31299,3.0,19.0
39405,0.0,1.0
37683,3.0,13.0
11619,2.0,20.0
12331,2.0,8.0
49390,3.0,11.0
27759,0.0,1.0
30018,2.0,16.0
2877,4.0,12.0
26317,2.0,8.0
44305,1.0,9.0
43863,3.0,15.0
40410,3.0,15.0
215,7.0,17.0
44300,4.0,
31542,5.0,15.0
37226,3.0,8.0
13223,2.0,17.0
40952,2.0,15.0
20360,1.0,17.0
22239,6.0,17.0
15620,2.0,22.0
13050,1.0,7.0
12145,0.0,3.0
25619,3.0,13.0
6251,3.0,21.0
4971,5.0,19.0
9854,3.0,13.0
36024,4.0,6.0
31236,1.0,15.0
21612,3.0,9.0
43082,3.0,17.0
10111,6.0,12.0
41739,1.0,12.0
23659,3.0,15.0
19745,1.0,20.0
14733,4.0,20.0
9311,0.0,0.0
3071,5.0,16.0
14878,4.0,15.0
46385,1.0,13.0
27187,6.0,13.0
16551,0.0,3.0
18627,3.0,
16762,3.0,14.0
48218,0.0,2.0
38294,3.0,
29931,1.0,17.0
10846,3.0,10.0
32388,2.0,15.0
43330,4.0,18.0
31514,4.0,15.0
44811,2.0,9.0
46138,2.0,22.0
8764,7.0,14.0
46192,0.0,14.0
2215,0.0,2.0
31070,5.0,16.0
33630,3.0,14.0
46823,0.0,10.0
36772,5.0,20.0
4275,4.0,13.0
32730,0.0,3.0
24456,3.0,16.0
33132,2.0,14.0
1722,1.0,16.0
16252,0.0,2.0
27634,6.0,16.0
2239,,16.0
6833,3.0,14.0
3242,2.0,13.0
41359,2.0,13.0
30853,2.0,18.0
48296,8.0,15.0
22508,1.0,14.0
22967,0.0,3.0
4719,2.0,19.0
2875,0.0,12.0
23338,4.0,11.0
12054,1.0,11.0
33535,0.0,2.0
36840,0.0,2.0
126,3.0,13.0
34055,0.0,3.0
47,0.0,9.0
45004,2.0,14.0
31742,4.0,7.0
4887,4.0,7.0
5710,3.0,12.0
48689,8.0,13.0
6629,9.0,14.0
1093,6.0,15.0
34606,1.0,16.0
26904,5.0,8.0
30704,6.0,18.0
27056,1.0,13.0
30245,0.0,2.0
48441,0.0,1.0
89,1.0,15.0
11094,0.0,14.0
36205,1.0,16.0
46332,3.0,15.0
26649,0.0,4.0
33879,3.0,14.0
28979,2.0,17.0
48725,5.0,16.0
8255,3.0,11.0
13072,4.0,22.0
34607,4.0,120.0
22074,2.0,22.0
20430,2.0,20.0
40889,,16.0
21788,0.0,15.0
9277,4.0,14.0
41499,3.0,23.0
19401,2.0,19.0
35740,3.0,15.0
14338,2.0,20.0
22084,4.0,12.0
30187,1.0,19.0
2645,5.0,
41947,3.0,14.0
39702,6.0,10.0
19368,2.0,15.0
1590,3.0,8.0
33094,2.0,13.0
40886,3.0,140.0
40828,2.0,17.0
5980,0.0,1.0
24449,3.0,21.0
30960,2.0,13.0
31928,2.0,11.0
9949,5.0,14.0
15354,1.0,10.0
33452,4.0,140.0
10653,2.0,
6828,5.0,13.0
2360,0.0,4.0
6213,0.0,4.0
48538,3.0,10.0
41453,0.0,8.0
32475,2.0,16.0
42971,2.0,14.0
34634,1.0,13.0
39988,3.0,12.0
16142,2.0,17.0
32278,3.0,13.0
49538,3.0,10.0
41245,2.0,11.0
36685,1.0,17.0
42247,4.0,15.0
21916,2.0,
31016,1.0,19.0
46712,1.0,15.0
37229,1.0,14.0
20543,0.0,7.0
44014,2.0,10.0
33211,3.0,14.0
43691,3.0,10.0
17155,2.0,7.0
41752,3.0,26.0
39886,0.0,3.0
38760,6.0,16.0
33926,3.0,16.0
31838,,12.0
39915,7.0,9.0
49382,5.0,22.0
48282,2.0,8.0
15160,0.0,5.0
32829,3.0,13.0
17732,3.0,14.0
17230,0.0,3.0
29485,0.0,13.0
37418,2.0,12.0
14158,1.0,15.0
4508,4.0,24.0
1145,1.0,19.0
2159,0.0,5.0
1630,7.0,11.0
22933,1.0,22.0
20471,4.0,12.0
43094,3.0,16.0
16042,3.0,10.0
19898,6.0,13.0
11147,2.0,150.0
45855,4.0,16.0
48050,3.0,14.0
32293,5.0,9.0
2321,1.0,12.0
21248,2.0,15.0
46990,0.0,11.0
4145,1.0,13.0
20709,2.0,12.0
31383,2.0,14.0
23570,8.0,9.0
28682,3.0,22.0
17486,1.0,7.0
24427,2.0,12.0
1391,4.0,14.0
22407,,14.0
11704,2.0,16.0
46211,,15.0
7297,3.0,9.0
48748,3.0,18.0
26400,1.0,15.0
45584,3.0,13.0
4222,4.0,15.0
2959,3.0,9.0
2349,4.0,10.0
49176,5.0,17.0
20443,4.0,12.0
28897,5.0,
18438,,11.0
30070,0.0,9.0
41084,0.0,2.0
648,0.0,11.0
43313,7.0,17.0
39867,0.0,3.0
28182,2.0,
8324,0.0,12.0
24964,2.0,13.0
23801,2.0,16.0
33547,5.0,17.0
34707,5.0,20.0
45845,9.0,14.0
29051,4.0,18.0
21052,2.0,15.0
37124,4.0,13.0
18356,3.0,13.0
11414,0.0,13.0
13334,6.0,18.0
22159,2.0,16.0
41560,2.0,22.0
46872,,18.0
24313,4.0,15.0
947,,10.0
27793,2.0,14.0
16256,3.0,15.0
29855,2.0,18.0
40747,2.0,16.0
32322,1.0,17.0
32662,0.0,1.0
4414,4.0,17.0
40960,6.0,15.0
5949,3.0,13.0
23739,3.0,13.0
32589,2.0,12.0
38606,4.0,10.0
45772,3.0,12.0
36737,1.0,10.0
15725,,25.0
9316,2.0,14.0
11931,5.0,
29335,2.0,20.0
25032,5.0,11.0
1469,2.0,11.0
45659,5.0,13.0
17346,3.0,15.0
6677,2.0,9.0
37570,4.0,15.0
14282,0.0,3.0
13096,1.0,17.0
10473,5.0,9.0
10356,6.0,10.0
27420,0.0,4.0
5905,4.0,22.0
14183,3.0,8.0
10867,3.0,14.0
20515,2.0,16.0
19531,5.0,16.0
41032,3.0,16.0
40741,0.0,2.0
6477,4.0,14.0
6066,3.0,14.0
36385,4.0,15.0
47606,4.0,12.0
40285,3.0,21.0
18722,5.0,14.0
18421,0.0,5.0
43596,5.0,8.0
17339,3.0,11.0
29671,4.0,11.0
18249,,12.0
6370,5.0,14.0
30244,3.0,14.0
22336,1.0,21.0
23199,2.0,13.0
41238,2.0,17.0
29169,,11.0
48896,6.0,16.0
22905,4.0,19.0
43952,0.0,1.0
45978,5.0,17.0
8485,2.0,12.0
12021,4.0,9.0
13049,2.0,12.0
32223,3.0,18.0
21894,3.0,18.0
37649,3.0,22.0
24345,3.0,15.0
20228,6.0,13.0
16723,2.0,12.0
45285,3.0,10.0
20175,4.0,18.0
21309,2.0,12.0
28079,3.0,10.0
2926,5.0,14.0
4808,5.0,15.0
17192,2.0,11.0
1683,4.0,13.0
38799,3.0,15.0
45599,1.0,12.0
11665,3.0,16.0
32132,2.0,16.0
31463,0.0,3.0
17105,4.0,4.0
36899,2.0,13.0
37642,2.0,13.0
789,4.0,12.0
40488,7.0,19.0
49103,1.0,23.0
29261,3.0,16.0
30051,0.0,7.0
49796,0.0,5.0
42157,3.0,11.0
27157,3.0,9.0
44088,2.0,17.0
19968,2.0,13.0
23328,3.0,14.0
21820,6.0,13.0
20438,5.0,16.0
7157,3.0,19.0
3724,2.0,9.0
3302,2.0,15.0
37080,4.0,12.0
33251,4.0,11.0
9454,3.0,16.0
18237,3.0,10.0
44338,1.0,18.0
13460,3.0,8.0
10455,3.0,9.0
27477,1.0,11.0
13692,1.0,12.0
1197,5.0,10.0
21696,2.0,19.0
4571,,5.0
20449,6.0,18.0
11594,2.0,13.0
20041,4.0,18.0
40794,3.0,11.0
42713,0.0,5.0
35840,6.0,7.0
41855,3.0,130.0
12792,4.0,12.0
28164,3.0,20.0
38669,1.0,10.0
271,0.0,18.0
43259,2.0,16.0
8706,3.0,12.0
531,2.0,17.0
14431,2.0,12.0
19442,2.0,8.0
649,2.0,
4391,1.0,14.0
46001,,12.0
47226,3.0,15.0
19664,1.0,8.0
10208,4.0,18.0
9209,6.0,14.0
31604,4.0,16.0
30338,3.0,12.0
16777,2.0,12.0
2653,1.0,21.0
31949,1.0,12.0
18508,0.0,1.0
22234,5.0,170.0
27168,3.0,18.0
29866,,1.0
49959,2.0,7.0
35045,1.0,12.0
21580,0.0,15.0
36139,2.0,12.0
18060,4.0,8.0
3868,5.0,16.0
27440,1.0,12.0
15110,0.0,12.0
31145,2.0,12.0
39362,4.0,14.0
4680,6.0,12.0
32251,3.0,14.0
9713,4.0,17.0
26594,3.0,13.0
44385,2.0,17.0
7496,1.0,10.0
26548,5.0,19.0
38303,0.0,3.0
42401,1.0,13.0
24206,3.0,13.0
15,6.0,12.0
40202,0.0,3.0
37369,4.0,14.0
20942,4.0,29.0
17406,0.0,4.0
49560,4.0,8.0
29454,0.0,1.0
18818,1.0,17.0
19617,4.0,11.0
14918,4.0,19.0
33024,2.0,12.0
5004,4.0,11.0
15939,2.0,
33901,0.0,1.0
7079,3.0,16.0
8224,1.0,13.0
30118,4.0,19.0
4910,8.0,14.0
23373,2.0,17.0
46591,5.0,16.0
40176,4.0,17.0
16288,3.0,21.0
9072,3.0,13.0
40190,2.0,10.0
17836,,16.0
9497,1.0,4.0
31596,0.0,16.0
7738,8.0,14.0
32108,3.0,13.0
38922,2.0,13.0
42392,4.0,19.0
16172,2.0,16.0
2716,0.0,3.0
45664,2.0,14.0
30887,3.0,6.0
11845,3.0,16.0
42336,3.0,
29455,1.0,18.0
20050,5.0,14.0
43804,3.0,17.0
9798,3.0,17.0
18093,3.0,16.0
4905,3.0,10.0
18448,4.0,14.0
39652,3.0,13.0
20832,3.0,16.0
13034,2.0,16.0
12959,1.0,13.0
47061,2.0,12.0
12055,2.0,9.0
44620,3.0,17.0
25759,6.0,20.0
27684,5.0,15.0
12020,3.0,10.0
1917,3.0,9.0
39790,4.0,5.0
34752,1.0,15.0
24521,4.0,19.0
23773,2.0,15.0
27242,3.0,9.0
46831,2.0,10.0
46977,6.0,11.0
32455,5.0,14.0
20546,3.0,15.0
16519,5.0,17.0
42538,3.0,10.0
8699,5.0,8.0
3748,6.0,12.0
37892,6.0,9.0
29133,4.0,8.0
41269,5.0,17.0
13916,2.0,15.0
1560,1.0,19.0
9685,0.0,2.0
5825,3.0,18.0
31865,5.0,
43376,4.0,15.0
7272,4.0,14.0
40385,3.0,11.0
37240,2.0,17.0
48010,4.0,13.0
30526,0.0,5.0
42861,5.0,
1439,3.0,10.0
45298,1.0,14.0
11260,5.0,12.0
6454,5.0,13.0
49215,2.0,11.0
39567,2.0,16.0
47157,3.0,12.0
36865,0.0,2.0
3158,5.0,12.0
37318,2.0,8.0
32133,0.0,3.0
43471,1.0,18.0
37320,3.0,13.0
18852,3.0,19.0
6776,3.0,12.0
17862,6.0,23.0
4958,7.0,15.0
41766,,3.0
35244,2.0,18.0
2987,0.0,3.0
30421,1.0,14.0
16145,3.0,9.0
31670,0.0,4.0
49530,4.0,17.0
4175,5.0,12.0
10519,3.0,9.0
11681,2.0,11.0
35236,0.0,2.0
47893,1.0,13.0
3436,4.0,9.0
35747,6.0,15.0
37658,4.0,9.0
27503,4.0,22.0
19821,3.0,28.0
18749,2.0,5.0
22718,4.0,20.0
41673,4.0,10.0
21777,3.0,13.0
18411,1.0,
10818,2.0,18.0
24321,3.0,10.0
11701,1.0,17.0
47395,4.0,10.0
39422,4.0,12.0
44028,,13.0
16097,3.0,11.0
10147,0.0,4.0
23282,4.0,12.0
42530,3.0,7.0
13646,3.0,15.0
17438,7.0,16.0
46248,2.0,12.0
25874,3.0,12.0
27286,3.0,11.0
24358,4.0,13.0
3849,2.0,18.0
3812,3.0,14.0
41527,7.0,5.0
38648,3.0,12.0
29007,5.0,11.0
30265,2.0,13.0
15759,0.0,1.0
38472,1.0,17.0
27112,3.0,15.0
6673,5.0,15.0
8271,1.0,8.0
37648,4.0,11.0
49713,3.0,14.0
37362,3.0,11.0
24426,2.0,6.0
6347,3.0,15.0
11919,0.0,5.0
19097,3.0,9.0
37610,3.0,12.0
40920,4.0,8.0
14592,2.0,13.0
14255,4.0,7.0
10931,4.0,
33887,1.0,15.0
3950,2.0,20.0
45351,4.0,15.0
21032,3.0,9.0
4280,7.0,13.0
22688,4.0,16.0
33270,8.0,18.0
46457,4.0,
36878,5.0,23.0
28362,2.0,16.0
6855,3.0,17.0
30192,0.0,2.0
9621,2.0,11.0
17798,1.0,14.0
43460,4.0,17.0
33021,6.0,17.0
37422,5.0,15.0
21488,2.0,9.0
12653,8.0,10.0
43316,5.0,17.0
10047,0.0,4.0
35627,0.0,3.0
43007,5.0,
25332,4.0,
23915,4.0,19.0
27556,1.0,
10305,1.0,15.0
46794,2.0,10.0
7807,4.0,14.0
27504,2.0,20.0
26374,4.0,12.0
15326,2.0,11.0
34709,2.0,10.0
4809,2.0,15.0
33734,3.0,13.0
9704,0.0,4.0
12286,2.0,17.0
18096,3.0,12.0
5866,3.0,17.0
2274,0.0,0.0
31300,4.0,14.0
47736,1.0,22.0
5756,0.0,11.0
8017,3.0,14.0
40772,6.0,12.0
33340,2.0,18.0
3472,4.0,17.0
34640,8.0,16.0
30906,1.0,18.0
17563,1.0,19.0
5224,1.0,10.0
24729,5.0,10.0
6750,1.0,14.0
34220,4.0,16.0
41988,0.0,5.0
40098,0.0,22.0
23499,2.0,
49542,0.0,2.0
36493,5.0,9.0
47148,0.0,17.0
5955,6.0,24.0
12602,2.0,17.0
49790,2.0,18.0
38249,5.0,14.0
18674,4.0,13.0
16055,4.0,17.0
30312,0.0,1.0
43389,0.0,4.0
14658,4.0,22.0
15843,2.0,15.0
24934,1.0,11.0
18946,5.0,15.0
9109,2.0,19.0
15537,0.0,
42435,3.0,18.0
42594,0.0,6.0
2080,3.0,14.0
15878,2.0,
32339,1.0,14.0
36199,0.0,3.0
465,1.0,16.0
41037,6.0,12.0
10259,3.0,20.0
23052,4.0,19.0
29579,2.0,13.0
7155,3.0,18.0
36883,5.0,14.0
33198,3.0,14.0
25918,,21.0
44000,3.0,13.0
13115,3.0,11.0
43328,3.0,18.0
40655,2.0,12.0
33515,0.0,2.0
29050,2.0,15.0
22645,3.0,14.0
36958,3.0,17.0
13537,3.0,14.0
21912,3.0,30.0
26527,2.0,8.0
46634,4.0,20.0
6311,5.0,16.0
22859,0.0,3.0
41274,2.0,11.0
31459,0.0,21.0
24201,2.0,13.0
9696,2.0,12.0
30439,3.0,20.0
44635,3.0,20.0
23978,4.0,17.0
33019,5.0,13.0
17918,1.0,14.0
22583,5.0,8.0
20531,3.0,19.0
16747,2.0,9.0
15809,12.0,16.0
17733,6.0,18.0
47273,3.0,13.0
28703,0.0,180.0
44710,2.0,17.0
41108,0.0,2.0
49890,3.0,13.0
23482,5.0,10.0
25693,3.0,11.0
41221,1.0,19.0
34879,0.0,4.0
6745,3.0,14.0
6371,5.0,22.0
12585,4.0,14.0
25980,2.0,8.0
397,4.0,16.0
30269,4.0,15.0
43694,4.0,10.0
1474,4.0,22.0
49925,2.0,11.0
35194,1.0,11.0
37399,3.0,13.0
47032,5.0,20.0
49864,3.0,13.0
3012,4.0,9.0
36164,1.0,15.0
47473,0.0,0.0
3463,0.0,2.0
15038,4.0,13.0
10426,1.0,13.0
48763,0.0,3.0
19920,2.0,17.0
23412,3.0,10.0
1635,6.0,14.0
43344,0.0,2.0
3084,4.0,11.0
31042,1.0,14.0
45536,2.0,18.0
10772,4.0,18.0
12459,0.0,2.0
386,12.0,10.0
13912,4.0,8.0
25447,0.0,4.0
146,3.0,19.0
8203,4.0,12.0
12302,2.0,14.0
33783,3.0,16.0
32678,3.0,16.0
5346,4.0,11.0
5307,2.0,12.0
1840,0.0,5.0
33325,2.0,17.0
12203,5.0,
41965,3.0,9.0
12724,1.0,15.0
14033,6.0,20.0
22048,4.0,20.0
42476,,4.0
16824,2.0,17.0
17870,1.0,10.0
3642,2.0,12.0
166,4.0,18.0
8103,3.0,8.0
38429,3.0,10.0
30376,0.0,1.0
3861,4.0,13.0
49151,3.0,9.0
20970,7.0,20.0
6397,0.0,4.0
46923,2.0,6.0
22886,5.0,17.0
14432,0.0,2.0
16830,5.0,11.0
25130,2.0,12.0
47218,2.0,13.0
27853,3.0,14.0
14719,2.0,17.0
32599,6.0,12.0
49811,6.0,13.0
13279,3.0,10.0
20641,0.0,6.0
25853,0.0,10.0
19795,,15.0
4372,2.0,17.0
17442,1.0,21.0
4278,5.0,12.0
16732,3.0,21.0
15158,,
18218,0.0,
36877,3.0,13.0
33148,0.0,4.0
22473,0.0,0.0
33053,0.0,2.0
41783,3.0,14.0
719,4.0,13.0
3176,5.0,12.0
14224,2.0,14.0
42539,4.0,15.0
44378,3.0,17.0
28334,0.0,2.0
2202,4.0,15.0
39982,6.0,18.0
31340,2.0,16.0
34519,2.0,18.0
194,0.0,3.0
7547,4.0,13.0
2780,0.0,3.0
30126,2.0,14.0
4786,6.0,12.0
19649,1.0,15.0
7805,4.0,17.0
36918,1.0,17.0
26598,0.0,1.0
7764,3.0,12.0
13285,6.0,16.0
36592,3.0,12.0
36898,1.0,18.0
8226,2.0,13.0
36518,1.0,9.0
41748,3.0,15.0
41290,1.0,9.0
10199,,13.0
7762,5.0,14.0
1101,4.0,10.0
44664,0.0,4.0
48904,5.0,15.0
28132,3.0,12.0
16361,2.0,9.0
46062,3.0,13.0
10806,1.0,13.0
8256,1.0,18.0
2719,7.0,11.0
39597,6.0,14.0
39854,4.0,22.0
10637,2.0,15.0
49783,0.0,2.0
24761,0.0,2.0
9278,2.0,
3467,2.0,13.0
17706,0.0,3.0
12761,1.0,11.0
32725,3.0,14.0
874,1.0,15.0
4969,4.0,10.0
15890,2.0,16.0
42201,5.0,10.0
25226,0.0,4.0
40980,2.0,12.0
36981,3.0,12.0
176,3.0,18.0
3746,6.0,16.0
40368,1.0,14.0
10877,1.0,6.0
2286,5.0,10.0
3583,2.0,13.0
22947,3.0,12.0
39034,3.0,23.0
35479,3.0,11.0
28478,5.0,15.0
42789,3.0,18.0
34786,1.0,14.0
4898,4.0,18.0
41478,2.0,10.0
9194,2.0,13.0
43139,3.0,22.0
12179,3.0,110.0
37339,0.0,5.0
685,5.0,20.0
12445,,16.0
2544,1.0,16.0
12508,3.0,9.0
44465,5.0,14.0
10863,2.0,13.0
43784,5.0,17.0
10609,2.0,14.0
10874,,14.0
37085,0.0,
46806,2.0,11.0
38752,5.0,9.0
7267,0.0,3.0
34335,5.0,18.0
22545,3.0,18.0
10598,4.0,10.0
41223,2.0,12.0
6985,6.0,13.0
14617,4.0,15.0
44561,5.0,19.0
14256,0.0,1.0
37653,0.0,0.0
18010,,20.0
30588,2.0,11.0
42282,2.0,14.0
7380,0.0,13.0
35631,6.0,12.0
6364,4.0,18.0
47356,0.0,7.0
22781,9.0,13.0
47601,0.0,13.0
18868,2.0,11.0
36420,0.0,2.0
17657,2.0,11.0
35761,5.0,15.0
13384,6.0,12.0
20132,2.0,
9741,3.0,17.0
17164,2.0,14.0
43089,2.0,17.0
23093,3.0,20.0
45928,3.0,
34692,5.0,16.0
22280,6.0,19.0
28401,1.0,15.0
15201,5.0,18.0
42325,3.0,10.0
34084,5.0,13.0
44317,4.0,9.0
21803,2.0,9.0
29868,4.0,12.0
44335,6.0,20.0
7367,,3.0
27065,2.0,15.0
42268,6.0,12.0
18700,2.0,18.0
35209,4.0,14.0
47064,3.0,18.0
4385,3.0,
43960,5.0,17.0
26466,5.0,11.0
41555,3.0,18.0
8419,4.0,16.0
16092,3.0,14.0
14253,3.0,10.0
49359,2.0,10.0
40386,3.0,14.0
41151,3.0,19.0
15686,,22.0
1692,1.0,13.0
2029,2.0,
36686,,16.0
22314,0.0,
33607,2.0,18.0
22869,0.0,2.0
44187,1.0,12.0
6132,7.0,12.0
43414,1.0,11.0
20983,2.0,13.0
29458,4.0,8.0
41089,5.0,15.0
40356,2.0,13.0
11122,0.0,2.0
19404,6.0,16.0
18974,3.0,9.0
15622,5.0,13.0
22685,6.0,16.0
28644,0.0,9.0
45150,4.0,16.0
20110,4.0,9.0
40106,4.0,10.0
21354,0.0,5.0
16184,2.0,13.0
48139,3.0,25.0
45672,3.0,17.0
17013,3.0,15.0
12290,5.0,8.0
9981,2.0,14.0
44078,5.0,14.0
33315,5.0,17.0
25103,4.0,19.0
45011,1.0,11.0
14108,3.0,18.0
21626,6.0,18.0
27841,2.0,19.0
4014,4.0,14.0
9354,1.0,11.0
23655,2.0,10.0
7086,4.0,13.0
12554,0.0,2.0
18392,3.0,14.0
33701,1.0,17.0
48639,4.0,16.0
19547,0.0,5.0
21372,7.0,13.0
1575,6.0,17.0
5333,3.0,11.0
45996,4.0,20.0
2191,2.0,16.0
13975,3.0,13.0
38392,5.0,13.0
25120,4.0,20.0
38106,4.0,24.0
6726,2.0,17.0
43511,5.0,15.0
37859,0.0,3.0
12258,2.0,16.0
21432,4.0,12.0
6723,4.0,12.0
34155,1.0,18.0
26274,3.0,12.0
35181,1.0,14.0
11881,2.0,20.0
15757,2.0,15.0
10131,3.0,14.0
24618,0.0,1.0
43938,4.0,15.0
38892,0.0,4.0
30331,4.0,12.0
4749,2.0,120.0
11445,4.0,11.0
18654,3.0,23.0
36521,4.0,20.0
28865,5.0,13.0
6864,6.0,13.0
5465,6.0,14.0
10341,,19.0
10663,1.0,14.0
3359,2.0,7.0
44490,3.0,16.0
24495,6.0,16.0
11534,6.0,11.0
18511,2.0,8.0
4173,3.0,14.0
32070,0.0,14.0
10494,,14.0
12361,,4.0
12705,4.0,22.0
8345,2.0,20.0
3105,3.0,17.0
2085,0.0,2.0
36659,2.0,15.0
2806,5.0,18.0
15311,,13.0
40909,3.0,8.0
1413,5.0,10.0
20352,1.0,11.0
21142,0.0,5.0
3598,1.0,15.0
33096,7.0,13.0
14040,1.0,18.0
8136,5.0,18.0
38805,3.0,10.0
1314,0.0,5.0
15512,1.0,15.0
24536,0.0,12.0
17999,3.0,18.0
48027,2.0,11.0
12359,5.0,15.0
15698,6.0,20.0
34698,0.0,1.0
22845,2.0,23.0
12242,6.0,16.0
15089,5.0,14.0
5898,1.0,15.0
29469,4.0,13.0
18098,4.0,15.0
30049,0.0,18.0
29702,5.0,15.0
31155,3.0,12.0
47906,2.0,14.0
33720,4.0,12.0
33275,6.0,22.0
31387,6.0,9.0
47233,1.0,10.0
4435,2.0,17.0
31426,2.0,14.0
2305,2.0,12.0
941,3.0,22.0
37383,6.0,11.0
2616,1.0,14.0
1787,6.0,15.0
44208,2.0,6.0
8880,0.0,3.0
32698,4.0,12.0
31293,6.0,17.0
16303,4.0,12.0
5694,0.0,3.0
23040,4.0,12.0
7911,2.0,16.0
27653,4.0,10.0
17067,3.0,15.0
11842,2.0,14.0
12933,2.0,11.0
36995,2.0,10.0
47365,3.0,60.0
26190,1.0,10.0
35171,5.0,11.0
44500,2.0,7.0
6877,0.0,17.0
43682,3.0,13.0
43718,3.0,14.0
8505,1.0,13.0
43620,4.0,15.0
25908,1.0,14.0
12637,5.0,170.0
49880,5.0,13.0
4137,3.0,11.0
7701,3.0,14.0
44131,0.0,4.0
24960,0.0,6.0
38437,1.0,16.0
15431,2.0,11.0
21433,1.0,5.0
22793,4.0,6.0
24708,1.0,15.0
8758,5.0,10.0
3545,3.0,17.0
3251,4.0,12.0
46579,1.0,12.0
28380,4.0,13.0
43827,0.0,17.0
31137,3.0,8.0
28989,3.0,140.0
20113,2.0,20.0
37729,5.0,11.0
25679,2.0,18.0
188,5.0,16.0
27798,5.0,11.0
33459,2.0,15.0
10395,3.0,13.0
34174,2.0,10.0
9634,0.0,3.0
45256,4.0,16.0
41756,8.0,12.0
35044,5.0,13.0
25158,3.0,13.0
17329,1.0,18.0
19784,2.0,10.0
38434,0.0,13.0
35873,3.0,22.0
9369,0.0,5.0
8230,0.0,14.0
5029,5.0,10.0
48909,0.0,3.0
41731,2.0,13.0
37349,6.0,17.0
43544,2.0,13.0
8820,1.0,13.0
14977,7.0,10.0
10834,3.0,9.0
6172,3.0,16.0
1761,2.0,15.0
49173,2.0,16.0
48327,2.0,9.0
42703,2.0,6.0
18532,4.0,12.0
35319,6.0,13.0
22972,4.0,14.0
40532,5.0,15.0
7295,4.0,14.0
7412,1.0,17.0
41236,,18.0
36565,0.0,18.0
22261,4.0,15.0
23572,1.0,15.0
12991,4.0,18.0
27203,2.0,15.0
12544,1.0,21.0
27837,6.0,7.0
45006,8.0,7.0
19804,6.0,9.0
22650,5.0,11.0
1268,5.0,14.0
34727,4.0,17.0
40584,2.0,12.0
19127,5.0,18.0
45524,3.0,10.0
39564,2.0,9.0
41062,3.0,13.0
37258,5.0,16.0
1285,5.0,9.0
28694,2.0,18.0
4119,3.0,
33963,6.0,10.0
41933,,14.0
34809,4.0,15.0
48205,4.0,9.0
26163,4.0,15.0
738,3.0,16.0
6535,2.0,6.0
25898,2.0,20.0
33753,2.0,13.0
11852,5.0,12.0
16420,3.0,10.0
42217,5.0,16.0
48118,5.0,14.0
25443,2.0,10.0
15786,5.0,16.0
35911,2.0,17.0
38118,4.0,12.0
30733,0.0,4.0
9568,4.0,10.0
43589,3.0,22.0
48832,3.0,9.0
10769,5.0,12.0
12469,2.0,14.0
5040,3.0,13.0
14120,1.0,13.0
41372,3.0,15.0
11464,0.0,2.0
30917,6.0,14.0
19616,3.0,16.0
33481,5.0,13.0
37122,5.0,11.0
16846,4.0,22.0
26514,1.0,12.0
33747,2.0,11.0
48247,4.0,17.0
8438,6.0,12.0
11133,4.0,14.0
21636,5.0,6.0
27281,6.0,15.0
18026,5.0,16.0
2148,3.0,14.0
2107,3.0,19.0
17423,8.0,18.0
1100,2.0,
19889,5.0,18.0
34730,1.0,15.0
26927,2.0,12.0
1277,3.0,9.0
28793,8.0,19.0
42876,3.0,14.0
12038,4.0,20.0
7186,2.0,
22067,4.0,13.0
47650,2.0,10.0
28100,1.0,7.0
34780,,16.0
2244,2.0,12.0
34971,2.0,15.0
11529,5.0,11.0
20887,3.0,13.0
31498,4.0,9.0
10724,3.0,15.0
4412,3.0,16.0
2622,3.0,20.0
26551,0.0,18.0
49051,0.0,4.0
12787,3.0,16.0
1225,3.0,15.0
43474,6.0,10.0
27262,2.0,22.0
10367,1.0,10.0
33485,1.0,14.0
15842,3.0,8.0
46512,3.0,14.0
8499,0.0,4.0
14622,5.0,20.0
7449,3.0,8.0
8006,1.0,17.0
38987,3.0,13.0
46253,2.0,18.0
34306,1.0,12.0
18082,3.0,12.0
889,4.0,12.0
10634,5.0,11.0
33843,1.0,8.0
19436,1.0,13.0
3665,0.0,3.0
3546,3.0,13.0
5216,1.0,12.0
11211,4.0,14.0
14710,,0.0
23963,4.0,10.0
24230,5.0,12.0
15340,0.0,4.0
16658,3.0,14.0
36464,6.0,14.0
38232,2.0,17.0
16741,6.0,14.0
49641,5.0,11.0
35336,,1.0
224,5.0,16.0
22456,0.0,4.0
42728,2.0,11.0
10919,6.0,19.0
18113,6.0,13.0
31667,2.0,18.0
13353,3.0,16.0
11731,2.0,18.0
36391,2.0,25.0
29726,4.0,7.0
11718,3.0,9.0
43225,3.0,13.0
46432,3.0,13.0
46261,3.0,16.0
22124,0.0,14.0
27546,6.0,11.0
47687,3.0,13.0
24036,6.0,16.0
45099,5.0,11.0
71,1.0,12.0
13238,3.0,8.0
44904,3.0,17.0
48035,3.0,16.0
30132,0.0,14.0
18930,1.0,16.0
32578,4.0,15.0
29346,2.0,18.0
6162,3.0,12.0
2974,5.0,12.0
37615,4.0,13.0
33746,6.0,10.0
24849,0.0,4.0
35930,,9.0
33328,2.0,8.0
11964,2.0,13.0
5942,3.0,11.0
10642,3.0,15.0
17089,2.0,15.0
20195,3.0,13.0
47617,4.0,18.0
46270,5.0,20.0
22230,3.0,
18348,0.0,4.0
21544,0.0,19.0
26079,2.0,16.0
47498,2.0,18.0
34087,7.0,160.0
1165,5.0,13.0
47141,3.0,11.0
23874,5.0,16.0
38590,4.0,12.0
8623,2.0,21.0
44673,4.0,12.0
11214,6.0,14.0
28685,0.0,2.0
42316,3.0,14.0
3104,2.0,12.0
2033,0.0,6.0
8159,0.0,5.0
41573,1.0,17.0
4835,2.0,20.0
4582,8.0,7.0
24896,1.0,10.0
26954,3.0,17.0
29089,4.0,15.0
35904,3.0,19.0
36968,1.0,12.0
17860,5.0,14.0
38060,3.0,20.0
23853,3.0,14.0
18997,2.0,12.0
22223,1.0,15.0
5542,7.0,18.0
28885,4.0,15.0
31171,2.0,12.0
46191,1.0,10.0
13914,1.0,15.0
31792,3.0,18.0
22345,3.0,19.0
46407,4.0,10.0
20071,4.0,
26971,4.0,5.0
35835,0.0,1.0
47797,5.0,17.0
48506,0.0,1.0
10849,5.0,17.0
44765,1.0,14.0
1707,1.0,12.0
3561,0.0,1.0
25380,6.0,14.0
15424,5.0,19.0
45591,1.0,20.0
43891,2.0,18.0
12598,0.0,5.0
1367,1.0,15.0
23454,,10.0
9541,1.0,14.0
2315,3.0,13.0
6764,6.0,15.0
12988,2.0,8.0
29161,6.0,13.0
14369,1.0,16.0
36452,2.0,12.0
37561,1.0,11.0
21579,3.0,11.0
26756,3.0,16.0
31688,2.0,7.0
14260,2.0,14.0
20574,2.0,150.0
20349,3.0,7.0
14226,2.0,110.0
47252,4.0,17.0
14116,1.0,11.0
1482,4.0,13.0
1589,4.0,11.0
26940,0.0,1.0
15925,3.0,9.0
1127,4.0,17.0
44704,7.0,13.0
31992,1.0,12.0
40008,4.0,13.0
46190,4.0,11.0
26720,1.0,8.0
3872,5.0,14.0
31900,0.0,7.0
21072,5.0,13.0
47580,4.0,160.0
2760,,13.0
49868,5.0,17.0
13035,1.0,15.0
39938,4.0,9.0
219,3.0,16.0
22527,1.0,13.0
5202,10.0,22.0
30914,2.0,10.0
45542,2.0,220.0
44074,7.0,12.0
27980,3.0,10.0
27482,0.0,4.0
10136,5.0,10.0
37694,4.0,16.0
7597,0.0,3.0
48825,1.0,14.0
15696,0.0,1.0
6401,5.0,13.0
42113,0.0,3.0
37040,5.0,10.0
28101,0.0,5.0
2548,1.0,15.0
41753,4.0,15.0
25794,2.0,13.0
41257,4.0,19.0
35531,4.0,17.0
13669,3.0,13.0
19329,5.0,13.0
34016,4.0,
18482,2.0,15.0
6489,2.0,7.0
326,3.0,13.0
23568,1.0,12.0
30142,3.0,10.0
9504,5.0,15.0
9300,4.0,15.0
23724,6.0,17.0
35018,4.0,12.0
37157,4.0,12.0
26229,2.0,15.0
16716,1.0,16.0
42825,1.0,15.0
35437,1.0,11.0
30675,3.0,15.0
16756,1.0,23.0
16800,0.0,17.0
47203,5.0,12.0
2491,4.0,19.0
37731,6.0,10.0
3758,0.0,2.0
13801,1.0,12.0
2609,0.0,12.0
12940,,25.0
21340,1.0,14.0
41843,2.0,19.0
37837,0.0,2.0
37998,4.0,14.0
49023,3.0,13.0
12189,0.0,4.0
36470,2.0,10.0
30280,2.0,13.0
33825,5.0,15.0
22533,2.0,25.0
10012,3.0,11.0
15587,0.0,4.0
33952,6.0,11.0
42974,7.0,12.0
24925,2.0,18.0
11953,6.0,11.0
29498,6.0,11.0
15775,1.0,19.0
21564,5.0,12.0
13564,5.0,10.0
33667,5.0,7.0
8436,3.0,11.0
36475,3.0,14.0
18596,2.0,8.0
29472,6.0,23.0
7838,1.0,11.0
15169,1.0,16.0
10065,3.0,9.0
16518,4.0,11.0
7323,7.0,12.0
46995,6.0,13.0
3681,3.0,15.0
31113,3.0,6.0
19737,1.0,14.0
33042,7.0,16.0
14624,3.0,14.0
11569,5.0,20.0
11640,0.0,10.0
6457,5.0,13.0
19033,4.0,10.0
6168,4.0,17.0
6958,0.0,1.0
39356,2.0,14.0
45877,0.0,
22958,3.0,13.0
539,5.0,22.0
14305,4.0,13.0
15924,6.0,15.0
1350,5.0,13.0
15021,2.0,14.0
2128,2.0,10.0
10702,4.0,10.0
42167,5.0,9.0
19715,0.0,11.0
42359,2.0,9.0
19208,2.0,16.0
49764,4.0,16.0
20698,5.0,9.0
47417,0.0,
19817,0.0,21.0
48116,4.0,8.0
16679,2.0,8.0
35963,2.0,15.0
49990,5.0,13.0
18896,4.0,20.0
43989,3.0,13.0
48335,3.0,
25824,4.0,13.0
36839,2.0,12.0
8406,3.0,21.0
11141,6.0,11.0
34365,4.0,9.0
40789,4.0,6.0
28844,4.0,19.0
47701,3.0,10.0
26324,1.0,16.0
7681,7.0,15.0
5185,1.0,13.0
43590,5.0,12.0
6047,1.0,15.0
29687,0.0,1.0
8250,,21.0
48470,0.0,8.0
6006,3.0,13.0
11994,4.0,13.0
5841,3.0,12.0
40714,5.0,12.0
47858,5.0,26.0
47641,3.0,5.0
22761,3.0,17.0
13484,4.0,11.0
30679,1.0,16.0
13095,2.0,10.0
4860,0.0,8.0
3862,2.0,21.0
33407,4.0,9.0
2219,2.0,13.0
15364,2.0,14.0
23740,2.0,12.0
14780,4.0,12.0
38424,6.0,19.0
18658,1.0,17.0
33296,5.0,13.0
14824,3.0,18.0
16372,4.0,17.0
26393,1.0,13.0
15488,7.0,10.0
20184,0.0,4.0
29497,3.0,12.0
330,3.0,7.0
22014,5.0,12.0
33803,2.0,11.0
37693,0.0,3.0
44259,1.0,12.0
16355,0.0,11.0
8825,1.0,12.0
29313,3.0,14.0
33561,0.0,1.0
2211,4.0,17.0
16345,3.0,17.0
43401,4.0,11.0
45033,2.0,19.0
28668,4.0,11.0
11149,6.0,13.0
19363,3.0,16.0
42214,1.0,13.0
8167,3.0,24.0
15033,0.0,2.0
10760,2.0,13.0
42732,4.0,100.0
32601,4.0,13.0
39216,3.0,21.0
5512,0.0,2.0
4185,2.0,12.0
15330,8.0,14.0
14411,4.0,12.0
15185,3.0,11.0
40744,0.0,2.0
29225,2.0,18.0
25138,2.0,10.0
39955,2.0,14.0
14267,3.0,11.0
11372,2.0,14.0
20847,,17.0
9033,5.0,15.0
49253,0.0,1.0
4499,2.0,15.0
44448,6.0,12.0
33189,5.0,15.0
32264,3.0,12.0
31240,1.0,9.0
20031,3.0,16.0
25395,0.0,6.0
12449,2.0,20.0
10236,4.0,17.0
24723,1.0,12.0
9985,4.0,9.0
14292,8.0,19.0
15004,5.0,7.0
7378,0.0,12.0
9605,4.0,14.0
40860,0.0,2.0
12852,2.0,13.0
37851,2.0,16.0
18965,4.0,19.0
21597,4.0,
39470,7.0,15.0
35681,2.0,17.0
22722,4.0,11.0
18228,0.0,1.0
45967,4.0,17.0
47001,2.0,25.0
30557,2.0,8.0
9529,4.0,13.0
30804,6.0,17.0
7730,3.0,14.0
17707,4.0,13.0
46136,2.0,15.0
31179,,11.0
26771,2.0,15.0
35901,4.0,11.0
36416,5.0,14.0
7817,6.0,220.0
45643,2.0,15.0
10084,10.0,9.0
30363,3.0,15.0
16743,4.0,15.0
10166,3.0,16.0
13536,3.0,9.0
4957,5.0,16.0
5953,6.0,17.0
20633,2.0,17.0
36448,4.0,5.0
44391,1.0,
35695,0.0,12.0
12226,0.0,
13091,3.0,15.0
25188,3.0,11.0
34850,3.0,14.0
49804,4.0,16.0
10124,6.0,14.0
605,0.0,2.0
25456,5.0,9.0
47593,4.0,10.0
16387,1.0,12.0
30433,0.0,2.0
39819,1.0,19.0
30845,0.0,17.0
31185,2.0,16.0
47205,7.0,8.0
16351,2.0,18.0
40125,3.0,9.0
28592,5.0,14.0
16270,1.0,12.0
20988,2.0,16.0
6123,1.0,10.0
18141,4.0,21.0
36506,2.0,18.0
25767,5.0,18.0
14627,3.0,8.0
36414,6.0,11.0
49789,0.0,13.0
34309,,16.0
43450,1.0,14.0
27431,3.0,13.0
27345,4.0,16.0
3215,2.0,9.0
40071,1.0,11.0
31092,0.0,11.0
19247,4.0,10.0
19539,0.0,18.0
43262,,13.0
49263,6.0,15.0
18865,2.0,15.0
41366,3.0,15.0
39767,5.0,15.0
44054,3.0,9.0
20,2.0,13.0
17079,4.0,15.0
12559,3.0,14.0
42378,0.0,4.0
49984,5.0,14.0
13803,7.0,14.0
27687,3.0,12.0
22804,3.0,15.0
8081,0.0,17.0
37279,7.0,14.0
48785,2.0,17.0
25297,6.0,15.0
43030,1.0,11.0
24046,0.0,4.0
6627,3.0,15.0
34542,5.0,11.0
49235,0.0,2.0
16459,4.0,21.0
42550,4.0,14.0
18008,3.0,9.0
10086,4.0,9.0
28274,4.0,10.0
40335,4.0,10.0
15301,4.0,10.0
28458,6.0,16.0
42210,3.0,12.0
43652,2.0,7.0
26814,,16.0
170,1.0,16.0
41177,4.0,12.0
34062,3.0,18.0
24423,8.0,13.0
7617,0.0,9.0
3264,3.0,17.0
28974,2.0,8.0
4239,3.0,15.0
48926,5.0,11.0
46488,5.0,13.0
19470,3.0,17.0
1174,3.0,15.0
48131,2.0,11.0
48745,3.0,13.0
22134,6.0,18.0
13687,1.0,17.0
9839,1.0,7.0
15673,3.0,13.0
21085,0.0,2.0
45373,3.0,17.0
24292,5.0,19.0
37697,1.0,13.0
42710,3.0,20.0
19594,4.0,8.0
11412,3.0,16.0
7302,1.0,18.0
38578,6.0,12.0
47946,9.0,18.0
16019,4.0,16.0
36439,3.0,12.0
5130,1.0,10.0
16058,3.0,12.0
7866,3.0,12.0
49951,3.0,9.0
24983,0.0,5.0
45785,4.0,18.0
47102,1.0,18.0
49440,2.0,10.0
25539,1.0,12.0
34701,3.0,7.0
42975,6.0,12.0
19325,3.0,21.0
10656,3.0,13.0
13159,1.0,11.0
4833,0.0,6.0
13979,0.0,5.0
30117,1.0,
21508,2.0,23.0
26193,5.0,15.0
32898,2.0,16.0
17538,2.0,
37783,6.0,10.0
6501,5.0,14.0
13187,5.0,11.0
35277,3.0,14.0
35024,0.0,3.0
5210,4.0,19.0
47831,3.0,15.0
10983,0.0,10.0
14718,0.0,4.0
12346,0.0,2.0
1108,4.0,
41599,3.0,8.0
39451,6.0,15.0
1299,6.0,12.0
35595,6.0,12.0
18402,3.0,12.0
37445,4.0,18.0
5449,7.0,7.0
18068,1.0,14.0
19345,0.0,2.0
24924,2.0,12.0
13804,3.0,20.0
41343,4.0,17.0
23171,5.0,16.0
25259,2.0,16.0
26702,5.0,13.0
33276,4.0,19.0
2968,4.0,15.0
1090,4.0,14.0
46324,4.0,15.0
9111,3.0,15.0
10727,7.0,22.0
9926,2.0,15.0
34235,5.0,17.0
35788,,2.0
42812,3.0,19.0
28632,1.0,13.0
17440,2.0,9.0
16744,5.0,13.0
34614,4.0,22.0
11721,3.0,11.0
40549,0.0,160.0
44383,6.0,13.0
38281,4.0,15.0
5670,4.0,17.0
45453,1.0,18.0
26183,4.0,16.0
25718,0.0,1.0
6325,3.0,15.0
41410,7.0,13.0
49785,2.0,11.0
46177,0.0,14.0
9773,6.0,14.0
31283,2.0,15.0
24373,7.0,14.0
29800,2.0,14.0
36006,3.0,10.0
43103,4.0,11.0
37722,1.0,16.0
38851,1.0,22.0
37640,5.0,16.0
746,5.0,9.0
40034,4.0,11.0
30550,3.0,17.0
44279,3.0,15.0
48154,4.0,18.0
2095,4.0,18.0
40957,5.0,18.0
20781,1.0,14.0
44179,1.0,15.0
7582,0.0,1.0
8709,3.0,10.0
5163,3.0,19.0
7751,0.0,1.0
40981,3.0,12.0
32263,0.0,4.0
2031,6.0,12.0
35056,4.0,14.0
12352,6.0,14.0
23126,3.0,13.0
28240,5.0,19.0
27486,2.0,9.0
32968,1.0,16.0
16167,0.0,1.0
5162,1.0,15.0
39613,3.0,21.0
41762,3.0,11.0
41538,5.0,14.0
318,0.0,3.0
2815,3.0,18.0
23297,4.0,19.0
48612,3.0,16.0
1178,4.0,18.0
14350,0.0,6.0
41895,2.0,10.0
32819,2.0,17.0
49826,2.0,13.0
20793,3.0,12.0
6902,0.0,3.0
18090,2.0,12.0
44615,2.0,14.0
10301,2.0,14.0
49438,0.0,10.0
26152,5.0,9.0
38867,2.0,11.0
19448,1.0,16.0
16433,0.0,14.0
30139,2.0,14.0
18575,1.0,7.0
36608,4.0,14.0
29137,0.0,2.0
5214,4.0,17.0
18095,4.0,14.0
5442,5.0,5.0
4563,4.0,15.0
22548,8.0,15.0
48594,3.0,11.0
25416,3.0,8.0
13677,5.0,10.0
23310,0.0,3.0
19875,4.0,15.0
19041,5.0,17.0
8754,4.0,17.0
25215,2.0,13.0
10295,2.0,13.0
18192,5.0,15.0
26269,5.0,15.0
17772,0.0,
33893,3.0,7.0
7642,1.0,10.0
24204,3.0,10.0
4362,2.0,19.0
10813,3.0,17.0
42541,6.0,16.0
9767,5.0,20.0
9292,0.0,2.0
49346,2.0,14.0
27992,3.0,20.0
13244,3.0,16.0
19865,3.0,9.0
37810,6.0,10.0
15714,4.0,11.0
20040,,4.0
17895,3.0,10.0
7263,3.0,17.0
35442,1.0,14.0
29869,0.0,3.0
34839,2.0,17.0
17783,1.0,19.0
18379,1.0,10.0
1234,3.0,17.0
25018,4.0,16.0
45401,1.0,16.0
30986,4.0,15.0
41303,3.0,
38704,2.0,12.0
13733,7.0,14.0
32406,0.0,13.0
46484,4.0,17.0
10573,5.0,15.0
29955,2.0,24.0
42652,2.0,18.0
19413,3.0,17.0
51,3.0,14.0
26279,1.0,14.0
27219,4.0,11.0
47568,3.0,14.0
19123,4.0,12.0
17652,0.0,4.0
35139,4.0,20.0
47316,1.0,16.0
48662,,18.0
34078,1.0,14.0
10691,1.0,15.0
43426,6.0,13.0
29748,8.0,12.0
6105,2.0,16.0
10340,1.0,15.0
43647,1.0,13.0
4048,5.0,20.0
11106,2.0,19.0
18626,2.0,16.0
10885,1.0,15.0
6088,2.0,11.0
30185,2.0,19.0
24203,1.0,23.0
38984,2.0,12.0
11814,4.0,22.0
37583,3.0,17.0
41093,5.0,12.0
10265,4.0,14.0
44861,,20.0
12330,7.0,14.0
11304,1.0,14.0
14233,2.0,13.0
7709,2.0,12.0
11205,2.0,16.0
26011,4.0,11.0
3232,3.0,17.0
7999,1.0,13.0
36187,3.0,15.0
19732,2.0,9.0
42328,4.0,21.0
16908,2.0,13.0
18460,6.0,12.0
18488,4.0,20.0
11315,4.0,13.0
6807,4.0,
43817,6.0,12.0
40104,1.0,15.0
8378,4.0,
21284,4.0,
30172,3.0,16.0
15845,1.0,17.0
4207,1.0,17.0
46762,5.0,22.0
17264,3.0,
5937,5.0,11.0
35461,6.0,11.0
17116,4.0,13.0
21767,1.0,20.0
12262,4.0,22.0
36011,0.0,11.0
830,4.0,12.0
38800,4.0,9.0
41318,0.0,22.0
31944,2.0,16.0
2771,0.0,3.0
43308,5.0,10.0
32422,2.0,14.0
46494,2.0,13.0
28476,2.0,10.0
44693,5.0,18.0
33186,5.0,17.0
22828,0.0,3.0
35786,4.0,18.0
9325,0.0,3.0
1783,4.0,19.0
48481,2.0,13.0
22788,4.0,10.0
3293,1.0,10.0
9477,3.0,11.0
571,6.0,9.0
42349,0.0,13.0
24179,5.0,18.0
1803,2.0,18.0
43492,3.0,18.0
26362,3.0,17.0
24331,1.0,10.0
6813,0.0,15.0
8865,6.0,10.0
12812,2.0,
351,1.0,11.0
19178,0.0,3.0
28335,7.0,11.0
30998,5.0,11.0
20186,2.0,8.0
19841,3.0,16.0
26053,3.0,11.0
22888,4.0,20.0
27523,2.0,16.0
19116,5.0,16.0
1717,3.0,16.0
15223,3.0,11.0
25343,4.0,13.0
22622,5.0,8.0
44123,3.0,24.0
31069,4.0,11.0
7604,,19.0
36641,3.0,13.0
13500,2.0,17.0
26556,1.0,14.0
31527,3.0,12.0
14079,4.0,17.0
21404,2.0,
48531,4.0,7.0
33316,1.0,
5869,3.0,7.0
22913,1.0,14.0
42491,2.0,9.0
676,4.0,11.0
42823,2.0,13.0
1661,5.0,17.0
8144,2.0,16.0
3574,1.0,13.0
11398,3.0,12.0
18177,2.0,
38671,4.0,11.0
25913,4.0,13.0
38140,2.0,12.0
11862,4.0,16.0
43242,,12.0
26515,2.0,17.0
19317,2.0,14.0
26108,1.0,21.0
16635,4.0,16.0
28985,5.0,15.0
7337,2.0,6.0
22979,2.0,20.0
327,2.0,12.0
41473,4.0,
30289,2.0,10.0
39952,12.0,18.0
49740,4.0,12.0
42007,1.0,8.0
14892,4.0,21.0
14591,4.0,13.0
833,0.0,4.0
37623,2.0,15.0
47185,0.0,5.0
16817,4.0,20.0
23917,2.0,18.0
12707,,3.0
28088,0.0,7.0
17101,4.0,16.0
17459,7.0,120.0
48024,4.0,15.0
10611,3.0,17.0
817,0.0,2.0
31131,5.0,22.0
4595,2.0,13.0
14320,2.0,9.0
23179,7.0,14.0
7841,1.0,13.0
15415,1.0,14.0
24970,7.0,13.0
39557,4.0,17.0
19490,,14.0
2322,2.0,19.0
28222,2.0,14.0
3238,3.0,12.0
14794,2.0,18.0
6084,1.0,14.0
36183,0.0,7.0
24789,0.0,3.0
41492,2.0,9.0
34916,6.0,13.0
28648,4.0,18.0
11425,4.0,8.0
14603,2.0,17.0
1048,3.0,13.0
46322,2.0,12.0
10994,3.0,14.0
35981,2.0,12.0
37237,5.0,16.0
25730,2.0,23.0
95,2.0,16.0
24186,6.0,
47477,5.0,16.0
5372,2.0,10.0
27154,,11.0
13915,,12.0
697,4.0,14.0
3192,4.0,13.0
16524,2.0,13.0
42741,5.0,14.0
31159,4.0,11.0
22326,3.0,14.0
16659,5.0,14.0
48400,4.0,20.0
16245,8.0,19.0
8325,2.0,12.0
11984,3.0,13.0
94,4.0,10.0
754,,18.0
36993,2.0,19.0
24302,4.0,10.0
13723,5.0,7.0
10768,2.0,10.0
2051,4.0,14.0
35121,3.0,9.0
41661,4.0,14.0
2910,4.0,19.0
48460,4.0,23.0
8300,4.0,13.0
8040,3.0,9.0
36059,1.0,12.0
47301,2.0,
48709,,15.0
22485,4.0,17.0
7697,5.0,9.0
21798,4.0,14.0
26679,2.0,14.0
45139,4.0,14.0
946,0.0,2.0
18694,0.0,26.0
41837,2.0,10.0
45348,4.0,13.0
26074,3.0,9.0
22773,0.0,3.0
46727,0.0,5.0
37755,0.0,2.0
40992,0.0,1.0
38538,3.0,19.0
41617,,16.0
18851,2.0,14.0
31265,5.0,10.0
24014,4.0,17.0
23229,6.0,13.0
27595,4.0,15.0
15307,0.0,3.0
33195,4.0,100.0
31862,7.0,12.0
28933,5.0,12.0
30548,8.0,21.0
37857,5.0,11.0
23446,0.0,1.0
21088,8.0,19.0
43387,2.0,12.0
26161,4.0,14.0
40953,3.0,22.0
18360,2.0,6.0
8491,3.0,17.0
18593,0.0,4.0
21598,5.0,11.0
10703,6.0,18.0
6166,3.0,20.0
30568,2.0,10.0
7188,3.0,13.0
18063,4.0,17.0
43270,1.0,9.0
33800,6.0,15.0
43805,2.0,12.0
31014,2.0,13.0
26239,3.0,15.0
35844,,16.0
42919,5.0,15.0
14449,1.0,15.0
36375,4.0,14.0
42168,4.0,10.0
263,3.0,13.0
1686,4.0,13.0
46090,0.0,3.0
25361,3.0,8.0
15368,3.0,10.0
29670,0.0,1.0
36357,1.0,10.0
1839,2.0,10.0
39586,6.0,13.0
104,9.0,18.0
31751,3.0,
37646,3.0,17.0
8944,0.0,12.0
4967,4.0,9.0
45458,5.0,14.0
24624,4.0,18.0
2050,3.0,13.0
5695,4.0,12.0
26989,8.0,10.0
21245,4.0,16.0
15680,1.0,10.0
403,3.0,18.0
9578,3.0,9.0
7965,1.0,16.0
32661,3.0,12.0
49463,4.0,12.0
32641,5.0,14.0
39879,5.0,12.0
44971,0.0,2.0
17997,3.0,10.0
13710,3.0,12.0
32279,1.0,13.0
43880,4.0,8.0
31256,2.0,18.0
30657,4.0,11.0
42241,5.0,13.0
28625,4.0,14.0
40213,2.0,14.0
16731,3.0,16.0
45007,1.0,11.0
19431,5.0,10.0
17176,1.0,14.0
154,6.0,15.0
11500,5.0,
4040,2.0,15.0
10075,0.0,3.0
24687,3.0,12.0
34773,0.0,12.0
28184,4.0,13.0
2302,1.0,10.0
47190,2.0,12.0
37507,3.0,14.0
3593,3.0,16.0
2889,4.0,17.0
36102,4.0,12.0
35183,5.0,14.0
3490,6.0,14.0
37244,4.0,11.0
33141,3.0,12.0
17151,6.0,15.0
10338,5.0,17.0
26273,3.0,12.0
5026,2.0,20.0
45828,0.0,6.0
42826,1.0,11.0
29026,0.0,1.0
22561,4.0,19.0
7389,6.0,17.0
14430,2.0,10.0
9892,2.0,13.0
15395,3.0,19.0
26919,3.0,13.0
3773,0.0,15.0
18380,2.0,9.0
34059,2.0,17.0
23303,2.0,10.0
27586,2.0,14.0
31989,4.0,17.0
15840,3.0,
21236,6.0,18.0
4472,4.0,
20395,7.0,11.0
46335,2.0,18.0
34749,3.0,12.0
21769,2.0,19.0
19668,6.0,16.0
27736,4.0,9.0
16901,3.0,20.0
42649,0.0,22.0
47355,6.0,11.0
18601,3.0,16.0
9483,2.0,15.0
25844,3.0,18.0
42230,3.0,180.0
43368,0.0,1.0
12139,2.0,15.0
20919,3.0,19.0
3811,0.0,13.0
30479,3.0,10.0
481,0.0,1.0
37872,5.0,11.0
8915,5.0,14.0
28063,0.0,15.0
35355,1.0,18.0
28267,,9.0
34458,2.0,22.0
16889,3.0,17.0
42686,5.0,
30992,4.0,10.0
44637,5.0,16.0
23350,3.0,4.0
10113,0.0,6.0
6826,3.0,9.0
2373,1.0,14.0
31571,4.0,11.0
20209,4.0,16.0
30348,4.0,12.0
22354,,17.0
14187,2.0,8.0
8260,3.0,18.0
33670,5.0,15.0
11406,,15.0
25751,9.0,12.0
23734,8.0,15.0
36860,1.0,14.0
47699,5.0,12.0
13322,2.0,15.0
47015,0.0,2.0
47900,3.0,12.0
29060,2.0,20.0
23674,5.0,8.0
42416,5.0,9.0
12592,0.0,3.0
29209,3.0,14.0
1523,4.0,12.0
48084,0.0,0.0
30291,4.0,16.0
18322,0.0,5.0
47469,4.0,11.0
16315,2.0,16.0
32639,2.0,18.0
17910,2.0,18.0
90,0.0,1.0
28560,1.0,10.0
42984,0.0,2.0
38874,1.0,18.0
37046,3.0,7.0
40087,3.0,12.0
36573,7.0,11.0
25043,5.0,13.0
35924,1.0,15.0
15886,0.0,12.0
47621,2.0,13.0
41184,1.0,15.0
36964,1.0,16.0
23728,0.0,2.0
9032,1.0,5.0
47303,1.0,12.0
47319,5.0,13.0
7896,1.0,16.0
13371,5.0,18.0
9217,4.0,20.0
10446,0.0,9.0
34187,5.0,8.0
14025,,12.0
32627,5.0,17.0
25650,3.0,15.0
36932,0.0,
41507,5.0,11.0
8449,5.0,18.0
4554,1.0,13.0
12100,3.0,150.0
18259,2.0,18.0
25104,2.0,17.0
1191,0.0,0.0
24483,7.0,13.0
39687,4.0,20.0
5259,4.0,
44792,3.0,11.0
8618,2.0,12.0
14600,5.0,13.0
3535,1.0,
30374,0.0,17.0
14161,0.0,16.0
44217,0.0,1.0
31414,3.0,19.0
7531,7.0,10.0
33415,3.0,20.0
24177,6.0,15.0
2679,1.0,13.0
29750,3.0,10.0
42286,5.0,17.0
16931,2.0,18.0
4801,8.0,14.0
6273,1.0,13.0
21330,0.0,1.0
14640,3.0,13.0
47140,3.0,12.0
20172,2.0,5.0
22254,4.0,14.0
42473,1.0,16.0
35455,0.0,17.0
21431,,7.0
49047,6.0,11.0
31290,0.0,3.0
40043,1.0,9.0
44592,0.0,3.0
32260,4.0,14.0
1870,6.0,23.0
8630,4.0,14.0
8748,5.0,16.0
37284,0.0,2.0
33114,3.0,16.0
22349,0.0,2.0
38537,3.0,11.0
19220,6.0,13.0
20497,0.0,
46827,0.0,5.0
6517,5.0,15.0
32313,5.0,12.0
9499,0.0,22.0
1270,4.0,16.0
13260,3.0,13.0
36221,,18.0
8484,2.0,20.0
30816,2.0,21.0
1137,6.0,15.0
582,3.0,8.0
25505,2.0,18.0
36621,3.0,13.0
2099,5.0,16.0
27375,3.0,15.0
40820,5.0,15.0
42215,3.0,120.0
15287,2.0,14.0
32057,6.0,17.0
18811,4.0,11.0
3613,,15.0
18489,4.0,11.0
3029,2.0,14.0
29100,,25.0
11508,3.0,13.0
22207,9.0,11.0
47692,2.0,15.0
19064,1.0,17.0
17762,2.0,11.0
25340,1.0,14.0
36489,0.0,16.0
32049,0.0,3.0
22190,7.0,13.0
46461,2.0,18.0
22232,2.0,18.0
37567,1.0,15.0
4764,5.0,12.0
4320,0.0,1.0
3096,2.0,13.0
15260,2.0,
20309,2.0,14.0
43411,2.0,14.0
10249,0.0,0.0
49072,3.0,25.0
2112,1.0,19.0
49388,2.0,10.0
34198,0.0,21.0
45316,1.0,15.0
10662,3.0,15.0
16879,2.0,18.0
22935,0.0,2.0
37791,5.0,17.0
34512,5.0,13.0
47998,0.0,40.0
30868,4.0,13.0
35151,3.0,18.0
34083,1.0,12.0
7566,0.0,5.0
31861,3.0,14.0
18573,7.0,14.0
42801,3.0,11.0
7488,2.0,12.0
33228,4.0,20.0
11777,6.0,14.0
46744,3.0,12.0
4716,3.0,10.0
46763,0.0,13.0
47648,3.0,19.0
7042,,5.0
45008,4.0,
23073,5.0,14.0
36881,6.0,17.0
10104,4.0,16.0
21379,2.0,11.0
47628,4.0,13.0
44638,3.0,18.0
45613,6.0,16.0
14616,2.0,13.0
6821,6.0,19.0
1292,5.0,17.0
27554,,16.0
43203,3.0,12.0
44902,2.0,12.0
14754,0.0,20.0
13226,6.0,17.0
48549,0.0,5.0
12192,3.0,13.0
949,4.0,18.0
17417,2.0,12.0
23076,2.0,16.0
44978,3.0,14.0
4201,0.0,5.0
1448,4.0,14.0
48887,3.0,12.0
46575,6.0,14.0
23882,2.0,18.0
49486,2.0,16.0
36682,2.0,14.0
45762,0.0,14.0
28225,2.0,18.0
49759,6.0,150.0
2858,2.0,13.0
45218,2.0,18.0
39306,6.0,10.0
44600,4.0,15.0
30532,3.0,17.0
1079,0.0,1.0
2316,7.0,13.0
44648,0.0,16.0
42734,3.0,9.0
34531,0.0,2.0
22889,3.0,
14185,0.0,20.0
5974,4.0,13.0
23587,2.0,17.0
45294,2.0,14.0
43604,3.0,15.0
13612,6.0,17.0
45136,2.0,16.0
8489,4.0,8.0
24564,2.0,9.0
28447,2.0,11.0
901,4.0,9.0
30492,0.0,3.0
39241,3.0,14.0
13580,3.0,13.0
33201,3.0,14.0
32152,2.0,10.0
20262,4.0,9.0
1231,2.0,15.0
18164,2.0,12.0
4079,5.0,16.0
12630,1.0,30.0
49814,4.0,11.0
40257,1.0,9.0
6405,4.0,10.0
14142,2.0,11.0
6316,3.0,15.0
32875,1.0,21.0
9106,,19.0
36078,5.0,17.0
9380,1.0,16.0
7210,1.0,20.0
12271,1.0,
8768,5.0,9.0
21165,2.0,15.0
8090,2.0,15.0
10074,5.0,15.0
32625,3.0,8.0
43108,0.0,3.0
43706,1.0,16.0
39242,2.0,11.0
5156,0.0,1.0
30534,6.0,19.0
25035,3.0,14.0
33974,3.0,150.0
18325,2.0,12.0
33998,1.0,15.0
41156,0.0,4.0
42520,0.0,4.0
40557,3.0,14.0
34452,3.0,14.0
12305,3.0,14.0
10575,6.0,12.0
16942,3.0,21.0
6116,3.0,10.0
24341,,10.0
29451,0.0,2.0
47214,0.0,2.0
2658,3.0,16.0
47598,1.0,15.0
35879,4.0,16.0
23804,4.0,24.0
1251,3.0,14.0
11804,4.0,13.0
12182,0.0,0.0
8506,0.0,1.0
22541,0.0,1.0
11074,4.0,10.0
44156,2.0,23.0
39263,2.0,15.0
33422,0.0,12.0
20152,4.0,14.0
13878,3.0,23.0
14264,4.0,19.0
13945,2.0,16.0
25732,3.0,16.0
28126,6.0,6.0
4259,3.0,22.0
28886,4.0,12.0
35419,,10.0
29219,1.0,17.0
35848,2.0,9.0
44903,2.0,18.0
48202,3.0,9.0
47304,6.0,9.0
21155,4.0,12.0
3378,0.0,14.0
23736,2.0,13.0
2594,3.0,120.0
35020,0.0,2.0
3967,1.0,19.0
8996,0.0,3.0
32629,4.0,
37785,5.0,12.0
18995,2.0,11.0
8566,,16.0
47339,4.0,15.0
21125,5.0,11.0
38520,2.0,12.0
45367,1.0,15.0
17351,4.0,17.0
46644,1.0,22.0
43265,3.0,15.0
6253,3.0,14.0
39905,3.0,11.0
29345,1.0,18.0
10421,0.0,2.0
40809,0.0,11.0
14119,0.0,11.0
39317,2.0,13.0
39071,2.0,19.0
38054,4.0,16.0
26704,0.0,2.0
12679,0.0,3.0
17281,2.0,13.0
30901,2.0,16.0
48994,5.0,14.0
43599,3.0,12.0
37336,1.0,14.0
9733,9.0,8.0
19717,3.0,17.0
26431,2.0,12.0
13362,5.0,14.0
17283,4.0,15.0
11151,1.0,18.0
14396,,18.0
30720,1.0,10.0
30581,1.0,24.0
37466,2.0,16.0
43134,0.0,1.0
5388,3.0,9.0
17871,2.0,16.0
689,5.0,17.0
42502,5.0,16.0
20973,4.0,19.0
40358,2.0,22.0
13779,4.0,17.0
902,3.0,13.0
12646,2.0,13.0
39039,2.0,13.0
46561,0.0,1.0
42209,1.0,20.0
32934,4.0,12.0
30146,3.0,6.0
29264,3.0,10.0
17835,1.0,22.0
8779,3.0,20.0
31523,2.0,15.0
3863,2.0,13.0
8651,5.0,15.0
21027,0.0,13.0
46029,1.0,13.0
25474,0.0,5.0
21782,5.0,14.0
22753,,17.0
31964,3.0,21.0
6434,0.0,15.0
14946,2.0,10.0
32163,2.0,16.0
2500,1.0,16.0
46507,4.0,
13021,4.0,11.0
31974,0.0,10.0
49738,1.0,13.0
36603,5.0,12.0
44,2.0,19.0
23009,4.0,15.0
48244,5.0,23.0
41680,4.0,11.0
24693,4.0,10.0
6763,3.0,14.0
27415,2.0,19.0
24704,5.0,17.0
35867,3.0,8.0
5458,3.0,20.0
49457,2.0,9.0
8038,2.0,21.0
44264,4.0,11.0
19858,0.0,1.0
48841,3.0,17.0
11154,1.0,14.0
45566,1.0,16.0
35252,3.0,11.0
7099,1.0,13.0
30318,4.0,16.0
35091,6.0,14.0
42038,1.0,16.0
8683,2.0,13.0
45441,2.0,16.0
41547,2.0,18.0
17200,0.0,3.0
43336,3.0,16.0
8057,7.0,9.0
34817,4.0,18.0
31689,4.0,18.0
1994,4.0,12.0
45159,0.0,2.0
42479,3.0,12.0
24008,3.0,15.0
10413,3.0,11.0
8928,0.0,13.0
4061,2.0,20.0
19056,2.0,
37819,4.0,16.0
42327,0.0,16.0
36853,4.0,13.0
36473,4.0,11.0
36189,2.0,17.0
11213,2.0,15.0
26723,3.0,17.0
30008,2.0,
49022,5.0,11.0
28051,4.0,11.0
6592,3.0,15.0
38304,3.0,15.0
591,3.0,9.0
40855,6.0,20.0
2671,3.0,7.0
46962,2.0,15.0
46802,1.0,8.0
34321,4.0,9.0
42605,4.0,17.0
2847,2.0,17.0
23043,2.0,4.0
9379,4.0,15.0
35220,2.0,14.0
38209,4.0,19.0
48891,3.0,16.0
40991,0.0,14.0
25871,5.0,10.0
43925,5.0,16.0
30081,5.0,13.0
45888,2.0,12.0
2008,3.0,12.0
4667,9.0,15.0
36066,0.0,11.0
5497,1.0,20.0
17420,0.0,0.0
19271,4.0,9.0
22584,4.0,21.0
20322,0.0,3.0
7628,3.0,16.0
40460,2.0,13.0
19408,1.0,19.0
9676,1.0,9.0
21959,0.0,1.0
6569,1.0,15.0
48781,3.0,12.0
15851,5.0,16.0
35773,0.0,9.0
35782,4.0,19.0
15437,0.0,10.0
40450,4.0,23.0
12993,4.0,9.0
18470,4.0,14.0
37306,1.0,
4655,5.0,19.0
44607,0.0,2.0
38536,5.0,19.0
47366,4.0,13.0
44381,3.0,16.0
36429,7.0,15.0
43930,1.0,16.0
46035,0.0,5.0
25316,6.0,11.0
10850,7.0,13.0
26242,1.0,15.0
27765,0.0,3.0
25246,0.0,3.0
49994,6.0,15.0
41811,,19.0
26685,1.0,19.0
21830,3.0,13.0
17142,4.0,14.0
39647,4.0,15.0
10336,2.0,12.0
48930,1.0,13.0
12784,7.0,13.0
36372,5.0,15.0
28397,2.0,12.0
18962,4.0,13.0
9853,3.0,10.0
17342,3.0,10.0
36693,0.0,15.0
19471,4.0,15.0
8053,7.0,12.0
362,0.0,2.0
25326,3.0,12.0
40535,4.0,7.0
38295,2.0,11.0
10458,4.0,11.0
2265,6.0,14.0
49934,6.0,13.0
14585,6.0,21.0
44441,0.0,6.0
13351,5.0,18.0
34770,1.0,12.0
16567,0.0,9.0
42287,4.0,15.0
30222,1.0,8.0
19989,4.0,14.0
46797,2.0,11.0
16138,3.0,10.0
34688,3.0,17.0
48153,4.0,16.0
7193,0.0,2.0
16861,4.0,19.0
43289,4.0,11.0
16431,4.0,10.0
25232,1.0,14.0
21466,2.0,10.0
7054,,15.0
41506,1.0,8.0
34429,4.0,22.0
43532,1.0,17.0
9461,4.0,17.0
24051,0.0,1.0
15121,4.0,16.0
17703,2.0,11.0
39019,3.0,19.0
26563,1.0,16.0
48605,7.0,10.0
9358,2.0,10.0
44079,2.0,12.0
1927,5.0,14.0
21506,2.0,8.0
11625,4.0,14.0
10502,2.0,11.0
33932,1.0,14.0
12107,3.0,10.0
20255,5.0,16.0
12987,4.0,15.0
16600,0.0,3.0
36972,5.0,14.0
11345,3.0,17.0
35144,3.0,13.0
41443,4.0,18.0
4524,1.0,
30170,3.0,14.0
27396,0.0,20.0
31767,3.0,17.0
16175,0.0,5.0
20606,0.0,3.0
3120,,13.0
13210,,11.0
12887,6.0,8.0
17106,3.0,18.0
28757,1.0,10.0
31509,2.0,18.0
31448,3.0,13.0
35943,4.0,
24862,4.0,18.0
12741,4.0,19.0
27594,4.0,13.0
36929,3.0,
12294,3.0,16.0
46130,7.0,14.0
2714,4.0,11.0
8370,3.0,17.0
49027,,15.0
8859,0.0,4.0
17931,0.0,0.0
29865,4.0,13.0
18416,4.0,15.0
26044,2.0,9.0
13548,4.0,17.0
35129,3.0,13.0
8966,5.0,11.0
18414,5.0,6.0
30381,3.0,9.0
29377,3.0,13.0
25777,1.0,8.0
8938,1.0,16.0
46556,4.0,22.0
37710,2.0,13.0
1984,,10.0
19327,3.0,10.0
32787,,19.0
38423,0.0,4.0
11296,3.0,18.0
15525,3.0,13.0
19674,3.0,15.0
21105,1.0,15.0
25869,2.0,19.0
46653,5.0,13.0
43017,3.0,6.0
25139,5.0,17.0
18970,2.0,14.0
2075,1.0,11.0
48503,0.0,2.0
35361,,16.0
16661,2.0,17.0
38078,5.0,13.0
36816,6.0,
19564,2.0,18.0
24501,0.0,1.0
30351,0.0,7.0
42537,3.0,22.0
17744,2.0,15.0
2470,2.0,9.0
24419,4.0,15.0
14968,3.0,9.0
14203,4.0,13.0
4042,3.0,23.0
29580,1.0,13.0
33973,1.0,10.0
580,0.0,6.0
4265,1.0,11.0
11478,1.0,8.0
39260,6.0,17.0
46854,10.0,9.0
19405,3.0,15.0
42122,3.0,18.0
2813,2.0,15.0
5407,0.0,17.0
23077,2.0,15.0
4528,5.0,12.0
40824,2.0,17.0
27724,0.0,4.0
24570,2.0,7.0
1301,3.0,14.0
46808,3.0,18.0
18229,3.0,22.0
18481,4.0,22.0
6754,2.0,12.0
9355,4.0,9.0
23836,2.0,13.0
7140,6.0,11.0
10527,0.0,
3831,2.0,15.0
49766,5.0,10.0
525,2.0,
9948,5.0,16.0
9010,2.0,12.0
21350,3.0,
31941,3.0,18.0
32404,1.0,110.0
35781,0.0,22.0
3178,3.0,16.0
34166,5.0,13.0
15144,4.0,15.0
48314,2.0,6.0
37134,4.0,10.0
19351,0.0,7.0
48946,2.0,10.0
25211,4.0,18.0
6803,5.0,17.0
30403,3.0,20.0
15528,2.0,21.0
45047,2.0,14.0
39389,3.0,13.0
17107,1.0,5.0
31827,0.0,2.0
11689,3.0,17.0
32200,,14.0
35676,3.0,17.0
8576,0.0,12.0
23490,0.0,3.0
31184,2.0,18.0
6518,0.0,
39103,3.0,17.0
27363,2.0,12.0
21949,4.0,9.0
15710,2.0,15.0
40587,3.0,10.0
7468,4.0,11.0
5181,3.0,9.0
27165,4.0,14.0
21536,2.0,7.0
31377,3.0,11.0
29763,4.0,12.0
48998,3.0,14.0
26460,2.0,12.0
40976,3.0,14.0
14712,2.0,15.0
43751,4.0,10.0
30452,4.0,15.0
22990,3.0,21.0
46793,1.0,15.0
44377,3.0,18.0
3307,2.0,14.0
5412,2.0,14.0
37440,3.0,22.0
12701,1.0,23.0
41502,8.0,12.0
23599,2.0,16.0
20696,0.0,1.0
41196,4.0,6.0
26560,1.0,15.0
26569,0.0,6.0
39063,3.0,16.0
11388,0.0,3.0
15135,4.0,22.0
5201,2.0,15.0
25427,1.0,20.0
15094,6.0,15.0
3346,1.0,15.0
37135,0.0,1.0
13231,6.0,11.0
46036,0.0,3.0
4793,4.0,15.0
42045,4.0,7.0
17537,5.0,11.0
10010,1.0,17.0
14174,5.0,16.0
40316,8.0,15.0
17721,3.0,10.0
20294,,14.0
33420,0.0,16.0
26721,3.0,18.0
17552,1.0,11.0
48581,4.0,12.0
16799,5.0,12.0
8068,1.0,13.0
48386,0.0,5.0
35711,3.0,18.0
27825,4.0,13.0
28699,2.0,10.0
42126,1.0,12.0
20554,3.0,7.0
32411,0.0,18.0
929,6.0,23.0
47271,0.0,21.0
4505,1.0,19.0
6581,2.0,15.0
34037,2.0,13.0
45941,1.0,
49456,5.0,13.0
37547,5.0,14.0
21275,4.0,13.0
49315,3.0,
48647,0.0,14.0
32870,3.0,18.0
47523,2.0,16.0
36387,2.0,12.0
44860,2.0,22.0
43831,3.0,12.0
3362,4.0,6.0
43159,4.0,6.0
34805,1.0,17.0
48051,3.0,15.0
46934,3.0,12.0
2914,,11.0
29381,1.0,11.0
17759,1.0,11.0
9220,0.0,6.0
17964,6.0,20.0
26292,0.0,3.0
18319,4.0,18.0
25117,4.0,16.0
33991,2.0,
39589,5.0,14.0
22776,3.0,13.0
29723,2.0,17.0
23475,2.0,11.0
34041,7.0,11.0
5387,4.0,17.0
25563,1.0,17.0
23900,3.0,12.0
26856,3.0,20.0
39874,5.0,
21862,2.0,14.0
37788,3.0,
41939,2.0,6.0
33256,3.0,13.0
24594,2.0,16.0
25997,1.0,18.0
44925,0.0,17.0
35700,5.0,15.0
23008,0.0,1.0
8232,2.0,14.0
2030,4.0,12.0
14250,2.0,6.0
1796,1.0,11.0
12154,0.0,3.0
20990,3.0,12.0
19134,2.0,15.0
35692,1.0,13.0
21517,4.0,17.0
4429,7.0,16.0
40014,1.0,22.0
43648,1.0,21.0
29411,1.0,19.0
31420,0.0,16.0
10045,4.0,16.0
37505,2.0,21.0
38966,2.0,14.0
25444,3.0,15.0
23575,2.0,17.0
4862,3.0,11.0
49728,3.0,14.0
33942,1.0,14.0
29797,3.0,
36965,4.0,10.0
43234,0.0,3.0
23868,5.0,16.0
22308,2.0,13.0
31481,1.0,13.0
15950,5.0,15.0
21371,2.0,9.0
37076,3.0,15.0
26988,,15.0
5519,3.0,14.0
9374,4.0,16.0
28158,2.0,14.0
7345,4.0,10.0
47589,2.0,14.0
47546,6.0,15.0
12146,0.0,12.0
47754,3.0,19.0
2355,3.0,18.0
27259,4.0,7.0
38502,1.0,14.0
26761,3.0,13.0
21288,0.0,3.0
20426,3.0,17.0
19969,0.0,3.0
18512,6.0,8.0
20769,2.0,22.0
44360,3.0,15.0
11688,1.0,5.0
4981,5.0,12.0
4211,1.0,16.0
28945,2.0,11.0
41671,0.0,17.0
48336,3.0,13.0
23058,5.0,21.0
49391,4.0,8.0
12031,0.0,2.0
29201,0.0,17.0
33495,,11.0
41666,4.0,14.0
47702,7.0,13.0
47624,1.0,7.0
18721,2.0,17.0
23769,4.0,11.0
46288,2.0,
32759,5.0,12.0
44087,4.0,15.0
4272,5.0,12.0
39296,6.0,12.0
36729,4.0,13.0
27818,3.0,11.0
45268,0.0,4.0
33711,5.0,14.0
313,2.0,12.0
14474,5.0,24.0
2046,4.0,11.0
47408,5.0,12.0
31030,1.0,19.0
39293,6.0,12.0
22011,3.0,9.0
16684,5.0,12.0
9872,3.0,15.0
46775,2.0,15.0
38160,3.0,10.0
19940,3.0,14.0
14820,2.0,17.0
49028,1.0,12.0
36091,1.0,13.0
13130,6.0,14.0
41127,2.0,16.0
17647,0.0,18.0
25725,7.0,14.0
36193,2.0,
41904,1.0,9.0
16022,2.0,11.0
7051,4.0,19.0
26732,4.0,17.0
31447,1.0,6.0
26221,,13.0
18121,4.0,16.0
30859,3.0,15.0
10438,1.0,18.0
47708,0.0,18.0
30697,2.0,16.0
3771,0.0,3.0
32405,6.0,10.0
16126,2.0,14.0
47046,3.0,16.0
11692,5.0,10.0
34880,4.0,18.0
9684,3.0,12.0
40918,2.0,16.0
3448,1.0,11.0
27699,2.0,11.0
13068,7.0,14.0
15233,0.0,2.0
11562,0.0,2.0
28464,4.0,13.0
43971,5.0,17.0
11939,4.0,12.0
39620,5.0,19.0
5789,3.0,21.0
6746,4.0,14.0
6169,3.0,20.0
13027,4.0,15.0
4413,0.0,6.0
7201,1.0,12.0
31201,2.0,7.0
18671,1.0,
34498,4.0,17.0
38970,0.0,11.0
33599,2.0,17.0
21787,1.0,12.0
37771,1.0,13.0
14782,2.0,18.0
15608,2.0,18.0
6623,3.0,11.0
12495,2.0,15.0
35507,0.0,13.0
14004,2.0,17.0
3878,1.0,16.0
34405,5.0,13.0
8494,2.0,7.0
1144,0.0,1.0
8501,0.0,7.0
42438,0.0,4.0
40798,5.0,16.0
12651,5.0,13.0
9576,0.0,
43437,1.0,17.0
16865,6.0,12.0
16757,0.0,16.0
34305,2.0,16.0
33702,4.0,17.0
23140,5.0,13.0
47922,6.0,19.0
20140,3.0,13.0
45242,,12.0
2143,2.0,15.0
46856,9.0,15.0
17376,1.0,7.0
15483,0.0,4.0
16671,3.0,13.0
35923,4.0,14.0
11376,5.0,13.0
21624,7.0,18.0
14596,5.0,9.0
16838,4.0,11.0
44304,6.0,14.0
46173,1.0,13.0
33519,3.0,15.0
20476,0.0,3.0
31241,2.0,13.0
11173,0.0,2.0
34025,1.0,13.0
26060,4.0,18.0
578,8.0,14.0
17987,6.0,13.0
48724,6.0,11.0
17328,1.0,18.0
24241,6.0,12.0
2883,2.0,14.0
12474,1.0,13.0
12580,7.0,18.0
24827,2.0,6.0
16802,4.0,19.0
39785,1.0,15.0
17308,2.0,15.0
26763,4.0,16.0
21310,4.0,17.0
48833,0.0,4.0
36695,5.0,24.0
46010,1.0,14.0
18732,6.0,14.0
28054,0.0,6.0
33989,1.0,13.0
11167,7.0,17.0
15143,5.0,15.0
12631,0.0,6.0
12511,0.0,3.0
12477,6.0,18.0
47297,1.0,
46767,2.0,16.0
2850,1.0,9.0
7154,5.0,18.0
5007,1.0,12.0
29985,3.0,6.0
25788,2.0,17.0
11724,6.0,7.0
31720,3.0,8.0
24513,6.0,13.0
22554,5.0,15.0
48732,6.0,12.0
41591,1.0,18.0
4073,3.0,19.0
12332,4.0,9.0
4984,7.0,9.0
49288,2.0,13.0
42002,2.0,11.0
26120,2.0,11.0
37574,0.0,5.0
15519,4.0,24.0
47280,4.0,15.0
5847,5.0,25.0
26164,4.0,15.0
34829,3.0,12.0
13224,4.0,23.0
37515,3.0,15.0
44633,3.0,19.0
17258,4.0,12.0
3667,2.0,14.0
46052,1.0,170.0
24071,2.0,11.0
24314,5.0,11.0
5009,1.0,12.0
28622,4.0,
11131,3.0,17.0
46252,3.0,6.0
27534,5.0,13.0
32831,2.0,9.0
22202,0.0,1.0
25696,7.0,14.0
35992,2.0,17.0
34887,2.0,14.0
4652,2.0,17.0
16626,5.0,16.0
44374,0.0,6.0
26380,3.0,14.0
1827,3.0,13.0
34960,5.0,17.0
5522,1.0,11.0
17843,3.0,10.0
15106,3.0,14.0
19651,3.0,9.0
41946,4.0,11.0
7364,2.0,18.0
48122,2.0,12.0
36497,6.0,14.0
46474,4.0,19.0
32856,0.0,10.0
17453,4.0,16.0
41575,1.0,13.0
5971,3.0,14.0
19207,0.0,15.0
25294,3.0,12.0
44700,1.0,16.0
41755,1.0,11.0
21449,1.0,17.0
28729,3.0,7.0
22772,8.0,22.0
13452,1.0,11.0
14595,4.0,16.0
14287,1.0,9.0
25046,1.0,14.0
27635,0.0,3.0
31791,6.0,29.0
21434,3.0,10.0
14265,1.0,10.0
32054,6.0,10.0
25966,0.0,4.0
48014,4.0,10.0
7009,2.0,14.0
30445,5.0,13.0
13509,2.0,9.0
23274,4.0,13.0
27049,4.0,13.0
11800,2.0,10.0
49822,4.0,9.0
2452,1.0,15.0
6651,1.0,15.0
19232,6.0,14.0
21955,3.0,12.0
46087,4.0,21.0
32344,5.0,12.0
48877,1.0,15.0
44641,3.0,16.0
2427,1.0,15.0
31951,7.0,12.0
17077,1.0,11.0
41564,4.0,16.0
14140,2.0,13.0
29066,1.0,14.0
47164,3.0,12.0
37751,7.0,16.0
40174,0.0,5.0
28785,1.0,11.0
43923,2.0,22.0
7660,4.0,15.0
26993,4.0,11.0
46405,5.0,7.0
35768,1.0,13.0
27516,6.0,11.0
46948,5.0,
8067,2.0,22.0
16663,4.0,15.0
9031,4.0,12.0
28524,0.0,1.0
11590,2.0,12.0
42980,2.0,18.0
42633,5.0,16.0
1953,3.0,13.0
23,4.0,14.0
20750,3.0,17.0
31807,7.0,13.0
49600,2.0,15.0
10283,5.0,9.0
37962,1.0,11.0
22667,3.0,18.0
24725,2.0,17.0
22107,4.0,5.0
22302,0.0,3.0
3531,3.0,15.0
28744,4.0,11.0
22382,2.0,14.0
11504,0.0,3.0
34085,5.0,17.0
8714,3.0,20.0
49556,3.0,18.0
21984,4.0,21.0
15381,3.0,13.0
12689,2.0,16.0
13038,4.0,15.0
23378,6.0,20.0
15206,4.0,8.0
28452,3.0,20.0
41202,8.0,7.0
45867,5.0,
3150,2.0,12.0
14723,3.0,11.0
28278,3.0,17.0
20014,1.0,13.0
1266,5.0,8.0
7357,5.0,15.0
7840,3.0,19.0
13621,0.0,1.0
12953,3.0,17.0
12468,2.0,11.0
38470,6.0,12.0
29328,2.0,18.0
19583,1.0,5.0
29363,2.0,21.0
30316,1.0,15.0
21138,5.0,9.0
47460,4.0,15.0
42749,2.0,15.0
26252,4.0,11.0
48862,5.0,17.0
40321,,10.0
8676,1.0,13.0
37371,2.0,21.0
10424,5.0,17.0
47172,4.0,14.0
46779,3.0,
35764,0.0,
33523,1.0,11.0
9431,0.0,14.0
12600,0.0,4.0
10980,5.0,11.0
43322,2.0,13.0
5781,2.0,20.0
21687,4.0,10.0
32044,4.0,16.0
623,0.0,1.0
8049,0.0,2.0
27671,3.0,11.0
17291,0.0,2.0
6759,0.0,5.0
39890,,0.0
31307,2.0,17.0
4998,6.0,12.0
43326,4.0,18.0
33668,3.0,17.0
26745,1.0,18.0
44705,3.0,10.0
5826,0.0,4.0
4370,8.0,11.0
19279,3.0,14.0
46496,0.0,0.0
43875,3.0,13.0
39560,4.0,11.0
13998,3.0,12.0
48424,2.0,18.0
47817,3.0,15.0
12244,5.0,11.0
35995,3.0,16.0
44157,8.0,13.0
20997,0.0,3.0
21773,4.0,12.0
47495,1.0,
9640,7.0,
39106,2.0,9.0
2884,2.0,18.0
12238,1.0,15.0
14177,3.0,8.0
25487,3.0,12.0
42343,0.0,2.0
3562,4.0,10.0
29208,3.0,11.0
2310,6.0,16.0
15792,5.0,15.0
29886,5.0,11.0
34263,0.0,5.0
39411,8.0,16.0
47081,2.0,12.0
31435,3.0,15.0
12925,5.0,7.0
44961,0.0,2.0
2116,3.0,11.0
17313,2.0,8.0
14034,0.0,12.0
27114,5.0,16.0
13962,1.0,13.0
19557,4.0,9.0
39173,6.0,15.0
25810,4.0,11.0
9827,5.0,14.0
307,0.0,4.0
16234,3.0,15.0
49306,0.0,3.0
28359,1.0,15.0
46247,0.0,1.0
16592,3.0,20.0
13199,0.0,4.0
17287,3.0,20.0
27343,3.0,19.0
6676,5.0,14.0
26786,3.0,14.0
48718,3.0,29.0
36974,4.0,8.0
32131,4.0,14.0
37403,4.0,14.0
23387,5.0,13.0
7704,1.0,18.0
22066,2.0,19.0
5399,3.0,
37382,7.0,12.0
22524,8.0,10.0
39342,2.0,15.0
7596,6.0,
49653,2.0,120.0
34977,2.0,11.0
11999,3.0,16.0
48127,0.0,3.0
8761,4.0,17.0
38961,5.0,16.0
13957,,13.0
34374,0.0,15.0
21835,2.0,14.0
31436,0.0,2.0
2681,1.0,15.0
4146,2.0,14.0
40436,0.0,10.0
37735,6.0,18.0
48883,1.0,10.0
40388,3.0,19.0
20935,4.0,8.0
24010,3.0,13.0
45398,0.0,2.0
34945,2.0,16.0
4889,4.0,14.0
44595,2.0,10.0
15834,6.0,15.0
23844,5.0,11.0
23838,2.0,12.0
29429,6.0,9.0
32430,3.0,12.0
37522,2.0,12.0
11904,0.0,2.0
43152,5.0,13.0
34747,0.0,12.0
27855,6.0,15.0
12462,3.0,14.0
32790,4.0,11.0
33231,0.0,13.0
6482,1.0,7.0
34180,3.0,130.0
18696,3.0,15.0
15441,1.0,13.0
29962,8.0,15.0
19591,2.0,11.0
26058,,20.0
41856,5.0,13.0
40791,4.0,18.0
28751,5.0,14.0
23898,1.0,15.0
41038,4.0,11.0
45062,3.0,20.0
19428,5.0,11.0
34416,5.0,13.0
3145,0.0,200.0
48964,5.0,13.0
30183,1.0,5.0
23870,2.0,16.0
22600,4.0,17.0
15456,4.0,14.0
14999,0.0,15.0
39749,2.0,14.0
45564,2.0,15.0
21801,1.0,21.0
42376,4.0,18.0
16468,2.0,14.0
3687,2.0,16.0
5255,4.0,16.0
42630,4.0,14.0
44706,6.0,14.0
36658,0.0,7.0
24277,2.0,17.0
40733,3.0,17.0
40944,0.0,3.0
11009,3.0,12.0
7110,0.0,5.0
1695,6.0,17.0
34729,5.0,20.0
41161,3.0,11.0
26175,3.0,14.0
20246,3.0,13.0
20991,5.0,10.0
1733,7.0,11.0
18255,2.0,12.0
30939,2.0,16.0
47795,3.0,16.0
40464,4.0,11.0
15807,3.0,18.0
8088,2.0,11.0
23627,6.0,7.0
60,5.0,15.0
33035,0.0,1.0
28656,4.0,18.0
8451,2.0,13.0
16105,3.0,20.0
20986,1.0,6.0
4315,1.0,
47576,1.0,18.0
4217,5.0,8.0
8817,2.0,11.0
16721,1.0,11.0
1744,1.0,14.0
7156,0.0,6.0
23324,3.0,12.0
28766,0.0,4.0
20881,3.0,19.0
6841,5.0,14.0
46680,5.0,14.0
49850,,8.0
35216,,14.0
20345,0.0,1.0
33691,4.0,16.0
38320,5.0,19.0
44702,0.0,16.0
33280,4.0,12.0
40269,6.0,10.0
48727,4.0,17.0
10614,3.0,11.0
15300,5.0,14.0
38246,3.0,13.0
38385,6.0,8.0
24356,5.0,13.0
28340,2.0,13.0
8626,2.0,17.0
2951,3.0,20.0
25714,4.0,11.0
14438,3.0,14.0
36248,3.0,7.0
17282,1.0,21.0
24094,1.0,10.0
32711,4.0,15.0
29435,5.0,12.0
22820,4.0,
31395,1.0,14.0
4734,2.0,14.0
16503,2.0,12.0
48021,5.0,13.0
24339,5.0,
16085,2.0,12.0
20786,8.0,9.0
18870,2.0,9.0
20450,5.0,10.0
3954,3.0,11.0
47211,1.0,14.0
46921,7.0,13.0
11439,2.0,9.0
19618,1.0,9.0
34292,3.0,14.0
39781,1.0,8.0
624,6.0,16.0
28304,0.0,5.0
12981,6.0,12.0
15508,0.0,1.0
30879,2.0,11.0
34830,4.0,11.0
26590,2.0,19.0
12972,2.0,14.0
28171,5.0,23.0
4276,3.0,11.0
27266,5.0,11.0
2459,1.0,14.0
29242,,15.0
45801,0.0,6.0
49355,2.0,11.0
36732,1.0,13.0
20049,1.0,10.0
40810,3.0,21.0
17262,0.0,15.0
44203,4.0,14.0
19108,4.0,19.0
4822,3.0,15.0
41646,3.0,15.0
31224,5.0,16.0
25653,4.0,9.0
31733,3.0,18.0
25322,3.0,13.0
7784,5.0,6.0
13647,0.0,2.0
39032,3.0,11.0
44885,5.0,20.0
1942,4.0,23.0
32283,2.0,9.0
30539,4.0,14.0
24144,0.0,1.0
46673,2.0,14.0
2098,3.0,12.0
40948,,16.0
24252,3.0,20.0
21938,4.0,14.0
2810,0.0,14.0
9512,7.0,14.0
17508,6.0,13.0
19842,4.0,11.0
48207,5.0,15.0
47907,1.0,21.0
21923,3.0,16.0
37434,2.0,12.0
16402,4.0,10.0
19289,2.0,18.0
10203,4.0,10.0
8114,2.0,15.0
34216,2.0,12.0
48160,3.0,25.0
15321,1.0,6.0
43667,3.0,24.0
4881,0.0,
13270,3.0,23.0
36570,0.0,13.0
40858,2.0,9.0
22169,0.0,2.0
26678,2.0,19.0
33646,0.0,12.0
43562,4.0,18.0
22180,1.0,11.0
4102,2.0,11.0
41773,3.0,13.0
4267,6.0,12.0
25828,5.0,13.0
44152,2.0,13.0
15521,3.0,10.0
7400,2.0,12.0
8402,1.0,12.0
7384,7.0,20.0
574,4.0,14.0
7543,4.0,14.0
18772,5.0,17.0
48540,4.0,13.0
16952,3.0,12.0
40654,1.0,19.0
3262,4.0,18.0
43106,7.0,22.0
14245,,9.0
37061,7.0,13.0
4682,2.0,20.0
27153,2.0,14.0
6167,1.0,11.0
44681,4.0,11.0
4160,9.0,110.0
38086,0.0,5.0
48129,3.0,7.0
37421,3.0,15.0
17343,10.0,18.0
11416,0.0,3.0
27395,4.0,110.0
30422,3.0,11.0
34252,2.0,190.0
48590,2.0,18.0
10753,1.0,14.0
47135,1.0,13.0
7943,3.0,17.0
39694,0.0,3.0
12851,3.0,18.0
18662,6.0,12.0
7047,0.0,1.0
12370,4.0,14.0
30617,0.0,3.0
12628,0.0,4.0
14783,0.0,8.0
21222,3.0,16.0
11168,4.0,17.0
5297,1.0,16.0
27160,0.0,5.0
25426,3.0,15.0
48705,3.0,11.0
28649,5.0,9.0
9537,5.0,12.0
15539,4.0,12.0
13420,0.0,2.0
48498,3.0,11.0
16045,4.0,9.0
29572,2.0,18.0
45679,2.0,15.0
39779,5.0,17.0
29002,5.0,10.0
24889,2.0,13.0
45990,5.0,15.0
45601,3.0,16.0
25892,2.0,8.0
44467,1.0,20.0
40339,1.0,9.0
27291,3.0,17.0
45154,1.0,15.0
29280,0.0,4.0
17612,4.0,11.0
28001,0.0,11.0
9411,1.0,21.0
47423,8.0,21.0
39554,5.0,21.0
38198,4.0,14.0
20247,5.0,16.0
28213,2.0,
4022,0.0,2.0
1107,3.0,13.0
2807,5.0,23.0
26490,3.0,12.0
22086,2.0,10.0
6099,5.0,17.0
30009,0.0,2.0
38919,2.0,13.0
45269,0.0,3.0
41733,2.0,15.0
17930,4.0,16.0
26350,7.0,12.0
34415,2.0,14.0
20160,5.0,13.0
14153,4.0,19.0
7956,,18.0
20895,4.0,11.0
15584,7.0,13.0
16702,4.0,12.0
49809,0.0,2.0
39681,3.0,12.0
42694,4.0,9.0
6669,2.0,15.0
32473,2.0,8.0
43384,2.0,13.0
19838,2.0,17.0
21442,1.0,7.0
5600,5.0,16.0
13749,2.0,18.0
44877,4.0,16.0
29154,3.0,17.0
34101,4.0,10.0
10957,5.0,12.0
2336,0.0,2.0
25876,2.0,13.0
18716,4.0,13.0
6210,0.0,
42567,1.0,15.0
33690,2.0,6.0
38908,4.0,11.0
34978,8.0,27.0
24005,5.0,21.0
20265,2.0,17.0
12207,3.0,22.0
31192,1.0,15.0
43216,5.0,12.0
33550,3.0,18.0
39594,3.0,14.0
35825,2.0,13.0
27356,2.0,20.0
7910,5.0,24.0
39079,1.0,18.0
10277,4.0,16.0
47535,1.0,21.0
24785,4.0,13.0
36735,5.0,20.0
49528,3.0,17.0
42989,4.0,3.0
15808,0.0,3.0
7134,3.0,17.0
5773,4.0,9.0
37699,4.0,
16699,4.0,15.0
42845,3.0,13.0
391,1.0,11.0
3385,2.0,17.0
33290,3.0,8.0
45494,1.0,14.0
49489,4.0,18.0
13937,7.0,
4055,8.0,13.0
46287,1.0,14.0
7546,0.0,16.0
16209,5.0,22.0
753,2.0,13.0
40111,4.0,14.0
14989,1.0,14.0
6236,0.0,2.0
47823,3.0,10.0
14589,,13.0
6590,0.0,3.0
40173,5.0,15.0
10112,5.0,17.0
18641,4.0,14.0
19676,1.0,18.0
6636,5.0,5.0
42015,3.0,16.0
34262,1.0,150.0
1311,4.0,
26378,6.0,9.0
47223,5.0,16.0
27113,5.0,13.0
38355,0.0,2.0
24444,2.0,10.0
22682,2.0,13.0
5006,3.0,14.0
9988,,11.0
31250,3.0,14.0
8690,3.0,11.0
24223,4.0,12.0
36283,7.0,17.0
27887,4.0,13.0
46419,2.0,11.0
853,0.0,17.0
40373,4.0,13.0
47615,2.0,
38828,0.0,1.0
28013,7.0,15.0
11505,2.0,16.0
40070,2.0,10.0
40811,0.0,19.0
10491,2.0,16.0
41497,1.0,18.0
47970,2.0,11.0
23604,2.0,18.0
48629,1.0,21.0
18128,6.0,6.0
2005,0.0,15.0
42262,0.0,1.0
29570,3.0,14.0
22135,2.0,16.0
1611,6.0,14.0
34093,1.0,14.0
17645,7.0,14.0
7899,2.0,14.0
39977,5.0,12.0
46042,3.0,15.0
4619,3.0,19.0
316,6.0,14.0
39365,0.0,15.0
48426,,20.0
18349,3.0,14.0
35713,4.0,11.0
29779,3.0,
45236,0.0,3.0
22810,,12.0
49319,2.0,15.0
32439,1.0,11.0
7728,7.0,13.0
36123,3.0,16.0
41286,2.0,22.0
28309,4.0,13.0
25507,3.0,16.0
32180,4.0,16.0
3108,0.0,5.0
9660,4.0,17.0
1372,4.0,16.0
40874,3.0,9.0
2789,6.0,8.0
14110,4.0,13.0
2434,6.0,12.0
23484,1.0,14.0
48320,2.0,12.0
45368,5.0,14.0
29576,2.0,17.0
39605,2.0,14.0
13825,6.0,8.0
15141,3.0,12.0
43000,4.0,12.0
39939,6.0,17.0
16016,2.0,9.0
11483,3.0,13.0
6927,3.0,24.0
29539,0.0,7.0
10551,7.0,16.0
47938,4.0,8.0
12942,,15.0
36982,7.0,12.0
17897,0.0,4.0
11754,4.0,8.0
20275,7.0,15.0
5672,1.0,12.0
21163,5.0,10.0
38480,3.0,21.0
3117,2.0,17.0
46444,2.0,15.0
37691,0.0,1.0
3942,4.0,16.0
24854,3.0,16.0
47278,4.0,14.0
6667,5.0,11.0
48415,0.0,4.0
43829,2.0,10.0
44686,2.0,20.0
573,4.0,14.0
36620,5.0,20.0
14840,4.0,17.0
39361,2.0,11.0
8939,2.0,12.0
11768,4.0,16.0
6326,4.0,11.0
34409,8.0,26.0
26847,3.0,11.0
49026,7.0,10.0
34825,2.0,14.0
10794,4.0,17.0
28563,4.0,16.0
12782,3.0,20.0
6154,1.0,12.0
29606,3.0,10.0
6020,0.0,1.0
26972,,14.0
49652,3.0,15.0
25242,2.0,10.0
20146,2.0,9.0
40038,0.0,5.0
35937,5.0,15.0
49667,1.0,20.0
16555,4.0,10.0
21805,4.0,130.0
41046,3.0,16.0
3476,2.0,160.0
9489,3.0,17.0
17695,2.0,11.0
47342,5.0,11.0
19202,2.0,14.0
11191,4.0,10.0
11868,2.0,15.0
24021,4.0,9.0
22964,4.0,19.0
38407,4.0,14.0
25746,2.0,21.0
39525,2.0,12.0
24569,2.0,15.0
30104,1.0,15.0
27505,7.0,14.0
25899,2.0,17.0
35187,1.0,19.0
21519,4.0,10.0
15348,1.0,12.0
42870,2.0,21.0
15342,3.0,18.0
19602,6.0,14.0
37713,3.0,11.0
9522,0.0,0.0
1824,6.0,9.0
40235,0.0,16.0
41508,2.0,13.0
33688,2.0,11.0
1678,4.0,14.0
21366,3.0,13.0
25477,1.0,20.0
35243,4.0,13.0
6952,2.0,12.0
46449,1.0,17.0
1322,0.0,13.0
1369,3.0,16.0
8410,1.0,18.0
2417,2.0,16.0
9571,3.0,9.0
38833,3.0,15.0
14926,0.0,3.0
28511,4.0,11.0
27188,2.0,14.0
11743,3.0,11.0
29452,3.0,16.0
42586,3.0,9.0
41212,5.0,
3124,2.0,14.0
4588,5.0,15.0
6278,6.0,14.0
16163,1.0,13.0
41552,2.0,14.0
16454,4.0,11.0
46111,2.0,12.0
14889,,19.0
46032,5.0,15.0
8518,5.0,19.0
18608,8.0,19.0
35054,2.0,16.0
4669,1.0,11.0
30114,4.0,15.0
2619,0.0,1.0
44415,3.0,13.0
7436,2.0,
33824,4.0,12.0
21195,0.0,5.0
33169,6.0,19.0
31972,1.0,13.0
24195,4.0,7.0
42382,,12.0
3537,2.0,12.0
3689,,13.0
23582,3.0,19.0
38202,0.0,4.0
5668,0.0,11.0
8791,4.0,10.0
24621,4.0,17.0
14998,3.0,15.0
47317,6.0,14.0
8594,2.0,9.0
24161,5.0,11.0
1751,3.0,15.0
38579,3.0,
35769,1.0,13.0
21324,2.0,14.0
4164,1.0,20.0
45715,3.0,11.0
30959,3.0,15.0
19038,7.0,14.0
27320,4.0,15.0
2997,,17.0
5352,3.0,23.0
4387,4.0,16.0
1588,3.0,20.0
43686,0.0,2.0
13274,7.0,8.0
36203,3.0,12.0
24605,1.0,14.0
42952,3.0,9.0
11655,1.0,19.0
42273,3.0,17.0
28175,3.0,19.0
35806,3.0,15.0
11937,2.0,15.0
11503,0.0,2.0
42297,6.0,15.0
35999,2.0,16.0
14071,4.0,12.0
40191,3.0,11.0
19919,2.0,
16154,,11.0
38913,4.0,8.0
34995,3.0,8.0
39177,4.0,13.0
31857,0.0,3.0
29388,5.0,14.0
43342,5.0,10.0
39768,,23.0
37204,1.0,14.0
1540,5.0,8.0
48018,1.0,22.0
10054,5.0,17.0
35918,0.0,1.0
9875,5.0,14.0
5483,2.0,14.0
5019,5.0,10.0
37159,1.0,15.0
48031,0.0,2.0
30440,5.0,13.0
48009,6.0,13.0
12807,0.0,2.0
44578,1.0,19.0
28954,5.0,9.0
37206,5.0,15.0
29833,4.0,16.0
39691,7.0,15.0
28553,4.0,11.0
12948,7.0,
29127,4.0,13.0
34344,2.0,16.0
3618,4.0,13.0
47147,4.0,12.0
24022,1.0,12.0
32835,3.0,11.0
4767,5.0,9.0
37556,0.0,3.0
7503,5.0,12.0
12337,5.0,7.0
31342,4.0,11.0
33353,,6.0
12785,3.0,12.0
30488,0.0,4.0
9437,4.0,15.0
40075,3.0,18.0
39877,0.0,3.0
31170,2.0,10.0
20954,5.0,130.0
24833,5.0,16.0
46114,1.0,13.0
24110,0.0,5.0
747,5.0,13.0
15949,2.0,7.0
25943,2.0,23.0
26806,3.0,14.0
27186,2.0,11.0
5919,,17.0
40986,3.0,11.0
6095,0.0,18.0
33944,6.0,14.0
11035,5.0,9.0
29643,1.0,18.0
17678,1.0,12.0
33006,5.0,14.0
6799,3.0,13.0
5261,1.0,17.0
27662,5.0,15.0
11780,0.0,15.0
7005,3.0,15.0
15670,7.0,11.0
48564,2.0,12.0
28345,1.0,13.0
40073,4.0,10.0
24609,3.0,170.0
14933,0.0,
36182,3.0,13.0
47846,1.0,17.0
714,,15.0
15873,5.0,17.0
638,4.0,17.0
11540,5.0,11.0
7239,0.0,5.0
28070,0.0,2.0
34439,2.0,10.0
25603,6.0,9.0
33845,1.0,17.0
618,0.0,1.0
28842,5.0,17.0
38342,4.0,13.0
11307,4.0,15.0
29245,7.0,16.0
6731,2.0,4.0
4503,3.0,10.0
33735,2.0,7.0
45322,3.0,10.0
4087,3.0,16.0
18305,2.0,16.0
44781,4.0,8.0
34137,5.0,21.0
38613,0.0,3.0
49332,2.0,12.0
6934,6.0,10.0
42072,2.0,12.0
21300,5.0,16.0
35888,1.0,13.0
47206,5.0,18.0
36076,7.0,10.0
49499,4.0,17.0
4281,2.0,13.0
23610,2.0,19.0
41767,3.0,12.0
44815,3.0,12.0
657,2.0,18.0
43970,4.0,8.0
25970,1.0,9.0
29001,0.0,5.0
47472,2.0,12.0
47840,3.0,11.0
7888,3.0,15.0
5534,0.0,19.0
13235,2.0,7.0
813,3.0,14.0
5510,3.0,90.0
6252,0.0,4.0
48004,6.0,12.0
44820,4.0,17.0
20224,0.0,3.0
32653,5.0,22.0
18320,4.0,19.0
34425,0.0,21.0
2156,2.0,14.0
34212,4.0,12.0
3867,5.0,16.0
28234,5.0,13.0
49581,0.0,12.0
25088,2.0,12.0
1604,4.0,16.0
25382,4.0,15.0
23989,2.0,11.0
38026,3.0,16.0
12897,0.0,2.0
20926,0.0,3.0
274,4.0,12.0
25852,3.0,10.0
21054,2.0,15.0
11776,0.0,3.0
43787,5.0,16.0
40815,4.0,19.0
11719,5.0,8.0
31275,2.0,18.0
34206,2.0,10.0
23221,3.0,9.0
33083,2.0,
32053,3.0,16.0
39526,6.0,15.0
41814,0.0,5.0
12581,5.0,14.0
49024,1.0,20.0
46928,2.0,15.0
46912,3.0,11.0
28112,3.0,17.0
18062,2.0,14.0
18126,5.0,12.0
13639,5.0,14.0
35039,4.0,8.0
32670,4.0,17.0
15204,5.0,22.0
36360,,13.0
38539,2.0,17.0
13758,2.0,16.0
37873,2.0,11.0
549,5.0,12.0
39158,2.0,13.0
18102,5.0,9.0
49505,0.0,5.0
23592,8.0,12.0
22311,3.0,14.0
48906,,9.0
34027,0.0,1.0
9738,2.0,12.0
23230,2.0,19.0
4557,3.0,17.0
8808,1.0,10.0
29710,5.0,90.0
38325,2.0,15.0
18399,3.0,14.0
38029,3.0,8.0
39487,5.0,14.0
18344,3.0,12.0
21123,0.0,2.0
16987,3.0,13.0
18688,1.0,10.0
42086,2.0,12.0
31683,2.0,14.0
18435,0.0,13.0
24191,4.0,15.0
15694,2.0,7.0
28868,7.0,8.0
7238,4.0,15.0
13347,4.0,290.0
4679,2.0,13.0
33896,3.0,14.0
22736,2.0,21.0
22848,1.0,12.0
38334,5.0,8.0
31052,4.0,18.0
19505,2.0,11.0
18686,0.0,2.0
35938,1.0,11.0
28417,2.0,11.0
11258,0.0,1.0
4117,4.0,21.0
31634,2.0,15.0
46521,1.0,18.0
17736,5.0,12.0
6823,1.0,18.0
16263,1.0,10.0
20751,,
44823,7.0,
13996,6.0,12.0
17280,0.0,1.0
22423,0.0,6.0
31511,0.0,6.0
17302,5.0,16.0
21254,5.0,19.0
20268,1.0,10.0
5685,6.0,13.0
17922,4.0,17.0
32785,4.0,13.0
23449,4.0,13.0
22046,2.0,11.0
15520,4.0,11.0
43884,0.0,5.0
26438,2.0,13.0
29825,4.0,11.0
11114,4.0,10.0
23188,2.0,9.0
31698,4.0,10.0
28530,2.0,18.0
29565,4.0,15.0
35416,3.0,20.0
47622,4.0,15.0
20131,4.0,
3828,2.0,14.0
41375,2.0,18.0
35941,6.0,18.0
28804,0.0,0.0
8045,0.0,10.0
28019,1.0,9.0
36909,1.0,16.0
16980,5.0,18.0
3172,2.0,12.0
8467,,6.0
32330,1.0,10.0
32571,0.0,5.0
9989,0.0,11.0
33144,2.0,16.0
20056,4.0,14.0
32032,4.0,22.0
26246,1.0,23.0
48587,0.0,4.0
24409,1.0,
46031,4.0,17.0
3143,0.0,15.0
15507,1.0,9.0
38124,3.0,16.0
36675,2.0,10.0
37932,0.0,10.0
25960,4.0,10.0
734,5.0,15.0
4006,2.0,19.0
47767,4.0,10.0
38765,3.0,15.0
35616,3.0,14.0
29263,0.0,3.0
12739,4.0,11.0
41114,2.0,
12666,5.0,10.0
4257,4.0,15.0
19101,4.0,17.0
19719,2.0,10.0
44533,4.0,18.0
16392,0.0,4.0
4376,,14.0
27819,1.0,15.0
3370,4.0,
48565,4.0,8.0
24176,,9.0
35288,3.0,7.0
42185,8.0,12.0
36243,0.0,5.0
21463,9.0,16.0
48769,4.0,14.0
6860,4.0,12.0
22571,2.0,12.0
4459,4.0,16.0
43633,9.0,12.0
37510,6.0,18.0
39920,8.0,17.0
15240,0.0,14.0
13835,1.0,18.0
28665,1.0,5.0
39777,0.0,3.0
12855,2.0,20.0
34800,2.0,14.0
20090,1.0,20.0
13264,0.0,4.0
3877,2.0,16.0
12384,4.0,17.0
13808,4.0,11.0
28620,6.0,17.0
37920,3.0,16.0
3720,2.0,18.0
44059,0.0,6.0
6393,5.0,8.0
34167,4.0,13.0
10562,7.0,
36683,5.0,14.0
47837,2.0,18.0
23250,5.0,13.0
9448,1.0,15.0
7352,6.0,16.0
2149,2.0,18.0
9219,3.0,8.0
43288,4.0,18.0
42148,1.0,12.0
16552,3.0,16.0
4482,5.0,22.0
48245,2.0,8.0
21279,0.0,4.0
41219,2.0,12.0
1070,5.0,15.0
44959,2.0,12.0
46828,1.0,14.0
34063,2.0,15.0
15366,2.0,17.0
48911,5.0,16.0
49129,0.0,5.0
38094,0.0,1.0
18678,1.0,9.0
13336,3.0,12.0
4645,3.0,11.0
39187,3.0,15.0
44040,3.0,10.0
13062,3.0,13.0
33482,3.0,20.0
37552,3.0,14.0
23614,0.0,19.0
21083,5.0,15.0
21854,3.0,13.0
18713,4.0,16.0
34589,0.0,1.0
26908,4.0,16.0
47878,5.0,19.0
47158,4.0,13.0
7626,3.0,12.0
42227,2.0,17.0
36891,3.0,15.0
18702,0.0,3.0
8879,2.0,15.0
42173,2.0,15.0
25377,3.0,15.0
2758,4.0,13.0
43271,3.0,14.0
41494,0.0,18.0
2962,1.0,14.0
21688,3.0,14.0
5778,1.0,11.0
10968,4.0,11.0
36178,2.0,16.0
47274,7.0,18.0
46850,2.0,8.0
25969,0.0,7.0
43245,3.0,14.0
7918,3.0,15.0
41826,1.0,15.0
33434,4.0,16.0
29792,2.0,9.0
38773,7.0,14.0
15250,1.0,18.0
22756,2.0,16.0
24819,3.0,15.0
7523,4.0,14.0
18561,2.0,16.0
41232,4.0,9.0
15560,4.0,12.0
15679,2.0,16.0
25336,1.0,15.0
44964,2.0,11.0
33437,5.0,15.0
42611,2.0,
832,5.0,9.0
6883,2.0,9.0
12825,2.0,20.0
40064,2.0,19.0
48878,6.0,13.0
14888,6.0,11.0
29078,2.0,16.0
22877,5.0,8.0
8897,5.0,15.0
18308,1.0,12.0
19929,2.0,14.0
36071,2.0,15.0
10655,4.0,11.0
29909,9.0,17.0
7718,1.0,17.0
42274,3.0,16.0
10347,3.0,9.0
41920,2.0,16.0
23810,3.0,14.0
42369,7.0,18.0
1261,6.0,12.0
13697,2.0,
13999,1.0,16.0
19922,,17.0
2152,9.0,11.0
23975,4.0,11.0
2447,1.0,13.0
34820,1.0,15.0
11873,4.0,12.0
22745,4.0,12.0
30080,0.0,4.0
3505,3.0,7.0
19654,3.0,13.0
40823,0.0,3.0
12572,4.0,5.0
22122,2.0,11.0
14553,0.0,1.0
26253,3.0,17.0
35587,6.0,25.0
31947,4.0,12.0
36941,4.0,12.0
38481,4.0,16.0
82,4.0,
2869,5.0,11.0
25089,1.0,13.0
10900,1.0,15.0
37042,3.0,12.0
25175,2.0,12.0
28490,1.0,11.0
32608,4.0,19.0
30705,2.0,7.0
48339,1.0,10.0
38125,2.0,19.0
16933,1.0,16.0
32547,0.0,5.0
28575,4.0,13.0
38607,4.0,16.0
24690,0.0,4.0
3952,2.0,13.0
20173,0.0,1.0
46722,4.0,13.0
1998,6.0,17.0
16562,3.0,14.0
36859,2.0,19.0
17817,4.0,7.0
22779,4.0,12.0
45051,0.0,5.0
6446,4.0,8.0
12312,2.0,16.0
41429,2.0,11.0
28402,,17.0
18761,,12.0
12444,0.0,4.0
46956,8.0,10.0
28756,2.0,15.0
2498,8.0,10.0
3909,2.0,12.0
44697,3.0,12.0
48678,5.0,11.0
4052,3.0,17.0
24348,5.0,12.0
24568,2.0,9.0
14734,4.0,15.0
22191,,17.0
38426,3.0,14.0
15291,3.0,16.0
14442,1.0,10.0
12061,1.0,19.0
7898,2.0,
35186,3.0,10.0
15013,2.0,11.0
3225,3.0,11.0
15196,4.0,14.0
30494,3.0,16.0
10269,2.0,19.0
20547,3.0,11.0
22133,0.0,14.0
4674,2.0,15.0
1500,7.0,14.0
22623,5.0,16.0
33643,2.0,14.0
13296,4.0,17.0
46795,3.0,10.0
42490,3.0,11.0
6690,1.0,9.0
45860,6.0,
37197,0.0,4.0
18566,5.0,8.0
20646,0.0,2.0
5098,1.0,10.0
47436,3.0,12.0
47760,4.0,12.0
19072,4.0,14.0
49330,4.0,19.0
4268,4.0,14.0
46472,0.0,4.0
47160,3.0,9.0
16622,7.0,15.0
47994,2.0,14.0
33302,4.0,13.0
22968,3.0,12.0
10805,0.0,17.0
25057,2.0,15.0
31772,2.0,22.0
14504,1.0,17.0
5184,,2.0
38377,0.0,1.0
47306,0.0,14.0
38703,6.0,8.0
23953,3.0,10.0
28548,2.0,7.0
44064,2.0,14.0
45765,3.0,14.0
41087,,7.0
21400,4.0,11.0
1235,4.0,19.0
43320,2.0,8.0
13738,3.0,9.0
48351,3.0,26.0
24982,3.0,14.0
1567,6.0,14.0
34139,2.0,11.0
30467,,11.0
41005,2.0,13.0
16693,2.0,19.0
16995,3.0,13.0
31083,5.0,12.0
49777,3.0,19.0
37566,3.0,11.0
31976,3.0,13.0
25216,6.0,8.0
32656,,2.0
45193,2.0,17.0
27732,3.0,10.0
42074,4.0,13.0
36030,5.0,12.0
45627,4.0,10.0
45881,4.0,21.0
14301,3.0,8.0
15147,2.0,16.0
21963,3.0,13.0
4122,4.0,16.0
46833,2.0,11.0
25247,0.0,1.0
35753,0.0,5.0
35843,3.0,14.0
41980,4.0,15.0
42518,2.0,16.0
3340,3.0,15.0
37593,6.0,7.0
41408,2.0,16.0
1052,3.0,13.0
15898,3.0,9.0
24928,3.0,10.0
45838,2.0,12.0
45100,2.0,17.0
28093,4.0,16.0
40899,5.0,13.0
34070,1.0,
27576,2.0,12.0
26264,3.0,11.0
28659,3.0,9.0
18535,5.0,8.0
12970,4.0,11.0
9982,5.0,20.0
19563,1.0,15.0
7742,6.0,17.0
10180,3.0,20.0
20093,0.0,2.0
18889,5.0,20.0
34175,2.0,12.0
5642,4.0,9.0
28894,3.0,14.0
9644,1.0,12.0
49685,6.0,
39929,7.0,16.0
17433,5.0,12.0
45593,2.0,11.0
6931,4.0,20.0
8431,0.0,1.0
24433,3.0,17.0
16384,3.0,7.0
13543,3.0,19.0
43954,1.0,14.0
9201,1.0,13.0
44283,3.0,15.0
5665,3.0,14.0
37433,3.0,15.0
27744,1.0,19.0
5196,3.0,5.0
26785,0.0,1.0
46517,3.0,19.0
44505,0.0,6.0
23843,2.0,15.0
37072,3.0,14.0
10327,2.0,18.0
17293,0.0,3.0
1979,2.0,12.0
7756,3.0,6.0
28025,5.0,14.0
25719,2.0,14.0
19685,2.0,15.0
1828,2.0,10.0
9539,5.0,13.0
38819,3.0,9.0
18307,0.0,15.0
8176,4.0,
43312,4.0,16.0
14078,2.0,10.0
12404,1.0,20.0
220,4.0,18.0
43730,1.0,12.0
18350,3.0,12.0
39677,1.0,11.0
43068,6.0,12.0
42966,3.0,13.0
21964,6.0,14.0
5696,0.0,14.0
40546,2.0,14.0
11846,7.0,18.0
8183,5.0,14.0
24133,5.0,9.0
42608,3.0,11.0
23857,7.0,10.0
23777,4.0,10.0
16195,0.0,4.0
11266,5.0,7.0
13383,4.0,15.0
17334,4.0,15.0
43333,0.0,4.0
32689,0.0,8.0
13216,6.0,13.0
47065,2.0,120.0
34853,3.0,15.0
17159,5.0,16.0
25358,0.0,3.0
23514,3.0,10.0
38755,,20.0
36975,0.0,0.0
19592,5.0,14.0
16200,9.0,11.0
6102,1.0,17.0
47464,0.0,10.0
24120,2.0,
15540,3.0,12.0
16246,2.0,7.0
37446,4.0,14.0
14689,0.0,11.0
41704,3.0,18.0
34109,2.0,16.0
33521,4.0,13.0
17098,0.0,2.0
25569,3.0,15.0
23519,3.0,9.0
49750,3.0,14.0
8502,4.0,13.0
46355,6.0,14.0
10080,4.0,19.0
4729,2.0,6.0
42563,4.0,17.0
24410,2.0,17.0
49379,3.0,11.0
46429,,9.0
4556,0.0,8.0
17034,4.0,15.0
31534,4.0,16.0
27729,3.0,14.0
41760,4.0,10.0
46359,3.0,14.0
3996,5.0,10.0
4665,2.0,15.0
43755,3.0,12.0
1220,3.0,16.0
43569,,3.0
36304,3.0,21.0
15186,4.0,17.0
46193,3.0,11.0
7067,2.0,12.0
49445,5.0,
48874,4.0,11.0
38927,2.0,10.0
2859,,22.0
36365,0.0,3.0
6971,2.0,14.0
14792,5.0,21.0
4195,2.0,10.0
1207,3.0,16.0
29990,4.0,7.0
48632,3.0,14.0
45162,7.0,13.0
44992,5.0,20.0
13626,3.0,16.0
35966,5.0,12.0
4884,3.0,7.0
3444,4.0,14.0
39744,0.0,6.0
16993,4.0,22.0
36647,3.0,9.0
12746,0.0,4.0
11071,2.0,12.0
28385,4.0,16.0
12334,1.0,15.0
12184,2.0,18.0
37100,4.0,8.0
30340,3.0,9.0
2961,2.0,21.0
31047,6.0,13.0
6653,0.0,21.0
26030,3.0,11.0
12023,5.0,20.0
18485,3.0,8.0
43733,3.0,22.0
26117,0.0,4.0
18569,1.0,25.0
28872,1.0,12.0
37154,2.0,16.0
7863,3.0,17.0
16611,6.0,21.0
47321,3.0,17.0
15969,2.0,14.0
28135,3.0,
17052,2.0,
24998,3.0,8.0
29425,3.0,17.0
44095,1.0,11.0
7998,4.0,15.0
16615,4.0,17.0
1765,6.0,16.0
5141,0.0,
31852,4.0,9.0
34893,3.0,17.0
9619,3.0,17.0
7316,1.0,21.0
30246,4.0,12.0
48753,0.0,40.0
19415,1.0,17.0
22266,0.0,13.0
5134,3.0,13.0
9395,3.0,21.0
26788,2.0,14.0
23487,6.0,9.0
37915,5.0,15.0
10699,3.0,14.0
4202,1.0,19.0
36258,2.0,17.0
14648,3.0,9.0
9546,2.0,12.0
36882,2.0,20.0
34334,4.0,15.0
26914,3.0,8.0
12719,0.0,1.0
41745,0.0,3.0
7275,4.0,16.0
45264,4.0,19.0
22369,7.0,14.0
39220,4.0,19.0
38921,0.0,10.0
1208,2.0,14.0
31329,3.0,17.0
47880,4.0,14.0
38302,2.0,9.0
40578,1.0,13.0
28513,3.0,13.0
26506,1.0,16.0
17742,3.0,7.0
41137,2.0,16.0
14757,3.0,13.0
5725,1.0,23.0
48792,2.0,16.0
35790,8.0,11.0
23747,4.0,14.0
10668,5.0,15.0
44225,0.0,16.0
26443,1.0,21.0
23745,1.0,14.0
7230,9.0,17.0
530,3.0,19.0
14055,3.0,13.0
32207,4.0,13.0
26457,5.0,16.0
3692,1.0,6.0
14201,5.0,15.0
34994,3.0,10.0
37644,4.0,12.0
16885,8.0,15.0
5735,2.0,16.0
19377,3.0,17.0
16070,5.0,13.0
43363,3.0,24.0
3365,6.0,18.0
2133,5.0,18.0
22537,4.0,18.0
16254,4.0,8.0
16333,2.0,23.0
41620,6.0,16.0
21768,0.0,21.0
23404,4.0,12.0
35363,3.0,24.0
5112,4.0,21.0
30097,7.0,6.0
37151,3.0,25.0
12026,5.0,18.0
14975,4.0,12.0
44436,3.0,13.0
1341,0.0,15.0
17629,2.0,12.0
4950,1.0,14.0
30636,2.0,9.0
42813,5.0,14.0
11022,1.0,18.0
49902,2.0,13.0
33487,4.0,17.0
44409,2.0,11.0
6520,1.0,21.0
16733,2.0,21.0
26008,1.0,11.0
33252,4.0,25.0
35235,3.0,13.0
34177,1.0,17.0
46239,1.0,17.0
27870,3.0,24.0
41911,2.0,16.0
48568,6.0,11.0
43949,6.0,15.0
48700,6.0,21.0
27848,3.0,11.0
29863,7.0,10.0
29658,3.0,9.0
40887,2.0,14.0
4794,1.0,14.0
49178,3.0,10.0
19403,3.0,13.0
5956,1.0,13.0
11163,4.0,16.0
7095,2.0,14.0
25491,5.0,90.0
6527,4.0,20.0
17109,3.0,16.0
35752,1.0,
11893,4.0,13.0
2213,2.0,11.0
17813,2.0,10.0
19203,4.0,
47453,4.0,12.0
7786,4.0,10.0
2303,0.0,3.0
40923,2.0,17.0
1426,4.0,13.0
42701,2.0,10.0
11906,4.0,18.0
31062,0.0,1.0
26369,2.0,17.0
8481,1.0,13.0
6849,0.0,1.0
18825,4.0,10.0
5880,1.0,9.0
38603,8.0,16.0
18891,2.0,13.0
28300,5.0,11.0
10004,4.0,18.0
43777,4.0,13.0
48657,6.0,19.0
42155,2.0,9.0
18679,2.0,9.0
38619,0.0,1.0
27217,4.0,
35686,2.0,4.0
25324,5.0,13.0
26209,2.0,9.0
41798,4.0,11.0
20342,8.0,18.0
37212,3.0,15.0
9813,2.0,12.0
1170,0.0,0.0
28000,3.0,12.0
7078,3.0,22.0
12178,4.0,18.0
14017,0.0,3.0
21479,2.0,18.0
30724,3.0,22.0
44036,4.0,22.0
46155,,14.0
8513,6.0,16.0
47659,,14.0
18317,2.0,
30225,3.0,14.0
2683,1.0,12.0
44174,3.0,21.0
15112,0.0,4.0
12393,6.0,13.0
47798,3.0,14.0
43341,6.0,150.0
2022,2.0,17.0
32199,2.0,21.0
22786,0.0,4.0
17068,7.0,17.0
30464,2.0,15.0
24024,2.0,9.0
31629,4.0,13.0
8019,2.0,12.0
5150,3.0,12.0
18439,3.0,10.0
37412,4.0,11.0
20569,1.0,5.0
29984,0.0,19.0
4883,3.0,20.0
4314,3.0,13.0
19176,3.0,14.0
8033,6.0,17.0
42920,5.0,
4078,5.0,11.0
12616,8.0,11.0
5166,4.0,14.0
5723,2.0,12.0
23331,0.0,4.0
40585,2.0,12.0
17036,2.0,17.0
26519,0.0,2.0
35428,2.0,12.0
27037,5.0,14.0
23973,0.0,2.0
99,3.0,15.0
9142,2.0,16.0
42419,1.0,
29462,5.0,11.0
20461,5.0,13.0
41057,7.0,12.0
41095,3.0,14.0
43085,4.0,13.0
39326,0.0,2.0
11624,4.0,14.0
22050,1.0,12.0
49504,2.0,19.0
48455,2.0,8.0
16938,4.0,10.0
17840,5.0,19.0
25164,6.0,19.0
37942,1.0,14.0
36373,0.0,12.0
48876,2.0,10.0
40783,6.0,16.0
15227,3.0,15.0
44694,4.0,12.0
11549,3.0,8.0
49979,4.0,10.0
11253,1.0,13.0
8024,1.0,13.0
13772,3.0,16.0
22196,0.0,2.0
33486,7.0,10.0
47466,0.0,5.0
9262,3.0,12.0
28852,0.0,4.0
44730,5.0,17.0
21711,6.0,17.0
13053,3.0,18.0
20683,3.0,11.0
14957,4.0,14.0
23847,6.0,12.0
12720,6.0,
1291,2.0,11.0
5104,3.0,20.0
47592,,15.0
9874,4.0,14.0
45032,2.0,14.0
44719,1.0,19.0
27836,5.0,11.0
15716,3.0,14.0
14625,1.0,13.0
17457,4.0,10.0
46940,1.0,20.0
24808,,14.0
1393,6.0,7.0
23784,5.0,
5932,3.0,17.0
22893,3.0,20.0
37736,7.0,17.0
18778,0.0,3.0
13343,,140.0
13432,4.0,14.0
39222,5.0,13.0
2835,5.0,16.0
40658,1.0,11.0
20772,7.0,10.0
8775,2.0,12.0
47730,3.0,19.0
49917,3.0,15.0
16047,4.0,7.0
15288,1.0,19.0
13103,2.0,11.0
4084,4.0,17.0
29334,5.0,16.0
27287,4.0,14.0
30163,1.0,
15621,0.0,
49587,3.0,9.0
24910,1.0,13.0
37158,2.0,
3502,3.0,10.0
49318,0.0,5.0
44962,3.0,13.0
45088,2.0,18.0
38767,3.0,19.0
22040,4.0,10.0
40864,4.0,19.0
17219,4.0,12.0
11775,0.0,4.0
48559,3.0,13.0
8744,3.0,10.0
24751,0.0,2.0
49622,0.0,19.0
25949,1.0,8.0
35551,3.0,6.0
13280,5.0,17.0
32880,4.0,17.0
4058,2.0,12.0
4109,6.0,10.0
10865,4.0,11.0
9367,0.0,14.0
7121,2.0,14.0
19463,4.0,16.0
38697,1.0,25.0
48286,3.0,15.0
35789,3.0,6.0
1794,5.0,15.0
29307,1.0,29.0
17087,6.0,17.0
14383,3.0,17.0
26063,5.0,13.0
49526,4.0,13.0
21347,2.0,12.0
8343,0.0,1.0
26113,7.0,17.0
31313,2.0,10.0
1709,3.0,12.0
14753,4.0,10.0
8819,7.0,16.0
140,3.0,14.0
47591,2.0,7.0
23306,2.0,12.0
38622,3.0,16.0
25695,1.0,9.0
48485,3.0,11.0
12170,0.0,4.0
28163,7.0,7.0
13568,2.0,8.0
10443,1.0,15.0
31591,4.0,18.0
28590,5.0,15.0
29633,6.0,10.0
6456,5.0,9.0
37688,5.0,14.0
21674,2.0,17.0
1965,3.0,14.0
42629,5.0,8.0
5753,4.0,13.0
14348,6.0,11.0
47330,4.0,10.0
12004,5.0,4.0
687,2.0,16.0
38046,4.0,14.0
31121,7.0,14.0
45554,1.0,8.0
26645,5.0,8.0
33984,,18.0
6223,3.0,11.0
27239,4.0,15.0
35563,5.0,18.0
39817,3.0,17.0
33077,4.0,20.0
16553,,21.0
36566,1.0,15.0
42101,2.0,11.0
8007,2.0,16.0
16852,4.0,14.0
38657,1.0,14.0
44173,6.0,12.0
49555,0.0,9.0
29543,3.0,15.0
45815,,12.0
2147,0.0,4.0
49144,1.0,13.0
19709,4.0,12.0
29482,5.0,12.0
24825,0.0,5.0
1031,7.0,16.0
14506,,11.0
31355,0.0,3.0
23967,4.0,9.0
26134,7.0,13.0
29892,2.0,11.0
3162,4.0,21.0
49212,5.0,26.0
29842,3.0,19.0
5996,5.0,16.0
8961,0.0,5.0
27722,1.0,13.0
8447,0.0,5.0
28518,4.0,14.0
12541,0.0,8.0
1747,2.0,14.0
27795,3.0,15.0
40685,2.0,
14688,2.0,15.0
11379,1.0,13.0
24030,3.0,12.0
20773,4.0,6.0
6872,5.0,7.0
41146,2.0,14.0
23710,0.0,5.0
5386,3.0,13.0
38573,3.0,16.0
5858,1.0,15.0
31142,3.0,15.0
33572,,7.0
39654,3.0,20.0
9894,5.0,13.0
17473,2.0,18.0
26179,3.0,11.0
47913,5.0,14.0
44470,4.0,12.0
798,2.0,14.0
6065,3.0,9.0
19200,0.0,2.0
25048,3.0,9.0
38731,,18.0
16602,0.0,6.0
2363,1.0,13.0
15192,6.0,19.0
22062,4.0,14.0
42695,3.0,16.0
19946,3.0,16.0
13430,4.0,8.0
26458,3.0,15.0
8308,0.0,4.0
27683,5.0,26.0
17042,7.0,9.0
13416,5.0,17.0
5733,2.0,12.0
9670,2.0,14.0
6298,3.0,10.0
31967,3.0,11.0
17576,6.0,13.0
26215,4.0,19.0
10354,4.0,18.0
48356,0.0,7.0
7485,3.0,11.0
17093,2.0,17.0
38076,0.0,4.0
29537,5.0,19.0
14104,0.0,1.0
8332,,10.0
32443,1.0,19.0
11397,4.0,11.0
14880,3.0,14.0
40908,2.0,13.0
38726,5.0,16.0
14038,6.0,18.0
15548,3.0,11.0
23776,2.0,15.0
40494,0.0,22.0
42075,2.0,21.0
15264,3.0,16.0
32744,4.0,16.0
29206,1.0,20.0
41044,2.0,12.0
10057,1.0,10.0
1703,5.0,10.0
27770,3.0,14.0
6438,1.0,11.0
19222,1.0,11.0
30409,1.0,11.0
40205,4.0,9.0
43191,3.0,22.0
36230,4.0,12.0
5200,2.0,15.0
19544,1.0,7.0
44628,0.0,7.0
16428,4.0,15.0
43332,0.0,4.0
45307,3.0,19.0
14525,3.0,15.0
14797,3.0,12.0
38452,4.0,13.0
4548,3.0,18.0
14594,3.0,13.0
15418,3.0,13.0
26797,3.0,12.0
20009,4.0,15.0
40983,4.0,12.0
5124,6.0,11.0
11130,4.0,9.0
11160,4.0,10.0
48920,1.0,10.0
31977,5.0,11.0
30056,,13.0
48182,5.0,16.0
20312,4.0,15.0
47619,3.0,18.0
41308,,1.0
47071,7.0,16.0
24705,0.0,15.0
43782,1.0,9.0
33306,3.0,13.0
22985,1.0,17.0
29921,,12.0
33752,5.0,12.0
45235,0.0,2.0
19136,0.0,3.0
26430,7.0,8.0
9147,4.0,7.0
8905,4.0,11.0
12097,6.0,9.0
29440,3.0,15.0
28915,5.0,13.0
11208,0.0,1.0
7768,7.0,12.0
48045,6.0,17.0
43020,1.0,15.0
3823,7.0,11.0
35611,5.0,13.0
45017,5.0,17.0
26948,3.0,16.0
13304,6.0,13.0
18967,3.0,11.0
24593,0.0,0.0
18572,0.0,1.0
15739,3.0,17.0
24466,2.0,15.0
34930,3.0,14.0
39733,2.0,14.0
13480,3.0,12.0
36334,2.0,16.0
6707,1.0,17.0
31207,2.0,8.0
7264,5.0,13.0
33268,4.0,14.0
19039,5.0,19.0
44343,3.0,12.0
20210,4.0,16.0
7693,6.0,12.0
10566,,
4759,1.0,12.0
8530,1.0,10.0
20794,3.0,15.0
19180,2.0,12.0
21573,6.0,14.0
37600,4.0,8.0
16003,2.0,16.0
5987,7.0,11.0
8809,8.0,13.0
10630,2.0,14.0
28200,3.0,11.0
11234,4.0,22.0
37602,7.0,11.0
10876,0.0,3.0
45078,3.0,20.0
7962,1.0,16.0
42320,4.0,13.0
13566,5.0,14.0
38526,3.0,14.0
40612,3.0,11.0
38467,1.0,16.0
19937,3.0,12.0
25204,2.0,14.0
19006,0.0,14.0
37867,2.0,12.0
37043,1.0,13.0
28082,0.0,23.0
32614,3.0,15.0
6160,4.0,9.0
40082,4.0,9.0
25399,2.0,9.0
28370,3.0,15.0
22098,7.0,11.0
3797,1.0,14.0
22398,4.0,10.0
9339,1.0,16.0
47818,1.0,14.0
18475,2.0,18.0
21856,2.0,14.0
32195,1.0,
20622,,20.0
32393,3.0,14.0
35003,5.0,11.0
4900,5.0,16.0
36212,3.0,12.0
957,3.0,17.0
20590,1.0,14.0
29029,5.0,13.0
23135,3.0,11.0
37464,4.0,15.0
6117,3.0,18.0
35874,0.0,15.0
28020,4.0,16.0
17043,1.0,10.0
44347,0.0,4.0
17402,2.0,16.0
34865,8.0,14.0
19354,6.0,17.0
16168,1.0,15.0
33669,0.0,4.0
3291,0.0,3.0
1949,1.0,14.0
40784,1.0,11.0
15613,4.0,19.0
14001,1.0,14.0
35462,3.0,18.0
47688,2.0,11.0
6596,1.0,16.0
34256,1.0,9.0
11085,3.0,120.0
10701,4.0,12.0
24597,6.0,14.0
45498,3.0,10.0
46543,2.0,17.0
28327,1.0,15.0
15910,2.0,12.0
16133,3.0,18.0
16991,3.0,20.0
42190,2.0,13.0
40500,5.0,17.0
32445,1.0,17.0
11136,6.0,12.0
1720,3.0,14.0
25501,4.0,22.0
6878,3.0,18.0
21588,4.0,14.0
30330,0.0,3.0
25222,5.0,12.0
2269,3.0,10.0
18261,4.0,6.0
35599,2.0,15.0
36300,7.0,12.0
41174,1.0,10.0
8724,4.0,9.0
30596,4.0,17.0
39965,2.0,14.0
48976,0.0,3.0
19540,4.0,11.0
423,0.0,3.0
4685,3.0,17.0
11272,5.0,6.0
1910,1.0,8.0
897,3.0,19.0
41959,2.0,15.0
2783,3.0,11.0
48108,5.0,23.0
12606,3.0,11.0
3157,2.0,16.0
20164,,14.0
48368,2.0,13.0
42509,3.0,12.0
49154,5.0,10.0
7711,2.0,8.0
41908,0.0,8.0
44105,8.0,7.0
34910,2.0,20.0
5678,2.0,14.0
13294,1.0,10.0
661,5.0,14.0
17632,2.0,16.0
361,6.0,17.0
6560,4.0,22.0
22380,0.0,3.0
14819,2.0,14.0
10297,1.0,13.0
25780,0.0,10.0
20300,0.0,2.0
19903,6.0,18.0
15638,5.0,12.0
10447,3.0,14.0
28237,0.0,1.0
30373,3.0,19.0
34176,0.0,4.0
27840,6.0,21.0
2476,4.0,17.0
10797,4.0,12.0
1104,3.0,8.0
8527,2.0,20.0
11521,1.0,17.0
32979,0.0,5.0
46156,2.0,9.0
20679,5.0,12.0
5390,9.0,16.0
48098,3.0,13.0
19523,1.0,12.0
36783,0.0,3.0
6719,3.0,9.0
36278,5.0,9.0
28419,3.0,17.0
33918,7.0,24.0
9016,4.0,18.0
5016,1.0,12.0
28395,4.0,11.0
43087,0.0,2.0
9129,,13.0
45893,2.0,13.0
43011,0.0,2.0
17319,5.0,12.0
29736,4.0,9.0
37037,0.0,0.0
49553,1.0,11.0
39562,1.0,14.0
17088,0.0,13.0
44296,4.0,15.0
7247,5.0,15.0
46499,3.0,22.0
35348,4.0,
35732,1.0,23.0
17503,5.0,14.0
48871,8.0,15.0
36681,4.0,15.0
41909,2.0,18.0
48220,3.0,12.0
38596,5.0,14.0
3735,5.0,12.0
16102,4.0,14.0
4431,5.0,17.0
2084,3.0,14.0
38610,1.0,13.0
38629,5.0,19.0
40066,2.0,16.0
5370,1.0,18.0
22276,6.0,19.0
46390,5.0,15.0
6619,2.0,13.0
42926,4.0,12.0
14283,1.0,16.0
46933,3.0,8.0
7687,4.0,22.0
24987,4.0,10.0
23652,6.0,
23206,2.0,12.0
47943,0.0,5.0
4923,2.0,8.0
1669,4.0,14.0
6334,2.0,14.0
46929,2.0,18.0
31174,4.0,13.0
46965,2.0,10.0
43500,1.0,6.0
14097,1.0,18.0
6139,3.0,17.0
1484,9.0,12.0
18263,0.0,21.0
14744,6.0,8.0
34771,5.0,10.0
203,0.0,
29653,5.0,19.0
18000,4.0,15.0
29470,5.0,13.0
17625,3.0,11.0
46618,1.0,11.0
7061,2.0,12.0
48086,2.0,18.0
32846,4.0,18.0
12533,4.0,13.0
32736,2.0,12.0
14798,4.0,
2562,0.0,14.0
36627,3.0,
10003,5.0,21.0
43916,1.0,15.0
8926,9.0,14.0
20549,2.0,10.0
28185,4.0,19.0
47485,4.0,7.0
1697,2.0,
31938,4.0,9.0
36376,0.0,4.0
8388,3.0,10.0
23289,6.0,16.0
925,5.0,6.0
30941,3.0,
49912,0.0,6.0
45719,7.0,9.0
21732,,13.0
4711,3.0,14.0
34210,7.0,14.0
24443,2.0,18.0
4208,5.0,13.0
27613,4.0,12.0
8925,2.0,20.0
44876,6.0,21.0
1397,3.0,
14704,4.0,12.0
33061,0.0,7.0
29542,4.0,14.0
11373,3.0,15.0
33239,3.0,18.0
44231,1.0,10.0
41561,2.0,20.0
22565,2.0,10.0
35255,4.0,11.0
17782,2.0,
7041,0.0,4.0
38166,3.0,20.0
24772,4.0,16.0
32665,0.0,3.0
48157,1.0,14.0
7317,4.0,12.0
6964,2.0,19.0
28266,2.0,15.0
10757,1.0,18.0
40593,1.0,11.0
297,4.0,15.0
33525,4.0,20.0
10771,7.0,16.0
47977,1.0,19.0
36988,2.0,15.0
22511,4.0,15.0
18591,5.0,19.0
5817,4.0,21.0
34570,2.0,16.0
42768,1.0,130.0
11438,4.0,9.0
17436,3.0,9.0
39891,2.0,15.0
46382,4.0,11.0
26022,1.0,9.0
11898,4.0,16.0
13930,1.0,9.0
11280,0.0,8.0
377,8.0,14.0
20662,1.0,10.0
7111,3.0,17.0
32724,6.0,16.0
9394,3.0,14.0
32491,5.0,15.0
40132,0.0,1.0
10049,3.0,15.0
9245,0.0,25.0
29809,3.0,13.0
14763,3.0,8.0
2145,5.0,14.0
39498,5.0,11.0
19031,2.0,12.0
43386,0.0,6.0
27943,0.0,0.0
27589,0.0,5.0
28154,1.0,10.0
27410,3.0,12.0
41377,3.0,16.0
15008,1.0,11.0
39136,0.0,
20359,6.0,17.0
38569,2.0,16.0
48451,4.0,20.0
7683,2.0,13.0
25097,0.0,15.0
46291,3.0,8.0
12311,3.0,12.0
38969,0.0,15.0
43250,3.0,9.0
41331,2.0,12.0
41795,5.0,16.0
2676,4.0,12.0
2101,0.0,11.0
46368,2.0,17.0
48008,1.0,10.0
26471,1.0,15.0
912,3.0,11.0
7815,3.0,14.0
5174,4.0,15.0
18545,4.0,
7195,7.0,15.0
6949,6.0,15.0
37026,0.0,4.0
27401,1.0,13.0
12112,6.0,17.0
23509,4.0,16.0
40792,4.0,19.0
29084,2.0,15.0
28771,6.0,14.0
23339,3.0,13.0
29734,7.0,19.0
38442,8.0,11.0
5893,5.0,15.0
5149,0.0,4.0
38591,3.0,
36920,2.0,9.0
12260,2.0,15.0
23970,6.0,10.0
37309,5.0,12.0
27616,1.0,12.0
39645,4.0,8.0
20260,3.0,7.0
7892,4.0,7.0
27716,5.0,13.0
10392,0.0,2.0
19250,2.0,18.0
17330,2.0,17.0
3389,7.0,8.0
13655,2.0,17.0
22353,2.0,14.0
2708,,18.0
36747,3.0,15.0
22951,5.0,13.0
5189,6.0,17.0
4526,1.0,13.0
13183,2.0,17.0
39284,4.0,17.0
19278,3.0,8.0
39772,1.0,11.0
37331,3.0,20.0
3216,4.0,15.0
6073,3.0,18.0
45283,5.0,18.0
26736,5.0,12.0
27360,0.0,6.0
5030,3.0,21.0
20308,0.0,13.0
35246,4.0,16.0
31205,3.0,17.0
28252,8.0,14.0
21756,3.0,16.0
40956,0.0,3.0
44630,9.0,12.0
3727,1.0,19.0
34492,3.0,27.0
34283,3.0,11.0
31672,2.0,12.0
12923,3.0,11.0
22431,0.0,14.0
3036,1.0,15.0
7350,3.0,7.0
11987,0.0,17.0
16963,5.0,13.0
41654,7.0,19.0
6322,,16.0
32804,6.0,15.0
36437,1.0,16.0
25350,3.0,9.0
28902,4.0,12.0
18795,1.0,20.0
1125,2.0,25.0
45818,3.0,9.0
32130,2.0,11.0
30216,6.0,13.0
8598,2.0,17.0
32384,3.0,17.0
3936,0.0,4.0
28210,0.0,2.0
1153,6.0,13.0
20995,3.0,10.0
23899,6.0,14.0
29252,2.0,16.0
4537,5.0,21.0
44471,5.0,12.0
46450,2.0,11.0
826,5.0,14.0
10549,0.0,8.0
18487,0.0,13.0
7421,3.0,9.0
9624,4.0,140.0
225,5.0,13.0
37607,4.0,18.0
44024,4.0,10.0
37739,6.0,10.0
23407,5.0,12.0
8101,2.0,19.0
39092,1.0,11.0
1898,0.0,1.0
22376,2.0,11.0
34003,0.0,1.0
13595,4.0,11.0
10126,5.0,9.0
32958,0.0,4.0
40091,1.0,7.0
48783,5.0,8.0
6506,4.0,10.0
23697,5.0,13.0
27968,0.0,2.0
15010,6.0,14.0
2076,4.0,14.0
42186,5.0,11.0
41213,3.0,18.0
45432,6.0,25.0
42128,4.0,10.0
12555,3.0,16.0
46527,3.0,11.0
3696,1.0,17.0
19904,0.0,4.0
7843,2.0,19.0
32673,0.0,5.0
33258,4.0,10.0
21458,4.0,10.0
29419,3.0,14.0
3656,3.0,10.0
12668,3.0,15.0
23677,0.0,4.0
44990,5.0,13.0
42810,0.0,
15292,,14.0
7128,5.0,10.0
10200,,18.0
39397,3.0,9.0
39924,4.0,
33116,4.0,9.0
8063,4.0,14.0
31548,3.0,14.0
6552,3.0,6.0
27679,3.0,20.0
23325,3.0,13.0
42228,3.0,14.0
38702,6.0,16.0
34201,5.0,12.0
11351,4.0,15.0
30039,,9.0
45414,4.0,12.0
28823,1.0,21.0
9027,4.0,18.0
6921,3.0,15.0
8399,6.0,10.0
22219,1.0,9.0
10497,6.0,15.0
18690,0.0,13.0
36340,3.0,20.0
22693,3.0,11.0
32843,3.0,13.0
23127,1.0,12.0
16011,0.0,3.0
7003,2.0,9.0
1175,3.0,13.0
5587,5.0,18.0
19145,4.0,12.0
48670,0.0,4.0
38685,1.0,7.0
3532,3.0,10.0
14822,3.0,15.0
11592,1.0,12.0
22573,3.0,21.0
3014,5.0,13.0
44506,4.0,17.0
2867,6.0,15.0
21878,3.0,13.0
49765,7.0,20.0
10751,1.0,13.0
24209,1.0,9.0
40389,3.0,18.0
33143,0.0,1.0
1829,0.0,12.0
9710,1.0,17.0
5023,1.0,20.0
34511,2.0,16.0
39161,0.0,3.0
32580,4.0,11.0
35270,3.0,15.0
26035,2.0,8.0
3053,3.0,10.0
31899,3.0,20.0
24955,4.0,10.0
2956,3.0,16.0
32387,6.0,11.0
46266,,11.0
26353,0.0,13.0
43440,1.0,14.0
11252,3.0,12.0
26974,0.0,7.0
28784,1.0,10.0
3498,5.0,11.0
32762,0.0,2.0
18071,4.0,9.0
8610,3.0,17.0
5467,5.0,14.0
42470,4.0,10.0
19735,3.0,15.0
12120,4.0,13.0
32545,4.0,10.0
12956,0.0,4.0
9944,8.0,12.0
42484,2.0,18.0
7167,3.0,13.0
25489,1.0,16.0
44826,2.0,13.0
14963,4.0,16.0
23180,2.0,13.0
23455,4.0,9.0
24377,8.0,16.0
31800,3.0,9.0
37549,3.0,11.0
27245,0.0,2.0
15652,4.0,20.0
20784,5.0,180.0
7164,0.0,3.0
19093,,14.0
4436,3.0,11.0
18740,3.0,13.0
19872,0.0,12.0
10262,6.0,17.0
38763,2.0,16.0
28845,,11.0
40725,4.0,22.0
7713,3.0,15.0
36615,1.0,12.0
45043,1.0,19.0
34393,3.0,14.0
13493,1.0,12.0
32926,1.0,15.0
10043,2.0,21.0
42081,3.0,10.0
24662,4.0,16.0
39837,,14.0
44507,0.0,2.0
37911,3.0,12.0
39384,3.0,19.0
7787,0.0,4.0
38796,0.0,
39391,5.0,16.0
35705,2.0,14.0
28714,3.0,18.0
5195,5.0,9.0
7804,2.0,14.0
33217,3.0,9.0
39157,5.0,20.0
26881,5.0,11.0
39902,3.0,15.0
17531,6.0,20.0
4845,2.0,13.0
4849,6.0,11.0
40846,3.0,15.0
4420,3.0,17.0
19291,3.0,9.0
38872,4.0,14.0
11055,1.0,18.0
3628,3.0,11.0
33589,5.0,15.0
47121,2.0,17.0
19143,4.0,11.0
91,2.0,17.0
6547,0.0,1.0
33762,2.0,12.0
8615,0.0,5.0
13578,3.0,16.0
10734,2.0,12.0
40206,6.0,12.0
42283,1.0,18.0
19301,3.0,15.0
47635,2.0,10.0
47371,4.0,16.0
45723,2.0,16.0
12926,6.0,11.0
28053,2.0,13.0
44530,3.0,17.0
18252,2.0,150.0
27311,2.0,10.0
49562,5.0,11.0
10125,4.0,10.0
38630,5.0,16.0
44432,2.0,14.0
33004,1.0,14.0
21731,2.0,13.0
20704,5.0,13.0
1554,3.0,6.0
36780,4.0,12.0
36969,3.0,15.0
36241,1.0,10.0
7508,1.0,9.0
9133,5.0,14.0
15966,3.0,12.0
14045,2.0,
37091,6.0,15.0
2853,3.0,14.0
270,2.0,14.0
19252,6.0,16.0
49998,0.0,
42707,7.0,12.0
40218,6.0,11.0
29329,0.0,14.0
13165,,17.0
49159,0.0,26.0
7775,0.0,2.0
8930,3.0,20.0
34196,2.0,22.0
48693,1.0,15.0
45356,4.0,13.0
34655,6.0,14.0
15803,0.0,0.0
42114,4.0,8.0
28952,3.0,17.0
44483,1.0,22.0
10986,0.0,2.0
15567,3.0,11.0
34164,0.0,7.0
37779,4.0,170.0
33883,0.0,2.0
23167,,1.0
14636,4.0,14.0
18505,5.0,14.0
23071,0.0,5.0
10459,0.0,3.0
5780,5.0,16.0
12420,2.0,14.0
9030,1.0,15.0
13312,5.0,19.0
29083,0.0,2.0
3212,0.0,2.0
33418,2.0,12.0
22258,3.0,11.0
