user_id,avg_daily_listening_hours,skip_rate_pct
15006,4.68,64.93
18243,0.31,76.55
13527,3.65,81.98
13260,1.31,
34591,1.19,12.75
27164,2.5,9.57
107,1.7,9.12
36944,0.37,26.4
22340,1.64,21.23
19805,1.2,33.94
14380,1.25,25.61
24368,0.28,
33092,4.58,24.98
49246,1.83,17.63
19823,2.74,20.74
46005,1.22,14.13
10082,1.05,14.11
40556,1.31,7.75
29701,1.19,24.95
4758,4.01,67.87
44738,,20.03
3881,0.71,21.24
47529,2.71,17.37
7006,0.47,32.34
49255,1.52,37.57
21544,0.72,3.25
2120,1.96,13.81
35249,3.48,14.11
39126,2.57,19.77
36858,2.39,34.58
46096,2.95,22.82
15763,1.09,30.18
26170,1.41,31.26
44683,1.53,21.86
8146,1.29,25.28
5605,4.52,100.0
49081,2.88,21.82
45452,0.93,20.16
39694,5.22,76.39
23699,1.97,17.82
20088,1.48,21.67
6723,2.1,15.91
3048,0.95,16.25
29729,1.72,19.97
34401,0.39,29.66
18314,1.75,28.19
1514,2.27,27.13
635,3.8,4.7
26105,4.06,16.49
32755,2.13,17.26
35257,0.99,34.15
33925,1.77,15.35
48798,2.08,7.17
4278,2.01,89.32499999999999
7003,1.76,17.41
34858,0.27,6.31
2510,1.86,18.83
41861,0.89,12.93
46255,,28.25
23698,4.16,18.82
13411,1.33,34.58
45064,1.13,11.55
38261,3.27,25.57
36813,1.35,27.82
11905,1.26,16.72
20090,1.86,23.38
30914,4.12,18.15
9796,1.18,19.83
47648,2.36,18.27
1414,1.63,17.23
28448,3.81,16.66
46294,1.36,28.28
22327,2.06,26.63
49692,1.96,29.47
13345,1.79,
47038,1.69,17.31
27185,0.42,14.11
841,3.21,18.69
27118,1.33,
1110,1.48,12.76
2998,0.83,27.19
6730,1.74,17.05
27994,2.92,86.83
47455,0.8,27.32
4817,0.15,29.13
15771,1.72,24.14
23532,1.75,13.91
35556,4.58,15.55
14726,1.59,18.61
43183,1.26,16.85
31681,2.65,29.54
23622,5.76,89.29
31979,0.16,16.27
35294,0.89,21.02
22360,1.52,22.91
31670,4.74,80.75
45162,1.78,27.25
37306,1.36,30.34
38549,1.52,15.8
13294,0.93,14.68
20276,1.24,
6146,1.58,31.32
32975,0.63,34.35
41348,1.35,27.37
14720,0.67,28.33
37675,2.02,11.17
33183,0.91,23.32
36493,0.96,25.87
40158,1.49,33.02
6244,2.17,80.37
38223,0.51,21.16
31409,,8.86
35982,1.2,31.15
27515,2.85,79.22
29078,1.52,19.78
9242,0.93,34.68
7389,3.78,15.44
10975,,26.03
35435,2.13,6.1
15354,1.11,32.29
1580,1.68,16.16
46342,5.34,84.46
16414,2.17,8.1
20212,0.74,20.07
15132,1.28,30.81
4534,1.64,28.86
14293,3.54,24.49
31978,,35.12
28103,1.29,29.13
21280,2.27,29.78
42137,0.65,34.71
37395,1.3,21.48
26668,2.13,7.37
26117,3.61,93.19
11002,2.45,17.55
28479,0.32,15.21
5431,1.13,34.55
24046,3.04,
39046,2.95,
38048,0.79,5.92
18947,2.13,18.31
30256,0.76,29.03
6797,0.71,36.75
16370,1.76,26.32
49363,1.45,18.89
9960,,12.95
48447,0.71,16.25
15832,3.07,24.5
30297,1.15,22.68
25845,1.76,20.44
11360,0.3,23.33
860,3.68,24.83
27161,1.88,8.92
2849,0.48,23.85
39991,1.38,12.12
12637,1.56,15.64
38599,1.6,21.99
37766,1.76,14.57
31853,2.14,13.97
12670,2.33,22.96
5560,1.15,23.73
33025,0.83,38.33
32889,2.08,25.12
7783,0.96,26.16
25628,0.83,17.9
29772,2.68,32.78
26129,0.96,27.1
10895,2.74,25.19
49063,6.72,89.29
17436,3.15,16.43
17355,3.69,26.56
24232,3.36,20.43
14826,2.05,36.47
16696,8.399999999999999,28.23
5424,1.37,27.97
31152,1.01,3.95
39205,3.64,29.13
4887,1.95,
41234,0.32,20.78
47474,0.61,19.56
39419,1.91,15.18
37279,1.23,19.79
21471,0.67,22.24
17454,1.38,18.65
46190,1.13,31.98
21338,0.58,26.53
26144,0.17,20.5
40640,5.15,76.46
9620,2.58,
20571,,22.83
22168,,28.08
29798,1.38,0.0
34429,1.83,26.06
26929,1.72,21.3
35800,1.69,26.87
2944,0.45,35.33
42647,2.98,13.4
34076,4.77,79.73
42960,4.15,63.58
4876,1.61,14.47
41150,1.63,22.16
44994,4.27,81.46
25947,1.89,16.67
46928,2.88,34.97
12102,1.49,17.98
5501,1.57,23.36
15904,0.29,23.7
19103,3.25,39.93
37540,2.22,-29.92
46132,1.37,13.34
46257,1.11,11.56
27475,1.86,23.74
235,0.83,24.39
44663,2.35,19.38
24567,2.84,28.25
21712,,40.47
26590,1.11,15.5
3755,2.96,
2145,1.74,15.15
38945,1.1,37.6
45225,0.54,
33834,1.88,24.72
45666,2.37,34.61
30170,0.39,28.18
46392,1.9,
5503,1.92,18.35
363,2.66,21.5
33615,3.42,23.54
45073,1.15,19.3
34604,3.98,7.08
41036,2.82,1.33
7797,0.38,17.36
28537,2.91,16.31
25444,1.95,23.33
49797,,19.85
18380,2.32,
31004,2.26,29.48
42415,1.24,29.7
4651,2.34,16.1
43401,2.14,11.89
29504,1.3,25.68
37905,2.61,31.59
40804,0.61,20.4
4635,1.52,14.06
37754,0.68,40.06
12666,1.87,26.28
40718,4.44,98.0
2837,1.74,4.99
35500,0.68,20.16
24207,1.83,13.04
15395,0.84,18.38
20118,4.08,
24655,0.82,28.13
12629,,20.37
905,1.05,23.73
11474,,27.04
40639,0.75,15.8
31378,1.44,24.28
23873,0.73,29.24
10971,1.55,11.17
33644,0.53,18.17
9994,1.43,29.8
13485,0.71,18.82
1949,1.5,30.3
13471,0.35,23.2
28125,1.2,13.02
13114,0.72,26.56
40223,2.35,26.93
4809,2.53,35.67
3036,2.07,17.81
34337,1.6,21.56
22331,1.84,
38758,,22.21
44730,2.94,22.9
20737,1.5,22.25
17547,2.47,16.23
13143,0.81,31.02
30572,1.03,15.47
33989,1.27,35.59
8961,2.41,81.55
11262,1.37,29.19
41287,,33.86
26965,1.3,21.27
27484,0.5,29.28
16403,0.7,22.29
36236,2.4,10.42
48676,1.33,21.56
46327,0.88,31.08
19918,2.44,
16428,1.47,10.83
32804,1.95,30.53
20335,0.54,21.39
29875,3.86,76.84
12394,0.88,23.0
8652,,108.0
11734,1.96,28.31
42103,,22.78
16003,0.63,36.04
28205,3.05,77.78
19777,0.5,
4958,0.84,24.32
23811,1.58,28.2
49578,0.66,16.38
19812,1.82,37.05
4954,3.66,84.67
770,1.6,37.79
40632,1.59,18.96
20740,0.92,33.51
49949,2.96,
43789,0.78,37.71
19288,0.58,
18889,3.56,21.31
9946,1.64,23.67
39150,1.24,28.67
42134,0.81,11.675
13743,2.61,21.59
35954,3.49,30.73
44445,2.3,25.34
3825,5.44,
39245,1.86,83.73
8145,1.78,37.86
49922,1.16,25.82
29110,6.67,
9633,0.45,15.58
26278,1.82,10.7
20159,6.53,75.74
45519,1.4,25.59
32348,0.78,14.12
11056,0.74,31.73
31632,1.44,18.12
7080,1.49,16.13
49638,0.98,31.48
32063,1.1,30.3
20964,1.07,27.9
7473,0.57,10.91
3420,2.26,42.15
44224,3.14,19.35
46059,1.35,27.93
4280,1.89,16.21
9832,0.76,18.41
26960,1.24,5.58
37873,3.68,6.9
48276,1.31,21.78
3520,2.53,12.84
39898,0.56,15.12
2168,0.72,27.58
41222,2.38,23.81
10324,2.29,14.7
6711,5.16,90.0
4362,1.22,29.24
1697,0.89,15.9
37122,0.77,31.8
25171,2.31,67.22
12028,6.9,100.0
15824,3.55,29.21
10584,3.34,82.93
34375,2.83,18.13
28317,1.44,32.91
7158,1.88,21.32
40607,5.03,86.96
36013,0.65,31.55
19916,2.34,27.99
4554,2.37,19.7
27168,2.03,11.88
5844,0.24,20.23
16690,5.06,79.53
29605,1.94,18.35
22171,1.54,24.89
34162,2.13,9.06
22554,0.71,
40441,1.06,18.66
17686,1.5,20.86
6346,0.96,
25180,2.95,28.99
34496,0.35,19.74
46839,1.27,21.73
12579,1.85,20.72
20665,1.03,29.59
29175,1.85,11.68
9002,6.56,73.61
21774,0.63,17.93
32316,1.71,0.0
48150,1.95,16.73
29865,1.41,14.98
40555,1.57,24.17
29830,2.29,10.8
45029,2.25,12.37
8148,1.06,22.86
29633,,21.3
21681,2.13,18.59
20007,2.15,23.46
12689,0.96,21.94
44823,1.26,24.87
10632,0.76,23.56
18185,2.33,21.12
12155,2.4,16.76
24702,0.9,20.11
12775,1.83,34.51
5447,6.6000000000000005,23.43
32822,0.78,26.61
16771,1.14,37.23
15149,0.46,11.81
13063,1.83,80.81
38725,0.69,21.46
14631,1.07,27.14
23436,0.76,29.15
48166,0.26,32.77
36078,0.39,9.53
33860,3.63,15.91
1419,0.86,28.26
26279,1.47,31.87
29486,0.37,23.47
632,3.31,32.15
2358,0.82,17.68
13097,1.11,21.36
12317,0.82,27.62
9050,1.7,21.53
46081,3.8,13.06
40958,0.29,26.75
4715,4.16,20.94
23828,2.27,29.7
30942,1.38,28.46
28788,0.9,39.17
46022,2.3,8.22
14091,3.58,8.51
40020,1.06,20.7
30459,1.14,21.54
32461,2.22,14.42
32841,1.53,19.75
15378,0.86,34.93
12489,0.6,12.25
27083,1.52,15.98
30300,1.41,19.95
28148,1.19,19.27
7711,2.61,22.39
21189,4.39,19.28
16381,3.02,20.31
29737,0.71,10.82
42935,0.73,26.74
46476,1.83,25.33
1255,3.36,29.0
31267,1.11,18.93
858,0.64,33.02
43306,0.68,31.76
34406,0.77,18.8
10221,5.31,88.76
27578,1.71,21.26
5514,2.52,25.72
45918,1.59,30.04
13307,0.62,0.0
36144,1.16,25.43
36839,1.88,30.23
8392,0.7,36.54
28895,,12.18
6326,,26.87
25526,0.73,36.64
5889,0.62,31.5
21359,3.2,69.28
24948,1.14,5.29
44376,0.32,25.98
14241,2.62,23.71
33028,0.35,30.73
8815,,28.23
31443,,74.54
38684,1.28,17.34
21573,1.64,19.56
3600,0.8,15.07
35441,0.79,23.82
28042,2.7,22.86
41697,2.35,38.33
34322,0.95,7.44
60,2.08,17.42
26687,1.32,19.29
41318,0.9,38.1
38021,0.79,25.78
3113,3.64,21.54
42682,1.57,22.71
29520,1.35,22.58
13086,1.25,26.22
6245,0.9,29.12
1472,1.99,7.64
42081,2.63,35.53
22533,1.48,15.55
28331,1.21,20.9
23204,0.95,8.29
16532,2.49,26.35
6226,3.23,74.32
36380,0.68,23.12
41147,1.24,23.69
46583,,12.75
22429,0.83,24.71
38543,1.78,29.11
26500,1.06,36.76
40179,2.48,26.85
38559,2.26,19.46
31657,2.97,29.91
40330,4.0,99.31
44415,7.22,12.47
27129,2.72,19.71
49971,,29.17
44170,3.15,21.97
15516,1.34,14.66
22423,5.24,80.23
21560,2.09,26.37
49556,1.12,10.84
24416,1.83,22.65
34022,5.08,97.35
9871,4.52,93.96
26194,1.19,32.32
11925,0.65,28.05
28327,1.05,24.05
12660,0.44,14.29
3350,2.04,39.67
40271,1.18,30.16
30226,2.25,20.51
16295,0.83,27.83
31121,2.15,33.93
24529,1.47,12.43
17120,3.95,34.97
16436,1.98,26.91
31968,1.44,31.67
30668,1.17,25.51
33977,,15.7
40782,1.07,27.450000000000003
517,2.34,21.47
35295,0.75,26.27
33120,3.4,81.42
49135,1.32,12.76
45466,,29.56
34069,2.26,26.45
24757,1.81,
16573,1.08,20.42
36823,4.81,88.05
36385,,27.9
35156,2.22,22.33
12554,4.53,63.81
9340,1.25,27.85
11587,1.6,68.4
34951,0.93,14.72
44667,1.49,15.32
16142,0.72,17.51
34349,1.0,-26.68
12785,0.63,16.99
49045,1.08,17.91
61,1.38,21.01
39571,3.22,88.86
18500,2.94,17.75
49259,2.51,-25.99
24894,1.54,31.46
35375,1.65,13.99
10815,0.96,14.38
44308,1.42,15.02
43587,3.87,
29337,4.99,79.06
11188,1.16,25.98
22284,1.22,17.49
23477,2.11,26.7
103,1.69,17.31
39670,2.32,
27181,1.14,17.46
42462,4.75,80.62
3124,4.8,29.42
35194,,23.7
7644,0.96,16.98
48567,0.39,17.5
25738,1.33,9.21
11897,0.66,22.94
37516,1.7,10.72
1546,1.5,-13.49
16577,0.53,21.95
18107,1.97,27.65
23584,0.9,24.66
34184,1.14,10.66
47068,2.12,6.79
8896,1.34,16.59
992,3.42,22.99
45300,,3.76
22148,5.7,13.64
15672,1.61,22.87
28367,2.78,21.53
24640,2.36,25.33
47615,0.3,
33846,1.26,19.96
5600,1.38,20.67
49129,4.92,90.36
5492,2.46,26.29
8078,1.17,22.56
1228,1.02,22.08
7780,0.37,24.66
43117,6.05,76.63
15072,1.49,13.09
46383,0.52,22.68
17335,1.0,16.53
49417,2.04,94.71
17272,0.98,9.73
18650,4.83,76.72
12234,0.72,13.13
41712,2.86,16.35
8808,3.95,16.71
30150,0.71,24.35
29802,1.02,34.05
28583,7.11,89.51
12879,0.87,18.51
48836,1.41,31.94
6460,3.33,11.79
32447,3.36,19.39
21968,,27.99
18865,1.91,20.21
15571,,30.7
44216,1.29,26.41
38399,4.17,88.24
8457,1.97,39.2
28049,1.38,19.68
26919,0.48,30.27
10940,1.33,18.95
42459,2.92,9.87
32102,1.35,19.65
32769,2.17,20.44
31893,1.43,22.16
16405,1.69,26.89
41863,1.55,22.81
31527,4.0,26.1
1158,1.34,15.41
40625,0.29,19.1
49603,1.33,32.32
10212,1.29,16.95
13609,,30.16
26076,,21.34
49889,3.26,75.37
21527,1.07,26.27
27838,3.01,18.35
3918,1.39,27.0
40519,0.61,19.94
6,2.64,7.64
36274,,12.93
48329,0.87,20.66
48032,0.84,33.93
19122,2.12,17.97
17570,1.54,19.4
38450,3.45,11.76
25381,0.91,23.07
17980,1.59,20.08
45204,2.09,19.65
36076,3.79,13.26
29872,2.53,24.49
32240,0.63,27.67
46871,1.61,
30803,3.68,26.48
18833,5.12,9.63
36655,0.96,6.78
17131,2.62,28.08
2903,2.83,28.2
42111,0.23,16.61
5247,,21.48
24835,0.43,25.35
38689,0.55,16.55
1604,1.51,25.13
10308,2.88,29.21
36370,0.49,
49112,4.96,83.9
49828,1.54,25.55
24570,0.51,32.26
27504,1.12,17.72
33456,0.37,20.78
18895,7.92,73.01
40507,1.4,28.84
13765,0.84,16.61
12375,0.42,37.94
1315,0.67,16.09
27047,1.88,15.48
40187,2.75,21.66
2271,1.77,15.54
42651,0.96,72.74
3265,0.71,25.81
2725,1.9,32.58
11300,1.35,12.72
15139,0.81,22.16
23801,0.18,14.69
27597,2.24,27.45
23081,1.76,31.3
7653,2.8,14.46
2656,2.88,26.55
41704,3.08,32.5
49703,3.14,21.46
28717,1.71,31.31
27861,2.17,18.71
21865,1.92,1.07
36938,0.78,22.4
23693,2.44,78.89
3369,2.42,23.65
24657,1.24,21.62
39331,5.67,93.17
651,1.56,21.39
33946,2.73,35.37
30765,4.72,24.74
21260,0.8,20.34
42008,1.15,13.45
48984,0.38,4.32
30340,1.61,23.91
8486,1.91,15.45
1299,,35.94
26098,0.63,31.44
3570,2.43,28.54
22552,1.68,15.62
30091,3.0,
7873,3.46,96.87
9654,2.46,74.87
31676,1.02,35.19
29027,0.5,11.34
38404,12.96,15.67
27649,1.05,14.3
17678,2.44,27.38
13072,2.37,14.71
24676,,95.92
20221,1.52,31.74
38796,5.95,76.3
24076,2.34,10.62
18132,0.36,
552,0.44,37.28
19402,,21.3
31641,1.94,33.59
46308,1.04,13.84
29173,1.48,33.22
20840,1.33,27.08
32662,3.87,81.36
5378,1.17,16.59
11285,1.32,32.48
17346,1.06,24.22
46599,1.03,17.47
6243,0.29,18.78
35931,2.26,27.69
29928,1.31,19.54
36728,1.57,
33235,1.32,28.79
36948,0.58,31.38
20816,2.56,17.24
9014,0.26,21.69
1445,0.97,18.91
7615,4.34,83.22
3760,1.71,21.96
32772,4.93,20.56
345,0.57,22.39
13680,4.69,20.71
32201,17.94,87.27
43459,0.82,19.08
18748,2.38,28.14
33733,2.25,12.91
25533,1.17,30.87
46189,1.53,31.53
37763,1.7,18.93
49403,1.49,33.67
8607,3.31,34.85
12856,0.71,25.59
6906,8.040000000000001,3.54
48011,0.89,18.07
4771,1.7,31.35
8434,1.89,24.11
48602,0.86,10.55
39735,0.59,32.38
29413,1.19,16.1
7701,1.97,15.5
33949,1.78,31.36
40175,,31.4
26062,1.99,25.32
46300,1.9,28.59
37942,3.03,18.86
44485,1.78,24.71
33000,4.83,72.21
30232,2.08,16.12
2789,1.12,
47995,2.04,17.24
14530,0.39,
38809,,
24265,1.56,11.17
47787,6.63,76.61
43033,3.36,26.72
33393,1.87,16.28
2249,1.52,24.34
47473,0.76,89.57
42751,0.91,41.85
39484,1.12,30.17
40781,2.22,37.85
45980,0.33,20.52
40504,3.9,18.67
15400,0.47,0.0
19850,2.32,29.2
49079,2.2,19.09
42516,2.73,23.6
23017,,25.57
25970,2.18,16.44
47373,0.81,19.13
42235,2.26,10.63
11572,0.99,24.79
24016,1.29,8.18
22829,1.86,6.04
15858,4.68,17.57
46626,2.24,21.8
46721,0.43,14.19
28550,0.79,16.98
39111,1.17,16.9
23097,6.37,81.35
35448,2.45,25.56
24343,,24.26
34829,2.17,24.01
27640,2.59,
15291,1.26,25.96
31463,2.4,88.61
8142,4.94,89.37
28712,3.32,24.41
39574,,86.6
15777,,27.32
42391,0.94,24.17
1856,0.99,24.22
26486,1.67,22.86
17344,2.96,7.87
30233,1.3,27.06
35088,3.84,28.55
40186,1.99,10.56
38473,0.44,24.42
37936,1.76,
35332,1.06,23.68
42576,2.08,21.24
20344,1.01,12.26
11663,5.6,86.25
3791,3.44,17.28
43731,1.82,16.67
18365,2.48,17.48
12901,0.69,26.52
7213,0.64,14.5
39815,2.74,27.04
6802,2.09,28.37
47004,,15.87
38245,1.3,9.74
33876,1.53,14.33
10805,2.21,
19909,1.66,13.95
42110,1.35,16.04
29441,2.27,
25575,2.73,28.35
32047,0.76,14.36
25826,2.9,24.9
40655,2.28,26.6
2340,6.61,16.33
47909,2.39,21.86
17840,2.42,13.0
30842,0.85,29.55
9181,1.74,37.74
16869,2.54,79.28
13855,3.14,25.64
5522,1.77,21.8
6206,2.29,
46703,1.48,25.02
35683,0.97,20.21
37202,2.91,28.52
31849,,39.12
32900,0.72,16.15
27006,1.69,13.61
43853,3.22,27.81
39247,0.79,15.52
21497,0.94,35.17
3202,1.22,10.18
40028,5.68,91.93
4336,1.23,22.76
24106,1.03,15.0
23159,1.08,12.32
39858,1.76,27.01
42652,0.8,19.86
4627,1.96,16.89
3964,1.69,47.84
34245,1.61,21.53
3346,1.02,18.47
45190,4.19,21.23
17202,1.27,19.18
1240,3.17,29.17
42361,,22.84
45155,5.58,75.38
17894,1.42,28.43
7540,0.54,15.21
29352,2.02,30.7
16410,1.78,23.79
47228,0.98,21.06
33070,1.52,19.96
43176,1.33,18.69
16728,0.2,12.56
8636,1.37,37.07
37775,0.84,31.95
14270,1.6,13.14
27005,0.37,
21884,0.68,88.46
38011,,27.22
47101,2.37,15.95
26520,4.24,23.11
28431,1.47,33.51
17662,1.07,
3986,3.28,21.52
10730,,23.72
16836,,34.09
13074,2.73,21.05
20993,,11.13
37094,,12.52
6708,1.18,15.39
34726,2.53,14.89
27538,7.97,68.77
40439,2.69,23.07
5429,1.01,
34920,1.37,15.59
13728,0.68,31.52
11785,,27.65
2483,2.35,21.76
26336,2.09,10.8
16485,0.34,28.72
4849,2.69,19.04
34645,3.78,12.01
34715,4.21,17.69
42287,4.78,
42485,1.29,23.06
24304,2.66,28.92
35106,0.93,27.17
47853,2.67,19.57
35343,2.05,20.81
25658,2.72,22.39
3169,2.27,23.37
30133,0.89,26.66
16128,2.43,8.57
18181,3.7,15.39
5944,1.26,27.78
1780,0.77,17.73
26894,4.81,84.92
17133,4.89,37.07
4071,,18.18
26547,1.99,17.14
32935,1.79,14.47
39717,4.66,25.07
38341,1.55,71.075
26999,11.95,87.08
43325,1.58,11.25
11963,2.49,25.32
48998,1.52,15.06
7750,1.45,25.77
2752,2.17,13.38
8270,1.92,40.67
45024,1.35,25.61
15405,0.28,2.0
44081,1.26,27.19
45400,,88.78
73,1.37,
41810,0.21,25.23
27580,1.46,17.96
10538,6.540000000000001,22.35
12460,1.25,36.74
44948,2.26,24.55
38857,3.45,28.57
12189,2.15,83.85
41981,2.94,18.09
39093,0.67,24.94
33496,3.21,79.79
29127,2.68,18.52
40231,1.33,27.35
7764,1.06,8.0
2662,0.38,19.7
42400,1.16,22.17
20954,0.11,33.48
24233,0.75,22.72
5811,1.85,19.87
36630,0.83,15.4
48833,2.58,94.02
42693,1.85,79.94
26457,2.2,24.61
44851,0.95,27.98
48142,1.45,27.46
4858,2.27,18.63
42063,2.17,22.81
2760,0.53,6.09
15881,4.98,84.77
26611,0.79,19.4
24470,0.6,29.73
37514,1.3,25.76
30949,2.34,19.89
5138,1.96,91.59
12709,8.69,84.08
40207,1.22,18.95
975,2.45,11.08
42319,1.18,16.28
4655,1.56,17.92
36270,2.23,21.28
20956,2.41,24.87
36431,2.29,30.95
18468,2.02,18.87
17536,1.39,24.88
45855,1.97,10.3
27963,1.06,22.34
15067,0.51,15.47
28305,1.03,18.84
29364,4.69,74.88
11980,2.95,31.8
709,0.56,23.24
36947,2.32,2.37
13428,0.77,25.85
44483,1.08,19.85
47994,1.25,20.33
45551,2.04,23.43
46624,0.65,87.225
45279,1.19,36.34
23957,1.86,25.62
30007,0.87,15.27
48146,2.04,10.65
22493,1.23,26.38
2327,2.73,27.36
34215,1.66,21.87
13027,0.91,30.85
22450,3.16,27.16
39149,5.35,95.43
38515,0.69,26.93
25492,2.19,24.39
45040,2.39,84.91
22187,0.48,29.37
12464,2.67,7.78
35837,1.47,26.02
19011,2.52,24.51
19729,3.38,13.22
32371,0.46,21.88
33862,1.65,11.68
1922,2.78,
49830,1.21,
49748,5.23,14.72
11084,1.58,28.27
48309,3.13,65.21
14345,,77.54
45813,1.6,26.17
19333,1.21,25.51
29225,1.77,33.62
23874,0.81,22.15
18760,2.46,13.82
38746,1.93,30.64
7702,,32.07
46886,1.93,27.72
17322,3.42,14.47
10063,3.6,18.1
27888,0.29,35.25
7247,0.96,24.16
11732,2.48,23.38
1728,1.72,12.74
19530,2.91,28.85
16520,2.55,37.62
47188,1.87,20.62
34318,0.49,28.68
42329,1.02,28.31
14849,3.55,219.175
11809,0.62,20.28
44381,1.64,18.86
3544,4.84,71.99
27413,1.98,13.83
27382,2.19,13.01
45213,3.85,22.2
21186,0.91,29.65
11281,1.22,19.19
37144,1.58,16.67
7277,5.68,80.06
34743,3.46,30.67
27765,4.25,87.89
10799,0.72,27.32
40288,2.62,0.0
48129,1.1,26.98
39652,2.28,23.88
11490,0.95,14.61
43073,1.01,20.53
44203,2.86,24.87
29777,1.86,
20283,2.55,27.92
47610,3.85,23.23
7891,1.0,8.87
40962,5.09,88.44
30504,0.6,25.77
20102,5.42,19.26
43518,1.73,15.1
40119,1.77,36.06
43741,1.3,
11379,0.64,32.96
1139,1.38,17.88
35729,1.41,21.89
41939,2.81,4.37
23547,0.8,
67,1.38,12.69
46206,0.84,25.34
39479,0.73,13.09
43312,3.43,15.15
3282,,17.18
16416,2.13,32.91
16451,5.06,21.62
12887,0.98,25.36
12294,2.24,37.13
3898,1.04,21.04
31145,2.02,21.0
37456,2.65,30.64
28195,1.87,22.17
30883,1.7,18.3
33545,1.13,
42659,1.85,36.73
11498,2.9,23.65
27041,4.43,74.39
28329,1.01,34.22
49423,,25.84
29924,2.8,23.6
32251,1.7,38.87
40554,0.57,24.43
4624,3.56,88.18
7368,1.02,15.37
32303,1.91,17.95
37428,6.31,71.93
17247,1.64,21.5
26333,4.41,17.09
27517,,33.25
39206,2.36,20.58
3220,0.76,29.16
18999,1.95,24.35
8147,1.79,31.74
22771,,31.37
48366,4.7,92.37
49080,2.02,20.32
2293,1.03,8.77
32950,0.67,32.83
8465,4.32,25.52
34752,1.18,17.05
9826,2.06,22.98
15064,2.47,77.51
14016,2.44,31.63
19380,3.87,91.65
30481,3.55,27.36
20992,4.81,80.94
4821,,26.99
33443,3.13,81.83
10165,1.63,24.58
4174,1.01,27.76
8386,2.62,24.84
2517,3.52,16.24
43876,1.18,34.49
40334,0.74,-20.32
27179,0.33,25.39
6371,2.59,32.38
36333,1.2,14.25
32957,1.56,29.68
4861,0.58,21.04
19571,0.82,27.47
12555,0.26,17.47
12557,0.92,11.71
45893,1.86,18.54
14581,1.19,28.37
7109,2.18,16.5
23130,1.63,
44246,3.24,81.42
39478,,15.55
5422,1.85,8.54
37832,0.54,20.13
6507,0.93,29.76
50,0.81,
41923,3.67,33.4
22443,4.08,7.85
16693,2.01,17.38
47824,0.43,12.61
29963,1.42,24.74
22872,0.83,9.92
38379,3.99,
38851,1.01,30.96
35603,3.23,17.79
12505,0.95,11.44
7682,1.58,41.07
43198,1.36,10.29
38941,0.97,32.59
49792,1.32,12.33
2612,1.51,36.7
38741,0.64,24.93
47863,3.03,17.74
1806,2.66,18.79
31313,1.37,25.53
19855,,34.8
5480,2.67,15.54
36490,,15.71
26989,1.55,13.52
14961,0.95,10.67
16169,2.84,17.59
29750,3.12,30.48
21651,1.39,15.14
49178,0.3,15.97
48431,3.32,13.61
5506,2.79,
15188,1.72,20.03
48889,1.29,27.66
16761,1.11,9.43
9828,0.44,18.83
8184,3.04,20.97
43829,0.62,18.29
22532,0.81,27.21
24315,1.2,25.16
19383,1.19,25.32
20377,1.63,7.85
31746,3.28,76.66
10059,0.86,19.43
14410,0.91,39.28
37658,3.6,12.31
5651,0.55,25.7
43283,0.87,22.89
30618,4.1,30.6
20649,3.4,21.9
19087,3.15,33.19
19394,1.87,34.11
18211,3.75,81.62
7991,2.78,15.7
26758,1.25,8.71
18848,2.16,13.38
28132,1.66,18.15
40973,1.08,-22.85
33945,2.26,14.71
3839,2.06,11.43
49478,1.18,17.94
19617,1.58,28.25
10612,,15.88
33037,1.1,19.34
47047,4.95,96.1
36394,2.05,16.65
11823,1.37,16.2
37164,1.22,32.18
44037,2.01,41.66
45543,0.86,17.44
13740,0.4,21.47
44933,0.69,29.56
30613,1.71,19.96
49720,1.66,0.35
24326,1.68,22.65
25028,2.44,18.0
15514,3.28,75.96
38009,1.55,31.92
47381,1.0,26.625
34753,4.76,25.17
612,2.4,17.83
13059,1.26,25.87
19362,0.62,14.59
16813,0.58,21.96
6248,2.81,19.79
21272,0.41,27.06
13564,0.4,24.53
22817,2.02,29.16
31844,0.6,27.24
12736,1.23,22.54
25351,3.25,19.91
40356,0.85,33.16
47548,2.1,30.04
28863,2.13,19.78
21282,1.53,21.19
18192,1.67,10.23
2467,1.97,15.82
46246,1.01,18.39
47074,0.53,10.93
27507,1.14,14.39
15101,3.44,
48903,1.64,16.16
27329,4.68,22.69
26347,3.63,81.84
2427,3.49,39.53
28034,1.38,14.07
24631,3.45,83.85
4158,1.65,32.26
30938,,16.31
24867,1.94,18.79
41530,3.08,40.25
36932,4.2,71.9
21773,0.93,26.45
45004,0.68,19.72
2143,0.89,30.32
34842,0.67,31.03
11891,1.13,19.3
41670,0.77,13.25
25611,4.37,18.43
623,5.5,93.01
28744,0.19,5.95
26474,1.24,24.91
47785,3.55,23.51
21863,1.89,15.02
6127,1.45,9.33
2949,0.3,23.25
43660,,23.9
43566,1.99,19.78
15318,0.59,12.32
15434,1.04,11.51
42332,0.44,35.49
14254,0.92,12.64
42420,2.02,
2131,1.11,30.94
25130,1.87,35.13
35465,2.15,30.09
35168,0.52,
174,1.08,24.54
16328,3.78,
31888,2.71,37.75
16949,1.58,17.0
41343,1.04,17.53
8414,2.8,
30558,1.2,24.35
34367,3.74,83.16
33968,1.4,21.67
47444,1.46,33.2
18676,0.85,21.23
45668,1.03,31.32
38485,1.61,26.14
444,2.67,31.0
37375,3.61,34.61
31744,0.35,32.45
1415,0.49,20.93
21520,2.81,25.35
4983,0.8,22.34
41044,1.59,16.74
37989,2.52,27.39
32613,,26.36
46313,1.89,15.62
37352,2.61,19.88
22871,,33.59
7527,2.98,22.67
1814,1.05,25.39
9835,,11.11
19129,0.45,34.05
17054,1.06,21.47
40253,4.71,26.11
11902,1.13,20.94
30239,1.32,9.8
49914,5.23,72.44
38053,0.59,29.24
48884,0.69,18.85
917,1.41,33.06
13928,0.91,22.03
12192,2.62,35.51
48888,0.93,18.95
25222,1.95,35.77
47725,1.92,
9529,2.0,25.96
48105,1.74,14.68
34605,1.46,12.79
7878,1.71,29.1
14165,1.64,23.38
19139,0.44,15.96
8205,0.56,23.38
27511,1.55,28.7
32968,1.95,
31927,0.65,33.78
26588,1.07,21.03
3890,1.66,10.38
1752,3.75,82.5
37998,1.25,14.52
28548,2.44,17.44
26120,0.67,9.35
41566,5.42,11.39
25306,1.13,30.22
680,2.12,35.41
37906,1.31,2.88
2002,,22.03
17166,3.82,9.88
9587,0.52,18.02
675,0.99,23.0
17531,0.3,22.72
3668,1.97,13.97
45055,1.6,26.56
46602,0.32,33.69
40557,3.73,10.56
44751,1.11,21.7
23800,1.16,30.16
45948,0.76,12.36
20919,3.49,21.63
3726,1.33,39.01
22098,3.05,23.01
30708,2.61,18.76
15083,3.4,31.0
23344,0.78,
8674,1.1,20.96
17164,0.83,16.27
19104,1.07,7.01
18153,1.81,27.66
34,3.63,26.07
24520,,20.74
4380,0.71,14.88
31910,3.93,76.87
33093,1.17,13.06
2394,0.94,7.01
19429,1.24,22.66
19929,1.26,21.92
47311,1.65,23.31
29361,0.5,24.77
27641,1.36,14.0
43006,4.41,18.36
42250,,18.88
39548,1.1,16.53
12113,1.1,20.59
21816,1.28,18.08
21029,2.9,28.5
21850,3.07,
10756,1.23,16.46
45944,0.45,23.44
17132,0.37,21.14
18403,1.68,16.1
34216,1.58,15.7
35264,0.57,21.84
28073,2.82,19.34
23540,1.92,36.67
21707,0.89,19.6
41864,3.77,22.31
9023,1.04,18.79
46252,1.41,28.92
5728,0.49,31.72
37921,48.66,81.14
25228,0.9,15.0
27249,2.05,14.68
32361,4.93,227.27499999999998
22521,0.44,20.14
26020,2.37,21.33
12047,0.38,11.64
43384,0.88,26.19
8956,3.67,19.03
32483,5.58,81.08
402,,
5427,1.49,27.4
47438,3.12,21.31
27714,1.12,20.48
33675,1.29,21.13
2855,4.08,68.62
49954,0.74,
25036,0.98,16.43
30151,5.79,85.66
45457,4.38,77.22
11877,0.51,0.0
36502,1.32,23.51
18644,0.81,23.96
37626,1.02,28.13
4745,0.51,35.01
26623,1.18,20.13
39646,1.15,20.13
308,1.43,25.54
37963,1.48,
26431,2.0,27.83
43036,1.4,26.82
21624,2.43,32.83
4592,3.4,11.15
18052,0.88,30.96
41620,2.48,9.45
12592,4.48,78.22
42176,2.16,32.39
47943,4.37,73.42
26298,14.34,14.52
49630,,20.12
26840,0.66,24.36
39485,0.43,28.59
19565,1.74,17.35
36967,,30.52
12632,1.82,13.08
30940,1.08,20.04
39438,0.43,21.83
36378,2.25,19.57
8867,,21.42
27908,1.56,16.67
33395,2.03,31.28
507,1.41,85.84
27251,0.72,21.1
10040,2.87,24.02
5827,1.74,39.04
30250,2.12,20.13
6013,0.75,24.75
14588,1.75,28.42
16511,2.13,27.7
23930,1.12,19.63
19147,2.79,30.52
45749,1.26,22.17
7856,1.78,0.0
47243,2.07,24.33
48172,,
24065,2.29,31.04
48173,5.36,70.67
26528,2.45,20.86
1446,0.9,
30720,2.42,30.89
25287,1.95,18.09
34541,3.12,78.75
4296,2.03,21.27
17563,0.38,23.86
20410,3.06,29.33
37168,1.4,31.32
9231,,7.47
21518,1.99,18.48
6683,1.63,19.47
21714,1.86,20.11
8272,0.96,9.81
18846,7.64,88.48
13909,3.94,18.21
7616,1.75,13.85
28408,0.44,23.3
43246,1.51,35.0
36000,1.01,28.1
1864,7.54,88.6
34191,0.79,23.96
47296,0.45,47.65
21910,1.18,35.25
34642,2.0,12.18
34439,1.86,22.56
20145,1.25,20.1
7633,,12.84
22992,7.86,18.24
44702,1.86,8.5
19907,4.25,26.8
26831,0.56,19.6
21950,0.83,32.87
3284,2.05,21.83
8729,4.13,16.87
36364,1.71,19.9
43200,1.81,26.01
26352,0.8,3.98
9214,1.33,18.53
14896,3.37,32.09
31464,0.84,27.55
14111,5.63,23.9
28573,0.17,29.78
1181,2.2,18.82
12604,1.21,18.17
39477,3.19,12.67
43213,0.54,19.94
41997,,16.03
34952,1.67,32.44
8321,1.1,19.11
20689,2.85,38.55
18484,5.61,79.74
7657,1.32,17.86
38551,1.97,16.97
45814,0.25,13.24
26216,1.36,77.12
3883,1.33,22.34
28349,1.19,
23217,4.03,21.49
276,1.26,16.07
6218,0.71,19.26
39733,0.47,6.38
30602,5.6,76.73
42994,5.5,
40191,0.75,25.38
2991,4.52,32.22
2804,2.37,33.19
1740,1.07,19.05
16426,,18.03
45501,0.76,28.37
19329,4.17,25.74
26511,1.28,11.48
29350,2.52,38.13
1148,1.3,29.29
31848,1.88,21.13
6327,2.31,46.65
34741,0.44,18.09
34255,4.21,70.7
11123,3.79,100.0
24559,3.75,22.62
16513,0.9,15.12
38692,1.2,23.24
9852,0.7,20.24
41400,1.5,23.99
42708,1.36,27.83
12561,2.21,25.35
30401,0.8,17.11
48709,,18.93
30984,3.35,24.12
39531,1.5,17.25
42368,8.22,13.65
24324,1.34,14.46
23908,,13.04
18438,0.98,14.86
31767,0.88,22.97
44878,3.19,27.68
40902,1.04,22.92
17681,0.71,8.7
32204,1.46,4.06
21076,1.47,27.08
46208,0.61,28.76
45951,0.64,25.08
6246,2.22,10.88
42530,3.49,23.69
16252,6.16,82.72
38311,1.55,19.29
18231,3.28,14.0
11102,1.05,28.27
47421,1.6,
48200,0.65,29.33
30500,1.55,21.77
9373,5.03,69.31
36470,2.84,29.21
7098,3.8,86.2
1412,2.26,
43011,5.05,73.71
28360,1.35,27.59
33734,1.86,36.48
11549,2.27,20.54
43935,1.98,22.51
19044,1.88,27.29
37470,1.37,16.0
21232,5.42,82.34
17884,1.65,23.12
35795,2.38,34.61
31108,,26.76
28350,1.54,26.53
15369,17.34,32.53
47951,3.33,31.48
17171,1.72,24.77
7345,1.05,22.01
2761,2.28,26.37
46531,1.57,32.31
44846,1.94,22.59
7535,9.15,94.37
17775,1.73,20.79
29864,9.46,78.86
40690,1.05,
26790,1.04,31.49
31254,3.13,32.09
16243,2.64,
26556,0.47,14.59
6297,0.33,
9276,0.73,23.23
7725,0.59,21.33
45538,0.63,13.89
37990,1.61,15.32
47928,1.68,9.14
26181,3.42,
36772,2.43,26.8
46838,0.83,16.56
7427,1.86,73.89
1418,1.99,86.12
3027,1.84,45.28
6497,1.32,9.68
6709,2.57,27.1
13340,3.61,10.29
31022,2.38,9.23
39063,2.31,7.34
49446,3.17,14.39
24384,2.05,17.16
46713,3.41,27.84
28433,2.1,23.57
38634,1.33,18.89
26706,,18.87
29166,1.1,10.9
138,0.61,19.28
14853,,22.8
42271,1.13,22.63
43943,1.14,12.71
24759,2.58,10.52
39597,3.07,
19795,0.88,16.72
35034,2.45,15.32
36201,1.63,21.97
16810,2.31,22.53
44939,3.09,18.16
47604,6.53,211.375
19821,1.6,21.13
7767,4.38,18.32
42254,1.72,22.61
47069,1.1,32.57
20894,0.83,23.44
15889,2.46,30.93
15945,0.82,28.6
12495,0.78,25.17
18739,2.67,38.27
37037,5.69,87.79
20842,1.49,24.1
43241,4.73,88.08
14795,2.87,70.87
21105,3.33,10.59
28910,2.59,
33111,1.09,29.73
46233,1.01,32.14
48535,2.37,39.69
3782,0.9,
9293,2.09,
47003,1.36,19.59
42850,2.87,17.28
12704,1.07,27.51
18801,0.93,23.46
37220,1.54,26.16
45049,0.46,12.78
19660,3.12,32.06
41328,0.23,26.13
36102,1.73,23.41
31507,1.19,33.11
13772,2.58,9.26
3446,1.15,27.5
7862,2.26,64.29
30257,1.88,26.17
26249,2.28,
39131,1.26,17.86
22660,1.58,18.68
27639,2.5,11.83
40976,1.96,9.87
40166,2.55,23.33
5481,0.52,9.14
44412,1.31,20.46
48723,,22.86
9216,0.63,26.47
12408,1.83,17.91
29143,1.07,23.19
21205,1.16,
20720,1.16,26.17
21921,1.43,11.97
36763,5.54,93.82
23626,1.05,5.79
12545,0.74,7.76
11495,1.71,21.77
45249,0.78,24.11
46649,4.2,-77.13
6911,0.58,13.35
16382,4.49,87.85
20610,1.35,15.65
39115,0.47,20.35
3988,2.56,36.32
8546,0.87,25.06
17199,2.92,28.42
40149,0.51,20.45
47553,1.39,12.79
38361,2.69,17.62
47361,1.53,35.13
25506,0.36,17.58
11018,3.06,18.67
8479,2.13,26.19
18478,1.19,28.82
25016,0.36,20.38
34638,1.53,28.21
19009,2.69,12.66
47198,3.59,32.19
2943,0.83,26.98
39386,2.07,13.65
16929,2.24,38.07
17951,0.08,17.31
3917,1.13,35.33
8814,2.03,19.46
42789,0.77,29.28
25121,3.76,81.77
2201,1.74,19.86
11531,2.95,32.57
24125,0.67,35.84
43668,2.62,19.95
13231,1.65,33.25
42149,1.03,23.27
12753,1.83,
40474,1.35,11.52
27152,1.65,18.65
4960,2.1,24.99
23558,0.73,20.54
44972,4.75,89.08
24576,0.92,17.32
28554,2.03,9.61
18952,2.5,82.87
30020,0.76,9.75
17997,2.05,6.09
49679,0.84,14.45
22054,1.49,27.19
22531,,35.37
31294,1.2,14.37
35543,0.69,15.27
39706,1.52,19.3
17517,1.57,7.85
19525,2.5,26.21
33577,2.92,34.32
35171,0.68,17.59
28860,0.96,14.53
46047,1.3,21.23
41013,1.67,14.66
36307,1.94,26.43
22953,0.77,29.23
22536,1.74,27.27
42519,4.27,83.21
5028,0.72,33.47
22701,2.83,23.34
39784,1.44,
31284,1.39,14.4
44849,3.24,24.81
41636,2.41,17.72
32576,0.5,19.09
16345,1.28,32.73
42345,2.34,12.4
8592,0.51,24.32
39398,0.92,20.65
21374,4.83,31.72
24158,6.37,84.0
5698,1.34,17.98
29543,2.44,26.25
43333,,69.45
20280,2.85,23.39
28116,0.74,26.89
42703,0.59,34.26
23169,2.04,18.77
19071,3.74,78.98
44872,0.62,
40290,2.56,23.86
19869,1.52,32.89
16165,3.14,24.34
21502,1.31,16.19
34149,0.73,18.76
45891,1.11,27.35
20424,0.92,24.66
31288,6.08,67.39
2763,1.65,
19024,5.57,
15722,1.56,14.03
3961,3.77,
38953,1.45,21.92
8992,1.93,18.8
43597,1.07,
6057,0.41,11.6
49558,0.93,31.39
29288,5.49,71.77
31329,2.25,30.24
38386,0.51,11.51
39643,2.39,20.21
41054,5.45,81.77
43790,1.92,31.66
5588,0.31,31.2
45092,0.93,16.69
574,0.73,25.36
10448,2.36,20.84
48153,1.04,34.52
18610,0.9,37.1
22564,1.14,16.93
22914,1.16,
36976,0.93,
30471,1.58,29.57
32674,1.59,31.93
6626,1.77,22.22
49365,2.38,20.01
33708,3.35,18.94
36054,1.24,9.8
569,1.9,20.86
24585,0.89,20.73
45476,0.66,17.32
42892,1.71,7.7
16359,1.02,
1608,0.58,49.35
12662,3.66,14.93
35706,0.53,8.19
7699,1.09,12.98
45133,0.86,4.02
10170,5.15,85.3
36871,1.48,24.6
46296,1.91,19.24
33162,0.92,21.72
943,1.69,27.45
25693,2.26,11.26
39823,,
13279,1.94,
27089,2.04,27.56
4344,22.14,84.39
17668,0.94,34.45
17979,8.44,84.36
44848,1.15,32.34
31339,4.79,88.08
47704,,19.56
6874,1.73,26.35
10649,5.49,69.2
30697,1.62,27.4
20941,0.75,33.15
18697,0.97,22.25
35849,1.08,25.05
35104,1.86,18.38
12266,0.47,27.53
16744,1.05,28.74
40145,0.98,19.14
29255,,29.14
14583,0.65,17.04
31415,0.64,35.11
3635,2.78,21.24
8643,5.72,75.13
25011,0.85,28.94
21046,7.25,84.72
17212,2.61,24.61
14899,3.01,11.24
36691,6.09,91.72
49742,6.17,77.42
32189,0.76,33.29
31069,1.08,33.58
27117,1.48,22.15
38259,2.66,17.67
39953,1.51,28.23
30075,1.19,26.84
15169,2.57,26.61
49137,0.57,13.48
45554,1.08,24.76
40314,0.27,67.6
6589,0.97,5.06
7050,0.85,20.36
7468,1.34,21.16
19672,2.35,17.86
15632,1.95,
38992,0.9,25.24
39113,1.94,20.2
39016,0.68,40.33
39616,4.25,90.78
18792,1.79,28.7
36905,1.38,22.15
6351,0.61,25.33
40457,3.24,83.75
11431,1.47,14.88
8478,2.37,20.94
13141,,21.39
598,1.12,30.57
30173,0.86,16.14
44924,0.34,18.08
37222,,18.58
327,0.63,23.85
25218,1.51,214.525
38204,3.9,21.81
43905,1.62,30.82
39938,2.02,0.0
47985,4.17,86.05
46845,2.79,26.17
48942,2.35,32.9
4270,0.88,29.46
19241,2.15,41.08
18483,1.88,28.13
26211,0.99,24.8
49101,1.33,14.57
23772,37.32,91.85
5763,2.45,16.09
23426,0.23,20.63
30912,1.02,35.03
12139,1.13,33.43
25759,1.16,27.31
42209,1.96,4.9
43474,1.06,30.24
1420,1.02,12.13
30334,2.44,18.1
22476,0.89,31.46
37685,0.77,25.65
4935,4.52,18.2
21903,1.58,27.25
13372,4.4,81.1
13622,3.5,78.3
21746,0.99,31.67
15084,3.06,27.1
34902,2.1,25.25
10088,5.85,85.98
46671,2.7,25.03
38394,5.12,84.04
5241,1.25,14.14
40050,0.78,20.05
29183,3.1,75.53
35700,2.47,21.38
29000,3.28,18.93
18349,1.41,9.55
14415,2.81,13.71
46822,2.62,28.71
3503,4.34,
36594,11.6,79.27
26549,2.03,23.52
19925,4.27,
25005,1.29,26.85
45723,0.97,16.44
35244,1.02,9.1
10953,,20.46
20218,0.77,17.72
10548,1.1,31.01
47712,2.48,85.31
34476,0.94,21.29
43131,2.28,0.0
2730,1.96,
30641,3.24,79.77
11422,2.99,18.88
49514,6.46,83.83
19068,0.5,28.27
13760,2.19,11.55
20037,5.31,25.85
46419,2.21,8.33
41066,0.95,26.66
41531,0.54,20.01
34585,2.88,21.9
30180,2.71,
30999,2.67,17.3
1874,0.69,29.67
30936,4.17,4.14
4434,2.18,26.94
4358,1.73,16.76
27206,0.45,33.09
40112,3.04,18.49
49039,4.11,76.83
7638,4.48,76.08
40920,,18.24
18933,1.19,
40267,0.66,30.05
13766,1.19,12.86
6606,2.21,20.76
46778,1.17,38.76
21620,2.17,
14995,0.83,21.06
8849,0.74,
37145,0.44,17.65
15399,0.94,29.07
713,1.56,27.91
5106,2.36,8.6
1785,0.66,17.01
23282,2.04,14.18
20468,0.51,1.04
8550,2.38,23.95
38750,2.46,84.94
42325,1.25,11.71
11125,1.93,24.54
9308,2.58,22.64
39458,3.02,17.01
45423,1.72,
28633,0.68,19.93
42642,0.65,16.33
25022,2.33,64.15
9515,1.28,20.43
15733,2.48,19.51
21885,3.86,12.41
47910,3.11,36.94
17846,0.22,22.04
29956,2.13,17.85
17356,1.23,8.09
48714,1.77,
49341,0.82,20.9
36564,4.52,42.78
21256,4.58,89.51
40448,0.43,28.16
15025,2.51,25.75
28191,3.55,74.65
10654,1.33,38.4
32326,2.16,19.45
5752,0.66,23.6
47701,2.42,25.31
48528,1.85,11.36
15692,1.01,19.57
3795,2.82,10.71
33887,2.15,17.18
33517,1.89,19.5
42972,2.55,30.72
29756,4.68,79.92
49953,5.74,67.31
9575,7.87,62.1
20918,1.01,10.11
31008,4.37,84.48
24639,,100.0
31066,0.64,27.71
38302,1.13,23.06
40717,1.86,24.62
23596,0.69,13.48
9572,1.66,33.87
10662,1.35,16.69
14568,2.62,13.88
47635,1.64,17.14
24248,2.46,10.47
38531,4.26,19.81
41600,1.89,27.68
27128,1.64,24.42
49411,1.67,20.01
42117,1.53,22.69
19454,0.92,21.47
29704,3.24,25.28
41960,0.86,21.32
28718,2.09,
993,2.29,100.0
34981,2.78,30.81
13651,4.88,73.55
37135,7.13,65.84
20935,2.9,19.97
16540,1.98,34.54
29983,0.83,14.08
35779,,26.04
26,1.8,18.96
32474,0.53,22.63
40978,,12.424999999999999
23736,0.94,21.05
40673,0.49,29.2
8439,,31.63
3397,0.87,24.54
9636,4.17,85.8
36919,1.09,16.01
38482,0.92,12.91
38178,0.64,13.99
18016,2.22,23.19
30809,1.24,25.85
29828,0.63,24.54
2544,2.14,
17394,4.85,92.79
48894,0.57,30.53
28528,1.56,4.52
17496,2.82,4.62
37113,3.62,
42600,3.06,18.12
41618,1.11,31.43
12169,1.22,16.53
43320,1.03,29.53
14915,,12.26
42674,1.02,30.07
9990,1.15,0.02
5581,0.46,23.49
29528,1.99,7.92
35579,0.5,29.03
28183,2.21,25.32
14813,1.79,28.8
48936,5.21,1.58
7327,3.51,18.67
21435,2.22,25.82
43782,0.44,28.72
41326,0.92,15.89
17816,1.58,15.46
29793,3.65,73.68
11273,1.46,4.46
29060,0.86,36.7
45974,3.83,84.71
30933,1.28,20.22
37407,1.35,25.09
11048,0.48,21.91
11922,3.17,21.86
12462,0.81,28.36
32978,1.32,28.93
24615,0.87,0.0
12399,2.66,31.45
27013,0.61,4.62
5141,6.94,57.76
32270,4.01,25.52
37819,2.36,24.83
32118,2.41,16.72
38690,2.07,19.4
6552,0.87,22.18
19841,1.51,21.63
16874,,22.97
33094,1.17,31.13
836,1.56,34.98
39465,2.14,9.74
25579,2.6,9.36
37201,,18.73
49073,0.55,
49769,3.19,29.29
41094,1.94,23.55
19992,2.01,23.84
45472,0.5,6.49
48517,1.63,13.1
42207,1.34,33.1
22975,0.66,33.23
19461,1.68,20.03
4796,1.05,21.27
44535,1.24,33.18
22720,1.52,13.85
10665,1.08,46.41
25978,3.25,72.62
38278,2.02,69.5
7758,4.88,88.99
19335,0.82,23.33
37767,1.37,18.89
34331,6.02,72.61
27494,,25.61
34003,3.0,84.08
9821,2.39,26.31
40248,1.36,
8015,1.08,36.51
161,1.13,
33260,1.36,30.55
6215,2.6,91.81
25407,0.62,
21543,2.87,20.59
25598,1.92,31.81
15640,2.63,19.41
24396,0.76,32.98
8880,3.04,72.89
47753,0.51,28.69
31235,1.78,26.7
32440,1.65,30.6
27398,1.94,20.6
783,4.0,
3832,2.41,75.34
38285,2.27,23.08
9961,2.75,8.98
18145,2.1,38.89
1285,2.55,27.94
33936,1.07,18.18
9238,0.65,31.5
10187,1.41,23.23
38036,2.29,30.15
31897,1.74,21.56
45379,0.47,26.89
6129,3.04,82.38
37359,0.76,32.71
41913,1.77,15.51
48606,0.66,26.75
14446,0.7,28.09
24432,0.45,7.08
13819,0.08,25.24
41733,0.94,25.17
47390,1.37,16.0
10168,3.92,15.0
28014,0.21,26.71
2159,2.58,93.59
41881,0.62,26.07
6000,1.35,17.39
49890,3.34,38.47
46766,0.49,30.12
8190,1.47,31.13
43639,1.35,21.01
13006,4.13,93.46
7275,1.33,21.99
12795,,17.72
34629,7.03,100.0
28324,2.22,14.75
32242,1.59,9.03
8461,1.74,27.25
16342,0.33,25.86
25172,3.54,17.38
42830,1.3,9.25
35321,0.69,22.16
34451,,11.58
28165,1.0,22.11
35548,1.01,30.31
25336,2.58,27.98
48258,2.44,81.81
42885,0.48,13.58
21716,1.52,18.36
46978,0.38,10.57
20122,2.16,27.41
43137,6.47,82.84
12975,3.1,26.36
49969,2.13,35.85
44774,,11.21
21820,0.98,26.52
24328,0.69,26.26
36091,1.4,35.52
14200,1.43,20.02
47897,4.62,27.14
2303,1.96,74.91
48905,1.54,18.43
46097,1.38,32.54
21051,1.44,27.84
2164,1.69,21.97
35789,0.95,27.62
25782,0.72,15.06
38357,4.28,10.01
43090,0.96,31.51
9354,2.09,23.53
11403,1.34,7.49
34124,2.26,21.1
44366,2.09,10.28
5843,2.42,73.51
21284,1.33,37.82
2784,0.61,24.77
1798,2.26,14.17
45969,1.71,13.42
6857,1.63,39.93
21179,1.42,13.98
38802,1.74,28.11
28235,1.29,
13409,2.23,25.81
9310,0.85,
46456,1.16,12.01
9774,1.59,18.6
34088,0.99,33.43
44604,3.07,25.38
12628,2.65,69.32
15315,0.8,17.54
2062,0.79,17.65
45242,2.61,28.78
38688,0.49,26.06
25652,3.03,79.25
4340,1.84,31.24
48708,3.14,16.99
6039,2.22,20.83
20984,1.5,18.89
16129,1.33,35.36
38478,1.97,75.24
23905,1.57,27.87
5802,1.61,28.97
19086,0.57,16.8
26719,2.75,24.66
40612,2.22,26.42
8540,3.41,8.4
21969,2.19,30.83
38868,1.65,27.22
32838,1.61,29.24
22930,0.42,29.39
40771,1.85,24.79
3120,1.29,27.61
39974,1.98,26.5
13238,3.7,26.72
25157,1.59,21.9
21316,3.29,34.13
4839,3.32,25.35
5565,1.23,9.19
46981,2.55,15.68
21808,0.45,13.17
6898,2.31,19.76
9685,,86.71
16549,0.85,30.46
30730,3.73,15.6
48857,2.52,13.47
27543,1.77,23.15
24113,0.56,17.2
41612,0.9,14.31
2523,1.34,17.91
38813,0.7,
29475,2.16,22.24
12935,1.37,6.38
3897,1.45,20.78
5893,2.07,29.99
27131,2.39,3.71
11175,2.32,80.0
1588,0.59,19.8
28779,0.81,20.55
11669,,19.49
33891,3.22,77.99
2027,1.48,26.57
31080,2.3,22.33
33271,0.71,35.81
20390,,25.06
49441,1.07,
40623,2.36,18.14
13682,0.91,20.44
39868,3.05,80.49
7849,1.36,28.96
25769,3.07,33.11
21899,1.0,11.78
19145,0.3,24.05
14502,2.14,27.63
10562,0.62,21.07
33103,3.57,24.71
32936,1.48,25.8
24556,3.56,24.51
46245,1.36,6.16
6298,1.27,33.15
2818,0.59,11.3
8423,2.86,33.91
48772,2.42,16.24
4137,0.98,28.72
27791,4.3,76.23
21037,8.66,82.35
39811,3.03,31.47
11346,0.75,24.59
42438,4.46,98.98
10054,1.86,24.0
129,1.84,34.65
34703,0.79,14.45
17982,1.03,28.33
5242,0.8,19.47
38782,1.88,15.03
27337,4.65,21.88
1308,1.09,25.38
26284,0.82,32.08
46828,2.9,27.6
11195,2.38,31.61
49543,3.07,25.19
10974,0.98,24.88
4329,2.29,16.0
2505,6.89,86.33
2033,4.42,81.68
25888,0.63,36.15
31056,,78.35
19685,1.55,13.53
7933,0.72,18.34
11562,2.43,95.88
26971,0.85,87.92500000000001
45337,0.15,27.96
3157,1.28,27.05
16267,1.81,
39385,1.66,23.19
3537,2.65,9.21
33175,1.45,22.5
431,1.52,38.66
46610,1.09,15.34
41048,0.4,17.63
42788,8.34,29.62
41725,3.82,33.67
6121,1.82,18.3
22686,5.89,84.18
23888,2.67,28.96
37240,6.59,12.575000000000001
48311,1.62,
23434,1.47,18.03
28845,0.9,28.3
40317,2.84,32.94
38360,2.11,10.97
17588,2.54,84.29
15746,1.39,
10686,0.12,
9521,0.82,4.1
8529,4.15,21.07
1013,1.91,21.57
6826,3.2,27.31
31568,2.92,18.35
19284,4.9,89.59
3941,2.62,14.68
33547,1.63,15.67
43424,0.45,10.54
37459,2.77,11.4
7561,2.55,25.82
47644,3.38,17.27
16840,0.66,34.59
716,1.55,33.74
23148,0.75,25.8
21703,1.66,27.74
5607,1.02,24.44
21866,1.05,15.81
17823,1.35,37.35
35279,1.24,31.4
10352,8.34,82.66
33450,0.92,25.37
36912,1.4,6.28
33716,3.66,27.52
22287,3.11,15.07
22722,1.58,13.95
39687,0.26,16.77
30669,2.87,68.88
3083,1.97,19.85
28463,4.59,96.98
32717,0.71,21.71
12231,1.43,33.97
622,1.5,15.88
20032,2.0,75.3
7481,1.53,27.18
5316,2.97,5.59
6172,1.51,30.8
21360,1.68,9.65
4284,2.7,
30093,1.56,4.15
27523,2.04,19.77
5806,1.43,17.21
17495,0.46,10.16
48430,2.77,11.86
43867,0.52,25.0
23,,29.78
48603,1.53,37.95
21398,2.1,28.92
32764,2.94,28.69
17525,0.73,15.3
2386,2.27,24.38
2609,1.98,28.1
5736,0.89,23.18
18406,4.03,74.44
46191,1.42,34.61
33139,3.81,75.45
15748,1.68,24.26
2030,2.6,14.77
46903,3.38,21.01
31976,1.27,27.87
40733,0.86,36.42
15471,2.97,35.53
23121,0.58,31.95
33899,1.81,15.7
23449,2.21,12.16
25714,1.35,15.25
4132,4.5,81.92
9005,,25.62
47546,1.67,9.75
31882,1.53,28.57
45093,1.05,20.38
24009,5.5200000000000005,23.48
35302,1.1,
23946,1.68,20.36
7543,3.59,19.55
12115,1.28,32.04
17347,1.85,0.0
6962,2.4,24.96
22374,0.97,6.86
1904,2.53,30.13
25866,1.93,29.21
47982,3.75,66.28
10092,0.38,34.23
16456,,75.02
12284,1.33,24.28
30667,0.91,22.46
39935,0.62,8.45
2430,4.86,
17276,2.3,20.61
32489,2.32,19.76
8497,5.51,74.61
7340,4.91,71.76
37563,2.68,21.98
47010,2.3,42.99
24378,3.06,
2316,1.99,42.63
39137,,11.86
43454,0.46,
37565,,14.16
43463,,10.71
49959,0.95,25.05
41915,0.61,16.54
15590,0.85,22.95
20144,1.83,
34969,0.63,18.19
40933,3.27,20.69
23208,0.83,29.66
28393,0.49,
18809,1.21,14.8
28289,4.22,36.57
6978,1.46,25.25
29731,,9.05
14942,0.48,8.88
7052,1.13,32.51
30620,0.46,38.93
49999,2.84,27.23
39130,1.22,13.42
34661,0.48,18.89
5121,0.89,23.44
47193,1.14,27.78
27014,1.72,26.91
37031,2.62,18.11
17677,1.59,37.96
34120,1.45,16.98
47710,0.78,20.16
26256,1.49,9.77
29310,0.78,7.63
31911,0.34,38.15
11085,2.31,28.82
43642,0.82,29.12
3676,,17.68
22847,0.38,32.59
41972,1.82,29.97
10888,1.19,23.96
40518,2.63,20.1
5856,1.27,21.05
20591,2.88,95.04
42815,0.96,27.74
32522,1.62,28.04
30137,1.93,16.55
34901,2.18,27.93
3868,2.51,31.22
18742,1.72,19.49
49393,0.5,22.25
7164,3.76,72.02
43544,1.36,14.09
28571,,15.47
48597,1.6,36.67
5246,1.44,23.64
38246,2.41,20.59
1986,2.45,32.25
44764,7.21,80.47
14251,2.56,6.74
24804,1.96,24.61
1020,,25.61
34701,0.65,31.87
6985,1.81,15.12
19307,1.68,24.33
6791,0.46,26.43
26433,1.51,18.21
18922,9.64,81.61
39251,4.46,13.69
29097,,17.44
32103,2.38,13.58
2895,1.66,
40874,1.42,10.14
29569,7.9,71.34
20955,0.75,25.54
6111,5.89,82.54
11092,1.05,13.96
13204,1.04,33.74
11960,0.88,19.55
46711,,23.87
35908,0.92,22.4
30376,5.48,80.95
8552,1.25,15.98
36215,1.1,23.96
7670,3.96,33.18
22307,2.33,26.19
476,2.73,19.56
9336,1.22,23.61
48244,1.56,18.74
39495,0.92,31.07
32859,2.39,14.42
20745,2.57,29.72
48915,1.38,25.52
10106,0.77,14.43
19933,2.28,31.69
19278,1.58,25.76
21096,1.95,22.86
2402,1.77,13.77
37269,2.62,26.47
16087,2.5,
1489,0.99,16.69
32057,1.84,17.99
46934,1.41,29.01
42150,0.89,23.38
47083,2.69,25.57
8073,3.19,81.79
3810,1.78,18.76
4232,1.29,28.13
14914,2.3,18.63
2874,0.49,12.25
37842,1.66,34.38
41852,,20.83
14875,2.27,6.79
33587,1.14,31.97
37899,2.26,28.03
45594,1.96,24.72
1881,1.89,25.35
34599,0.41,10.19
21593,0.96,16.53
8959,1.58,17.45
5002,1.82,32.43
8247,2.31,24.13
162,0.04,23.88
25924,4.55,18.54
14733,2.22,14.22
48176,1.71,26.13
22445,1.92,21.41
25911,1.09,21.56
27921,1.95,13.83
318,2.05,77.12
33814,3.54,22.14
9765,,21.58
2245,2.06,
10164,2.81,81.45
27752,2.1,14.35
45113,,33.22
10287,0.61,17.38
10048,9.41,64.43
19691,1.52,25.57
33317,1.19,38.8
14074,1.26,35.51
23612,1.05,24.33
16475,0.28,37.33
11822,3.18,23.53
8403,3.92,28.99
15557,1.32,22.57
33032,2.38,93.53
40709,3.66,20.19
49848,0.89,23.19
43012,0.85,29.55
22891,4.04,20.42
12379,2.5,22.53
4400,3.35,14.03
17609,1.07,20.54
31980,0.36,25.02
4669,1.82,30.88
36289,0.62,12.79
27927,1.88,38.41
31227,2.38,25.14
28152,1.11,31.3
8935,0.66,27.43
5795,0.55,15.7
31186,2.1,37.02
37487,1.51,28.93
1422,1.22,24.42
36083,0.5,17.42
3901,0.51,39.325
30306,2.76,95.9
24945,1.36,25.54
962,1.06,34.56
8635,0.68,24.54
33489,1.0,7.58
35575,0.67,42.15
45269,,82.16
16788,1.98,-19.09
19105,1.79,23.41
11720,1.68,14.03
47946,0.6,22.04
45812,3.81,19.78
34860,2.47,19.78
31900,4.4,90.54
2865,2.44,39.08
6368,0.42,18.12
32837,1.14,31.99
36614,1.16,21.47
39838,1.26,85.08
46253,0.78,15.55
32621,4.68,16.05
26339,0.71,13.84
344,4.74,15.68
34593,2.84,25.69
28265,1.57,4.2
44336,1.0,17.09
16542,1.87,23.1
24498,1.02,
20762,0.94,29.25
12009,1.22,20.79
36785,1.09,19.84
47759,3.59,66.58
18810,1.78,16.64
29071,3.03,20.44
47880,2.73,49.175000000000004
48143,,25.48
4873,1.34,22.37
16340,1.52,20.94
34774,2.84,24.56
3408,0.45,
49136,2.28,13.43
4421,,14.17
11864,1.67,25.58
317,1.73,
17548,0.65,28.49
41833,3.97,21.8
10486,2.5,30.27
36291,,28.2
16590,3.1,7.7
12251,0.58,32.11
19047,2.71,25.68
11132,0.55,19.65
4494,3.44,27.35
30402,5.57,90.77
43623,,88.05
16063,3.15,29.77
1956,2.98,26.94
11518,1.12,19.57
4145,1.45,23.53
43710,1.12,25.35
2329,0.96,21.93
19753,0.76,18.74
37419,0.43,20.27
33464,2.81,23.65
14047,1.59,
13552,0.64,14.09
14736,1.08,8.48
10066,2.55,22.61
24387,1.98,17.02
43129,0.73,20.18
23630,1.48,19.59
21351,10.0,77.87
35231,3.97,40.09
21194,1.95,2.27
42200,0.79,18.69
37784,1.68,16.7
27285,2.37,18.22
4151,1.95,21.54
25953,4.04,80.14
39869,1.71,29.95
44930,2.7,28.27
39308,1.68,22.95
17613,0.52,22.48
37440,1.66,21.18
4575,1.26,9.6
9332,1.73,19.22
122,3.69,11.68
45510,2.28,31.52
6159,2.22,14.75
32575,2.07,22.36
26991,0.7,20.26
21171,0.28,12.98
34172,2.55,27.67
47403,0.66,25.28
20080,8.09,77.83
42172,1.71,18.17
8678,3.3,
24026,2.09,30.39
45499,1.04,22.74
37520,0.74,
40694,0.48,15.63
14877,1.41,23.81
48959,0.9,13.29
25698,1.0,
38158,0.63,26.74
6214,0.65,
25371,0.77,22.4
27086,1.92,16.4
32907,2.53,12.88
8463,0.47,31.39
33741,1.87,33.88
14038,5.13,24.49
48164,1.98,24.34
35227,5.37,93.54
24061,1.79,
42819,1.44,21.06
28992,3.18,77.8
42364,0.79,22.72
4212,4.97,13.6
11111,2.24,22.61
30813,1.25,31.43
1689,0.83,18.77
42043,1.83,94.84
3965,2.34,25.64
39573,1.51,34.88
17596,1.93,18.74
3159,3.39,23.81
19056,0.49,28.03
9920,1.92,23.67
16510,1.37,22.42
17159,2.18,25.2
20526,1.32,26.39
7281,1.44,12.21
14924,1.8,17.14
21744,0.69,36.9
34227,0.81,18.49
26137,0.58,27.26
36575,0.93,27.34
12467,1.28,23.22
36886,0.19,17.76
49009,1.86,46.07
655,1.26,24.03
63,0.82,21.86
25380,0.4,20.01
37266,1.86,7.19
18213,2.39,22.54
19488,0.82,14.41
18221,1.72,19.84
11844,,29.22
49195,0.97,40.73
23519,2.19,27.32
3949,2.69,28.43
28222,0.6,13.89
14776,1.61,37.1
46557,1.33,31.62
4119,2.08,28.78
28725,3.55,70.12
27078,2.17,29.33
44812,2.87,27.02
23886,0.91,37.8
6360,,41.66
10986,4.04,92.9
31662,0.44,26.24
8122,1.3,18.25
14571,0.44,
45889,1.24,20.41
47258,0.86,5.49
24984,0.41,28.62
813,0.9,26.24
16752,0.55,14.57
9115,0.92,28.24
12016,1.31,6.68
8823,1.64,28.575
35460,,43.86
29741,0.98,16.02
32526,2.78,28.86
2455,1.07,18.38
17018,1.7,26.18
37586,1.64,16.14
33797,5.29,88.11
5462,0.52,17.51
11908,1.45,25.34
936,0.22,24.43
31771,0.8,22.04
18219,1.17,15.74
38902,0.65,15.76
10289,1.72,27.71
45737,0.79,22.46
846,2.05,30.79
3077,1.59,
29465,1.5,
3700,4.43,81.9
27394,1.04,20.03
20930,0.93,28.49
47203,2.23,27.65
47173,2.02,19.57
14155,2.49,88.73
18452,1.72,27.4
34964,0.63,20.94
38560,2.07,19.5
35812,1.48,8.67
5531,1.55,24.2
10260,,27.13
49645,0.61,9.09
21693,2.17,15.78
39568,7.27,
40298,1.64,33.02
12676,3.41,73.77
17986,1.84,
17176,0.72,26.37
42386,0.82,21.51
2130,3.35,8.84
42128,,-20.75
30633,0.84,17.08
42593,3.44,
38033,2.47,21.05
34985,2.95,39.36
38073,1.89,24.32
1339,1.61,8.97
29794,1.43,
533,2.2,22.49
43291,6.56,85.97
41814,6.19,68.2
13561,2.4,29.88
35670,0.34,25.66
47212,1.28,27.65
42908,2.47,20.58
24087,3.38,17.14
27256,0.96,16.3
12762,1.95,36.73
17541,0.8,13.7
34238,2.56,22.35
37992,,11.38
45682,2.2,13.96
46492,0.98,25.19
27464,0.91,16.26
119,2.1,20.63
19693,1.03,
32507,0.94,9.26
35158,0.2,26.09
43360,2.17,28.84
9138,0.75,25.99
48262,2.6,21.47
14667,1.15,34.28
48713,1.55,28.08
20300,7.06,88.6
18421,6.95,77.36
19962,2.02,10.65
20917,0.85,23.5
14396,2.21,17.73
36395,1.94,14.78
19159,1.33,14.46
42763,1.68,10.15
5088,0.93,41.97
22221,2.57,22.52
4942,,19.63
28257,3.85,70.97
36391,1.01,15.16
16847,1.81,26.57
20728,0.47,24.86
35146,1.37,24.94
8425,2.62,
27244,1.32,27.41
33371,0.37,32.23
17104,0.92,12.15
2549,0.76,9.12
32744,1.61,20.28
49963,1.98,14.53
27910,1.94,5.24
44633,1.19,29.27
42198,,16.81
9544,0.41,23.26
9125,3.47,27.01
36568,5.97,91.94
8089,2.27,29.76
26374,3.21,37.15
2244,2.09,
9163,1.44,27.32
42416,0.38,16.11
16422,1.92,10.2
40992,3.82,84.17
40296,8.87,87.12
21163,1.76,30.6
26530,1.13,27.32
47214,7.43,100.0
26804,2.73,
25766,4.07,61.54
24829,1.89,22.95
23509,1.14,
14027,2.82,20.42
19167,0.54,27.71
10259,4.65,29.49
33115,1.1,21.98
7244,0.95,22.19
10712,0.96,11.96
11906,0.98,22.01
3229,2.46,82.91
22129,0.66,14.68
42650,2.24,32.09
8467,0.43,15.16
12832,5.89,17.46
45255,0.58,20.55
27889,2.92,28.91
49492,0.4,23.73
45205,1.72,-72.97
39335,2.67,18.21
20053,2.46,88.77
41656,2.1,3.87
1914,5.32,87.13
3940,1.56,29.31
28930,1.61,24.76
15999,1.86,22.8
11970,0.46,18.35
27339,3.4,10.44
35284,1.41,29.2
18877,1.17,34.3
18525,1.41,27.23
40803,3.24,28.26
4239,1.96,30.8
38293,0.59,28.05
44106,3.31,22.25
2675,1.24,20.68
39905,0.78,28.03
1825,1.93,13.6
15813,3.73,83.88
28355,2.77,8.66
21630,1.4,24.38
49665,1.76,12.74
31953,1.09,27.99
33629,1.43,33.25
4382,2.36,14.28
33045,4.52,-70.86
5047,2.32,17.55
12074,2.83,
9686,1.33,27.69
7844,1.91,20.13
19370,1.28,16.36
7833,3.51,10.11
37707,0.88,18.33
40242,0.48,20.3
3181,2.22,8.69
5184,2.88,68.87
36571,1.39,26.65
25162,2.1,14.65
13568,1.8,19.33
29325,1.85,18.74
31439,4.59,68.49
28664,3.06,14.84
43253,2.7,21.44
37527,2.0,11.84
7687,2.01,29.06
6067,1.35,34.4
18155,4.54,87.24
5179,5.31,70.52
46353,1.18,58.9
35172,1.96,16.12
1989,3.61,14.31
32460,1.93,23.03
7641,0.86,28.49
45601,0.79,24.03
29194,0.89,13.73
32768,2.59,24.2
31238,2.89,30.62
39942,1.35,27.73
24538,,97.48
7688,4.84,20.69
22018,0.75,15.06
26388,3.67,32.85
4369,,26.78
9171,0.57,29.76
23803,2.16,30.5
38818,,22.98
27274,2.42,28.14
42823,2.05,21.63
4210,0.22,7.86
13536,1.62,13.55
323,1.8,60.15
20933,3.01,
35322,2.34,33.97
35211,0.48,18.8
17747,1.04,19.42
5258,1.56,18.71
21550,5.79,
46388,0.58,18.64
43083,3.15,25.8
28252,0.62,20.77
4608,0.39,20.15
49369,1.29,24.31
25545,,0.0
21911,1.26,20.67
36056,0.13,29.32
12645,1.39,19.18
41144,2.4,5.56
26574,1.83,26.32
19968,,18.88
46737,0.7,20.44
19058,1.56,20.61
49551,1.23,21.31
19690,0.29,32.51
8799,0.78,29.62
38775,4.96,72.08
8358,3.34,10.3
26504,1.79,33.43
13590,1.2,30.54
42141,3.33,79.14
48982,0.88,24.53
14686,2.76,19.46
29967,2.5,23.51
36211,2.35,26.07
18256,1.99,24.39
33210,0.16,28.87
21845,1.42,13.49
25176,1.54,18.35
46914,2.07,10.95
37900,3.09,20.62
7156,2.57,87.11
3819,1.51,27.75
22963,1.05,86.05
26456,1.66,37.47
27230,2.53,20.27
17365,1.8,30.3
6060,0.73,20.86
21945,0.73,20.98
33335,1.51,35.93
3863,0.99,21.14
26382,1.85,27.81
21753,1.54,21.08
7679,1.41,65.025
37411,4.28,84.43
21300,1.57,30.44
49124,1.82,27.1
48119,0.62,19.79
30285,1.32,14.3
27107,1.41,28.59
16507,3.18,77.37
8035,2.59,21.55
32517,1.23,26.12
15237,1.03,17.46
22464,0.95,
24876,6.08,9.11
41727,5.57,21.64
31160,1.3,17.77
39446,0.35,
18892,,20.78
30927,,21.28
4503,2.21,17.72
10378,1.41,13.44
2878,2.04,31.48
37570,2.8,28.16
34576,0.63,16.19
6745,2.91,9.08
19421,0.61,17.12
16489,1.63,24.66
34659,1.66,27.89
22082,1.67,19.65
31950,1.97,25.36
49476,0.56,12.23
45547,3.88,19.34
38253,1.65,27.95
33299,0.76,20.02
6693,1.88,25.05
2086,2.06,35.61
41243,6.05,80.79
148,1.31,30.87
1043,2.13,23.48
7998,0.31,22.67
32995,1.32,16.51
15605,2.95,17.36
8558,1.1,19.325000000000003
863,0.26,31.86
35758,0.44,16.23
4959,3.33,9.04
48930,4.42,21.61
37104,1.51,23.53
48424,1.77,31.92
43209,1.82,25.35
31728,2.58,16.07
11278,1.63,23.69
43568,1.08,34.11
45070,2.11,
20503,2.95,21.47
22166,2.69,
7595,1.78,26.51
7187,0.42,20.33
46868,1.98,39.51
30880,1.02,11.99
3251,0.56,16.99
8766,0.67,13.05
13153,1.93,14.2
33995,1.86,15.99
24036,1.52,16.18
26770,1.81,27.98
26009,2.52,35.6
20123,1.18,17.43
1940,1.48,14.29
38505,0.9,29.2
3276,1.59,33.78
6913,1.46,19.1
45022,0.2,20.66
47076,1.09,22.09
49477,3.13,22.55
16911,0.73,30.8
27010,1.74,
25915,1.47,42.95
35571,3.04,27.88
17178,,31.83
46689,1.42,21.5
9494,1.94,23.13
47908,1.79,16.67
39631,2.9,18.11
2019,1.68,38.4
8226,2.73,21.08
6093,5.07,93.59
19629,1.28,25.08
26313,1.49,19.65
140,1.73,32.74
19614,2.73,76.95
35139,3.19,29.36
21440,2.95,24.61
18378,0.84,34.09
19128,3.64,30.31
17960,0.86,26.35
42227,2.98,18.13
9490,0.97,2.43
47185,3.55,94.79
39927,0.6,28.8
45178,1.66,10.08
47511,2.0,21.4
23016,0.64,20.28
7968,0.39,18.45
12620,1.27,32.25
9721,,75.38
44266,,23.95
24305,1.37,16.23
46513,2.52,23.73
11949,1.06,
14360,0.86,33.91
6105,1.1,22.71
10608,0.58,33.88
10362,0.72,
1350,0.42,26.36
12727,0.81,24.92
29696,3.08,15.18
30023,1.46,30.14
2887,1.94,22.33
12902,1.08,37.27
27174,1.69,24.63
11551,4.31,71.18
37207,1.02,26.19
48770,1.35,17.19
11842,1.23,16.74
22662,1.61,32.71
37272,1.15,14.9
39181,2.03,12.21
4441,0.38,49.1
40941,5.01,79.22
49409,3.58,
31778,2.69,33.56
37858,7.5,89.98
21001,3.67,41.68
17921,1.39,
17957,1.75,6.72
33573,4.29,81.0
43775,2.12,28.03
31949,2.28,25.56
6451,1.09,29.9
3318,1.47,36.3
45421,1.44,24.79
49639,4.91,79.58
1447,0.33,17.27
12132,2.77,16.56
12759,1.45,34.84
3447,2.76,65.37
7078,2.28,27.79
33688,16.86,15.92
619,,32.78
26042,3.71,82.38
46021,0.65,18.21
33060,2.04,15.42
45909,0.89,25.85
19829,5.76,80.4
44082,2.95,15.17
12196,3.02,59.73
44692,0.96,29.52
12295,1.56,32.09
41180,2.69,23.48
31839,2.58,14.38
5285,1.95,18.22
11921,0.71,20.92
24562,1.0,26.84
24462,0.54,21.14
27521,0.96,26.57
6310,1.76,12.6
7101,2.45,19.63
34652,0.37,15.7
29651,4.22,87.12
10472,,14.79
36319,2.04,18.11
29016,1.19,6.7
21531,3.1,21.71
31352,2.07,23.63
37245,2.69,27.26
30863,1.43,
39655,1.03,20.73
28424,1.18,
2469,1.11,21.45
16880,4.59,88.19
44813,1.04,14.69
5490,2.25,66.11
4229,2.14,31.08
40414,0.87,10.39
1283,1.41,
6982,,12.22
33586,2.59,26.28
38853,1.18,19.91
6056,1.22,
19635,3.32,28.6
40964,1.37,31.2
33632,1.17,14.74
4934,2.67,15.23
46491,3.12,87.55
11592,,27.44
4343,0.45,15.76
38858,0.31,24.76
22887,1.41,19.15
22395,4.4,19.1
3902,2.14,14.25
33307,1.88,16.88
43616,0.77,20.63
45927,1.8,22.599999999999998
36143,0.53,15.83
2217,2.78,11.33
39365,2.25,28.95
46177,3.95,25.61
23586,0.6,26.2
20936,1.49,
31525,1.65,19.88
17927,0.88,16.05
26466,1.96,19.19
36160,2.06,23.33
17330,1.23,
9290,1.25,26.57
21567,2.4,24.08
7716,1.49,20.8
10547,1.21,12.93
2514,2.07,20.26
26909,2.49,30.97
30120,2.02,89.68
41070,2.89,24.28
25897,0.48,29.56
32741,1.63,19.49
15785,3.12,5.89
2884,1.52,31.62
45925,1.24,28.54
22544,0.8,32.48
28330,4.99,79.72
18890,1.68,19.39
15377,8.25,78.22
27692,1.63,16.9
49184,3.1,79.5
38110,7.17,65.78
26541,1.05,20.71
27283,6.39,90.68
30411,1.34,15.95
24775,2.12,20.21
47603,1.11,16.09
20895,1.27,32.41
49601,2.86,17.43
681,0.85,20.24
42407,1.9,46.05
13971,1.45,
49018,2.08,20.41
39564,1.71,16.68
8712,1.15,24.68
22767,2.71,15.02
45350,1.65,31.78
29969,0.69,6.35
34214,3.58,76.9
5665,,12.15
7491,1.42,24.91
11937,0.56,6.59
30751,1.13,21.98
42033,1.79,23.46
40194,1.02,29.01
35567,1.75,19.11
49771,1.36,22.5
1378,2.11,10.93
18818,0.56,27.68
6546,3.57,26.28
47528,1.13,18.84
11527,0.35,26.83
13745,6.91,79.74
38082,2.04,27.72
37760,2.47,
24682,1.76,17.84
37567,2.08,21.2
42470,1.6,20.63
15912,1.34,15.47
28698,2.83,23.0
15677,1.87,16.82
26754,1.48,24.96
17227,0.82,18.46
13565,1.26,18.73
15592,1.32,30.33
41274,0.61,26.58
3383,0.23,29.05
1617,2.21,38.56
4076,1.9,20.43
13298,2.7,19.46
29635,2.81,80.05
32184,,
43931,1.09,18.94
3016,1.94,85.83
42324,2.67,26.5
16325,1.16,43.32
12096,0.96,31.31
38940,2.43,20.77
44256,0.36,25.05
44274,4.2,17.59
40424,1.29,21.19
33870,1.01,23.4
44561,0.82,
49213,0.6,12.6
47924,,83.45
22065,1.2,15.08
20681,0.9,20.43
3784,3.8,34.38
49707,,15.25
25045,1.47,23.49
15555,2.7,25.34
1830,,23.43
10803,2.9,16.84
32138,3.27,19.68
23004,1.39,27.19
6881,2.21,15.77
42624,2.91,21.07
2642,1.47,22.97
36574,3.36,85.59
43538,2.88,25.25
34243,0.56,23.92
43127,2.13,17.62
14,1.17,18.68
37316,1.33,22.3
36759,4.17,
35393,0.59,30.49
32135,1.78,28.16
43889,1.25,15.41
37917,1.99,31.62
48979,2.71,21.29
6828,1.04,16.7
21114,1.18,31.06
30071,1.97,23.19
464,1.31,
7493,5.1,81.32
31315,3.22,0.69
16587,2.1,25.19
38272,1.67,17.8
12917,1.66,
29115,1.56,31.57
30676,3.97,18.83
29422,1.1,19.98
30456,1.06,34.39
5981,4.2,84.6
29116,2.04,21.61
24633,3.74,28.52
1595,0.15,25.79
6097,0.45,12.92
743,1.34,26.51
23816,0.49,13.96
9311,7.13,73.29
17549,2.81,21.97
7118,0.59,13.58
31174,0.78,32.06
22416,2.23,10.28
17393,0.33,31.21
32846,1.56,9.6
43754,0.81,12.93
41176,2.23,7.14
29660,1.31,21.78
6588,2.6,13.14
935,0.62,32.56
49281,2.36,22.65
31382,1.55,14.32
9925,2.23,
5979,1.37,22.93
11130,2.56,33.4
9844,1.51,24.31
17978,1.88,16.64
3050,0.69,20.06
656,1.64,7.6
17446,1.4,15.65
6428,0.99,32.76
27605,,18.93
45935,3.75,82.47
46538,1.49,22.78
9183,1.02,16.47
15182,1.46,26.7
33610,2.68,32.38
5813,1.16,20.63
45351,,
39341,2.71,21.81
37934,0.69,
36184,0.42,15.83
24209,0.46,7.27
44925,0.88,
3817,0.72,20.96
44560,1.15,33.36
21233,2.75,26.72
41825,1.79,0.39
26950,0.71,25.52
20121,4.18,
2077,0.6,26.58
7501,9.600000000000001,29.41
28713,2.43,7.21
27023,0.79,36.84
5175,1.44,23.06
2935,1.53,20.23
5368,1.3,21.17
15975,3.27,28.62
38006,5.79,18.29
23314,2.2,24.15
6592,0.63,7.29
44595,0.9,21.5
13663,3.29,94.41
19140,6.56,70.01
15204,1.46,23.5
40559,1.22,30.96
47230,2.39,20.09
34794,1.08,10.97
18169,2.14,28.7
44677,0.9,22.9
104,2.4,36.9
21640,1.56,25.77
2775,0.65,31.56
39017,2.67,28.43
12384,1.1,20.2
20318,,16.75
35269,0.96,18.76
5147,1.04,21.56
14810,1.13,16.4
3478,1.17,25.17
15184,0.85,30.27
4567,2.04,
24321,0.46,28.32
49141,2.27,22.02
16850,0.98,34.31
25939,,18.62
10633,3.1,35.75
1738,2.31,11.08
46123,0.8,28.92
36546,1.06,23.29
38709,1.2,26.57
44530,0.79,28.57
14286,0.47,31.68
15325,4.44,22.17
10359,0.59,30.56
32713,3.47,27.48
42139,0.43,27.18
40948,1.28,17.0
43942,10.92,11.18
13103,1.8,29.83
24312,0.99,18.41
11689,1.53,22.65
42179,1.43,6.32
14531,2.97,34.86
40998,1.65,16.88
34357,2.04,23.59
47223,0.9,24.02
37881,,13.93
2754,0.99,18.16
4264,1.33,26.42
32157,0.81,21.6
44262,1.92,23.88
9663,2.22,18.28
34225,0.39,27.82
35853,1.17,
3422,3.38,23.7
41893,1.35,32.14
17360,1.97,29.57
13458,1.61,23.52
36625,4.1,17.09
10849,2.05,10.25
1207,2.77,28.67
8376,1.36,22.88
17088,0.93,28.25
32289,0.38,17.35
19748,0.96,27.02
16806,0.53,5.68
4199,1.95,10.49
25093,0.68,21.8
36218,0.98,32.15
22893,3.83,24.22
8322,0.9,24.68
16137,0.75,
47605,3.04,9.81
43448,0.61,28.59
10454,1.41,18.34
21496,1.23,34.18
27217,0.87,3.28
9000,,29.21
48870,2.42,24.79
3921,2.55,79.97
8812,1.05,21.62
17509,1.55,35.29
17452,4.36,83.22
47935,0.94,23.04
9829,6.42,92.05
40514,3.86,83.01
9834,2.19,16.63
47598,0.14,34.87
1611,1.35,12.16
15429,1.15,11.02
31130,1.09,21.67
25244,3.6,21.19
30778,0.21,37.18
19579,0.88,27.61
49765,3.63,
6759,2.69,
14928,,20.43
37849,2.66,23.69
13927,3.65,25.65
44685,2.37,42.91
45900,3.4,83.03
27395,1.09,15.6
23976,2.42,24.59
1388,1.05,18.84
35946,1.08,12.94
35181,2.8,18.17
45490,0.44,17.16
42559,3.06,58.35
40306,0.36,18.58
8424,0.79,
2924,4.18,88.81
36592,2.19,0.91
16207,0.65,27.55
27918,1.4,16.31
30304,0.71,20.38
21425,1.28,24.59
46316,2.68,6.17
29565,0.83,25.02
22540,2.27,34.1
39096,3.41,18.44
40762,0.74,27.32
22659,2.04,15.3
43978,1.34,16.29
34211,2.15,13.22
31665,3.51,28.63
766,1.19,24.24
41848,2.02,
11523,1.04,21.72
38281,1.96,23.77
10729,1.09,27.93
5563,3.18,17.84
37026,3.35,
86,2.74,25.74
46892,2.49,29.21
28950,0.25,33.86
12910,0.92,11.83
13170,0.98,26.86
9681,1.46,36.06
15115,1.5,22.79
23943,1.34,
23234,1.47,26.63
28204,0.89,23.02
2873,0.61,22.59
33010,2.25,24.13
31940,2.08,18.72
39731,0.56,24.43
46935,2.83,22.67
26664,1.07,39.08
4914,5.06,87.0
15342,0.47,25.72
5854,1.99,14.44
11257,2.58,35.62
20299,2.29,10.35
68,3.11,15.24
33856,2.07,14.37
9207,4.55,11.66
30794,0.28,32.76
15944,3.18,18.61
41624,,30.99
41403,3.35,13.91
3632,0.54,35.02
19938,1.22,8.85
20439,1.71,16.42
33192,2.22,32.59
44063,0.45,11.56
6925,1.92,63.375
12177,4.14,23.93
6627,1.86,18.02
13503,,23.03
49160,0.75,26.52
11605,2.15,25.68
47385,1.22,42.175000000000004
32981,0.44,14.65
35255,3.26,10.03
21368,0.73,10.95
38294,5.8,26.2
31939,1.81,13.49
30566,4.37,
48808,3.95,93.51
24201,1.54,19.26
46344,1.24,24.33
28783,0.79,24.47
11186,1.49,9.0
17576,2.44,25.37
25007,0.58,33.54
36388,1.59,25.5
1773,3.22,84.22
28483,,16.31
13037,2.57,32.68
24287,3.2,25.91
4582,1.05,11.52
24543,3.05,25.75
2963,0.93,
21937,1.63,19.46
23798,1.5,12.8
12278,1.48,23.57
33116,3.19,19.97
26604,2.29,
16173,1.33,25.21
1534,1.27,27.63
4215,,15.82
23495,2.14,28.62
7088,0.66,18.17
14277,0.77,25.79
12804,1.23,16.34
9525,1.23,20.49
5188,0.43,33.57
46395,2.36,82.27
6558,6.74,85.14
3565,2.73,
4677,0.83,11.46
6557,,24.68
43093,1.74,24.76
924,1.8,36.29
32666,1.58,9.0
8721,1.99,26.75
30727,3.62,24.37
33788,,18.85
6406,3.83,20.12
28915,1.08,30.42
43326,1.5,27.21
40355,2.56,25.86
34445,3.44,91.34
15582,2.73,18.8
24799,0.88,27.58
1818,0.22,23.32
45983,0.94,8.04
2336,4.69,80.75
22539,0.74,0.0
49472,1.17,14.81
10913,2.56,27.7
25902,2.1,17.4
40691,,16.56
23322,0.63,30.56
46434,0.75,18.82
48500,1.75,21.76
41035,1.95,34.35
32899,2.75,19.01
21775,2.86,28.79
32980,6.67,76.95
34229,2.2,38.39
18450,,16.46
7217,2.0,28.47
34973,1.2,
22994,1.05,23.37
49443,1.11,9.87
19470,2.03,11.07
24282,0.73,25.24
11150,0.89,
18522,1.84,17.72
41327,2.73,20.21
46041,,14.27
17205,0.95,4.03
130,0.52,27.73
48080,1.4,28.27
37806,1.38,17.02
29147,1.53,24.03
10856,0.33,22.43
16789,1.51,7.28
10638,0.93,-25.73
4150,1.47,28.89
32777,7.68,10.6
814,0.29,25.26
39783,1.52,19.41
8455,0.99,22.49
21815,2.18,21.62
40892,1.16,28.01
7748,,21.65
10116,1.38,28.12
16070,3.32,18.89
27344,0.98,15.63
8897,0.58,21.44
37093,4.79,90.96
5625,,11.22
31330,5.23,74.09
26432,1.14,30.04
10413,1.62,28.11
9455,2.22,25.98
21965,1.22,8.11
46877,2.03,22.06
13693,2.39,19.27
4795,1.08,21.8
34092,1.92,27.56
18856,1.44,19.64
27182,1.48,28.62
7503,1.91,11.36
31983,1.94,9.39
43767,1.11,23.875
47555,2.38,33.44
14831,9.7,86.79
24919,1.78,11.32
24522,0.39,13.85
6556,14.04,26.7
34879,3.44,78.98
11357,0.77,10.0
13701,0.67,17.82
5773,1.74,15.86
2692,2.95,
7091,1.49,4.22
40601,2.61,19.16
22403,,10.43
43005,0.72,22.48
15441,,24.74
13981,0.87,16.5
516,2.68,7.36
31314,2.13,13.07
19000,3.7800000000000002,11.62
24398,1.03,28.68
19648,1.27,15.63
3976,1.54,23.14
816,0.89,-25.92
48854,1.37,17.75
28276,1.22,32.28
1481,2.89,31.99
14511,2.02,10.91
49654,1.26,26.61
20907,1.89,26.26
41205,1.27,2.77
41965,0.68,20.38
23893,2.7,23.16
45965,1.09,17.72
27440,,27.68
4203,1.77,34.72
18075,3.79,19.36
1242,0.98,
15049,0.71,22.05
10521,2.12,30.23
3141,3.08,25.57
443,0.86,33.88
31126,3.01,10.98
19898,1.42,10.23
5652,3.0,32.15
10159,0.76,20.34
466,2.89,19.09
18056,0.92,18.67
45332,1.2,37.38
27028,1.06,33.97
27084,0.8,25.35
15229,1.13,24.66
26018,1.76,24.59
31723,1.07,33.16
31786,1.2,17.22
45318,1.04,21.07
685,1.87,19.82
13326,2.12,20.02
31055,1.65,37.77
7869,1.9,19.91
7096,0.56,12.06
36694,0.86,20.43
13041,1.68,23.16
43248,0.3,22.26
18766,1.22,20.13
12049,2.0,35.4
12309,2.86,19.9
23198,3.02,17.33
25503,0.62,23.6
25191,0.92,13.93
45633,0.81,18.78
14643,0.47,24.99
20566,0.59,26.41
19893,2.36,44.62
17100,3.19,17.25
5140,1.07,32.75
6771,1.73,3.48
14138,0.98,20.78
47289,0.87,31.04
19637,1.99,32.73
7815,1.36,28.34
25940,2.29,17.64
43143,3.53,74.63
27566,1.46,21.39
8915,2.2,26.97
1889,0.88,13.33
12095,3.84,96.51
18194,2.22,25.08
26393,2.29,23.6
29203,1.0,6.52
16879,1.51,26.15
41767,1.92,19.41
27987,2.9,21.36
39609,2.31,16.69
15327,0.34,21.6
16242,1.21,13.24
10950,1.39,25.3
30103,1.15,29.69
26074,2.51,
15729,2.24,17.99
22819,4.05,80.37
17682,0.7,27.85
10112,0.36,27.11
33526,2.31,15.74
30287,2.62,
14480,,20.41
10243,7.44,77.15
38492,1.97,23.26
34079,1.61,27.24
17399,,-87.49
17017,0.92,19.49
26793,1.46,21.82
37049,1.03,11.65
21355,2.7,30.61
4244,,14.8
3648,1.98,23.18
11637,,30.44
40382,3.13,34.88
16608,4.74,30.95
9812,0.62,28.88
19782,2.35,29.95
43687,0.74,19.24
15684,,34.55
45658,1.15,34.53
42281,0.84,57.375
34795,5.44,83.8
15649,1.44,31.65
43227,1.49,13.48
26093,2.04,1.43
48828,2.05,16.97
676,0.71,20.39
244,2.82,31.27
6334,1.8,16.34
28456,2.32,21.72
29717,1.73,25.73
18545,,27.5
36459,0.55,35.1
39051,1.43,26.75
25234,5.07,62.4
33249,1.13,37.47
32595,2.15,3.67
23609,1.91,27.43
6328,0.69,17.15
4125,1.95,20.59
30560,2.07,21.87
3123,0.88,7.7
6409,3.22,90.22
2814,1.56,37.94
34577,2.07,11.12
15865,1.2,34.0
12432,1.18,27.44
29901,1.59,29.76
7172,1.04,12.92
21128,3.03,20.84
4593,1.68,29.03
42723,1.97,
5485,,
48281,3.44,12.56
12968,1.38,22.74
30316,0.41,24.42
12665,0.42,33.05
10304,1.28,24.54
2380,0.18,4.11
13638,0.51,16.71
7346,1.27,13.71
35561,0.94,
36526,3.02,21.9
4143,0.5,22.65
3487,1.77,31.02
9369,3.65,82.43
4460,2.53,20.32
5519,2.17,38.52
20068,1.45,19.62
44747,1.1,28.02
17427,,17.24
32024,1.81,19.08
3372,2.18,19.19
41925,0.65,20.47
38581,0.57,26.7
9761,0.75,31.04
46725,0.79,25.87
26225,0.56,16.93
44394,1.95,15.51
39660,0.18,14.2
2097,7.13,93.45
18040,2.32,18.24
16465,0.94,24.74
31488,1.15,34.98
48014,1.61,37.1
16491,1.6,27.99
5744,,23.43
9469,1.26,27.47
14994,3.48,26.15
7420,1.7,28.89
31075,0.27,15.23
34015,0.79,24.36
2746,3.48,84.25
42765,1.84,7.62
42260,1.82,33.06
35123,1.46,22.63
16854,1.66,26.63
21915,1.74,21.6
27737,2.83,80.72
22528,2.43,30.27
34048,0.95,23.25
18507,2.2,22.59
30749,2.62,20.08
46079,1.86,29.01
4241,0.61,17.35
27436,0.77,67.575
32833,1.35,15.89
1618,3.29,70.17
7182,8.57,65.59
22943,1.63,28.93
10155,2.46,19.94
6722,0.79,17.5
2279,1.62,
5000,1.46,
5896,1.99,27.39
49486,0.65,22.7
38517,3.29,28.67
30142,1.18,24.88
32697,1.87,-21.6
30837,2.94,23.92
13771,0.65,27.73
2969,3.7,27.97
6179,2.65,27.2
2286,4.88,36.65
47510,1.65,26.0
40251,0.89,24.36
49399,1.07,35.6
43711,2.65,17.69
43217,0.8,23.28
10473,3.4,
9709,2.05,31.73
33933,3.35,23.79
2584,0.58,22.9
29491,2.01,
37953,1.49,20.28
35996,3.7,26.07
38067,0.71,16.4
20180,4.53,88.52
117,2.72,23.55
44971,4.67,77.63
41346,1.88,28.18
26064,1.24,19.28
17501,1.04,18.77
29022,1.23,12.37
4806,2.3,93.15
28193,0.29,15.52
4279,0.61,21.88
10372,2.37,30.45
29036,0.77,
8703,1.1,24.85
12214,4.27,81.27
38899,,68.56
13057,1.54,24.17
36046,1.61,34.33
33215,2.37,25.31
41153,1.57,17.33
4691,1.16,21.18
35745,3.08,82.39
20755,2.72,97.68
18355,1.61,
38970,2.14,29.23
41537,2.67,20.0
18994,2.21,27.61
40610,2.45,0.0
5599,2.52,18.52
18046,7.21,85.47
8156,1.81,9.28
8934,1.2,21.38
44622,1.01,22.08
29748,1.83,25.4
4922,1.55,15.68
11681,1.4,6.59
16433,2.38,25.96
3916,0.49,26.2
18254,0.99,12.31
35686,1.98,24.17
11313,1.84,12.26
8507,1.25,10.24
31393,0.94,19.79
49370,2.78,23.99
10322,1.74,39.09
32457,0.9,15.64
32650,2.3,15.39
22122,1.81,16.41
49994,,21.97
49778,1.99,7.77
39709,2.9,16.42
38328,2.58,13.94
33027,5.48,86.92
38919,2.24,15.55
39822,0.92,20.57
30554,1.48,5.62
6228,1.91,35.95
45732,1.28,25.75
16805,,26.38
898,5.68,73.99
15353,1.99,23.41
49588,,17.93
604,1.36,13.21
18324,0.51,18.61
39033,1.03,11.32
4056,5.49,
5777,0.16,15.82
5374,2.68,38.75
35590,3.34,19.35
10037,1.79,22.37
32375,2.7,94.93
21725,0.8,33.59
25519,4.17,82.12
10200,3.42,25.57
24486,1.92,31.45
18284,,17.41
18474,3.28,15.13
36781,1.64,
34962,0.99,13.2
38209,1.1,15.32
38376,1.91,23.13
21996,2.0,22.88
18678,2.64,42.21
10992,0.77,25.81
6281,1.43,22.13
8408,0.35,24.14
1831,1.7,20.74
7319,3.27,32.34
909,0.84,19.91
20511,6.37,82.32
44254,2.8,28.12
34110,1.18,40.71
17708,,20.82
30689,2.78,17.09
19007,3.46,69.86
36337,2.41,18.82
28378,0.51,28.45
42017,3.46,
1810,1.45,15.05
48185,1.03,22.16
30766,2.18,10.62
96,0.73,22.0
1977,1.65,15.65
45182,1.92,
20650,1.47,
36495,0.56,28.13
49564,1.77,23.42
31558,2.94,8.12
14822,1.6,16.13
5111,0.99,14.54
7250,1.32,
15111,0.62,12.07
36448,3.85,0.34
37138,3.45,88.61
14346,1.04,12.95
10201,1.12,24.56
29378,1.19,10.42
8519,12.34,64.99
8665,1.77,11.61
5693,2.72,27.19
41085,2.62,96.02
43225,2.07,20.82
11766,2.23,38.57
15469,2.81,35.31
37040,,16.0
38616,0.28,19.98
8528,1.67,30.51
34463,2.34,20.29
41999,4.21,19.3
6731,2.04,18.31
28653,2.21,31.39
39992,4.25,80.45
34672,0.91,20.54
16072,1.51,9.09
45409,1.68,31.49
48006,0.99,29.83
15793,1.71,32.05
4764,1.25,22.36
26365,0.8,22.16
12218,1.7,25.07
42857,1.77,23.86
1384,3.17,85.43
20173,4.44,83.55
22203,1.17,26.59
33311,4.3,25.07
32631,1.05,23.42
39374,0.47,11.13
20599,0.69,18.01
29740,0.59,30.35
11751,0.72,14.04
46965,0.5,5.09
11089,0.93,34.41
25356,1.03,18.22
38479,3.79,26.82
20942,3.32,32.39
29561,4.38,84.57
32601,2.73,21.56
21311,1.11,16.59
36367,5.11,16.23
13792,2.99,21.88
44517,1.46,12.93
8705,4.14,
1016,2.59,18.04
32438,2.12,
35814,0.3,25.45
28794,0.99,13.41
48425,1.76,20.21
8617,1.89,16.56
536,0.36,27.42
38105,1.03,13.12
21002,4.04,80.29
15347,0.47,32.76
47680,2.65,7.55
15576,3.33,21.89
31363,0.72,
43042,1.28,17.77
37984,1.6,10.22
18543,2.3,17.06
19697,2.74,18.99
32362,0.4,34.21
28611,0.71,28.36
24644,2.02,21.93
45331,3.62,36.53
44716,1.83,33.16
29705,0.43,21.12
47748,2.29,22.29
5887,1.24,35.1
47574,1.47,24.72
30985,1.49,
37331,2.28,20.82
23210,0.35,17.92
20721,8.65,84.67
13005,2.15,28.36
3967,0.67,39.53
30361,1.45,9.48
36931,3.29,25.39
17991,5.17,
17252,1.39,17.37
37039,1.21,14.63
36199,8.23,73.0
25158,3.18,19.68
14226,1.77,25.73
19248,16.080000000000002,10.57
48373,1.28,30.22
12098,0.93,26.81
44921,0.39,30.63
5973,1.15,26.06
15288,0.72,12.13
48057,2.33,23.44
7280,0.63,22.89
23781,1.69,27.66
4835,0.96,24.12
25950,2.07,24.13
40707,2.14,
13214,1.61,23.64
45330,0.61,34.22
28809,3.37,69.84
22348,4.12,25.03
44693,2.32,18.66
13447,1.25,34.7
33337,0.53,36.29
14563,2.0,17.36
18156,0.73,19.03
16166,2.42,21.78
594,3.88,17.6
2454,1.56,17.15
12507,1.38,24.62
46,1.0,20.54
18968,2.99,17.86
854,1.62,9.28
13821,4.14,31.02
30428,5.02,78.75
367,1.47,15.96
8342,2.28,18.04
47448,3.3600000000000003,15.85
12873,4.19,
12896,,20.48
8870,0.59,
37629,2.6,
43577,0.78,29.96
7590,1.93,1.76
13200,2.51,17.34
44621,2.58,18.52
40261,1.17,
18591,0.83,22.34
17280,4.13,87.32
28833,1.51,10.65
9481,1.93,15.24
38419,4.0,80.3
38580,0.74,42.02
40801,3.12,13.98
19385,6.72,88.22
11715,1.01,32.71
41964,1.86,18.73
1614,2.71,18.82
4948,2.09,24.69
27180,1.83,25.15
40730,1.25,17.63
15110,1.15,21.76
17784,1.81,16.48
39403,1.18,4.92
28201,1.61,23.1
4050,1.19,26.53
48741,1.95,15.78
40241,1.49,
26173,0.28,8.93
111,0.57,24.67
44664,1.8,83.11
36050,1.68,14.73
10258,0.96,21.97
11428,1.99,21.29
385,,17.66
4894,4.45,81.49
32467,0.82,15.73
4738,6.63,76.55
14301,1.48,
31166,0.51,13.03
35274,4.95,17.32
10495,0.77,18.64
34775,0.69,31.24
34089,0.97,10.75
348,3.28,12.23
8025,2.55,
37712,1.54,12.87
20025,0.99,20.99
35378,0.42,
10874,17.580000000000002,25.16
27977,0.47,12.88
38326,4.08,96.79
17415,1.4,31.75
21878,0.48,16.91
46844,5.27,88.12
34013,4.8,89.72
36770,2.98,29.26
42951,3.77,89.86
1518,1.48,30.01
21962,1.0,26.32
8149,2.24,16.91
1844,5.67,
33796,0.5,25.25
19991,5.41,26.18
4305,0.88,18.8
29902,6.12,94.85
19761,1.2,29.4
23762,1.43,17.41
19073,2.47,21.33
33218,2.13,36.44
46184,2.1,17.4
20584,1.6,10.28
26887,1.11,20.76
20989,7.05,75.18
47948,2.29,28.48
15243,2.6,31.1
41828,1.33,19.88
44721,1.93,24.83
34930,2.08,18.91
33493,10.36,76.38
33468,5.21,76.7
13619,1.29,20.22
28604,6.3,74.77
9887,0.81,27.28
41317,2.01,12.2
30135,3.04,77.06
14453,0.91,16.01
27616,1.66,19.47
914,1.83,24.77
28931,1.26,27.34
11206,0.53,18.1
19424,6.12,18.98
25269,1.79,46.03
33894,2.29,4.2
20948,1.08,18.43
49650,1.47,22.92
32745,0.66,18.1
28840,0.89,87.37
338,,
41218,0.63,20.33
6138,1.44,11.1
45032,1.59,23.15
37120,2.86,23.03
16058,0.97,
39075,1.8,13.9
38001,,19.07
36695,2.18,25.75
30902,1.14,30.01
23131,1.97,25.01
22437,,20.33
39729,0.88,18.45
24798,3.63,30.26
23457,2.64,38.05
7945,1.89,11.63
31181,1.59,16.68
45439,,32.36
21726,3.49,24.53
11736,2.44,43.11
36130,3.71,27.06
12931,1.95,88.68
16898,0.9,22.09
36579,3.53,34.4
36413,0.53,9.67
23820,1.02,0.0
19321,2.1,11.67
44223,2.54,20.3
9777,2.55,30.89
37379,4.13,79.81
4205,1.27,22.51
27988,3.69,13.11
10639,1.59,21.18
32594,0.93,23.57
12183,1.64,28.25
7253,0.73,27.21
2047,2.11,
18290,2.3,22.83
49545,,79.46
11959,1.81,21.32
49599,1.49,17.48
35694,2.94,88.71
48520,3.31,92.84
11421,0.97,
36317,2.12,28.98
43509,2.09,34.14
10041,1.96,17.63
35174,1.41,27.45
17184,5.75,88.26
22548,4.04,17.39
14695,1.87,21.84
49756,0.81,29.15
3040,5.02,72.3
7386,2.36,15.45
20047,2.37,14.0
25639,,17.93
5281,0.66,
38585,0.71,
23420,1.01,28.39
542,1.55,20.91
16387,0.32,21.87
5380,,23.83
25223,2.64,21.26
35701,0.74,
14034,2.02,16.82
31334,1.71,25.26
49786,2.86,1.48
17317,0.52,24.58
35741,2.1,
46812,2.56,34.02
43169,1.54,22.4
36678,0.49,31.25
28070,5.51,
3821,1.74,19.71
7884,2.01,
1523,14.22,22.89
33590,1.59,14.92
20148,2.16,
16831,1.36,23.02
44021,2.17,10.0
8350,1.54,
49316,0.57,
45535,2.94,13.05
38113,2.43,25.76
3096,2.68,26.68
8496,2.33,80.51
22378,4.86,11.47
27535,1.12,24.28
38975,2.01,19.86
16940,1.8,17.78
29618,4.54,27.08
36992,0.33,14.35
1213,1.5,39.52
20522,0.67,17.52
13789,2.51,33.07
28947,2.98,26.76
25802,2.15,25.17
18874,2.53,34.27
18313,0.49,
29926,1.55,16.41
30851,2.27,95.9
47658,3.26,6.1
14040,1.16,34.69
33696,1.49,32.43
16746,0.92,20.89
37050,0.54,23.27
23026,2.21,
29001,8.37,88.38
18971,1.18,13.17
9202,1.26,23.62
41858,0.41,18.69
9766,2.12,18.34
46281,1.03,11.9
41240,,37.38
43376,2.08,39.94
42810,1.86,8.4
31305,0.92,10.45
41057,2.15,24.1
22046,2.53,8.32
3982,1.02,19.53
19577,,26.78
9360,1.92,19.63
41888,2.43,27.07
33605,2.43,18.72
1597,1.0,15.41
9661,1.37,22.73
7948,0.87,22.08
39142,1.21,19.95
30057,1.04,3.39
17239,1.47,21.59
30887,2.12,22.88
24349,1.22,23.22
3775,0.94,11.08
2768,1.13,24.84
1681,0.88,24.81
10188,0.98,23.36
38171,1.68,27.95
18188,0.79,7.78
45824,1.98,25.07
38668,1.99,9.86
25418,,23.68
42258,3.1,24.17
7911,2.31,26.31
33243,1.91,22.15
36203,1.12,29.5
11036,2.42,34.91
35349,0.98,9.69
38714,0.89,17.14
9710,1.03,34.9
41598,1.54,19.85
24843,3.81,14.1
43366,3.96,24.41
29916,2.09,22.15
17553,1.13,15.54
19669,1.78,14.2
29287,6.11,68.3
46086,1.2,23.22
618,2.73,79.85
49232,,20.73
22737,1.24,20.86
8594,3.41,41.2
44168,2.26,15.97
37401,1.55,36.75
22073,1.48,26.09
19964,2.94,2.66
19860,2.22,22.22
30565,1.38,12.71
32417,6.8999999999999995,29.62
25730,2.2,
36371,1.65,23.76
32731,3.83,81.48
32799,2.28,14.89
8755,1.7,36.88
16519,0.91,10.92
30109,3.16,90.42
16104,5.48,98.34
28799,1.39,37.18
10735,3.34,36.3
2712,5.56,62.59
47202,0.82,19.98
6582,2.49,32.03
47793,2.38,25.8
22919,0.84,18.25
10279,2.79,
25088,2.41,23.72
33752,1.16,17.46
16281,1.72,21.21
35583,1.4,26.2
11919,3.38,86.36
33956,6.82,74.2
31961,2.75,
46044,0.61,36.5
43948,2.1,24.61
31043,4.72,20.42
1846,2.75,27.63
20009,0.55,20.73
45012,1.83,19.25
33985,0.53,24.04
2034,3.39,84.94
21310,0.88,18.45
31304,0.85,11.34
30505,1.8,35.48
24469,1.29,34.42
6357,0.48,28.99
44235,2.32,15.46
8287,1.17,10.54
28741,1.54,28.64
16881,3.72,28.29
15552,1.27,25.08
16333,1.19,18.07
9374,,16.98
28622,0.38,15.64
30579,0.99,25.91
21923,2.39,22.72
35546,2.53,76.51
18443,2.09,19.53
31680,1.35,17.6
14840,0.87,9.75
41693,1.07,13.96
11255,3.07,31.77
38085,1.39,8.97
39120,1.64,
3358,2.68,19.5
45937,1.99,11.52
31748,2.06,95.07
9012,1.18,26.0
15635,1.58,18.21
10094,0.74,23.46
11240,5.95,9.8
25752,0.94,13.59
7057,1.29,29.17
38981,3.01,23.88
10996,3.34,22.17
6506,2.94,
12884,1.28,2.47
16668,0.67,24.81
9998,7.36,90.97
39442,1.93,27.81
10609,1.9,29.74
43403,1.3,16.67
34200,2.49,27.22
19843,0.51,27.03
25446,1.72,
32763,1.98,
44656,3.74,76.62
11965,0.29,29.52
6088,0.96,16.16
47109,1.96,29.31
47997,1.38,34.39
32415,1.45,12.42
37566,0.79,14.69
44885,1.31,23.03
41303,2.01,9.02
33627,2.58,24.08
8526,1.87,24.32
19994,0.95,22.92
9159,3.32,19.02
21932,0.81,17.95
7950,2.01,0.0
9225,2.54,27.95
39196,1.04,
49546,0.87,20.68
8796,1.19,30.08
23279,1.56,28.34
32783,2.19,19.69
5895,0.7,28.18
1650,0.97,19.41
372,1.98,25.23
12474,0.99,20.6
11610,1.89,9.43
45389,2.6,15.64
18511,,18.5
31357,3.66,35.82
3286,2.1,
37322,2.31,
43579,0.83,35.14
49950,4.19,27.93
27080,1.97,16.93
35394,,26.83
13735,1.82,23.47
12402,1.33,21.7
6356,0.6,18.78
18275,1.13,22.07
35629,5.18,78.35
14537,9.36,29.22
8086,3.16,20.39
30589,3.45,20.21
49928,4.91,78.17
6999,1.27,24.62
25863,0.75,26.12
22411,1.59,21.11
25606,1.23,25.78
3307,0.64,24.61
49755,1.01,39.32
23022,0.23,13.4
34174,1.51,18.82
3332,0.96,20.23
38103,2.67,9.25
18425,7.1,74.89
19434,0.44,15.41
35885,5.7,
12052,2.29,12.46
29876,2.58,20.43
21014,4.47,85.74
35848,1.2,18.67
44323,0.85,31.03
10434,0.61,7.55
2445,2.44,20.78
7208,1.61,36.95
42119,3.65,11.89
35717,0.9,23.69
18458,2.56,36.92
8394,1.42,29.98
2954,2.76,
26469,,24.22
17081,1.7,28.22
4112,1.51,23.25
37194,1.23,
15568,1.53,7.63
21092,0.63,24.07
20154,2.05,8.71
40575,0.88,30.75
3131,3.03,25.55
17532,1.07,12.96
32898,1.64,29.01
26485,3.94,25.25
19810,0.68,27.01
33342,0.93,30.04
17583,1.9,44.23
8436,1.88,28.64
19535,0.63,19.05
47801,1.06,26.76
38133,1.5,21.17
18356,2.77,23.21
20147,,20.11
39047,0.94,25.53
32611,1.3,19.82
20952,1.61,22.76
26381,1.97,18.82
20002,1.03,25.56
42163,1.29,34.89
39754,0.89,24.59
39008,2.21,29.78
7446,0.44,12.24
31322,2.99,92.76
21642,0.57,19.73
8659,0.21,17.83
16545,0.35,13.73
31913,1.14,33.13
31624,0.42,
3024,1.8,20.1
33728,1.2,28.42
20364,1.7,89.32
29085,1.42,21.88
16732,4.4,7.27
23506,1.88,
7795,1.22,14.93
48820,1.76,23.48
3174,0.77,15.54
19521,1.59,14.0
18924,0.38,15.84
30367,1.67,19.8
46590,3.12,18.27
40264,,17.05
48814,1.81,17.98
94,3.18,
22890,1.16,21.72
29258,1.29,9.05
6253,3.31,21.31
43173,2.42,78.76
43221,2.43,20.4
3937,0.76,25.8
24217,1.42,23.12
37884,1.08,10.23
24737,8.39,78.54
44711,0.26,5.97
44497,1.18,19.1
7442,2.43,13.76
4653,2.18,
27418,0.85,26.34
3476,3.52,17.32
37157,1.94,22.84
1978,0.33,17.58
14238,2.79,35.4
31837,2.99,81.88
18093,1.22,
44798,1.03,25.93
9976,1.32,30.78
23088,1.33,
40539,1.13,18.84
13588,2.51,15.89
12283,0.8,29.11
28606,2.5,15.17
45065,1.98,32.25
33897,1.25,18.74
8825,1.47,33.3
46109,1.32,28.3
29496,1.53,20.84
13439,7.54,100.0
32260,3.05,18.26
33659,3.66,24.97
27378,1.4,21.63
48516,0.28,31.5
24204,4.23,21.21
34264,3.14,27.74
29697,3.14,21.57
12811,1.06,23.11
31660,0.84,
16374,3.59,24.65
41018,0.92,29.7
43031,0.85,30.51
25507,1.14,23.31
25968,1.5,27.62
10885,1.07,14.19
23525,0.57,14.37
32524,1.41,20.51
32238,1.48,
44079,2.51,30.29
11248,2.18,33.65
8223,0.84,8.8
46562,2.41,14.09
24091,2.75,11.21
17294,4.37,27.1
40777,1.4,20.19
7519,1.24,14.2
35990,4.82,24.81
45493,0.83,32.34
31809,1.06,20.75
48629,1.86,19.88
22993,1.1,30.54
41876,0.5,9.55
20533,0.99,19.74
296,,24.73
30551,1.52,27.15
42366,0.75,14.44
48943,2.34,18.58
16480,2.02,25.95
45661,5.63,93.99
8107,1.91,33.61
20170,1.27,14.35
26264,0.62,21.54
35182,2.03,16.14
44067,1.16,14.42
5299,0.73,7.58
44322,3.16,19.23
6583,0.8,15.21
45328,0.81,10.82
43048,1.97,32.59
4411,1.29,34.82
37081,1.27,23.24
10731,0.69,13.95
46076,0.89,32.33
45028,3.11,14.2
5913,1.73,11.28
46551,5.93,97.34
890,1.26,17.17
460,0.77,26.8
17007,1.07,23.24
1968,1.54,7.32
34587,2.28,21.45
31437,0.73,22.76
2894,7.42,89.67
47368,2.06,18.52
37179,2.27,33.6
29630,4.69,36.77
31904,1.12,19.14
4857,2.36,7.4
19074,2.34,20.22
408,8.18,75.51
31596,1.32,7.63
19395,1.77,27.32
12548,1.56,78.85
31963,1.84,100.0
13932,3.05,16.78
15338,1.08,26.77
44435,1.47,8.6
30028,0.59,29.27
24289,1.2,14.93
22777,3.79,19.07
33847,2.14,
41809,1.92,31.92
1100,1.56,29.32
37717,0.58,19.61
16418,0.78,21.13
46992,4.52,
21007,1.67,34.65
38428,1.09,13.86
4072,0.99,
2721,1.07,16.81
8269,1.67,15.15
17940,1.45,13.48
16018,2.14,27.25
8844,2.88,12.92
20643,1.72,
35093,1.4,22.15
21931,2.2,20.09
48378,1.31,19.56
32628,4.1,31.19
27930,0.22,22.93
44110,2.43,25.69
16317,1.73,60.68
43498,2.96,26.73
31538,1.44,23.73
41045,1.55,
10302,1.37,31.43
3681,0.93,
29649,0.46,32.19
29519,1.79,18.95
29050,0.98,18.01
21570,1.57,27.2
22347,1.39,23.56
22652,0.77,13.68
46364,3.8,91.61
49856,0.42000000000000004,8.82
48977,4.09,15.44
43656,4.77,100.0
47386,1.45,8.06
32433,1.12,76.27
11243,1.84,29.89
11513,0.76,22.88
47148,1.72,
28846,0.77,27.6
27361,2.78,19.21
39630,0.74,21.15
30060,0.93,20.16
28002,1.45,24.94
2408,2.94,
46256,0.49,30.68
8623,0.7,28.52
3090,0.64,29.28
27933,2.23,8.5
12954,0.99,25.38
24189,1.68,50.525000000000006
43470,2.39,20.27
17881,3.37,69.23
30209,1.5,
34692,1.55,23.98
41163,,90.34
18881,1.26,22.24
17637,1.68,29.75
2026,0.73,24.2
19647,0.94,12.97
38493,1.74,0.75
42683,1.52,14.6
18411,1.4,16.54
46481,1.88,18.79
31876,1.1,23.32
38359,3.39,23.66
43068,4.21,
22620,2.2,26.18
36139,1.38,21.38
17968,1.37,21.26
40315,2.26,32.11
39447,0.49,30.86
30535,1.82,17.11
19076,1.47,34.58
9548,0.12,23.7
11964,0.71,21.65
20456,5.79,79.19
35406,3.0,88.49
2312,2.5,
49602,1.5,21.69
30311,3.29,22.48
41229,1.82,27.45
24395,2.56,37.14
44842,3.57,18.57
15882,3.78,80.4
31142,0.14,34.7
14768,4.31,19.97
40013,2.37,67.13
11245,1.77,16.47
33711,1.97,22.57
35896,,7.8
3401,2.8,26.26
4383,1.37,13.74
34268,2.0,23.35
12184,1.96,31.59
28420,0.95,42.11
41752,1.16,
9263,2.34,23.77
24082,,21.96
4108,2.22,17.51
5859,1.1,15.51
3935,0.65,22.21
38191,3.05,28.27
48684,,29.09
21664,2.16,28.73
7458,1.23,13.9
11432,1.61,
43456,1.29,
33548,2.34,14.98
18838,2.74,20.54
21495,0.45,31.1
399,2.08,34.41
18203,0.65,12.14
27065,3.0,10.21
5628,2.41,18.8
14638,0.19,27.98
38655,1.11,23.9
851,1.91,30.29
4186,1.59,15.75
46810,2.76,18.88
36749,0.26,30.53
15470,1.36,20.66
23878,1.73,24.15
32045,,30.98
6419,8.08,85.46
13502,2.11,20.54
10637,0.54,14.15
486,4.43,89.44
23456,0.92,35.73
4206,9.84,21.76
21935,1.7,24.84
31510,1.12,18.35
44129,2.62,33.55
28067,7.9,
47921,2.03,28.34
26270,1.76,20.1
40071,0.33,
7299,1.59,33.06
45817,1.9,12.91
24043,1.88,6.14
32808,3.92,13.12
15171,1.4,22.82
12025,1.38,16.37
25344,6.42,97.86
47653,0.98,24.97
20303,0.73,5.0
3470,2.0,22.09
14291,1.61,18.54
5999,0.98,58.8
23199,2.23,22.25
19708,2.83,31.37
43815,0.69,21.53
21116,,12.89
44041,1.81,9.27
12921,0.91,18.44
47890,2.27,25.72
14913,4.51,82.89
26318,1.25,20.17
42882,2.03,21.94
11983,2.14,8.44
18481,0.97,14.63
26599,5.64,27.0
2793,1.8,25.54
47095,0.62,15.49
43240,1.72,21.24
36605,1.54,28.02
37427,1.29,26.97
45451,0.26,21.26
27259,2.35,21.38
4734,1.11,17.09
27564,,27.03
20505,0.67,19.82
42074,2.26,22.09
40729,3.59,82.57
23953,2.87,16.65
24488,0.71,20.08
19889,1.33,24.55
5371,1.46,30.36
13632,2.11,41.93
37682,2.43,14.42
29306,1.42,21.19
21947,0.39,25.65
17290,1.07,25.37
34326,0.74,17.38
19573,3.52,8.75
49099,2.82,18.24
10568,0.87,23.03
21829,1.85,80.73
41207,1.38,23.47
49743,1.67,24.19
43934,3.66,17.39
41601,5.46,
45198,2.27,24.31
39502,2.03,38.32
6649,3.1,8.22
24271,0.72,17.03
14319,1.56,56.075
30601,1.09,15.65
38530,3.54,12.99
46575,3.51,31.16
20442,2.44,16.07
25929,1.17,28.15
21592,0.49,25.34
7574,3.28,90.71
29848,1.19,11.21
8338,3.37,21.8
31311,,19.85
34199,0.83,22.19
3359,,20.65
34856,1.26,25.53
11122,4.3,81.53
4838,0.72,18.34
20226,0.97,11.17
35486,,19.85
14594,0.7,14.11
45795,1.17,25.26
10261,2.09,29.47
11157,1.9,19.97
46127,0.32,
900,1.98,27.99
21094,1.92,21.83
24902,0.56,18.98
36515,0.94,17.9
10121,1.15,33.78
457,0.38,3.97
38024,2.23,22.02
34130,2.08,11.99
44233,2.03,17.69
22649,1.7,18.32
33343,2.55,-28.84
35872,2.07,18.52
7328,1.35,21.92
39808,1.65,27.42
479,1.84,5.03
18096,2.01,
22797,3.68,
19886,1.44,12.02
17738,2.37,37.87
4862,0.83,24.37
33735,2.02,
47035,3.44,77.51
41578,2.14,16.61
1298,0.56,19.29
28370,1.18,16.31
41979,1.03,18.03
45062,1.9,26.05
45402,0.44,19.98
18562,0.66,13.64
43961,2.21,30.86
17271,1.93,8.88
982,5.37,80.27
49536,0.69,24.33
2888,1.82,20.31
33309,1.65,31.47
44157,1.98,20.37
2307,1.1,
14271,1.39,15.56
33861,3.5999999999999996,33.31
25516,1.06,9.01
18705,1.41,17.61
10075,4.03,88.05
42918,,20.5
4429,0.77,34.86
25277,3.67,22.54
35749,0.81,24.62
33400,2.75,80.61
274,1.45,26.46
41172,2.51,11.28
42338,3.99,75.23
37338,1.53,18.24
48218,3.04,75.22
9966,2.34,18.04
32143,4.74,62.12
15007,1.62,30.17
36899,1.69,66.10000000000001
42494,2.39,20.42
48012,2.28,19.0
35494,2.49,30.96
39163,0.99,10.86
47468,0.75,25.26
15797,1.63,20.12
27514,5.38,23.7
1581,1.06,18.6
30750,2.9,36.34
22655,2.18,14.8
45752,2.52,-33.18
5472,2.27,12.8
14714,0.75,36.89
44166,4.25,21.49
33236,3.23,95.4
46227,2.76,19.48
44177,2.05,38.3
13824,1.63,14.02
36981,1.42,2.88
5229,,15.9
36964,1.76,24.43
12630,1.95,22.83
33554,2.18,
29607,1.75,24.48
5190,1.72,13.62
30714,1.79,19.82
7756,4.96,20.88
21123,3.53,71.39
6052,1.59,20.68
11033,1.15,28.5
48195,1.88,20.16
23984,1.12,16.79
1008,2.62,30.71
48539,1.58,20.25
2326,2.47,22.94
16537,0.8,22.83
45618,2.24,28.12
48758,0.68,25.38
19420,2.47,6.2
19816,5.41,75.5
209,0.79,
40747,2.48,20.43
36344,1.4,19.82
33283,2.29,35.77
45542,2.04,13.42
33668,2.4,10.78
26563,0.74,17.38
21005,0.28,28.59
7151,1.33,16.19
25815,1.85,23.5
39073,3.01,
4552,2.97,15.84
978,3.69,19.46
10139,2.49,10.37
7373,0.84,19.01
38832,0.69,18.01
32406,1.64,
27913,2.24,31.16
28681,2.0,17.04
40361,0.99,26.85
8251,1.58,25.93
27947,3.46,19.98
36322,1.68,
27189,0.54,19.33
10845,0.83,26.94
22321,2.28,23.12
37745,3.32,86.81
34708,0.72,12.49
20162,6.6,81.79
5678,0.57,17.46
38247,2.33,23.81
14777,3.76,17.35
1457,0.75,16.78
46496,5.77,78.03
12403,1.92,14.56
46463,1.28,12.46
7947,1.06,26.86
42275,0.7,9.17
19802,1.35,28.07
15259,1.36,34.8
38536,1.15,24.04
33163,3.81,19.33
31470,1.03,
30600,2.94,20.48
24185,0.34,-9.1
9357,0.96,16.05
44488,3.27,21.48
28677,4.79,30.33
23474,1.71,20.27
19939,0.34,19.07
6053,5.25,79.42
12486,1.78,20.13
3968,1.36,12.47
34073,1.86,5.78
14140,1.41,16.86
16060,1.96,30.83
20864,0.72,0.0
14063,1.41,26.01
17652,2.57,86.74
32263,1.84,87.88
46462,1.74,10.81
34954,3.7,81.57
8693,1.94,18.63
7775,5.96,87.76
39227,0.91,12.29
26153,2.48,30.33
48593,1.9,6.94
24962,0.87,23.03
18228,4.89,98.11
8492,,25.85
47876,2.12,20.41
6969,0.95,18.71
146,0.88,13.77
15208,3.26,90.93
45903,1.25,14.44
15362,0.43,24.6
17814,3.67,18.73
7300,1.89,75.45
48437,0.87,6.76
42925,7.74,244.25
34453,2.02,
20678,2.27,13.88
1203,0.98,21.13
31157,4.09,26.26
5769,3.18,23.89
44609,1.26,24.66
48881,2.2,
42541,1.83,10.52
29852,0.63,16.28
17401,1.2,23.32
14117,2.81,23.35
3930,2.46,26.47
33151,0.67,18.12
39584,0.95,24.48
47800,0.61,33.43
1002,0.41,22.74
27444,2.39,16.98
10069,1.2,99.39999999999999
33574,0.71,
17000,1.11,
37128,1.05,21.81
26301,1.01,41.17
49186,1.81,21.44
32099,0.68,4.54
38686,1.31,24.46
35005,1.84,36.72
4322,0.2,13.75
48440,0.9,82.27499999999999
47310,0.26,30.93
26869,3.94,13.64
41052,6.72,89.1
38778,0.84,29.27
34114,2.54,18.4
30706,3.56,74.64
49986,0.33,33.82
5926,1.63,16.29
10416,0.91,21.46
35903,6.57,88.39
49358,1.8,28.15
4171,3.77,
31540,,13.24
10217,1.7,12.24
40014,1.36,24.54
9131,0.47,32.97
9307,1.83,13.35
37783,1.16,25.52
34432,1.78,29.36
20629,4.02,81.59
6630,2.35,9.41
25237,4.97,91.07
49752,1.72,29.64
32749,0.33,28.96
20996,1.39,20.11
18457,1.05,23.52
47618,1.34,27.21
36262,3.8,28.95
44600,3.67,29.89
30186,1.52,18.44
8770,1.03,34.0
43219,,25.66
31040,2.39,31.150000000000002
1137,2.76,0.0
19195,2.09,30.51
44995,1.28,16.73
13299,9.18,24.97
38298,1.0,
28546,5.28,91.35
7227,2.08,31.35
48033,0.94,25.82
7751,5.31,66.12
18428,6.37,97.48
22235,1.23,33.92
48661,1.66,21.96
19179,3.91,
14332,0.4,25.67
28586,0.81,32.7
10157,1.93,13.15
15122,6.51,83.69
30859,1.55,28.64
36778,,85.57
14106,1.93,23.02
49951,1.85,25.86
40779,0.09,29.09
42497,1.83,18.14
17858,1.41,76.17
28048,2.4,13.5
22177,1.55,17.04
22803,0.47,29.67
39506,,76.56
39948,2.45,18.65
32462,1.38,12.12
34156,1.86,19.52
24625,1.8,21.9
3907,1.63,
28790,2.63,
48950,,11.87
22684,3.05,21.37
38169,0.99,24.82
11889,0.76,22.57
42983,0.74,16.59
10335,0.31,39.07
42493,1.89,20.14
16209,1.52,18.58
5194,1.93,11.76
18638,0.84,18.48
41415,1.38,26.67
32301,2.62,23.8
37090,4.68,69.56
14859,1.64,27.77
16454,2.09,20.79
32886,2.53,24.37
20534,0.65,
4587,2.46,22.19
27583,2.61,30.95
241,1.71,4.025
35944,2.93,20.95
28806,1.16,16.48
13418,2.39,11.12
12168,0.85,24.53
39336,1.18,26.05
28756,0.98,21.56
30594,0.57,38.17
7089,1.55,12.96
48492,0.94,21.42
38914,0.71,17.82
46637,,19.21
47502,1.18,23.16
49125,1.57,18.47
40970,2.8,18.25
18721,1.47,15.94
23652,2.55,20.74
28627,2.11,
6520,1.74,18.95
49888,1.22,23.68
42430,3.45,19.03
20109,1.54,18.7
14675,1.15,25.2
14644,1.08,
645,4.91,84.51
32322,2.72,30.32
7136,0.76,12.0
20117,2.71,20.77
9938,2.86,19.41
8998,2.32,14.96
17621,0.79,19.81
39132,0.79,20.55
9196,1.79,24.75
14909,2.73,29.14
29062,1.35,87.74
4842,1.61,5.85
27758,0.71,24.05
45117,1.71,17.3
5839,1.15,38.82
12715,1.68,15.31
3714,0.33,15.74
9936,1.78,26.98
39560,2.11,17.1
46648,1.21,29.09
44007,1.81,28.87
46870,1.12,28.24
21785,1.06,15.08
43888,2.07,21.99
45324,1.85,18.54
16453,2.16,91.31
41783,1.22,9.18
19730,2.46,20.58
49500,2.46,24.22
31220,3.33,19.71
49738,1.25,12.45
8343,7.56,61.96
20114,1.98,
47857,3.75,18.23
17424,6.27,69.19
10676,5.82,77.04
10539,3.3,29.28
41394,3.29,
18970,1.12,18.16
17873,3.08,
43399,0.58,28.42
14110,2.47,20.25
17752,,11.23
39589,0.62,15.17
48232,5.24,20.15
22880,0.95,10.64
41425,1.79,22.22
18935,0.89,12.92
10628,1.54,17.35
23316,1.05,6.97
2877,1.12,16.71
49287,0.61,
26881,1.41,17.19
7354,2.98,32.48
5966,4.82,90.13
41509,2.08,0.0
18735,2.93,28.82
27775,0.65,25.53
24621,0.64,20.54
25861,0.31,28.02
892,0.26,30.14
45124,0.8,20.45
43734,1.59,28.63
1046,2.17,22.39
32002,1.09,11.43
6846,4.81,74.29
11006,2.45,20.96
1741,2.25,32.9
6378,8.78,78.2
40608,3.32,18.95
42326,3.51,15.52
34556,5.58,78.38
7636,2.0,9.43
49203,0.55,
13931,0.49,29.63
31441,1.06,17.32
8058,1.8,17.55
47561,1.16,26.42
4286,,37.24
187,0.93,22.71
30202,4.58,73.17
46695,0.79,18.38
9286,2.53,31.38
23189,2.94,31.6
6915,2.64,40.37
12209,5.22,26.32
38555,2.38,14.97
37268,1.1,30.46
17034,5.1,23.83
7315,2.28,20.56
32382,,23.82
47895,1.57,17.73
12513,0.98,57.55
24847,0.91,11.77
8159,,84.81
26660,0.98,23.59
41134,1.01,10.45
31874,1.45,38.57
40156,3.16,15.69
29917,2.58,18.76
13892,2.73,15.36
22959,1.21,15.65
43659,,
10926,2.49,22.47
17743,2.13,23.04
46480,4.55,28.64
36475,3.12,11.76
38301,1.1,29.41
34933,4.33,75.8
18703,,20.51
28872,2.71,15.07
30530,,15.6
37868,3.86,31.68
9299,1.53,34.79
23941,0.37,30.53
43675,2.31,79.75
44843,0.63,8.81
9669,0.86,26.71
11184,1.99,26.93
24472,2.25,20.71
11578,2.55,25.53
28520,0.54,29.11
28459,2.02,24.39
42255,0.82,7.15
17602,1.95,36.66
32834,1.46,26.62
19914,0.81,14.37
34968,1.23,21.33
22074,0.71,24.46
4139,1.79,14.15
6772,4.5,30.0
38202,2.48,95.82
30685,1.57,32.25
13658,2.49,10.36
3803,3.15,10.56
35267,1.49,17.1
22744,1.13,15.99
34222,1.36,24.56
566,0.21,21.63
24330,3.57,88.95
10831,0.25,34.09
47742,0.55,15.49
46717,1.1,29.21
48607,0.88,19.03
14317,1.77,26.63
20951,1.35,19.69
5583,2.08,44.85
12991,0.67,20.17
45228,1.11,21.46
3900,1.62,23.76
14748,2.97,78.96
9149,3.92,23.15
38627,2.67,76.44
13769,1.55,17.29
15128,0.69,25.57
4972,0.43,40.35
24907,1.82,26.2
13513,0.9,26.74
47646,1.12,21.8
16626,0.9,34.88
35918,4.89,75.85
24417,1.85,22.69
41917,0.16,26.08
2285,6.64,58.08
8862,3.22,90.13
39964,1.05,22.53
5872,4.77,24.49
47283,,58.4
29840,1.39,28.44
41102,1.1,24.65
39973,3.72,21.77
35987,0.83,28.27
21677,0.78,9.25
18488,1.82,30.66
37302,3.3,27.21
36171,1.14,34.67
475,0.95,20.85
31551,,26.55
23867,,23.88
8794,4.65,90.66
9309,1.05,36.96
29970,2.09,37.58
2392,0.97,14.96
20073,2.14,24.0
12605,2.12,27.06
29690,0.67,23.22
47291,1.27,26.07
40160,4.24,30.1
26825,0.97,10.97
2209,1.83,12.87
46331,0.51,30.98
17024,4.87,69.82
31392,0.88,22.02
38513,3.15,20.79
47554,0.67,24.83
5932,1.27,41.07
36978,1.99,16.18
37869,1.14,11.35
46836,0.89,13.73
7630,2.68,24.36
43987,1.36,24.23
35720,0.41,9.03
39934,0.68,21.67
13940,2.83,21.48
21828,1.78,25.31
40163,0.67,26.44
28384,1.37,29.22
49479,0.5,29.07
28464,0.97,25.37
10498,,27.21
49515,0.48,30.92
19308,1.44,20.92
29869,4.42,89.1
32152,1.28,17.97
38801,,27.22
44976,3.02,
38540,1.47,17.54
47146,0.98,25.99
30970,1.52,43.36
38449,,35.44
3334,0.45,
15364,1.09,30.65
46379,7.98,6.71
49521,0.98,23.91
14763,0.45,
38231,2.33,33.44
32919,1.71,
11236,2.46,36.76
1216,1.95,32.48
5914,2.43,36.08
37529,1.48,23.79
18804,1.2,
26192,0.72,34.05
21403,3.37,91.2
21927,4.03,81.65
33098,1.42,41.4
394,0.46,12.45
9316,,23.3
39410,5.72,89.65
30476,0.82,32.99
23511,1.88,5.88
2772,3.47,10.8
29529,0.26,19.87
31462,0.54,18.3
40476,2.22,41.9
12515,0.98,
36305,2.42,24.63
28656,1.78,26.03
33072,1.5,20.96
22982,2.62,7.39
10942,1.09,13.6
7221,2.43,11.66
37698,1.77,10.17
17308,0.77,22.45
48203,5.09,80.43
6637,1.48,29.63
36418,1.19,13.76
2388,0.46,30.87
33941,0.93,28.84
49013,0.29,12.36
24813,3.91,86.34
16546,7.53,81.52
41366,2.0,17.5
526,1.75,9.03
3115,2.54,9.84
3754,2.3,19.38
34279,1.5,21.79
21603,0.88,
44826,1.56,36.68
37253,2.04,19.01
30222,1.72,36.41
20258,1.52,21.88
6007,0.48,28.49
31271,3.18,27.82
42513,1.94,11.47
34195,0.49,25.76
14788,3.11,21.46
4339,4.67,82.13
41902,2.39,24.72
44290,,14.41
44912,0.75,9.07
28812,1.53,7.27
37951,1.44,31.09
44211,0.97,10.04
47531,0.98,32.34
31907,2.78,31.46
31302,1.18,23.21
47162,1.89,30.62
6543,20.22,63.07
12063,0.64,9.45
7477,0.85,28.31
1565,0.88,11.84
37001,2.28,24.63
429,1.77,32.52
31764,1.17,25.39
36810,1.41,12.99
37219,1.22,
12872,1.28,22.74
45756,5.32,22.92
20698,2.46,16.21
1303,1.36,8.95
35818,1.43,27.79
7119,1.59,17.71
39647,0.6,23.71
25667,2.53,27.69
22265,1.49,9.47
23105,6.34,88.52
29725,5.64,20.4
5796,3.44,24.26
27060,1.02,30.1
31105,1.75,21.46
17213,2.3,11.85
5735,3.0,10.74
38622,1.61,15.75
28832,1.62,13.21
19507,0.78,18.47
31239,1.17,21.14
47422,0.57,19.39
3679,0.5,28.88
41977,0.79,17.32
25946,2.88,21.04
6946,0.98,28.43
38132,1.46,
36548,2.76,
23569,0.95,
16904,1.57,33.31
30415,4.13,
29315,2.28,20.9
15705,3.0,27.57
8377,2.66,18.5
18694,1.87,37.87
32080,,32.68
523,1.86,30.46
15525,1.59,15.14
26289,0.64,29.7
29948,1.11,28.9
17803,1.05,11.49
46036,6.48,73.99
3684,1.52,34.3
24162,,8.36
13410,2.03,24.51
25104,1.7,18.74
47965,1.88,
37931,1.87,29.14
19084,1.3,15.43
40085,1.78,7.32
29739,2.71,
42174,1.05,17.43
13808,1.37,28.47
12496,1.62,18.41
24635,1.14,20.8
11444,9.91,69.04
43437,1.46,20.69
3947,0.56,28.89
2590,,22.53
46499,0.5,17.71
37660,2.23,14.69
8574,1.17,10.67
10197,4.53,21.41
10643,2.31,12.48
33396,1.59,17.76
2225,1.96,23.04
36112,2.78,21.97
36830,,21.41
37078,2.81,
11602,1.47,35.54
30664,1.37,9.17
13404,1.22,23.51
23842,4.9,18.92
39109,1.28,25.04
30774,1.51,26.46
36209,0.65,14.9
37949,3.51,34.63
27693,1.48,30.84
35392,1.74,8.38
43940,1.97,27.14
18787,1.61,37.29
21514,2.15,33.03
3994,0.97,29.08
13185,1.05,26.43
4831,2.94,68.6
43134,4.77,95.22
11314,,21.88
26196,3.83,74.23
10657,1.09,8.15
24074,0.35,27.58
49223,1.06,25.56
13950,0.39,24.99
30824,0.65,6.85
40940,0.91,34.39
3076,1.99,26.57
15462,1.16,
23007,1.09,24.86
35080,2.39,28.31
36308,1.68,21.65
37189,1.06,27.0
24903,1.7,28.83
33803,0.84,22.67
21880,0.46,2.2
2178,4.51,41.29
16978,2.83,26.2
11025,2.3,20.7
21511,3.35,77.51
32849,1.72,8.97
2571,4.44,20.44
28133,0.88,
30624,1.52,19.12
3162,1.06,31.76
4832,2.08,38.63
39696,1.78,
46615,1.49,11.18
39985,1.05,3.15
41378,1.78,23.77
2525,3.19,85.5
46373,1.52,35.46
6079,0.81,18.68
24157,3.62,18.59
15727,1.27,23.56
33614,1.52,9.82
35285,5.31,11.1
29765,4.19,21.31
21894,3.6,26.74
19830,1.42,23.08
42588,1.96,28.94
37215,0.2,11.64
17787,0.81,16.21
18009,1.39,29.42
4122,3.03,15.7
39577,1.64,21.51
9850,,19.44
3104,0.42,35.75
13354,1.23,9.38
47505,0.55,
39217,1.71,30.28
30268,1.42,7.07
44230,2.11,17.74
46863,5.29,30.82
11267,5.88,17.17
29616,2.47,25.29
49868,2.58,8.72
34208,3.19,11.17
35152,1.5,12.02
6038,0.52,29.99
23883,1.93,21.25
3455,1.67,26.12
30205,3.9,91.7
10254,2.68,31.16
12877,0.46,25.17
31460,1.79,39.45
32010,3.4,0.28
24296,1.59,11.41
7185,2.52,22.5
11655,,24.9
32202,0.94,32.68
22303,3.97,35.75
18600,2.03,9.05
11658,1.18,32.33
24824,2.79,75.04
47045,2.7,25.13
7212,2.27,26.17
35051,17.52,31.92
13066,1.0,0.0
21263,2.93,21.99
39899,3.38,22.72
32790,,10.92
48487,,32.18
26823,,25.09
46054,1.06,17.26
31354,1.4,18.44
9789,1.04,34.03
32000,1.57,6.12
12355,1.97,24.71
36818,2.25,33.35
29858,2.24,19.82
10275,0.49,26.0
46234,,30.59
6973,1.16,29.84
40630,1.66,43.29
23166,1.37,24.77
6664,0.46,12.17
11418,0.91,32.75
3087,1.98,26.02
23329,3.01,15.48
4090,1.6,23.0
27529,1.46,27.08
36854,0.66,11.38
17530,2.65,14.13
20473,2.51,100.0
36873,0.98,27.96
5200,1.11,34.12
40677,0.64,28.84
39819,1.86,30.3
40652,1.37,22.42
1655,1.88,9.35
17036,0.39,9.37
38737,2.06,30.08
39242,2.13,26.73
7486,0.46,35.66
17832,0.93,19.86
42210,0.9,30.21
41980,2.13,19.05
840,1.74,3.97
46335,2.59,33.32
26373,2.54,36.69
37121,1.11,21.04
16045,0.43,22.48
40622,2.1,15.97
30787,20.700000000000003,22.98
45131,0.74,15.86
40932,3.84,90.34
46685,0.86,20.74
5167,1.52,30.75
48254,,13.08
4945,1.46,21.62
44684,1.94,18.21
25309,2.79,27.47
15532,4.07,83.25
4841,1.56,10.6
15807,0.59,
25282,1.81,19.63
11540,1.24,
4666,0.79,21.85
26033,2.28,
13308,2.3,24.71
25812,1.38,24.11
43860,1.93,
43147,1.85,
16760,9.26,78.49
40986,1.95,25.53
38489,1.82,24.04
956,0.84,23.46
23008,5.77,92.37
13751,6.18,70.81
39377,1.92,
24475,0.9,26.22
11933,0.67,22.9
46612,2.13,34.74
13216,0.96,41.91
1999,1.74,39.54
45236,3.57,96.75
28692,1.34,24.07
26099,4.19,211.625
47440,1.4,20.22
15683,3.01,25.02
1368,1.46,7.36
36105,1.17,24.58
7069,1.64,36.47
31514,0.82,14.02
27443,0.79,21.8
22507,3.4,91.67
11035,,12.59
15334,2.09,35.87
2486,,
40126,3.63,22.61
12572,0.8,37.65
45746,4.0,69.49
16020,2.3,33.36
20139,1.66,8.8
29340,1.6,18.82
4931,0.34,19.75
6642,2.33,20.71
20110,1.0,33.59
7413,3.2,30.89
33284,2.84,20.37
41882,1.0,14.51
12298,0.81,25.17
11504,3.92,86.24
32656,0.71,82.0
12075,0.69,22.66
21303,0.8,35.54
30523,2.84,26.68
31865,0.41,23.15
7434,0.74,
17860,1.09,
41252,0.62,19.62
48024,0.83,32.09
17622,14.04,19.76
46431,1.71,79.19
39743,1.17,28.94
42201,2.01,19.19
27192,1.0,14.85
4553,2.1,21.31
43286,1.66,23.76
21024,1.14,10.49
7717,0.74,33.89
42353,4.0,78.87
15736,1.05,17.72
45826,1.34,11.54
18778,3.31,74.93
8727,0.98,10.11
3764,0.26,26.08
14858,2.9,79.74
44870,1.64,24.99
43343,1.25,19.53
44163,2.22,28.02
45069,2.13,24.94
40641,4.39,24.41
49075,,16.72
48628,1.01,
44852,1.7,12.56
24165,,75.81
14257,1.37,12.24
13278,0.35,
42523,3.71,22.2
6686,1.67,27.66
1254,0.7,21.25
4162,0.72,31.67
5717,1.06,34.6
24006,1.62,13.6
43475,2.27,27.5
29139,0.91,6.21
20054,1.36,25.18
35600,2.62,16.82
31691,1.04,25.22
5936,1.13,11.28
42360,0.33,18.0
35124,3.94,97.52
35731,1.09,38.2
15761,2.03,22.65
35763,1.85,22.5
49744,0.87,27.81
22986,0.86,20.66
32704,3.57,81.14
47620,5.09,93.65
47090,0.94,23.5
39719,1.23,
22494,2.63,
4709,0.37,28.73
11750,1.11,10.24
49206,2.16,13.78
31383,1.06,26.94
28892,1.81,81.6
39001,1.12,21.18
17938,3.22,24.63
7980,,20.19
3555,2.62,24.16
19572,5.43,90.05
6026,0.31,21.29
23125,0.2,23.9
33863,1.73,
34737,2.97,16.73
37371,0.64,23.54
9875,0.69,11.57
5093,9.7,81.76
24890,0.77,13.9
35783,0.54,16.81
22698,1.63,22.76
869,2.93,17.01
9848,0.89,22.66
19959,3.59,29.51
14804,,11.82
32514,1.82,15.83
18736,1.13,27.9
39156,2.18,19.13
14860,0.63,29.25
23666,1.48,
15274,0.99,20.22
47124,2.2,24.07
23925,3.68,86.16
38664,1.31,10.1
41983,2.2,15.25
38108,1.71,14.28
11352,1.88,24.06
6971,1.4,13.49
19670,2.3,24.87
16943,8.24,72.1
19354,1.68,19.31
49544,0.37,11.34
15233,7.09,84.76
11204,2.09,16.06
25258,3.81,75.76
17181,1.21,
38867,1.3,30.99
32520,0.38,19.16
7664,2.09,6.31
44563,1.34,21.15
26550,2.32,19.32
16379,1.06,27.27
39593,0.88,36.11
11711,0.96,30.02
20939,1.58,12.5
25398,3.13,66.62
45009,0.91,13.79
26069,3.09,33.19
43525,3.51,20.97
44964,2.01,29.78
5622,1.14,33.56
44601,2.34,22.03
24731,0.81,25.23
30475,0.86,22.27
32003,1.58,15.81
45782,3.24,
18872,2.77,19.35
14172,0.9,22.18
11223,2.14,16.95
10369,1.57,12.26
34889,1.75,23.44
48911,0.81,2.29
20250,2.65,79.97
22705,1.03,
16228,0.76,26.32
39496,0.82,20.2
49005,1.42,24.1
44599,1.09,23.78
32971,0.95,18.59
43045,1.32,33.51
23830,,9.26
49687,4.22,13.46
36316,1.56,32.11
12108,1.46,5.47
1210,0.56,
17418,6.31,83.63
42992,1.68,30.21
16846,3.93,21.47
3643,1.61,22.91
3989,,22.34
10009,16.919999999999998,80.87
31539,2.57,12.67
44965,1.59,
21607,0.47,18.65
43933,6.37,74.03
35346,1.69,29.26
2048,1.55,20.11
27476,2.13,16.25
15030,2.83,13.86
17264,2.8,34.4
207,2.05,28.42
17586,0.85,20.78
28612,1.8,37.68
18744,0.69,25.01
40797,1.41,
37361,2.0,14.69
35217,0.85,7.91
46482,,71.82
5283,3.54,9.73
48233,0.99,21.85
32259,0.75,13.94
38215,1.66,23.35
29923,3.93,86.99
7129,,87.66
23932,2.95,28.21
31682,1.99,31.22
38025,1.63,19.92
17981,1.82,17.12
37140,6.48,26.81
23398,0.21,38.35
41215,1.69,34.68
28552,3.53,40.71
7674,2.06,12.17
2306,0.55,11.24
15925,,12.33
1403,0.61,13.16
46269,0.9,11.68
45152,1.13,23.52
28071,1.19,33.21
33878,1.34,6.69
48762,1.29,33.22
42515,1.51,42.67
9511,2.38,7.52
9545,1.48,29.72
36860,0.87,18.71
39800,1.49,25.58
42087,2.03,25.8
37126,1.74,25.61
2605,1.26,18.23
41076,1.01,7.96
23917,,7.72
30183,0.46,15.39
17967,0.87,30.53
2397,1.96,23.99
46201,1.06,28.87
1744,1.29,21.96
28434,0.76,21.81
21444,2.34,14.58
35360,1.62,12.56
3507,0.22,24.64
43706,1.17,16.83
27839,0.93,13.14
39375,1.35,12.83
28975,0.99,27.18
42542,2.8,71.45
9653,2.28,13.71
20168,2.54,16.1
40885,0.7,36.29
45810,1.14,32.41
28351,2.69,82.62
21395,1.09,12.6
10838,3.03,18.26
39059,1.55,20.51
42121,1.55,21.84
34888,0.76,22.29
23184,1.33,39.98
14341,1.76,25.94
14144,1.59,25.45
25515,0.37,28.01
5423,2.22,16.24
41369,1.77,21.2
13177,2.74,28.47
34802,3.97,73.59
3636,3.31,18.58
14152,1.82,20.21
23692,0.74,22.4
18553,0.74,28.78
793,2.31,82.11
37465,2.45,34.73
35212,0.31,21.58
17850,1.7,26.16
6918,3.03,73.64
31502,0.64,21.18
36826,1.84,16.01
2246,1.69,20.75
23845,1.4,17.85
20367,1.92,14.12
7436,1.12,10.04
37360,0.92,28.82
30826,2.12,17.77
2206,2.25,30.0
18276,0.76,26.78
3542,0.93,
34247,1.37,33.64
11019,0.75,21.95
37042,2.43,25.77
7917,1.12,22.62
27926,4.31,
12914,6.8,74.61
24164,0.65,27.65
31062,9.59,74.23
15340,6.31,85.38
23722,1.35,11.98
46758,3.6,83.92
1819,2.89,28.74
22583,1.32,27.17
7785,4.46,41.61
22127,2.49,24.63
39315,1.78,25.92
3852,0.76,
24930,0.76,31.49
26464,0.85,26.67
26720,2.48,23.36
23991,1.2,19.37
8779,11.58,34.64
22502,1.38,29.31
30737,1.77,16.43
24422,0.69,34.41
46794,1.32,24.33
40670,1.1,23.37
35947,0.91,19.66
17777,8.8,
21658,1.63,5.57
46596,0.99,13.96
23689,,23.47
16722,2.12,22.26
29176,0.88,27.35
4724,1.66,26.54
7771,1.16,
35442,,17.0
48595,0.81,20.86
14244,0.24,21.04
19465,0.5,13.72
38577,1.48,22.13
38729,1.79,14.85
36523,0.72,35.39
23715,1.79,31.74
27211,1.44,7.99
23697,0.66,14.29
37386,2.4,22.35
18322,3.34,95.27
20929,1.14,30.0
24001,2.14,15.09
25660,3.31,28.19
7076,2.82,15.12
40582,1.72,30.57
21528,1.16,26.64
45998,4.41,79.59
5764,0.67,35.08
10251,2.79,25.27
47005,3.17,82.04
18259,1.79,23.72
34633,0.85,24.85
10869,1.27,4.48
34414,1.95,30.13
7539,1.48,24.14
2861,1.51,7.07
47371,3.96,33.63
33062,0.48,11.39
36796,0.9,23.32
32166,3.21,10.19
21055,2.43,14.5
23110,1.71,25.16
524,1.41,29.42
22879,4.41,26.29
5747,0.66,23.06
7237,2.41,21.39
35372,1.41,77.23
9355,2.9,25.1
44981,2.52,25.92
960,2.93,20.25
15297,2.25,26.85
45582,1.13,11.61
36792,1.46,
21832,0.74,15.48
23999,4.03,90.54
474,2.6,10.1
8835,2.84,25.94
35591,1.62,23.91
8157,1.08,15.91
41559,2.66,26.37
33323,1.79,25.08
23433,,81.02
19292,3.81,92.04
26418,2.24,17.48
24673,1.57,17.49
30899,0.46,20.51
5230,2.3,25.49
13051,2.76,20.97
45895,1.97,24.67
44537,6.47,71.59
13296,0.98,17.93
1635,3.93,28.23
46035,3.74,93.52
20998,1.73,29.16
36097,1.94,20.88
14459,1.67,80.25
39128,2.54,26.08
48937,1.28,31.81
45928,0.8,24.69
17801,1.53,23.98
44100,3.23,26.52
16186,0.51,27.85
14526,2.03,10.84
34180,1.01,21.05
20910,2.65,30.29
13881,0.34,17.4
35353,2.03,17.76
24968,0.96,17.19
4854,2.22,
25038,1.8,26.32
20491,0.61,30.93
21987,1.77,21.86
40754,1.58,16.74
12881,0.76,22.45
36503,1.44,25.91
26522,6.2,11.44
33564,2.9,19.54
44833,,20.95
11950,0.91,32.85
15487,1.16,18.2
29957,0.96,10.59
16292,2.27,29.0
22674,0.76,20.38
22579,1.8,
16253,1.55,32.09
39460,1.61,23.11
38859,1.98,25.61
26978,1.12,26.59
22388,,26.18
1049,0.73,8.4
45303,1.45,33.8
42197,2.78,13.45
41396,1.04,
36603,2.06,6.94
31564,5.73,97.79
43265,1.75,26.06
38954,0.95,15.66
8521,1.49,
10898,3.25,10.3
21983,1.25,13.17
43993,1.57,33.92
6750,2.42,13.15
8053,0.84,27.78
32931,1.47,20.35
39189,,15.85
780,4.02,15.7
38876,1.08,18.52
37511,1.9,13.16
32379,2.16,21.45
46755,2.15,26.7
28877,1.02,29.15
41552,0.92,28.33
17772,7.46,89.54
20797,4.04,19.77
35943,1.83,18.19
26241,2.22,21.43
32858,2.07,54.800000000000004
7804,0.9,23.27
44429,1.54,45.42
16721,2.06,20.35
28881,1.97,26.47
35309,0.14,10.12
9489,1.55,33.52
46803,2.97,
15198,0.48,-14.34
3903,1.1,22.28
12590,2.55,19.1
11016,1.78,29.35
47394,5.88,35.62
2123,1.5,29.15
47705,3.46,79.99
14078,,21.76
12031,5.14,74.18
36048,0.86,18.19
31845,0.39,21.19
48473,2.03,27.34
23796,,28.16
39300,1.69,37.94
38203,2.72,27.67
15181,2.19,22.7
4525,2.5,23.57
21720,1.29,30.34
38336,2.46,74.24
37709,0.69,28.9
2723,0.61,20.6
18060,1.21,16.58
16705,1.08,21.76
2771,1.18,96.37
25083,1.67,8.03
31309,3.19,28.32
12366,2.55,16.32
34053,1.67,18.9
43447,1.5,16.28
8744,3.27,12.73
8487,2.64,
22750,1.92,
23523,8.92,220.52499999999998
46408,1.69,13.95
49148,0.3,24.21
26690,5.1,84.48
27061,,6.34
31467,3.25,17.35
24166,1.92,27.86
16318,0.32,30.55
22576,0.77,22.19
39716,0.5,10.95
24406,2.35,14.29
23755,,35.92
11600,0.06,24.93
41449,2.05,24.05
5650,1.26,23.66
19315,1.82,14.7
1154,2.84,21.53
37650,1.41,12.98
14872,1.62,14.71
31529,2.08,21.6
19232,2.24,18.27
31199,3.31,17.94
12990,7.29,75.93
15113,8.08,92.2
18880,2.7,26.49
47179,0.68,10.16
2328,0.97,29.08
9693,,26.6
9745,5.64,91.44
16751,4.34,21.5
798,1.39,18.1
33544,,19.84
31775,1.23,9.35
42521,1.68,37.42
36798,1.49,36.64
9512,3.4,27.74
5080,2.36,15.59
45530,0.83,27.16
32167,0.94,35.34
12353,1.91,23.74
5850,1.52,23.5
19477,1.34,39.33
23030,,85.65
1979,0.9,16.93
39606,15.899999999999999,27.19
29034,2.69,34.72
19347,2.2,84.33
23952,2.5,84.04
49560,1.36,25.19
22389,2.37,15.22
35620,1.53,35.92
30144,1.29,28.97
38525,1.02,11.47
38576,2.58,16.73
35761,3.0,5.9
42382,4.41,27.13
48846,3.44,7.55
27531,0.41,22.12
15657,1.15,12.5
5996,3.14,24.39
18710,0.48,22.05
698,1.25,30.79
44626,0.53,12.98
36946,2.38,29.29
31856,3.14,22.77
40957,2.13,16.04
21210,2.14,23.64
35178,1.82,27.1
6219,2.18,14.77
24482,0.5,12.76
4713,1.54,18.33
2167,0.45,
2311,1.12,22.85
5044,3.07,17.06
46105,1.12,15.09
20411,1.2,24.7
9092,5.68,81.99
36111,2.06,28.31
15263,1.02,21.13
21431,1.95,19.68
40040,0.8,24.2
43561,2.48,16.23
32075,3.53,91.19
34226,2.29,16.25
6640,1.87,15.78
10912,1.26,32.7
20892,1.49,20.91
29719,2.28,11.9
36346,2.26,4.59
31058,3.85,8.59
48541,1.35,21.42
12326,16.919999999999998,80.7
453,3.77,64.5
37515,1.35,34.575
31299,1.08,21.46
4632,,20.91
12228,0.74,13.49
3974,0.52,
27067,2.03,21.3
33588,1.41,24.73
46202,1.03,
42715,3.73,27.42
48088,1.68,21.86
29125,,20.67
43570,0.73,7.87
38395,1.23,11.73
11951,1.83,13.28
28591,1.04,29.91
17115,1.39,24.51
35391,2.11,22.38
2283,1.04,28.17
12768,0.29,15.81
10571,2.41,12.7
18878,2.72,38.37
42251,3.84,87.79
20130,5.84,79.63
11810,3.87,
49815,1.39,19.88
47521,0.84,23.3
17105,2.39,34.51
17924,1.29,23.45
15216,1.45,
7067,2.58,14.9
11447,0.57,21.05
48988,2.42,24.22
15821,2.72,8.1
13327,5.48,65.46
24031,1.68,7.49
38841,1.35,70.6
37585,1.21,
40578,0.81,17.56
8660,3.84,72.75
36272,1.65,
47495,0.37,22.03
19792,0.1,30.57
21283,2.44,19.32
40266,3.48,16.67
48932,1.55,17.07
13518,,89.31
44204,0.62,27.2
38344,2.61,73.32
1015,1.22,25.03
45768,0.49,5.39
33903,1.17,22.74
10244,2.2,19.36
29882,1.11,20.73
31661,0.99,
29490,2.18,18.19
31489,0.92,30.88
43398,1.04,23.08
10977,2.09,14.9
5719,,14.17
9342,3.44,95.94
1804,0.4,17.47
13570,1.49,
44175,1.15,32.0
16210,0.43,21.78
9066,2.53,22.33
44153,2.92,15.68
34018,0.76,
29435,2.02,16.75
43416,1.31,17.72
2374,3.5,21.45
40679,,79.0
24003,2.42,17.57
24173,2.25,27.82
23228,1.82,26.18
37582,3.51,81.97
38017,2.63,7.11
31925,1.0,29.16
48725,1.28,22.23
44337,0.38,31.64
34335,1.36,29.63
48957,4.92,89.42
24707,1.23,31.93
47342,0.49,22.84
27139,1.97,21.94
41264,,25.87
19551,1.36,18.56
3830,1.05,10.7
13548,4.51,55.525000000000006
19169,2.42,23.21
17785,1.34,43.99
44522,0.87,17.37
13566,1.57,19.11
3972,1.31,25.22
47123,1.84,17.63
13667,2.83,25.5
39090,2.88,0.0
27937,2.56,
11743,0.33,26.42
9379,1.19,27.88
38339,1.27,21.79
29406,1.01,24.57
8715,1.46,19.67
45346,,22.04
11947,6.07,87.37
29703,1.45,11.81
5609,,16.54
45624,0.63,26.88
22050,0.69,32.12
3721,3.89,33.72
18557,1.15,29.97
26442,1.88,14.52
9081,0.93,23.49
8899,1.22,27.75
23156,1.04,10.11
34586,2.76,73.29
4569,1.97,22.08
38327,2.69,15.82
18980,2.79,21.26
47945,0.62,22.88
32960,1.83,16.94
41119,1.42,
40108,2.31,18.73
40075,2.64,15.42
29391,0.36,25.04
14428,2.94,11.36
34276,0.43,35.22
22179,1.65,17.83
48460,1.25,18.14
24192,0.52,36.43
2163,2.85,21.88
37413,0.98,15.39
47673,1.26,17.96
40814,0.88,28.8
13633,1.84,
16624,1.84,0.0
38698,1.41,33.0
10342,0.83,11.39
42776,1.99,26.44
46135,0.68,23.98
45338,0.33,13.59
5169,1.15,28.4
34522,1.34,20.86
41390,5.91,
26951,0.87,25.72
26281,3.97,67.5
48486,3.12,26.08
11358,2.19,15.74
40419,2.13,18.71
25449,1.44,22.45
1871,5.69,85.72
7479,0.79,11.89
2372,1.36,35.53
7326,1.31,26.28
22483,2.85,13.54
5017,0.64,19.4
43184,0.32,21.18
31899,1.68,24.3
18859,2.37,32.1
47219,1.38,
310,0.74,21.49
34603,1.32,25.14
38465,2.05,14.32
44873,3.15,24.15
13542,1.45,15.82
40506,1.23,25.43
5542,4.02,20.74
9010,2.66,38.71
29819,1.87,
24179,1.28,15.09
22204,2.16,18.97
24468,6.02,73.8
26642,,40.51
25030,1.9,24.48
38986,2.81,30.94
8494,2.47,6.82
26593,3.82,33.74
36407,2.16,38.42
49855,1.75,17.45
40083,3.11,85.23
30330,3.11,62.83
19547,5.59,76.42
42317,2.82,23.91
19113,5.21,79.77
33402,1.25,14.73
43670,0.61,29.4
20077,0.42,28.69
7081,2.75,23.28
35033,3.02,32.68
48449,1.45,10.83
14850,1.19,20.46
18597,0.65,23.86
1841,2.94,98.78
45287,3.07,21.92
1232,1.89,31.96
29363,4.63,13.12
35382,0.26,
28008,1.36,10.84
13091,1.82,28.26
36067,2.13,30.22
1515,2.76,80.66
31420,4.76,24.71
27697,1.53,28.68
17839,1.35,21.15
6542,1.06,22.93
48819,1.22,15.34
30488,5.94,83.18
37700,2.75,17.25
27059,1.47,44.82
11115,1.54,19.69
38718,2.07,28.72
20427,1.23,27.58
44196,2.79,26.49
353,1.15,35.29
47009,1.56,29.48
18524,0.73,0.35
35960,0.59,29.33
35707,0.91,10.77
34896,,15.95
11916,0.26,9.62
14989,0.3,38.47
12493,,18.24
27971,0.24,26.77
15589,0.72,8.87
14196,1.39,11.46
29838,0.64,13.87
7970,1.05,17.25
35862,0.95,21.74
1245,2.24,74.52
11096,1.15,16.37
4973,3.51,25.5
34796,1.41,25.54
366,2.62,23.97
34827,2.66,21.2
15238,1.19,15.29
42942,1.25,2.82
14701,0.25,66.75
20396,2.79,17.63
38084,0.95,13.91
39572,1.98,11.79
27417,0.95,31.0
31988,3.4,22.0
4430,1.77,27.3
40505,1.24,29.46
8717,0.78,33.37
24694,0.95,30.03
43223,1.28,
4153,2.05,34.01
29106,2.32,24.58
36221,1.49,21.27
14249,2.37,12.37
5008,0.5,33.53
15600,2.22,17.33
31419,2.01,22.94
6679,0.58,30.63
48181,2.33,24.7
27079,0.72,46.0
14157,7.38,87.01
30439,3.4,8.09
1006,0.43,28.91
42490,0.55,13.32
723,1.02,9.49
49982,0.67,32.7
33161,1.19,21.9
44789,1.87,25.35
37923,4.3,13.92
11730,2.74,15.94
16605,1.07,14.27
37011,3.84,27.34
43985,1.54,28.63
5695,1.3,5.39
6209,0.5,24.51
15074,1.04,14.4
35535,0.96,38.8
32354,0.45,22.81
8593,1.71,16.53
8379,0.99,18.27
14413,0.58,37.12
43477,0.88,
37909,1.41,21.64
39122,0.97,10.72
44574,3.86,79.75
27608,1.84,29.52
3497,5.03,23.65
38052,11.94,28.4
16971,1.54,31.93
27456,,86.81
30112,0.69,21.79
31531,2.67,17.32
16204,0.59,10.21
37692,1.01,31.15
10987,1.64,20.12
30615,0.65,15.18
29742,1.24,26.95
11956,2.44,40.22
31170,0.57,26.9
19516,2.17,18.21
33691,0.68,47.33
16757,1.17,18.35
24572,1.2,21.13
23862,0.72,22.67
20011,,20.5
33877,0.74,
34709,3.34,35.23
37284,5.76,88.11
20897,1.37,15.29
3613,1.11,17.1
35072,2.46,24.82
40619,3.74,9.41
27105,2.47,20.79
47974,4.91,70.66
37748,0.75,30.5
29568,1.5,
20966,2.62,17.55
38032,2.4,19.72
14512,0.54,20.62
30889,1.55,
8238,1.82,29.64
35248,2.54,36.74
33524,1.49,22.34
19557,2.45,12.15
18327,4.55,69.57
9557,1.34,16.04
39983,1.66,18.88
28220,1.13,27.63
5381,0.89,20.03
2576,5.42,79.43
1586,2.13,13.78
7526,1.83,16.59
47032,1.91,6.07
47023,1.13,18.58
21482,1.89,80.55
44643,,9.63
34046,1.85,24.65
21140,0.76,24.83
24653,0.27,23.66
13309,0.57,29.85
26043,1.66,23.6
8137,,28.2
46889,1.01,22.98
1076,,12.72
19164,1.55,26.33
9617,2.56,92.33
2190,2.31,18.5
35260,1.63,31.675
17581,2.21,7.98
10309,2.12,18.61
1095,3.24,21.68
46292,0.82,
17830,1.41,13.76
21251,2.04,26.85
41368,4.19,90.86
34555,,32.06
6126,0.65,31.09
14104,3.48,81.29
1930,2.04,15.73
34558,1.36,21.36
44008,1.35,17.14
22027,1.14,20.61
24440,0.67,
13271,1.53,27.48
3882,0.71,20.81
33141,0.91,18.13
40856,0.88,28.17
2440,0.24,31.16
40763,2.55,81.15
46676,3.62,25.17
38679,2.22,24.2
3680,1.29,8.66
35645,1.53,24.0
46802,0.77,21.41
5353,3.65,21.39
37541,0.9,7.42
48621,3.97,27.7
13281,2.09,30.25
43451,5.48,72.42
37664,2.32,38.7
32140,0.46,36.92
44758,,31.39
42732,1.24,
34210,1.8,21.7
21000,1.77,39.72
760,1.3,39.41
43100,1.98,32.84
3089,0.84,33.44
3862,2.59,17.36
45475,1.15,20.58
29010,3.74,
5598,2.13,27.9
20867,0.98,18.96
13948,1.84,21.42
48322,1.54,23.4
16093,0.74,18.99
6318,1.44,20.52
40813,3.49,79.99
21709,3.16,82.69
35801,1.18,13.94
26622,1.77,25.76
31156,19.38,18.28
10104,0.25,34.21
34572,0.31,8.07
23711,,12.85
49386,2.12,14.26
48371,1.65,10.33
45336,1.68,25.17
24299,3.19,
34143,1.61,23.47
49250,1.43,
11468,1.23,20.43
47624,1.66,30.01
40569,4.0,96.52
31205,1.1,27.49
36265,1.13,24.6
6277,3.23,85.94
6417,3.34,9.06
9556,2.7,25.1
46941,2.12,23.32
5319,2.06,20.45
49104,1.96,0.0
29061,1.11,9.04
35112,1.69,33.92
2834,,29.66
40073,2.57,9.92
13430,2.45,15.05
40460,0.45,26.37
24357,0.8,19.42
38631,,18.87
25745,0.72,24.72
41015,,17.24
28123,0.84,13.84
43691,0.59,32.98
29593,1.82,19.82
34529,2.17,10.64
42028,0.7,20.8
6960,2.24,20.53
37270,,23.24
11407,3.21,19.19
30414,1.99,14.1
4682,2.79,13.14
18847,,25.08
3804,0.58,
19467,0.26,20.74
48140,0.72,16.45
30390,1.9,14.25
33785,1.19,21.86
11095,2.0,24.69
37747,0.7,28.75
41296,0.89,19.97
21772,,22.56
47116,1.41,18.21
24427,0.83,23.37
1657,5.34,23.21
40529,1.1,15.79
49511,1.73,4.83
44278,3.81,75.35
40120,4.88,73.33
28032,1.3,22.83
16726,0.69,27.38
25174,1.15,21.05
19445,2.91,11.68
26171,2.1,19.53
25785,0.33,35.03
46115,4.31,82.81
14527,2.11,22.12
44280,2.18,22.2
25589,8.36,
42970,1.9,17.1
49227,1.13,22.61
5554,1.74,
3564,0.32,16.79
27150,11.94,29.86
29293,1.69,23.89
7044,4.52,23.95
10071,4.28,13.9
3633,1.86,35.75
34559,1.45,30.83
38677,1.25,27.82
33765,2.37,11.2
7379,3.63,80.18
22547,1.07,20.8
46332,2.14,26.98
3437,2.5,10.46
11374,0.83,
3980,1.85,22.12
14782,3.2,27.13
45676,7.75,93.55
12539,,23.81
27506,2.57,80.79
42676,0.48,33.34
1375,1.05,13.3
36835,4.3,22.08
13963,0.97,40.52
1885,1.43,20.61
39846,,77.91
27145,3.29,8.89
25068,4.14,9.92
34301,4.73,14.01
39748,1.47,11.1
46916,0.5,27.39
25825,2.05,
6650,4.19,15.36
31143,2.47,90.87
26815,2.61,27.8
14142,1.11,18.0
27245,3.42,89.57
27295,,43.2
20771,2.87,26.45
18718,2.31,17.62
16925,,28.06
14437,2.4,21.48
29637,3.46,26.7
38349,0.33,9.76
12039,0.58,23.72
3368,4.28,12.43
24407,1.61,17.17
33957,1.71,20.87
35997,1.77,37.51
22795,1.59,-30.02
27630,1.25,28.66
6221,3.12,29.45
40868,0.79,
15822,1.0,0.0
13807,2.2,34.54
2222,1.11,8.93
45754,1.55,28.84
18399,2.24,32.48
34668,0.23,26.38
27577,1.0,23.46
24015,0.99,24.02
3657,0.28,25.87
667,3.27,74.85
25487,2.36,8.59
34385,0.62,21.28
34475,2.29,51.65
49318,2.97,69.34
5585,2.91,20.29
31326,4.98,79.2
18001,3.16,20.42
1619,4.93,88.23
10825,1.05,17.03
24845,1.26,28.75
50000,2.06,9.66
23354,1.62,19.13
4045,3.51,17.43
43553,2.08,21.65
7892,0.33,32.11
43067,1.65,23.01
31584,1.46,21.43
30857,1.25,20.1
26734,4.23,32.93
45708,0.44,44.15
33014,1.48,
11170,1.2,22.08
30605,2.25,29.53
39977,0.3,31.14
17511,2.86,35.94
26932,1.74,22.91
34885,1.31,31.03
26865,0.46,13.71
35452,1.02,20.82
28652,0.39,29.49
37060,1.71,
25049,5.72,
17325,1.34,25.36
39402,3.9,34.33
42537,1.22,13.13
18845,1.44,25.91
3744,0.21,27.55
19137,0.28,30.4
25922,,31.41
49533,1.43,20.7
34706,1.18,15.92
24060,3.29,12.39
29103,3.0,16.85
27133,3.25,75.99
28174,1.6,36.2
48645,,37.88
7762,1.04,35.13
35514,1.3,37.22
20583,2.11,35.52
34669,0.73,28.75
36313,1.03,27.96
7814,2.63,64.57499999999999
42711,1.64,17.88
6258,0.96,
34525,0.99,
39804,0.82,14.75
31096,0.33,32.03
22826,3.54,19.74
20229,6.18,24.1
40681,2.44,
33539,1.21,16.21
27546,0.86,3.06
24925,1.45,30.15
24262,,29.39
42900,3.86,74.45
7611,1.25,21.35
45128,1.76,31.17
26626,1.09,16.45
49026,3.58,34.01
10824,2.45,25.0
1003,2.95,77.22
15833,1.65,
41775,2.59,20.57
6114,2.96,15.04
15957,3.07,36.66
2808,1.59,20.44
43511,2.17,4.25
25673,0.65,26.84
31760,0.42,7.73
17266,1.3,26.34
43810,1.02,39.87
19952,6.6,87.68
43681,1.09,15.03
46490,1.39,28.22
31132,0.6,35.55
33736,0.91,9.16
17359,2.66,13.82
45130,0.95,2.2
44295,1.31,35.51
33449,1.43,19.95
4789,2.01,31.38
18671,0.72,18.28
36131,1.26,13.67
40944,3.41,
20682,1.18,14.14
8672,2.13,18.35
34386,0.98,19.58
25037,0.88,13.34
29540,25.740000000000002,17.04
34080,1.95,21.36
39816,2.18,27.54
26182,1.53,27.93
23571,1.04,35.01
28956,1.34,36.91
875,1.57,69.95
42439,3.19,29.5
2149,0.49,24.51
24555,2.35,21.49
16875,1.52,11.71
21540,2.56,15.35
1094,0.83,27.93
6264,,17.65
2254,1.08,19.57
46882,0.74,20.05
19610,1.75,31.33
45148,1.38,29.63
15020,0.63,33.2
22446,1.42,13.18
13038,1.28,29.22
40766,2.05,13.23
42440,1.98,26.75
26896,1.37,29.67
30354,0.98,10.27
16086,4.32,86.84
3343,3.94,26.26
26481,2.8,29.96
42950,4.89,33.99
6564,0.65,18.47
6943,1.85,25.63
48751,0.82,22.47
37802,1.06,22.54
38282,1.11,27.95
36294,0.8,25.88
49798,2.33,12.92
45674,0.7,17.6
18910,4.14,15.48
30369,1.01,12.4
19447,0.87,26.64
39734,2.05,13.3
32437,0.88,23.41
9833,1.9,14.48
45867,1.95,20.2
11496,2.58,29.67
45107,1.3,
49732,1.5,15.52
9222,1.19,27.2
11848,1.9,17.23
24710,3.37,10.24
32542,1.89,82.95
40177,,82.48
4530,1.23,31.11
49344,3.27,
33270,1.07,16.41
33480,0.54,29.37
8709,3.54,14.73
180,1.76,12.38
24788,3.09,87.56
21255,0.72,14.6
1305,1.76,26.62
39891,1.8,13.85
38890,0.42,25.46
6027,0.99,30.47
16900,2.12,86.82
40711,2.35,24.62
4543,1.49,15.87
28245,2.56,6.08
32711,0.62,-34.38
24647,0.28,29.4
36550,0.86,29.3
44596,1.9,18.3
9519,0.78,20.68
1116,1.33,75.74
36363,2.5,19.3
48221,0.4,31.52
16078,0.52,26.78
11852,1.95,11.08
42239,2.52,31.01
24663,0.85,27.85
37790,3.33,25.79
18423,1.28,25.34
39337,4.45,89.36
13242,1.33,
27035,2.12,14.57
21585,1.4,10.95
43436,6.37,84.59
4128,4.88,61.52
6864,1.69,37.92
38544,,14.65
4527,1.77,31.06
39877,3.12,76.74
33908,1.59,14.66
23404,,9.84
21633,1.46,19.81
28250,1.26,20.21
27073,4.2,92.86
17332,1.05,16.83
24889,2.52,20.12
37229,1.2,12.93
32456,4.2,88.7
2652,2.95,24.26
46153,2.36,27.17
2796,1.29,28.03
29910,1.4,28.28
7383,5.39,55.34
14207,,10.66
42041,3.35,73.15
19895,0.62,
442,1.2,33.72
11100,1.23,20.95
15262,0.75,8.68
15488,0.48,31.11
37847,1.09,30.12
26940,3.72,79.1
15457,0.16,19.13
27363,1.32,20.91
48289,2.82,14.89
25711,0.56,26.27
48613,2.16,12.94
26348,1.29,16.73
21053,,11.39
5863,4.19,76.33
22689,2.15,27.24
21853,1.52,
5945,0.61,8.96
29751,4.12,17.25
34508,2.4,19.58
21298,1.28,13.71
35755,0.99,8.05
1381,1.57,8.02
41603,2.86,32.44
48908,0.52,27.1
43037,1.6,6.17
23608,2.5,34.8
38308,1.3,22.7
11135,5.16,67.18
22942,2.2,31.48
4412,0.67,
36746,2.51,24.34
49975,0.38,14.06
45777,3.34,16.96
43249,0.58,17.64
25102,6.42,83.46
24478,2.29,14.2
2532,2.16,13.64
44691,0.93,23.47
45456,3.87,31.96
44787,7.68,28.07
48999,0.56,18.02
7463,1.31,25.24
14944,2.39,36.59
8273,1.24,38.79
1467,2.04,
18379,4.18,19.03
13229,0.47,22.63
9775,6.63,89.88
13770,1.44,15.41
17635,2.55,22.6
49503,2.78,24.59
7243,3.18,19.16
20420,1.82,32.27
13991,2.97,90.7
9037,1.46,20.93
48144,1.84,12.46
10620,1.01,14.96
5108,1.44,29.57
14102,3.79,24.41
11467,0.88,23.8
37756,3.71,17.16
14659,1.53,41.51
26013,0.87,9.16
13098,1.48,18.6
32290,3.43,19.5
27613,1.67,25.35
44141,1.43,9.62
9035,1.44,11.15
36182,0.64,15.52
49813,0.69,
31501,1.32,18.5
15573,1.02,34.71
32392,4.05,4.33
35304,0.49,
27961,0.9,29.59
36824,1.65,35.65
26586,1.8,15.2
5393,0.68,13.19
2011,1.04,22.81
8840,2.78,75.73
38916,0.42,15.73
11685,1.54,6.99
33889,2.1,16.77
7107,0.94,26.39
46254,1.0,21.52
49430,0.55,15.16
7086,4.29,25.36
10439,5.97,18.19
30246,0.96,-16.3
42387,0.59,25.74
6385,0.7,14.17
1475,4.69,
16257,0.92,19.37
49454,4.46,78.4
48558,2.38,31.07
12439,2.03,30.99
10256,3.85,78.64
40000,2.26,9.7
15618,1.38,7.4
49706,1.42,20.15
7405,0.67,
23294,0.97,17.91
26354,1.42,34.59
8476,0.71,14.86
21676,1.63,24.59
828,0.74,12.38
42843,1.52,24.11
48186,5.2,43.29
26287,0.68,33.21
48974,2.43,30.37
2971,1.33,17.02
37246,1.41,
19064,0.7,27.76
45322,1.52,13.8
31432,1.85,14.73
34469,1.12,28.12
33951,0.9,19.98
36760,0.65,24.28
1987,,27.88
26343,0.87,12.03
41594,0.99,21.9
906,0.99,9.93
32588,4.51,66.33
8967,0.64,34.9
46819,0.52,12.09
49607,2.23,31.51
6997,1.62,6.35
23993,3.13,14.54
14508,4.76,21.41
25211,0.94,12.51
21954,2.29,22.4
43271,1.13,16.66
3807,1.07,4.66
49055,1.23,38.52
44520,1.99,27.61
36458,1.22,39.19
29849,0.71,28.18
14706,3.4,17.56
25245,1.17,
13476,0.97,36.07
22607,1.33,31.11
31081,0.92,6.88
35882,5.16,76.83
39911,1.08,39.26
7746,2.21,16.79
32869,0.86,17.49
26935,1.86,25.38
22471,0.94,2.46
15402,1.08,26.19
22335,1.27,21.62
43153,1.63,16.3
21924,1.29,22.78
39543,0.44,18.49
17782,5.7,14.13
14662,1.02,23.94
27957,0.48,33.89
17542,0.6,17.28
15381,1.27,14.08
29239,0.79,16.98
19480,3.38,17.01
44303,1.8,15.23
34084,4.32,58.125
44615,0.89,19.54
26274,3.95,26.99
34461,1.21,
5912,2.26,21.59
2639,1.28,17.48
21761,0.91,17.33
19377,1.82,
49831,1.08,29.66
46894,0.87,12.38
46026,2.28,20.55
8320,1.6,9.45
1563,,25.25
37945,1.05,25.87
40471,2.01,13.76
46528,,15.53
575,3.04,36.7
1250,1.67,
29477,2.55,100.0
19303,2.27,
8968,1.4,9.11
22262,1.18,39.51
26535,1.83,4.41
37303,1.58,
14885,,19.88
6394,1.43,13.06
349,2.08,9.72
41399,0.96,18.76
33775,1.34,21.49
24077,1.98,36.949999999999996
18292,2.42,24.58
1792,1.23,
30420,0.46,19.22
2352,1.55,12.17
16985,0.8,19.33
20708,1.41,23.09
30019,0.93,34.94
1019,5.22,85.93
33350,1.98,22.47
25760,4.32,72.71
10376,,
49059,2.47,8.45
13646,0.79,20.87
16127,1.26,16.15
5666,1.17,11.27
49899,1.1,12.53
19031,2.39,10.45
10130,1.36,7.39
46962,0.8,24.51
34823,0.95,32.72
39349,0.55,
31094,1.53,66.01
2361,0.93,38.86
43976,2.09,
32603,2.55,24.7
20381,1.47,4.24
14879,0.9,20.27
27383,2.44,34.04
42159,2.1,35.68
24386,0.69,17.84
48844,1.45,21.21
14148,0.89,96.6
32948,3.55,20.63
49373,1.49,8.59
18655,2.11,25.05
11162,2.0,23.38
37353,0.51,29.23
8228,1.79,
44443,6.82,69.57
21447,1.62,34.17
11420,3.38,14.99
31323,1.09,31.39
1862,6.31,19.0
12055,4.49,17.08
22292,1.85,32.33
23386,1.13,15.02
37416,1.42,21.2
3894,,75.85
27745,0.23,22.91
49261,11.36,89.97
43258,1.37,27.18
22546,1.1,15.71
10927,0.72,26.25
33676,1.68,31.13
17648,1.17,18.46
18876,0.69,26.54
49226,0.81,19.95
911,1.91,15.65
31562,3.15,81.5
38947,2.12,
8517,6.27,60.67
2342,2.23,
31104,1.72,
17087,2.18,5.74
6150,1.57,
32120,,16.45
37,0.34,16.72
24536,1.06,26.64
34072,5.26,90.63
34833,15.299999999999999,24.6
12340,0.4,35.69
6496,1.94,17.76
36842,1.74,35.95
2155,0.93,32.86
19598,2.29,11.36
48349,1.65,32.64
18473,1.93,15.29
28242,2.59,19.98
49555,4.13,7.0
18594,5.84,85.08
45573,1.45,12.66
24460,2.19,33.81
22766,1.21,10.45
18691,3.13,30.75
48731,2.05,31.37
18338,0.68,20.38
21441,1.64,7.74
12225,1.01,29.88
23838,2.03,24.36
48120,2.85,8.09
42428,4.11,15.88
43465,1.6,33.43
25967,3.14,
27432,2.77,78.35
30514,2.22,21.43
245,0.57,23.92
29318,2.6,39.21
28362,1.19,32.88
8009,0.67,21.59
11224,1.52,31.58
36466,1.9,37.2
15088,3.72,55.29
1670,1.85,29.44
38759,1.0,30.18
9260,1.55,31.32
31577,,
16666,1.58,18.14
35815,1.27,9.61
22778,0.9,15.94
39818,3.18,77.35
9436,1.6,23.69
29208,2.82,33.14
39084,1.45,24.43
7317,1.81,26.19
31280,1.06,12.59
36525,,20.94
30988,3.69,16.69
40849,1.11,25.48
27582,0.22,18.95
38966,0.77,61.050000000000004
47050,2.06,0.0
44642,,31.52
1958,0.43,27.68
33256,,7.22
7654,2.47,93.65
43144,1.93,23.72
7412,0.46,17.1
10879,1.86,
48171,2.13,19.03
17019,2.2,73.98
45616,0.48,31.41
48537,0.99,26.16
49802,2.77,22.93
33715,,34.39
41769,2.85,17.19
31952,1.88,17.51
25325,3.98,92.62
2905,1.36,14.04
23135,,36.44
19630,1.42,36.99
27478,1.07,34.19
48557,1.92,21.34
5977,4.43,87.62
4993,3.33,25.97
14231,2.5,37.42
9561,1.7,17.91
45742,0.81,26.27
4847,0.24,3.79
10794,1.71,24.82
14418,,22.22
15341,2.17,34.42
26828,2.34,19.48
35480,1.52,19.88
21666,1.54,4.5
2786,2.16,9.69
271,0.44,16.34
41757,1.63,68.375
19758,3.8,17.13
5899,2.33,21.34
5156,4.14,88.32
19027,1.71,16.28
21824,2.03,33.9
13841,1.88,84.91
14687,2.77,7.44
47281,,26.63
9122,1.97,21.33
28254,0.77,12.93
21158,0.51,19.36
32230,2.89,15.81
26986,4.3,42.03
22053,1.37,34.95
35998,2.78,23.76
19548,2.26,15.75
7514,1.19,17.58
7367,4.43,94.54
10255,2.03,80.14
9559,0.4,
43633,0.73,12.37
42965,1.38,12.84
39604,2.11,29.79
19832,1.41,18.26
11232,0.83,
47595,1.78,
5341,1.67,17.34
47978,1.08,14.26
30194,2.42,15.02
33981,2.24,25.1
16447,1.93,23.6
15651,1.34,20.21
4354,3.66,
26963,2.2,23.05
32411,2.07,36.23
38114,0.58,-11.63
12479,1.85,30.16
2069,1.08,33.89
10837,1.37,23.81
9917,2.48,21.09
8756,2.59,24.28
43575,1.13,33.09
15994,1.45,33.3
28128,0.46,20.47
9934,1.8,12.58
47636,0.74,19.46
11861,1.09,17.12
22092,1.0,27.22
24231,0.98,30.24
16307,0.87,14.82
17766,2.63,33.44
31479,2.0,19.37
26452,,17.37
1091,1.02,19.22
48391,2.05,12.75
30067,0.41,26.46
4679,1.15,29.72
9416,4.72,75.96
12395,0.68,21.99
47104,0.91,36.94
17005,2.59,15.13
48145,,35.77
28735,0.41,15.09
7059,1.3,15.37
43483,4.2,80.01
36122,0.96,11.71
43549,1.02,4.23
34190,6.27,69.54
36815,1.57,22.18
21323,1.11,29.37
41404,0.86,28.99
33012,1.57,24.87
21450,1.13,20.26
13104,2.11,17.42
27881,,14.6
44749,1.49,28.56
2140,0.61,13.47
17486,0.68,13.83
7476,,79.51
48056,,18.73
3663,0.36,19.76
33001,30.54,81.52
46467,2.05,12.51
38592,,32.41
14441,2.35,31.91
20950,3.16,12.77
27197,0.88,19.8
4287,0.65,24.39
49734,4.19,72.27
31270,2.55,13.97
10422,1.76,7.87
13159,0.72,24.29
17852,0.94,24.3
13843,0.67,21.06
46853,2.08,26.44
4780,2.7,22.09
11765,0.47,16.43
377,0.41,36.03
13921,1.51,27.31
4474,4.13,15.08
28820,2.38,32.09
43966,1.24,
39224,0.88,28.45
40368,2.51,30.57
27621,1.09,18.71
35649,1.98,
41993,1.93,17.42
10020,2.11,
34704,1.7,82.2
5561,1.25,19.47
27526,5.22,30.25
36820,0.8,18.7
36593,0.43,23.51
45002,1.27,
34010,0.48,20.04
49023,1.95,28.79
21745,1.5,21.5
41517,1.03,7.76
36752,2.87,29.67
12416,2.66,30.16
33706,0.88,16.54
14465,2.47,26.65
34373,2.39,18.22
46389,1.87,21.1
24742,1.04,17.23
26131,1.75,26.86
25913,2.62,14.06
46724,1.49,23.07
12136,1.56,17.77
5436,0.81,39.78
938,1.58,21.62
26721,0.96,26.97
9517,1.16,19.79
49552,3.72,21.8
29608,0.47,14.58
10312,0.74,33.83
25761,2.54,18.49
15750,,27.16
31248,2.39,83.9
13397,,15.26
132,3.0,17.66
37274,1.08,5.92
13073,1.1,18.94
21920,1.37,14.3
3392,0.33,29.4
1933,2.0,27.69
21463,1.74,30.25
42905,0.97,25.94
22085,1.71,21.31
8410,0.99,19.75
34975,1.42,7.76
40743,0.73,18.35
32468,1.77,20.43
46196,0.87,20.37
15456,2.13,
37096,2.47,90.43
1184,1.71,19.4
38903,1.91,17.14
10626,4.92,24.37
34278,1.74,22.27
7538,1.24,17.48
30672,8.71,80.51
48909,4.66,79.0
23516,1.32,22.16
14285,1.48,23.56
25772,0.72,12.14
27983,1.18,30.8
32505,1.48,18.06
28555,2.77,13.93
26324,0.8,18.44
40960,2.77,23.51
7199,0.86,
47874,1.65,
6919,0.82,
39182,0.99,
29762,2.52,4.5
12271,1.76,12.54
5170,2.07,
38201,0.79,28.02
10346,1.83,30.96
13449,0.32,34.7
36107,0.85,27.01
9773,0.98,
29648,0.77,19.24
11481,1.5,14.1
48379,1.29,23.78
15014,1.36,
29178,1.15,6.3
26834,1.89,29.36
25188,2.26,27.26
15253,3.12,33.9
32921,,37.46
43814,2.55,13.2
8514,1.19,28.39
43802,1.5,33.16
40404,2.7,27.39
49785,1.55,31.45
20493,1.28,43.71
18911,1.19,34.22
1338,1.58,25.75
18815,3.5,64.47
44436,0.76,19.89
15178,0.52,22.14
36428,1.43,26.65
16448,1.1,18.03
7760,2.44,15.28
25687,0.74,27.05
41930,0.67,15.87
40945,0.31,12.28
26553,5.97,70.54
4671,1.83,3.65
47341,1.38,21.9
1895,,16.3
17568,2.76,8.72
15423,2.24,19.37
35048,1.23,11.52
5355,1.21,25.41
28064,0.92,20.85
40348,1.08,17.99
34133,2.22,32.65
33119,2.31,25.43
30549,,16.87
28214,1.89,31.64
8730,1.59,17.81
29721,,18.52
9246,,25.26
14434,0.85,
30735,1.15,19.26
27601,2.38,
36101,1.87,23.4
10283,0.63,33.88
48622,2.26,27.58
3816,,12.52
21629,3.1,37.37
45477,0.98,
26168,1.52,17.24
12913,0.4,31.86
41389,0.39,15.2
18000,0.61,22.39
46574,0.87,33.48
43770,1.65,16.88
36244,3.62,3.94
37159,1.0,13.52
32694,6.18,88.06
3164,2.76,22.09
15870,1.82,32.8
22334,1.58,19.17
15098,0.91,19.0
36541,1.7,13.23
20502,1.52,
5479,1.77,
49948,2.21,34.69
32187,0.69,15.78
38353,2.64,21.06
10166,2.73,27.87
42506,2.18,
6994,4.93,20.92
31974,2.66,26.68
25565,1.09,21.06
32162,2.48,16.18
6515,4.29,31.58
45026,2.25,22.96
37505,1.11,22.62
9256,0.67,25.18
25441,0.3,21.58
4180,1.02,21.5
26468,1.26,38.44
48372,0.36,33.83
39236,3.11,20.96
23421,0.88,17.78
22314,7.91,79.77
14381,1.24,23.09
33469,3.7,79.22
41083,2.1,27.07
39429,1.74,19.62
36246,1.94,7.13
38539,2.79,32.12
22668,2.79,21.19
43110,1.34,14.57
11927,2.45,14.46
14429,14.580000000000002,22.25
37624,0.23,10.33
13973,1.37,5.93
40890,3.15,85.4
14216,3.09,28.6
502,6.58,67.09
25352,0.57,17.44
4317,3.45,
21153,1.55,26.53
42940,3.38,19.6
28750,1.08,19.28
8397,3.13,9.06
45230,3.81,40.32
18802,,14.27
43069,0.89,20.8
36058,2.38,70.34
30959,1.83,9.19
27627,6.72,81.61
37855,29.52,79.37
15876,3.33,80.02
18831,2.46,17.6
37956,1.44,14.3
5496,0.64,12.63
39921,1.78,35.23
27648,2.27,20.67
9948,1.0,22.68
29494,2.03,22.04
46686,3.75,74.67
35989,0.47,23.43
21180,1.09,30.05
32632,2.56,9.18
6143,1.03,19.64
10064,3.79,16.59
31782,0.25,21.18
30381,2.67,21.03
14616,3.51,25.02
15784,4.07,15.59
4996,5.12,99.32
23638,0.2,11.54
2390,3.07,17.5
20686,2.29,8.47
42349,1.39,17.86
32519,0.97,15.16
27532,1.54,43.25
31990,1.41,
41482,2.74,16.0
952,4.66,25.24
39299,2.65,38.76
15148,0.62,7.59
31594,1.59,
24716,2.83,22.94
1083,8.8,94.19
11238,3.35,93.97
40974,2.03,14.26
24490,,76.54
22269,4.24,60.68
18433,0.62,4.33
15205,0.82,26.2
10004,2.01,17.73
25479,2.57,72.38
22656,4.61,64.34
47142,4.18,83.89
2890,1.69,23.73
36786,2.72,14.81
22202,3.98,
32660,0.63,37.45
44477,1.53,6.05
20409,2.32,20.1
27935,1.76,19.94
47611,1.63,33.09
45129,2.41,25.9
10095,3.31,21.26
688,1.55,16.02
42492,0.48,16.47
24505,3.48,21.07
19110,0.95,31.24
43351,2.05,23.12
42779,0.36,21.4
6280,1.07,28.31
31714,2.47,
38523,1.08,20.6
23000,4.86,86.36
12721,2.59,
25540,0.89,28.78
35272,0.85,16.61
25416,,33.44
30550,1.29,13.33
22370,2.18,19.39
3906,0.74,22.46
7963,0.2,23.42
3294,0.69,22.56
13140,1.1,32.54
18152,1.99,20.87
49684,2.04,22.57
44770,1.01,24.35
24618,2.94,
46038,2.54,27.24
20135,1.02,28.53
5018,1.02,8.82
9751,3.92,30.08
37431,3.33,20.92
26836,1.83,32.35
33262,5.24,80.34
3296,0.33,17.78
13864,3.94,29.47
36986,3.11,77.69
22888,1.34,
12764,2.87,19.81
45483,0.93,14.85
16076,0.5,16.99
5122,5.64,25.77
31113,1.75,
38994,3.32,19.32
47499,2.4,8.66
10111,,12.41
47307,6.95,73.77
41483,1.52,2.0
38790,0.65,27.9
43379,3.95,38.36
20195,3.18,22.39
2482,1.33,27.37
23207,2.93,76.39
23746,1.19,20.1
22843,1.84,16.62
39801,2.1,28.7
22104,0.43,17.44
972,1.67,15.82
2630,0.66,3.85
42826,1.37,30.16
10941,1.2,24.03
24385,1.41,23.76
8178,,11.79
42663,2.6,76.07
48545,3.93,75.37
19079,1.51,26.05
48126,2.8,24.97
40277,1.77,28.25
33772,1.69,23.36
39849,,60.57
21164,3.11,20.35
6983,1.8,32.68
37724,2.44,43.92
22687,2.16,8.83
48331,2.02,19.26
41637,0.95,17.1
595,1.4,8.28
33850,0.81,23.04
687,0.81,29.26
20562,1.05,31.55
39802,1.9,21.6
8284,0.97,8.56
35747,0.19,22.32
47099,0.38,
6433,,24.13
26980,6.14,96.26
44899,1.78,33.77
31425,3.51,24.48
12941,2.66,9.5
18176,2.16,9.59
44867,0.82,31.16
48736,2.62,23.72
16838,1.82,18.41
15254,1.49,39.41
29118,2.2,18.91
29632,2.3,20.38
47679,1.4,25.1
35266,0.45,27.69
18544,2.68,30.97
26479,2.94,71.36
49317,1.87,17.79
30175,1.96,19.71
36483,2.23,21.17
5720,0.95,21.67
16973,4.69,7.69
20074,2.6,15.1
39885,0.93,31.7
15888,3.8,21.69
21197,2.4,26.98
8625,6.93,80.93
20330,2.32,23.73
26542,2.7,23.02
12729,3.86,24.18
18951,2.34,14.35
27106,,23.87
46425,4.6,74.28
1690,2.14,21.69
45518,0.6,20.33
28106,4.43,68.33
17445,2.58,12.17
33241,1.51,25.71
16543,0.89,2.23
21089,2.9,19.18
40658,0.5,31.02
17194,0.76,18.64
45392,1.75,72.72
36016,2.07,21.07
642,0.76,18.82
13423,4.47,81.45
14256,5.58,77.89
35775,5.84,81.32
40370,3.72,
39307,2.4,29.5
9611,0.84,28.47
8364,2.24,29.05
25716,1.61,33.11
30074,3.03,22.29
25879,0.4,
27294,0.2,11.04
21639,0.35,30.38
5915,0.81,25.14
15616,8.62,81.84
25122,3.2,9.3
26928,,30.53
9568,0.41,17.65
40185,1.02,18.13
361,4.41,27.29
307,2.64,75.89
19050,1.25,22.99
44006,0.68,23.55
15550,1.33,24.74
48845,0.39,17.99
10109,4.31,8.35
2357,3.98,
8368,1.25,11.59
826,1.13,17.43
35125,1.07,24.36
35111,0.79,9.68
8171,2.53,89.41
54,2.38,34.39
17709,1.0,11.51
8265,2.04,16.99
13079,0.7,10.63
2508,0.64,20.6
24689,2.72,26.0
49819,3.52,83.88
29503,1.79,33.34
26268,2.6,24.16
14732,0.76,
14559,1.97,9.58
40100,2.11,
36790,1.43,33.43
14077,1.12,33.85
7794,0.43,21.11
13422,0.7,17.99
34097,0.9,25.57
29159,2.51,88.07
35300,0.78,24.19
3878,1.3,28.35
40283,,24.02
15535,2.21,23.44
46155,1.27,30.0
14456,2.06,15.39
31237,1.94,27.08
22940,1.28,
48632,0.53,16.82
38474,0.83,23.57
35454,4.34,82.31
42267,2.61,10.45
38477,5.82,97.6
35073,2.63,92.42
30709,0.12,13.13
5260,0.71,5.55
5418,2.95,
9868,,71.67
17163,1.06,17.34
31602,1.17,3.6
20003,0.9,24.51
38195,1.02,7.11
48101,2.16,29.33
35126,1.15,27.79
36920,0.86,22.56
27793,1.67,16.99
17499,3.29,73.03
17704,1.25,37.37
36352,2.01,23.32
34538,1.58,17.21
45471,1.32,22.24
47766,2.18,0.0
13413,2.24,28.95
43576,1.04,20.7
1057,0.79,30.5
25502,4.6,79.19
13988,2.53,15.99
34810,2.81,15.12
48571,0.59,30.15
18514,3.26,23.71
26021,2.19,22.79
19302,1.89,32.84
43088,1.36,6.65
39628,1.05,6.17
7918,0.94,17.93
43415,1.84,15.57
47668,1.38,28.25
41510,1.63,20.85
10008,1.72,18.79
5217,3.57,13.77
12070,1.75,22.44
7433,1.58,22.59
37323,1.62,31.06
28377,1.7,
47609,0.87,3.12
18477,0.76,19.5
18193,0.23,19.56
22079,1.68,23.15
31855,5.4,74.68
46670,2.43,32.44
43155,1.05,36.96
46164,1.26,27.6
9949,1.42,19.8
42803,1.64,22.41
33575,1.31,21.43
32358,1.02,12.71
42767,2.44,
5001,0.96,12.93
16990,1.04,14.13
49244,1.22,25.87
35588,1.93,34.24
31519,4.07,79.44
1128,1.75,9.65
28777,0.61,17.95
49548,4.1,82.09
13882,2.2,18.31
48243,1.21,10.87
46314,2.94,17.59
23742,0.44,
15152,2.29,22.08
14452,,7.64
19764,1.47,20.38
11259,2.4,22.12
6847,2.73,29.79
17573,1.13,26.85
48030,0.55,18.89
5463,,
19095,1.27,23.31
45778,,
43583,2.82,28.93
18884,1.27,19.73
15137,1.1,24.31
36769,1.13,23.93
16384,0.38,22.0
44210,2.13,28.49
45823,2.66,7.73
19323,2.93,26.06
36019,1.38,21.73
2538,1.83,30.96
33360,0.31,15.1
9881,3.14,28.78
22508,1.37,14.72
44284,0.52,27.83
19464,1.11,13.93
47325,1.55,19.24
24569,3.5,18.36
39219,7.4,77.33
16611,0.57,26.5
11915,1.33,15.11
40184,1.69,-18.58
33208,2.24,23.79
22199,3.88,84.05
38074,4.47,68.59
31119,0.29,17.5
3642,0.92,16.74
3242,1.68,17.71
32661,0.99,
10248,3.02,33.15
6732,4.0,27.82
23840,1.7,26.15
14175,1.69,89.58
32370,2.18,24.42
20544,1.43,8.62
2170,5.17,
32276,0.61,27.76
10770,1.56,29.11
5409,1.72,9.23
40761,,35.52
7274,1.71,13.61
14688,3.26,12.71
3963,1.0,29.1
46684,,28.03
3331,1.12,23.7
22609,1.88,
45450,2.44,23.14
3056,2.67,88.79
27569,1.35,21.69
30294,1.54,18.4
28891,0.47,51.825
36828,1.51,28.01
44666,3.05,20.52
34398,5.01,84.05
30435,3.69,84.37
21770,2.02,96.175
3338,5.5,82.41
8163,3.18,25.82
4208,0.42,11.48
23613,1.47,25.0
22931,3.04,24.22
44661,0.87,22.55
8230,2.53,8.16
2805,1.36,18.43
12538,1.21,10.5
46446,2.31,35.94
36009,1.27,14.7
31087,1.04,24.07
18883,0.31,39.67
45066,1.67,6.22
46363,3.11,80.27
40617,1.0,16.36
1710,1.58,29.4
6486,4.77,90.3
35820,5.31,90.25
27097,1.76,26.11
38471,3.28,27.55
1455,2.05,38.77
27375,0.74,1.42
2679,3.06,
19451,4.56,19.74
3206,1.39,19.68
16294,0.9,
46144,2.22,
37280,1.83,23.44
33492,2.3,
42339,0.47,21.58
40115,1.57,31.92
49054,2.04,11.4
25207,0.58,17.82
44785,1.54,25.02
35376,1.15,9.84
36066,,27.59
46930,1.32,23.92
18475,3.81,31.9
31947,0.87,18.8
16679,1.08,24.83
28243,0.94,25.5
7410,1.44,28.95
26428,3.65,20.71
6016,1.66,27.47
13233,2.9,25.78
12121,0.91,51.25
23258,1.44,9.34
37605,1.61,7.86
28959,1.02,21.22
45761,1.38,14.51
15681,1.03,22.25
2378,0.28,32.35
15764,0.84,35.45
18431,0.46,24.55
16748,0.65,18.19
13922,3.22,85.48
39708,5.7,77.25
48046,3.74,90.69
4197,1.42,28.99
17607,2.07,24.54
1925,,79.6
45257,3.76,20.54
42458,0.79,22.19
9713,3.45,22.66
46284,0.8,
3548,1.43,35.22
10418,2.35,17.75
7619,1.51,19.37
43644,1.17,22.34
37625,0.64,17.14
40616,0.66,18.32
3161,,29.94
35021,0.71,18.29
16615,1.98,29.18
7498,3.18,
44700,0.73,12.73
41709,0.68,7.09
820,1.24,19.87
6571,0.6,31.89
19018,3.09,19.62
4446,4.7,76.73
16233,0.87,28.55
32224,2.58,1.64
5734,6.82,72.13
4010,0.77,15.01
786,1.44,37.97
12618,4.69,27.25
20398,1.21,18.67
28104,6.52,75.9
2278,2.97,20.93
30820,0.69,32.97
5025,0.95,18.51
12790,2.13,17.43
3942,,33.77
10739,0.96,21.23
34927,2.72,8.68
49482,0.49,15.92
37929,1.34,2.25
18641,2.43,27.83
12510,0.1,29.8
20274,1.98,24.29
4882,2.12,27.44
27841,2.21,7.41
18246,2.87,84.58
19484,1.51,8.06
30291,1.62,
4117,,2.02
25263,,28.35
20382,,15.39
48279,0.83,2.08
3362,0.34,22.2
34924,0.96,
30276,1.44,
36167,0.96,29.68
49248,2.81,28.8
12463,1.96,27.51
21524,1.25,33.02
5183,7.71,82.96
47999,0.97,15.64
4221,3.64,96.62
39494,2.21,22.84
17192,0.73,
15199,2.22,12.7
1178,1.96,
5613,,26.46
9356,1.54,
24574,2.51,25.06
7986,,18.61
32050,0.94,22.26
39522,2.36,10.6
49840,2.74,91.44
11309,1.54,23.64
25781,2.57,21.79
31892,2.4,22.52
42629,2.48,66.2
14747,2.3,20.24
44026,2.75,17.03
20805,1.3,19.42
38347,0.35,56.275000000000006
17432,2.85,9.62
44701,1.63,19.91
38739,3.96,97.97
24423,2.11,21.88
33928,2.07,86.19
4262,,29.09
36488,0.49,19.89
42437,0.91,24.45
23807,3.67,78.66
24051,6.15,96.66
33475,0.28,27.94
31780,4.56,94.13
5671,1.38,32.88
41662,0.7,13.53
43378,4.66,15.59
21934,1.52,34.14
48657,2.19,17.67
17838,1.22,13.47
34982,1.2,26.13
41665,0.97,27.57
20158,1.73,22.59
40726,1.05,27.32
19364,1.74,30.27
24838,1.61,37.71
43554,,73.42
41849,1.51,20.95
38277,4.57,64.45
17211,0.75,12.14
43947,2.26,21.28
41007,1.37,27.62
5128,1.12,29.09
25254,1.43,29.06
40824,2.46,12.06
21077,1.9,11.66
19473,1.01,27.74
42308,1.92,19.88
548,0.9,24.24
47523,1.74,10.2
19407,2.62,19.62
15931,5.26,66.69
33306,2.25,22.81
23595,1.37,23.93
32800,1.35,16.31
1835,0.6,41.46
7070,1.64,20.58
49655,1.44,27.86
15796,7.86,87.83
26067,2.39,12.09
42377,2.24,20.59
41901,2.06,24.93
18328,0.79,25.6
15593,1.06,24.18
8545,2.07,17.18
25386,1.13,32.43
42503,0.58,10.33
18061,0.34,24.34
6948,2.54,21.53
23190,2.48,25.2
35965,2.37,23.4
24944,0.84,27.99
21673,6.48,76.2
11945,2.47,14.71
18667,1.47,20.27
25669,1.05,34.96
45987,1.19,25.96
10893,1.74,17.95
5228,2.3,20.73
37619,2.05,26.63
47000,4.8,191.625
8789,1.44,10.86
35385,1.9,17.89
37064,3.35,30.5
12883,5.37,72.88
7220,1.6,21.28
48042,0.42,22.97
38717,1.83,12.63
35219,3.44,8.96
1377,2.6,
39698,1.24,23.37
8535,1.48,15.2
37221,1.0,24.41
39507,2.25,21.07
15463,2.13,19.47
14383,2.25,15.98
273,2.14,25.53
10263,0.4,24.58
16612,9.5,97.7
17603,3.17,33.08
33216,0.39,8.21
21172,2.82,16.72
44567,0.98,22.93
8131,2.42,20.43
1756,3.14,21.41
11502,3.11,40.02
9400,1.3,14.4
20577,1.57,30.47
29524,1.0,29.25
37501,1.29,20.64
36450,1.47,37.85
152,4.5600000000000005,16.96
3246,1.57,12.59
17242,3.26,
35542,1.05,17.57
1491,0.55,24.25
33473,1.48,23.8
30358,1.4,23.17
12062,1.69,26.5
12223,1.95,5.38
20529,0.45,14.04
37308,0.6,31.27
41772,2.72,12.31
40417,1.74,21.78
40260,0.55,38.6
41978,0.89,
29168,3.43,12.39
9484,0.51,21.52
29066,0.84,28.09
15095,0.84,18.32
45285,1.8,26.23
45577,1.79,18.5
17983,1.08,15.86
24064,0.29,30.12
36516,1.27,26.81
46365,0.91,23.07
24958,1.73,21.93
16733,0.8,26.03
43027,1.08,33.59
34353,0.54,26.88
44442,1.25,25.61
25100,,28.87
23728,2.68,67.25
24946,3.99,22.49
47971,1.8,17.15
7851,4.8,191.70000000000002
4607,0.56,30.08
42380,0.65,21.45
43629,1.99,
6195,1.66,23.87
38400,0.87,34.72
29449,2.45,22.46
43392,1.98,19.53
2824,2.14,40.96
29024,0.68,20.84
27311,0.46,13.9
17044,1.72,25.3
34394,0.97,
3413,0.79,
13077,2.45,22.64
11558,0.2,22.18
29681,1.2,5.82
38254,3.63,89.84
1836,1.31,25.53
15992,2.16,24.7
37244,0.3,14.0
46579,4.77,28.8
23625,1.66,40.33
32387,0.62,30.03
24819,1.25,22.67
15665,0.77,25.77
18464,23.88,82.79
23102,1.41,16.77
28800,0.99,27.93
3429,3.67,21.66
5152,,80.51
48860,2.22,29.1
34683,1.66,13.37
36767,2.05,20.15
21591,2.75,32.16
19392,,86.43
13733,2.09,19.96
6019,,11.24
6204,2.08,27.89
37546,2.28,25.39
24397,,15.42
24335,0.81,44.4
42392,4.9,9.8
1122,2.78,18.98
38422,3.05,27.67
2094,2.45,32.06
17182,0.79,
22165,1.59,18.94
39134,1.35,35.2
8297,0.95,17.6
41484,1.71,32.02
45267,0.79,35.46
14929,3.25,13.11
27916,1.42,21.11
32901,2.2,75.05
26833,1.74,28.16
4670,2.22,
36159,4.21,29.86
28112,,27.93
5284,1.14,20.1
19950,3.14,11.53
36677,0.67,17.16
12449,0.68,27.6
45419,2.66,19.42
11570,2.26,12.25
38273,3.12,15.31
36799,1.32,17.94
48100,0.39,24.15
20821,3.48,
23776,0.9,21.76
48059,0.72,20.29
42814,0.78,21.87
15467,,27.49
322,1.46,84.57499999999999
11200,2.21,27.17
298,1.19,34.75
25149,1.35,23.58
34524,2.52,23.73
32732,0.7,24.23
29301,1.46,
10318,2.64,17.94
14910,0.49,26.21
9387,0.37,29.41
15915,0.51,17.83
25134,6.53,81.94
805,1.19,12.17
42859,1.16,10.93
44869,1.8,14.53
5373,1.18,25.44
25969,4.36,66.72
44631,2.43,18.04
45831,1.52,35.79
23507,0.86,22.82
8734,1.57,23.07
29763,2.15,19.69
37526,2.31,11.7
39441,2.14,36.37
15352,0.76,21.43
47183,2.14,13.91
24336,3.48,26.47
24982,0.78,11.54
42945,1.54,10.32
42543,0.75,22.98
39092,4.67,34.86
36774,0.67,29.03
28729,3.56,14.54
44958,0.69,23.14
1262,0.79,24.85
2776,1.62,21.57
36306,1.4,25.16
17416,0.3,15.03
27113,3.87,25.69
35831,3.53,73.63
29157,0.73,26.4
40217,2.91,30.82
11774,2.48,18.98
4401,0.78,28.18
39104,,23.48
9804,0.7,27.06
7261,2.18,22.72
18125,2.65,18.42
22045,,25.82
5810,0.87,21.69
30742,3.52,
18222,,85.63
5240,6.04,89.44
42042,1.08,19.96
4785,2.43,14.42
2801,3.72,24.05
43532,1.21,27.6
46765,6.76,77.3
9335,1.24,20.27
23678,1.49,20.48
9700,3.62,31.62
4906,1.72,25.89
35705,3.01,19.15
37205,1.51,24.96
37932,1.81,17.27
48154,0.98,18.92
37509,17.52,19.22
26883,3.39,18.37
39282,0.83,19.08
929,1.78,17.07
2114,1.7,7.99
37803,1.29,25.56
37045,0.91,11.81
31082,2.97,17.76
37891,0.62,27.43
29430,,82.55
26060,3.49,49.050000000000004
31712,1.37,19.08
49035,,36.01
23543,1.18,17.91
13990,1.92,20.79
19969,4.5,80.49
31379,0.55,37.55
23147,1.24,10.76
29554,0.41,25.55
23618,1.87,14.41
3975,,5.61
14479,0.66,17.91
4811,0.97,
13466,4.97,89.8
4656,2.99,17.17
41614,0.52,25.76
5218,1.3,26.01
41111,0.78,11.63
38475,2.33,19.71
47400,1.66,16.81
36035,12.18,31.55
3778,1.81,17.88
22965,2.61,12.64
2703,,17.1
2035,2.0,6.99
31547,2.35,30.91
24069,2.42,14.41
30136,0.86,32.24
46817,1.03,14.45
21448,0.46,22.88
8918,0.54,28.08
23417,0.74,21.75
42101,0.61,31.41
26126,2.2,22.53
6361,1.16,19.99
32856,2.02,26.75
22907,3.07,
9579,0.78,24.01
20972,2.79,23.05
6715,1.21,30.75
13968,1.37,16.73
46814,1.95,29.53
31762,0.56,24.29
47358,2.02,14.16
6403,1.07,
568,2.31,83.94
36739,2.68,29.93
29233,0.27,24.38
23912,3.52,91.65
9581,0.92,20.87
6448,1.23,18.77
11530,1.39,22.3
44597,4.8,79.69
8852,3.62,9.17
13886,0.53,17.61
29694,2.42,37.875
20877,2.71,22.21
45912,1.91,14.01
17351,1.51,29.21
25006,1.27,28.24
39487,0.37,17.36
27661,,
49596,1.7,23.83
31732,1.35,11.5
40543,2.35,77.66
9237,1.9,26.16
15473,1.15,11.36
36198,2.08,17.63
39767,2.45,
44935,0.78,26.07
9091,2.8,
15868,7.94,68.29
21170,1.36,13.81
11576,0.82,28.14
29268,1.59,
18950,1.12,18.35
24504,1.91,33.24
37977,1.01,18.66
34144,1.17,19.77
33528,3.03,38.1
47330,1.98,20.34
45707,2.43,20.43
6484,1.1,7.63
34477,1.21,12.52
14900,0.65,33.86
24191,2.6,30.1
42915,0.88,
42318,17.88,9.47
12737,2.44,21.82
48829,0.42,23.67
32977,1.25,22.35
7629,1.59,30.6
5335,2.18,22.6
9033,0.94,23.21
5921,0.44,20.96
45558,0.44,16.22
1,0.81,20.08
42190,0.64,24.71
3272,2.27,20.62
25115,0.76,24.24
34272,1.92,11.67
4676,5.06,60.37
958,0.89,20.26
11182,2.17,20.48
41354,1.69,11.42
16798,2.99,27.5
41381,2.33,-19.34
31608,1.75,12.8
46134,1.36,25.74
49584,,21.36
48182,3.18,28.48
40025,4.12,26.95
242,0.58,37.73
41314,1.95,
17627,2.12,25.49
35650,1.66,20.73
12834,0.88,29.96
31958,4.3,84.74
1027,1.91,32.85
3005,8.22,82.16
35469,3.53,13.55
48504,0.43,33.34
12492,6.51,77.82
40405,1.06,30.4
23352,4.7,91.72
31397,1.08,18.52
17098,7.49,73.8
47379,2.55,-8.03
4152,1.46,23.34
5960,0.67,12.29
43761,0.54,13.78
30929,3.9000000000000004,17.31
37882,1.37,
42491,1.35,33.66
9087,1.45,8.9
48236,3.16,34.42
18882,1.06,27.1
47591,2.36,38.82
28524,3.02,100.0
27460,1.57,13.7
33170,1.53,22.71
42661,1.3,
35281,1.37,24.17
21735,1.35,16.89
3846,1.23,12.48
48197,3.04,22.81
35893,1.25,
23552,2.27,27.37
34592,2.09,-22.31
13407,2.12,20.13
29128,0.74,37.32
660,3.07,31.07
36469,1.03,16.52
31635,2.43,19.91
49100,0.96,41.03
1151,0.95,
14395,1.4,26.18
10360,3.5,
2417,1.03,17.46
38751,6.28,93.12
41967,0.29,19.87
40486,5.46,85.72
19970,6.36,
41684,0.93,30.55
40823,3.47,99.71
172,0.3,13.01
43150,0.95,10.52
25778,1.61,25.16
4314,1.01,28.73
35887,2.91,21.22
12194,2.58,0.27
27482,9.3,78.92
20800,0.31,33.68
32558,2.0,15.92
34550,3.61,14.95
2978,4.47,79.62
48079,1.01,26.95
4706,1.83,20.76
19671,1.96,25.69
7240,13.54,81.07
6955,2.06,86.52
30987,3.31,83.99
14841,1.13,18.93
45375,1.06,23.65
42730,2.54,65.35
25741,2.17,24.31
40393,1.56,24.72
48226,0.77,15.39
17042,2.66,26.73
48617,1.43,16.35
43505,1.39,22.71
6585,3.26,27.93
29088,1.61,18.17
40563,0.63,16.87
48028,1.02,24.25
9822,2.64,29.48
45412,0.99,27.33
20268,2.69,29.84
8462,2.04,23.99
17723,2.18,17.15
37569,1.91,26.62
21852,0.81,28.35
16853,1.45,24.02
27706,1.53,13.32
28363,0.66,21.47
36375,0.71,22.13
19468,0.86,3.97
23944,2.51,15.78
206,7.39,82.57
28798,1.87,26.86
7678,0.87,32.9
26674,0.8,19.29
3750,0.91,14.75
22595,0.99,21.53
22924,2.3,5.94
42724,1.19,
5369,,29.63
46210,0.34,23.61
40951,0.32,
4596,1.26,32.68
2156,1.2,23.0
13117,1.15,
45750,6.29,90.31
22351,1.03,18.44
44244,,4.32
49002,3.76,85.52
43467,2.08,30.11
32485,4.15,100.0
14308,2.34,22.54
46756,1.25,27.85
14719,4.5,16.81
32737,0.95,7.81
41127,0.52,8.41
30197,2.1,28.17
16478,2.04,21.53
17944,7.24,77.84
34488,2.02,50.43
45691,0.58,35.25
31480,2.0,
49459,2.56,66.28
4778,1.04,25.28
5483,3.95,27.33
30343,0.8,26.6
43035,1.02,9.6
17326,1.74,5.01
35529,1.92,24.69
16718,3.63,73.12
21856,1.44,
41361,0.05,12.94
14464,0.78,8.96
35637,3.85,89.54
17319,0.59,17.98
16017,1.07,26.1
48350,1.03,16.91
29946,0.57,32.84
18248,1.78,19.78
44675,1.93,26.8
8349,1.28,20.52
35209,0.32,11.53
2707,2.91,25.63
49507,1.9,29.14
36292,0.77,30.7
26806,1.47,
6275,1.56,22.5
1001,3.23,12.84
9615,0.67,25.36
13782,1.4,24.82
24537,0.47,18.87
34377,,20.11
26745,2.2,
18940,2.0,83.43
30393,1.46,79.98
28293,1.04,11.4
38896,2.2,36.46
22663,3.51,13.66
330,2.41,20.66
32547,3.63,80.37
19048,4.16,26.9
33500,1.16,28.7
4423,1.11,28.13
16941,1.79,19.6
20869,1.21,24.96
40591,0.38,29.76
13475,1.56,10.36
2911,2.6,20.84
41294,0.55,17.18
19306,1.39,18.11
16444,0.64,26.02
35573,1.88,24.01
41232,0.76,19.45
4452,4.84,97.37
40318,4.49,86.92
21221,1.57,25.46
39259,7.5,31.93
21052,2.39,20.31
15713,2.48,21.1
12119,0.71,31.65
27163,2.25,13.58
6917,1.15,39.72
44968,2.81,17.12
25447,6.86,79.67
41788,6.33,84.33
3508,1.27,21.05
3762,1.74,9.98
15163,1.23,30.8
31921,1.17,12.43
10438,2.6,30.69
42605,3.31,36.89
46111,1.95,12.35
32335,4.98,16.88
24521,1.16,23.8
28348,4.21,92.11
34286,3.55,24.53
33821,2.34,22.0
7184,1.11,22.16
41625,0.43,13.18
9127,0.7,7.21
21477,0.77,26.3
6015,0.23,26.18
46426,0.62,29.2
26726,2.23,-21.76
20480,3.27,-22.36
29408,2.15,26.48
14997,1.24,18.56
1637,,
7215,1.8,11.39
34979,1.82,32.22
39989,2.09,21.72
19864,0.57,28.37
45819,1.15,28.34
12987,2.32,9.29
2660,1.0,10.16
34169,2.13,25.98
29505,2.84,5.36
20846,9.24,82.76
19,1.02,8.01
29512,1.14,18.62
143,1.77,22.07
4740,1.3,
12361,1.35,83.31
2137,5.04,10.2
20176,0.69,22.42
22294,0.39,19.58
8341,1.12,10.42
18622,2.3,33.9
18173,1.47,26.42
20464,0.88,26.37
17551,1.88,24.25
17243,1.74,18.86
8039,4.07,73.12
45664,1.8,9.46
11691,3.38,16.22
21257,3.51,85.47
22391,1.19,27.62
21200,4.07,33.93
38112,0.81,15.58
3644,2.56,15.33
272,,
30095,6.92,92.07
19948,1.4,23.39
49695,1.66,24.91
12958,4.77,
603,0.87,14.73
41092,0.91,25.54
22613,1.41,29.14
22647,5.27,18.7
39657,0.41,13.15
49669,2.0,27.86
15361,1.65,16.38
37697,1.63,15.56
20965,3.12,28.51
30320,1.92,14.47
38548,2.14,37.62
16683,3.44,64.125
31840,0.27,
22974,1.01,20.75
263,3.01,20.34
17231,8.82,26.82
38079,3.27,70.03
42056,0.8,25.23
44640,2.45,29.45
40816,4.83,82.16
10481,0.87,17.32
40453,1.83,15.91
18265,0.79,18.78
43160,4.18,79.67
48000,,14.26
31298,3.21,18.51
17121,0.8,23.03
25678,1.49,
23444,1.38,13.7
15562,0.76,15.12
25013,1.99,
35097,1.13,21.83
9910,1.12,27.16
772,2.27,31.94
46185,1.75,23.41
35017,5.34,81.08
45075,1.82,5.53
35813,0.34,35.22
39493,2.06,11.88
24269,1.83,25.64
19119,3.2,15.76
8026,1.03,16.18
25265,5.25,
44220,1.89,
18357,,28.16
14525,1.39,25.27
24266,0.42,27.28
40646,0.45,18.32
29076,1.73,41.08
17438,2.61,
31487,0.91,14.9
32677,,18.72
42618,2.38,36.43
48081,0.79,19.7
3509,3.81,86.65
42986,0.98,21.43
44047,1.22,26.25
26851,1.59,20.57
40668,5.29,
39926,2.1,8.43
2314,1.59,31.65
41643,2.24,29.72
35808,2.08,
28399,,28.69
27563,0.47,20.38
10702,3.06,30.5
19270,0.87,21.09
7587,1.42,28.98
49145,3.11,84.52
7210,1.42,25.08
46497,1.61,3.96
18032,5.16,77.5
37716,,18.53
35189,1.14,16.85
30346,1.18,22.02
31644,1.22,
4576,0.91,23.15
8516,1.56,32.83
13891,7.1,92.49
1676,1.23,22.57
24014,,30.59
5673,2.18,21.87
6820,1.55,23.83
39912,0.85,14.29
47868,1.05,35.44
4512,0.92,10.9
18943,4.13,80.03
19029,1.78,12.3
40867,2.63,12.2
17505,1.09,18.05
10795,1.44,13.22
14361,1.67,
35560,1.37,24.25
44975,1.85,19.52
23021,0.98,31.26
45101,1.39,14.61
23046,1.75,72.02
18405,5.86,84.0
33346,2.01,16.91
43471,0.34,
41623,1.95,16.48
45378,,11.3
19905,3.13,22.67
33079,,19.16
24658,2.42,27.89
43578,2.6,193.07500000000002
11583,0.8,26.85
29766,1.19,19.45
1692,0.9,22.3
11465,1.37,14.72
39681,0.44,31.96
24392,0.44,17.65
7570,0.52,30.3
16559,3.51,33.69
5593,0.96,7.49
42591,0.78,23.25
14693,0.9,39.84
39185,10.13,70.42
12259,1.83,15.84
24830,2.91,15.45
12160,2.02,79.24
22312,0.89,23.44
34262,3.72,25.65
42760,0.91,19.85
19871,2.37,20.07
49151,1.35,14.56
35524,2.08,23.57
45576,0.92,24.85
45445,2.32,22.0
47967,4.64,22.45
22460,2.56,
8589,1.54,20.52
39127,0.24,7.78
37534,2.89,79.72
41108,1.56,76.1
36751,0.87,18.56
43334,1.19,17.34
40065,0.86,23.32
40935,2.32,11.78
18020,6.63,79.39
28394,3.5,18.98
20458,1.36,17.11
15682,5.56,90.07
23218,1.7,10.21
7973,5.56,85.69
23430,0.89,
29150,2.16,
32820,0.81,16.57
21558,0.52,30.17
14888,1.01,21.69
20252,3.0,
48726,1.73,18.37
6524,0.9,28.56
37912,1.29,34.75
10058,2.7,28.76
41214,0.91,30.18
20298,1.89,19.04
10958,0.71,15.01
37778,1.69,31.3
15490,0.73,14.22
41547,0.17,29.82
20524,,15.3
19931,0.96,28.49
26246,,21.1
24345,0.75,24.89
27810,1.22,19.99
33529,4.29,27.44
39550,1.14,15.74
15032,1.28,21.57
19098,0.26,22.53
38378,3.04,29.11
47098,1.24,24.28
34766,2.44,23.44
5082,1.23,19.65
1309,1.35,14.62
27727,1.13,16.45
26265,1.72,21.48
6853,0.59,18.75
25758,0.78,18.5
17052,1.97,24.18
35395,3.26,81.82
22041,2.16,12.54
22138,0.88,
44838,1.04,8.69
29978,2.55,21.83
24196,0.42,26.08
39055,2.89,13.42
21150,1.1,23.25
5987,,20.68
11241,1.6,27.43
22718,1.08,19.07
7325,1.5,22.65
23603,1.79,17.21
47902,2.4,28.48
30581,2.09,18.29
32038,0.33,28.02
19744,1.2,12.21
27277,3.45,34.32
26403,2.26,13.22
43501,1.7,21.81
43817,1.34,21.69
18727,3.64,19.85
42612,1.59,26.2
24011,2.21,20.74
20767,2.47,79.775
8037,3.0,16.81
41437,1.94,15.74
278,0.98,18.57
7579,1.82,34.6
25966,2.83,80.31
47958,1.81,15.78
9108,2.41,26.14
20048,4.07,23.66
27497,0.19,17.87
15301,2.15,13.74
18094,1.11,
15789,4.14,19.03
22743,1.37,
20477,0.93,
39355,0.36,15.34
28059,1.52,24.74
6415,1.29,21.15
4163,5.13,34.31
39360,1.44,21.46
37793,1.16,26.89
30398,1.76,10.57
39404,5.44,80.42
22629,0.6,38.58
2706,1.04,11.73
15664,0.3,15.84
16276,0.41,12.34
38405,1.08,15.69
19783,1.11,24.33
40134,2.9,38.77
2925,5.78,87.83
43494,1.43,20.6
42427,3.09,31.05
28990,1.19,
37457,1.12,16.26
29099,1.3,26.62
37925,0.97,38.49
26133,1.57,18.19
12067,3.23,15.93
25988,1.26,15.84
2195,0.28,22.37
46657,0.83,3.39
8966,0.97,31.98
13737,,18.25
9698,2.26,13.03
3952,2.5,
15333,4.66,25.3
43140,1.89,23.58
28893,3.06,16.62
32464,1.49,22.58
23897,1.26,20.6
24483,1.64,49.19
20818,,34.01
22922,1.72,28.75
17449,3.66,19.51
22214,1.11,21.04
8904,0.75,18.29
46772,4.17,17.33
42204,1.36,22.72
2939,5.65,86.33
37069,1.72,16.42
30329,29.160000000000004,67.57
19742,2.07,20.91
48087,2.36,22.91
40979,1.74,8.91
42000,0.27,26.67
3979,3.19,83.96
28918,1.99,17.21
37422,1.37,4.56
28601,8.7,4.86
16799,1.36,26.03
35663,2.1,30.41
27815,0.86,12.01
45001,1.22,25.0
49229,0.73,18.29
15386,1.8,15.95
3094,2.41,3.17
37683,0.88,7.89
40866,1.7,28.54
15085,0.56,20.21
25365,2.19,18.13
29564,3.31,22.44
9265,0.71,23.53
24234,1.73,35.61
46483,4.69,93.87
23727,0.99,29.43
4167,1.03,31.84
26689,1.14,15.76
9978,0.99,30.01
3038,0.34,25.89
48192,1.2,18.73
71,1.52,29.88
44568,2.14,25.58
15024,0.83,
9571,1.51,18.06
47194,2.85,
24258,1.14,21.29
3612,1.8,26.82
19537,1.58,17.35
21841,1.27,35.32
7,1.32,34.92
5830,1.38,33.72
25943,1.64,26.31
13469,1.47,84.36
26755,1.92,1.19
43077,1.12,12.91
40872,1.05,21.09
44277,1.49,33.35
14171,2.39,88.4
32823,1.0,20.42
5793,5.65,76.97
1721,0.72,21.71
32687,2.71,17.89
39805,2.04,13.28
30736,1.14,24.57
44239,2.8,12.19
11662,0.82,17.79
16431,0.82,27.15
49917,3.32,18.79
23428,0.41,20.14
41698,2.6,24.72
27729,2.42,18.9
13388,1.83,17.71
18868,2.01,25.76
37017,0.48,21.57
2212,2.55,23.91
42818,0.84,27.03
30059,2.72,81.77
1071,1.96,22.48
13615,6.34,73.14
30791,2.07,14.42
8456,2.13,5.02
35026,0.7,15.13
7818,,17.78
9205,1.13,20.95
48623,,31.64
32267,0.51,31.04
17079,1.26,17.54
25768,1.89,19.64
3345,2.19,23.44
10273,0.72,31.25
49460,0.98,
21791,1.14,36.7
32427,2.57,12.08
9619,0.87,24.14
25378,0.27,28.16
8351,1.1,16.09
16415,1.47,33.43
31140,0.91,38.1
4282,1.96,27.59
27218,3.56,23.47
37840,1.57,10.56
38676,2.05,28.13
28090,2.44,10.45
8466,1.81,18.31
22475,0.98,32.19
43862,3.08,23.27
26844,1.96,23.67
34502,2.0,19.13
2243,0.74,29.48
20023,7.67,87.14
15628,0.92,26.29
11656,1.62,27.22
44387,4.1,20.73
27549,2.49,17.64
5224,0.35,22.03
4368,1.4,-26.56
24937,1.9,
15255,0.8,19.97
31686,2.95,27.46
33272,,71.16
7148,1.82,4.2
20020,2.38,27.1
30370,1.6,26.8
59,1.67,29.96
19258,2.51,6.5
18277,2.41,14.09
44967,0.4,22.37
33864,0.55,23.66
48199,,4.1
13252,2.65,27.92
41617,3.2,13.16
34923,2.45,26.11
39840,1.75,19.14
3954,1.22,33.17
49256,1.64,12.88
39665,0.61,26.83
35704,0.86,17.01
7658,2.54,84.11
30156,0.73,18.14
10277,1.53,18.59
25099,7.16,61.19
41059,0.82,30.19
29046,0.94,15.63
22106,4.58,84.61
48284,1.0,43.6
18269,0.95,20.73
2189,1.09,10.94
5009,2.21,35.1
42335,0.8,24.59
6301,0.99,15.55
20518,1.11,31.77
43826,9.06,28.46
21203,0.64,19.3
33848,0.94,29.47
18404,0.73,42.1
2985,1.55,36.49
22465,3.18,21.89
13319,3.81,11.59
33865,0.46,19.91
38183,2.65,74.49
29185,0.73,26.44
26820,1.93,2.63
19642,0.23,23.23
27422,1.59,29.15
39226,1.13,
39232,1.5,19.83
42720,3.71,20.51
5504,1.37,9.82
6780,2.41,15.94
41186,3.0,25.6
27165,1.51,31.08
16244,1.94,12.21
3511,4.79,79.4
25895,1.27,14.76
2270,0.43,21.87
40086,3.46,21.0
23472,1.45,22.03
40858,,18.38
47938,1.52,36.22
22730,1.97,18.24
8947,2.7,25.14
6262,3.3,29.08
49011,0.5,37.3
1601,2.03,
35751,1.52,15.68
47932,3.28,84.22
49614,20.04,19.02
47856,0.41,8.15
4604,2.65,27.45
11261,2.46,27.75
18822,0.96,15.87
22453,1.22,13.34
11052,2.35,72.94
27296,0.65,23.97
44613,2.73,28.95
27895,0.56,26.91
15974,1.7,35.09
40211,0.77,28.66
21322,2.82,19.57
23232,0.75,21.81
42875,2.06,
24426,1.24,3.36
13750,0.77,23.21
3355,1.94,37.98
39294,1.12,28.17
22981,1.87,24.37
44369,2.09,75.65
49372,1.47,20.29
15485,1.17,22.39
16160,2.61,10.0
48640,3.57,28.37
28706,1.31,17.19
3128,1.01,29.7
44482,0.84,9.57
29134,1.17,32.01
37038,0.4,15.47
44816,1.65,20.95
15778,0.82,36.39
44898,0.28,12.0
43977,2.3,20.55
10812,0.38,26.07
10736,1.51,31.28
24910,1.37,21.97
7428,0.63,46.62
44507,4.17,69.98
18095,,20.82
29113,0.59,21.2
5642,1.04,26.5
37160,1.51,33.52
26750,1.77,25.54
12735,1.05,16.16
28968,2.51,85.6
46370,1.34,13.31
16504,3.97,89.23
10269,,18.79
3802,,71.82
41886,0.61,23.94
8925,0.95,12.7
47139,1.31,12.94
12099,0.94,15.66
11516,3.91,86.78
5494,1.37,
44152,1.0,11.88
21030,7.57,87.68
20560,1.05,26.78
31268,6.19,20.55
14964,0.48,5.32
47980,1.45,24.96
15086,2.17,5.33
38701,3.84,31.07
18806,1.45,25.51
39425,1.08,36.87
5679,1.08,17.74
14325,3.88,22.67
14800,2.18,17.64
44732,1.01,33.55
25250,1.29,22.72
5367,1.44,14.63
41308,3.57,84.26
21371,1.96,19.83
25243,,12.75
8417,0.53,27.47
19170,1.48,23.93
2601,1.87,28.89
4183,1.69,26.97
8764,0.7,20.92
9593,1.11,31.26
48876,2.35,21.77
6855,3.29,30.19
34886,0.8,20.41
32793,1.54,25.88
2638,2.95,29.13
33592,3.18,30.14
41784,1.96,32.58
16604,1.53,22.17
46692,1.34,23.35
37484,3.28,
16176,8.71,100.0
19564,3.87,32.51
411,2.07,19.81
16315,1.42,26.08
4698,1.27,19.18
1449,3.08,19.98
46172,6.64,89.27
5986,1.49,19.15
29390,0.55,29.76
25828,2.18,33.54
25257,2.8,8.7
28416,2.13,25.0
29526,3.66,23.8
22874,0.7,18.22
28835,0.85,27.99
36562,1.15,30.98
2842,1.21,11.15
25363,0.94,28.82
11525,0.52,39.73
24473,1.65,5.22
45562,1.16,31.78
44363,2.89,26.88
12995,1.19,27.94
35449,1.35,
5942,1.16,26.8
2937,3.08,15.03
36540,2.17,18.0
37124,2.69,2.3
49320,1.45,23.92
38743,0.75,7.08
955,1.64,23.95
49595,1.02,20.67
2972,2.0,11.4
34426,0.89,23.16
9084,0.89,29.16
39527,0.58,30.27
26819,1.16,22.28
15066,1.7,37.74
33444,1.71,23.71
42998,0.76,21.95
15180,0.41,25.07
10592,2.04,84.23
2947,1.24,21.96
21886,1.15,32.41
27355,0.93,18.98
24187,2.07,12.59
34350,1.51,30.1
30867,0.73,19.66
16119,1.74,3.24
45870,8.23,81.5
14504,3.0,
13550,0.61,21.55
14220,1.83,26.49
41208,0.77,18.65
37423,1.27,36.81
21084,2.25,12.15
24926,0.66,30.47
16196,14.82,30.6
28380,1.46,24.69
47106,2.92,31.59
32598,2.68,17.3
10652,1.58,20.77
10747,1.3,18.55
39330,,11.48
46466,2.09,19.47
38594,0.78,30.88
15001,1.58,16.89
3309,0.91,27.52
38705,3.0,23.38
18103,1.59,9.11
29302,0.7,17.67
9201,0.5,32.06
45877,7.68,78.08
17774,1.04,12.58
4828,,19.94
30061,0.46,18.85
24444,18.66,31.53
18656,0.48,18.63
2868,2.3,26.39
8723,0.46,15.25
18410,2.05,28.66
15584,1.36,32.36
28251,1.47,23.41
14363,0.55,29.22
20784,,15.55
2471,0.89,17.46
37301,1.66,21.26
38499,1.62,29.27
48324,1.95,7.57
14403,1.25,23.01
43266,1.25,24.99
39436,1.67,9.18
13196,0.8,27.61
3278,1.7,35.84
5626,2.02,20.38
49212,1.32,31.65
25571,0.72,26.73
14347,3.75,26.81
10203,1.24,22.05
26579,1.21,16.11
40087,1.31,4.06
28486,0.78,37.73
29013,1.61,29.79
38784,1.72,24.59
15597,0.24,20.44
7600,0.75,25.17
36361,0.17,16.93
27346,6.09,31.4
44165,2.57,34.58
19092,0.95,26.82
29303,0.37,32.89
34673,3.15,18.8
40400,2.26,19.84
47237,0.97,19.05
6350,3.96,18.71
44243,0.55,10.41
43991,0.85,23.58
7388,1.01,
18813,,21.03
6072,2.35,20.73
40479,0.42,30.94
15731,2.1,18.36
39876,0.88,31.5
26119,1.91,23.34
21467,1.52,20.3
15021,1.09,28.23
20360,3.27,29.52
23325,2.98,16.98
48899,0.98,
23470,2.48,16.43
2664,1.08,26.38
45082,5.98,81.24
16066,2.72,100.0
47953,1.94,16.38
37946,0.89,
17976,1.47,15.85
35253,1.09,13.96
23287,1.12,16.06
48749,1.12,20.04
414,0.93,13.46
1173,1.5,36.59
43688,2.09,30.18
2520,2.75,29.13
2563,1.66,26.42
47650,1.71,18.13
44091,0.41,0.0
9243,1.3,15.67
15123,1.89,16.8
7094,1.51,32.68
47184,2.99,21.92
32164,1.14,7.73
31484,0.8,1.24
41513,1.76,21.2
9403,3.21,
26775,1.54,24.33
21362,0.93,13.13
29785,0.86,25.29
29136,4.49,72.64
18317,1.6,34.73
11948,1.26,25.26
26052,1.18,18.58
39235,1.52,30.74
45789,1.72,5.61
5054,1.57,15.08
14141,2.75,23.61
34139,1.05,19.36
7742,1.17,17.09
28163,2.16,28.76
10284,0.94,6.01
42699,1.08,28.93
43152,1.5,19.58
17606,2.12,31.57
48482,1.91,23.52
9192,1.02,54.275000000000006
26269,0.43,
38106,2.36,20.39
6443,0.67,12.88
48533,2.43,18.49
27974,1.64,20.34
5066,0.83,27.41
31772,1.75,9.21
7459,2.22,17.81
30141,1.13,17.71
30491,0.76,23.5
34893,2.38,14.07
13754,3.65,24.81
29080,1.34,17.49
4486,0.99,9.83
47952,2.11,31.9
19772,3.11,14.89
47443,1.31,35.34
49537,6.72,67.97
28057,0.56,2.84
21990,1.91,31.5
21331,1.59,25.69
49440,0.88,27.98
39081,3.11,
8422,3.55,77.08
37156,0.49,20.77
4022,7.21,
8301,1.66,27.41
15841,0.82,20.53
9874,1.41,27.15
7822,,19.01
2005,2.31,21.36
32249,2.31,25.35
22029,1.56,34.9
37204,2.66,22.4
43178,1.08,16.15
31559,2.08,25.86
29645,2.72,23.24
42356,1.43,22.96
48272,1.45,19.29
36071,2.22,15.24
8958,1.6,20.13
30595,3.39,81.84
48223,1.77,36.56
47302,1.68,17.38
39998,2.03,23.37
34271,2.57,16.65
7497,0.97,30.03
33712,1.24,19.04
26080,1.14,12.11
17715,1.33,22.12
25103,0.74,26.03
39982,,33.16
45566,3.55,19.56
5312,6.25,66.23
8599,1.8,28.89
13861,6.02,100.0
3435,0.27,19.07
37548,1.67,28.01
32726,2.42,16.27
14024,1.08,11.0
43323,,22.82
5021,2.39,10.52
46761,0.81,23.49
28361,3.09,29.07
13062,1.76,5.37
46002,3.01,28.03
30230,3.03,76.19
2927,0.87,
40055,0.87,24.87
21097,0.63,7.6
7090,0.46,29.01
44566,3.03,23.62
30684,1.19,19.29
46345,1.5,20.89
5043,0.73,12.36
36441,1.26,16.27
44120,0.27,17.4
43199,1.31,14.1
8930,1.43,13.16
21991,2.39,22.21
1119,0.97,24.59
16191,2.84,7.04
14766,2.18,28.4
2518,1.26,34.12
31754,2.31,30.05
45650,1.72,31.28
40410,1.02,28.1
13867,1.24,43.25
44484,3.55,22.14
40023,0.85,29.65
32332,1.54,15.34
16113,1.42,26.47
49957,1.23,26.17
25881,0.71,35.7
35060,1.76,25.02
45327,1.21,
43122,2.7,22.11
2570,1.93,30.08
21456,2.83,85.08
13817,0.89,10.61
32165,0.25,16.51
22006,2.0,11.27
26866,1.47,20.9
24991,0.3,
13775,4.53,21.78
18227,3.19,19.64
18281,0.69,20.84
20690,0.43,36.98
49796,3.12,85.71
13131,1.02,
4769,1.28,27.44
7271,0.55,27.86
20790,0.6,25.85
12926,0.59,17.44
35488,0.54,25.62
5388,1.43,0.0
20765,2.4,18.45
12093,1.72,27.51
5400,0.68,19.55
7913,1.22,23.79
16593,2.76,20.64
22132,,29.31
33563,1.66,23.31
357,1.65,
589,0.39,14.01
39339,1.46,7.84
7923,1.23,7.3
36673,1.28,
11601,1.94,28.61
16432,0.56,23.66
4471,2.58,22.75
5321,2.32,20.3
2696,1.64,
39038,2.24,27.96
48554,2.53,22.39
17865,0.47,24.1
34746,1.37,19.06
41349,1.94,26.51
6995,0.43,36.15
34815,0.66,10.07
410,0.56,50.625
16036,0.43,17.85
30957,1.95,-22.13
19526,2.4,20.53
17700,2.03,19.62
36185,2.49,34.28
46205,0.62,-27.23
42863,2.0,43.23
28503,1.87,25.99
28984,1.63,34.46
22619,1.58,24.26
9114,1.69,21.88
38062,0.81,19.57
44050,0.79,21.12
29462,0.21,27.25
20934,0.86,17.75
31293,1.37,23.13
3889,2.75,21.67
42841,2.26,30.1
3829,1.7,28.19
15497,0.25,19.02
14649,1.73,8.7
19355,1.8,
33858,7.82,66.91
29597,0.45,12.72
26821,0.55,25.92
14098,2.17,
37773,2.03,16.19
41025,1.7,30.21
21047,,19.34
32495,,18.05
13031,1.16,25.99
48677,0.67,34.48
36411,1.85,24.01
41441,1.93,
20613,1.57,12.85
20370,1.13,14.79
28952,0.94,30.64
27265,0.83,22.08
4297,1.07,29.75
34454,0.8,9.25
34113,0.81,36.45
19655,2.26,15.38
34980,3.18,80.68
33536,1.36,22.44
1051,1.89,30.16
17610,1.7,26.76
11364,1.11,10.93
3145,1.38,21.91
37726,3.86,83.71
6450,1.37,35.96
5918,0.47,20.76
12299,1.85,-15.38
19121,1.28,14.18
29958,3.19,13.32
33225,1.2,28.01
17284,1.27,26.94
10163,3.31,34.86
41316,3.43,34.46
24677,1.11,42.75
13833,1.91,27.11
39562,0.8,
16884,3.34,79.44
11825,3.04,78.45
10621,2.18,21.91
26875,1.03,27.88
28162,1.44,21.73
16372,3.2,25.76
14463,6.42,91.58
32197,1.31,21.84
40965,0.85,27.91
3763,2.9,86.57
29582,0.2,12.23
48106,0.98,28.15
20957,0.61,17.02
29386,1.62,21.86
13710,0.44,14.52
11739,1.12,16.96
33673,2.0,29.7
26011,0.85,33.32
13704,1.21,23.29
29079,1.9,5.31
13460,2.22,25.09
40495,2.47,23.88
40193,1.16,17.81
31815,0.62,43.26
44131,4.41,85.37
34434,1.19,31.65
35208,1.01,16.06
19778,2.95,21.49
17925,3.13,25.31
19767,,20.36
17314,2.28,19.71
29931,3.01,11.82
35445,4.26,30.29
24619,0.28,30.99
9495,0.48,24.92
17156,2.14,30.71
3018,1.1,2.62
30,1.86,10.11
13675,1.24,17.42
13721,3.74,33.51
14870,1.73,36.18
45196,1.41,21.56
5005,1.34,34.3
21220,0.38,29.03
18555,1.24,29.45
23056,1.86,30.01
34194,2.7,
18534,0.71,21.55
21129,2.29,13.72
49162,5.39,85.89
1393,0.83,9.83
41023,2.23,26.51
41971,1.75,32.94
9916,4.4,29.19
10147,4.67,78.51
33484,3.37,88.66
45221,1.15,25.43
5950,2.02,15.72
18765,,6.87
7140,1.43,23.91
48292,1.09,24.52
18751,,31.5
15094,0.99,21.61
36578,1.3,10.06
38470,2.25,22.75
20912,1.43,5.58
31960,1.52,19.71
30632,0.97,15.78
12765,0.97,13.5
33302,0.51,31.72
36343,,26.81
29238,3.09,23.34
48310,0.77,22.71
36045,6.95,92.82
48467,0.8,12.57
11146,1.27,23.62
30068,0.81,21.91
47741,3.76,88.55
21236,0.78,23.07
38119,3.39,25.11
39622,2.98,23.38
6187,1.74,0.0
49943,0.71,19.83
22818,0.91,28.71
4979,0.6,28.65
33487,0.66,20.58
12206,2.16,9.34
41710,1.14,24.36
26772,0.29,14.61
12788,1.29,19.74
41061,2.23,
47830,1.83,24.18
39483,2.31,24.27
24253,1.24,26.28
514,0.13,10.48
9664,0.93,21.99
35691,0.89,17.91
39082,0.7,11.27
35308,0.98,13.21
43029,2.95,16.12
17791,3.57,81.43
11312,0.85,18.66
33429,2.22,24.51
48365,2.91,34.26
29075,0.73,20.21
9701,2.09,21.15
18608,0.49,28.1
4574,1.09,14.63
23120,0.85,17.79
44207,1.42,18.62
20039,1.5,18.39
5039,1.4,28.81
24489,1.74,21.88
49231,2.03,78.91
25841,2.21,20.48
11618,1.02,18.05
638,0.67,31.66
17373,0.5,
48847,2.2,
28287,0.96,8.26
28669,6.1,85.58
13002,1.56,32.22
281,1.75,22.72
41663,3.01,25.68
47578,2.19,29.01
16071,3.32,34.0
11355,2.08,24.06
32953,3.76,7.82
4388,2.81,18.43
12010,0.47,29.07
42545,2.56,26.67
14522,2.32,-100.22500000000001
23567,0.85,20.29
11219,3.03,32.91
5925,2.26,11.5
4933,1.36,25.36
16636,3.96,89.76
23676,2.79,85.37
33533,0.82,22.94
13368,1.61,
41371,3.37,87.12
10531,0.89,20.77
27962,0.45,14.45
23249,1.8,23.74
32475,0.89,23.91
3092,1.24,
22277,0.63,31.78
39416,1.13,17.03
46014,2.37,33.93
43994,1.72,22.96
13883,1.39,
14185,1.77,4.84
9959,0.84,15.75
2606,3.33,34.22
1487,4.57,71.72
33625,1.06,18.39
4609,2.12,23.29
47317,1.76,17.41
34234,2.3,17.6
2078,1.18,20.73
45770,2.4,16.04
9878,2.74,98.49
788,0.88,25.0
47231,1.19,25.8
36531,2.05,28.45
27905,1.97,28.85
37920,1.11,14.05
47166,1.72,22.97
34828,1.33,23.96
5920,1.69,
22145,3.31,30.25
30541,0.98,29.11
24252,2.4,21.7
7504,1.45,21.79
22999,1.73,13.6
16223,2.25,16.71
47556,1.5,40.66
7062,0.7,7.76
40627,0.57,13.39
5962,0.46,22.63
36330,1.41,34.32
35984,1.95,0.0
2909,5.0,76.61
38604,4.46,86.36
41933,2.87,
17949,1.16,83.08
29844,1.13,15.33
26917,,22.03
45226,1.32,22.71
36175,8.100000000000001,32.12
11116,0.79,13.62
31341,0.73,20.75
41247,0.6,29.24
47563,1.76,25.56
34501,2.72,78.48
35198,,19.23
23165,1.08,17.19
7396,2.0,30.16
11189,2.6,21.17
16001,1.65,27.57
39489,1.27,11.6
37841,1.6,74.88
24807,0.83,9.84
39530,0.94,24.46
9346,1.16,17.23
6655,2.0,
8428,5.21,24.61
49471,0.79,18.8
29117,2.66,24.62
10715,0.89,26.13
16938,2.24,22.39
20078,2.06,23.07
13795,4.01,87.72
45595,0.48,29.54
4532,1.37,
8355,0.84,29.62
30847,1.99,23.52
47115,1.44,18.72
46122,2.09,25.21
9753,2.07,16.57
33750,0.87,27.53
32671,2.88,26.85
37230,1.55,24.77
44248,1.54,16.59
40838,2.7,85.13
26609,1.53,25.18
32088,3.93,28.78
17385,0.72,-8.23
29240,1.58,34.94
37142,4.45,15.6
18189,3.12,26.19
12678,3.42,23.35
35635,,29.57
15112,7.23,98.78
101,1.76,33.18
31646,2.46,35.16
10990,2.33,30.24
6930,2.04,28.64
40324,1.04,33.04
23460,0.97,21.53
41245,1.48,11.91
49501,,18.52
33081,3.73,63.02
48408,1.67,10.89
33073,3.63,18.45
18388,3.09,18.68
12358,1.78,31.3
26238,4.1,92.84
12634,1.78,12.08
20793,0.27,10.71
30359,1.39,12.31
18958,1.6,22.2
36238,1.02,28.3
26178,0.76,23.25
49804,0.47,7.02
36510,1.24,5.18
26322,3.61,19.41
39602,0.58,24.31
42890,3.23,9.59
47627,2.52,35.27
38680,1.06,26.96
39757,2.27,10.65
47007,1.13,19.52
12596,2.44,6.79
39834,1.15,12.83
19828,3.89,2.9
10635,1.72,16.89
37715,0.76,5.12
3794,2.66,26.96
18832,0.91,29.04
35509,0.47,21.25
12485,2.57,27.32
31451,1.25,18.45
20406,0.42,16.72
13545,2.55,21.42
25733,0.45,
7838,2.59,3.96
26544,1.11,16.65
10619,2.38,20.33
38722,3.81,77.08
43618,0.32,24.24
1561,7.22,89.43
15166,1.07,21.3
33662,1.33,18.02
23665,1.15,18.63
42212,3.3,19.78
203,6.3,75.29
8803,2.79,7.92
16452,1.13,27.09
47140,1.61,24.91
30688,3.57,20.11
16977,1.02,18.73
4969,0.48,25.82
12490,1.25,20.27
40436,0.69,26.03
12580,2.99,31.27
6482,1.62,26.63
45095,0.66,
48878,0.91,24.65
18416,0.69,21.34
40155,4.21,10.65
42191,2.33,23.83
41853,1.21,27.89
26315,0.95,31.49
125,0.83,19.6
12699,1.89,18.28
1069,0.39,24.66
546,0.11,22.39
19431,1.9,28.59
4757,3.16,81.8
49132,1.1,19.86
44155,1.18,29.4
14828,1.05,19.68
18295,0.32,28.96
43313,0.89,
15089,2.13,8.84
26874,1.33,22.2
19754,1.93,21.77
20021,5.06,15.74
17129,0.9,32.27
10093,4.63,13.64
5210,0.63,18.49
13582,4.06,13.9
37739,2.49,30.45
39844,0.53,12.88
4992,1.57,24.89
30567,4.67,80.05
45108,0.96,17.89
1964,0.61,34.27
47666,2.49,100.0
48921,1.54,20.15
37344,0.5,14.48
1706,2.23,4.19
44114,2.48,36.95
37497,2.58,20.86
17289,0.83,15.74
46951,2.94,11.73
27853,0.39,20.58
23119,0.77,
11015,1.06,25.22
32529,2.64,32.24
23399,3.98,19.71
48681,1.6,35.18
44321,0.83,24.61
4998,1.56,33.23
13112,1.08,37.2
44226,1.8,35.43
2604,0.82,32.12
16749,2.23,12.97
39745,0.29,27.28
15189,1.86,14.06
37267,2.88,
49352,1.7,
18749,1.08,21.72
23566,1.15,19.13
12980,1.08,14.98
30261,1.13,
15050,3.46,41.68
7162,2.03,22.44
46274,1.53,11.42
14717,0.29,22.22
19922,3.54,12.55
38864,2.57,77.25
17693,1.02,22.85
46958,0.87,5.56
16659,1.34,24.94
21973,2.88,23.16
25297,2.87,29.22
44042,1.62,25.1
40840,1.88,19.47
35365,0.45,17.75
43938,2.0,17.83
32282,2.5,6.43
28224,1.27,12.22
38511,1.8,36.07
27397,0.37,34.84
29996,1.76,16.13
29264,2.05,15.64
25288,2.55,80.12
35485,2.39,15.27
46691,1.51,23.5
45745,0.9,34.32
45276,5.77,69.03
11853,1.26,27.94
29484,1.22,17.18
8720,1.43,33.66
7597,3.26,85.28
29570,1.68,18.92
32262,1.68,18.24
30229,,15.79
47423,1.02,25.73
26095,1.25,19.85
20700,0.96,13.41
23591,4.64,
12621,2.49,24.94
39685,1.98,23.17
32552,1.27,20.22
29393,1.21,8.25
19681,2.07,16.26
30184,1.14,27.05
15372,1.84,22.14
43458,0.74,25.07
30425,2.05,19.78
17162,0.9,20.67
5150,1.51,33.41
19569,1.32,20.2
20433,0.93,13.0
25629,2.48,6.88
30634,3.7,71.12
14030,0.72,26.44
14546,3.14,
41911,1.57,27.15
41777,0.62,
6728,2.66,13.42
36309,1.17,26.41
22372,2.89,29.29
17869,1.86,19.77
49269,6.69,24.01
33005,3.33,18.66
8786,1.02,22.78
30636,2.14,15.2
39913,0.72,24.77
665,0.7,14.1
36061,1.7,27.97
10907,0.59,13.17
32903,1.91,22.65
38805,3.32,32.31
32194,1.64,27.075
40870,0.7,32.43
25406,0.9,25.83
36580,,27.18
38979,2.64,-17.71
34009,8.47,90.24
490,5.27,78.1
3168,2.0,21.57
36026,5.48,22.52
11419,1.25,
14302,0.95,29.3
47911,2.84,43.34
1596,2.52,58.12
8061,1.12,31.73
14681,1.11,18.31
9634,3.91,85.71
42314,1.95,
32682,2.24,32.93
2881,1.48,21.84
16676,5.57,80.21
40127,1.99,33.57
2596,4.08,41.88
32696,0.13,25.9
15452,2.2,22.0
49388,0.82,17.66
41224,1.22,12.99
4416,1.2,30.43
45540,1.38,22.07
1737,0.65,21.92
33760,0.9,27.74
24872,2.36,19.35
33613,2.99,21.33
23945,1.89,22.68
40059,2.39,
21556,0.74,16.94
40802,1.41,13.61
12776,2.96,32.02
35585,0.47,19.38
4580,0.51,21.01
6833,0.99,21.03
24228,1.84,15.73
43079,1.34,26.82
35530,1.73,17.98
42282,1.76,31.94
56,1.84,
34280,2.04,24.92
25132,0.92,30.19
4453,0.97,27.56
1012,0.77,29.4
3671,2.11,34.46
18131,2.2,30.23
11437,0.49,9.78
31407,0.65,18.95
1942,0.75,16.98
33039,2.07,22.49
35188,2.73,15.98
32275,0.67,12.54
733,1.25,17.54
20363,22.38,7.43
4404,2.25,15.77
29140,2.1,19.05
1343,0.74,25.44
17103,,86.11
18304,1.06,31.61
12553,0.95,20.8
34565,1.66,19.63
17567,15.96,20.56
15639,1.59,18.72
40198,1.22,30.36
47039,3.2,19.51
28440,0.26,24.04
43280,2.45,25.01
44860,2.84,24.43
26560,0.58,35.63
24035,0.76,25.81
16903,2.02,23.32
24623,2.68,
36883,2.12,12.71
40176,1.56,16.97
21538,1.45,40.94
1732,1.12,24.5
5648,3.85,6.72
34257,1.09,16.15
21897,1.34,39.04
27890,1.47,20.96
12080,,32.51
44628,4.21,79.54
35545,2.94,29.61
45896,0.7,20.4
19858,2.36,90.37
35167,2.06,
28177,3.68,22.78
31842,2.21,29.16
22313,1.15,25.43
22480,2.99,73.54
47018,1.08,21.25
42152,1.33,22.34
43963,2.6,26.15
44023,0.61,
41823,1.63,31.86
3012,1.55,17.87
30237,1.9,28.0
11978,4.84,
13250,0.24,15.46
8331,2.09,22.36
48302,3.58,34.95
6176,1.34,25.3
33375,1.77,29.31
17904,0.57,20.05
47885,1.57,15.72
42434,0.8,19.23
22474,1.82,22.63
21722,5.84,79.15
20228,2.19,25.98
46866,5.02,37.03
31449,1.78,13.26
36039,2.05,18.21
42706,2.79,6.36
7083,0.36,29.73
33080,0.97,10.74
14246,13.080000000000002,20.64
37758,1.14,30.58
16503,1.69,26.12
47508,0.55,33.33
34836,1.15,41.3
2232,0.69,17.78
30105,0.47,20.94
23677,2.38,80.02
35920,0.59,15.42
38192,2.74,
20014,2.75,40.85
39169,1.27,14.24
28543,15.84,22.42
28736,2.23,
49131,1.17,15.07
13544,1.92,21.0
47774,0.47,17.6
38257,,19.66
20329,4.03,90.21
38508,0.64,24.11
12071,1.42,31.01
47401,1.09,22.85
24142,2.82,24.2
20357,7.69,74.3
12723,2.26,17.71
21319,0.96,30.04
40835,,-15.87
49277,1.43,
37287,3.52,80.74
38645,4.13,75.2
24480,2.32,25.14
12747,1.28,32.86
31116,0.75,21.45
12056,1.39,24.24
29760,1.57,25.4
1759,1.98,31.97
47160,2.31,26.17
11575,2.87,21.85
43919,1.95,28.3
16121,5.44,83.54
25889,1.89,11.32
39932,2.1,10.54
9330,2.56,
11621,0.8,21.87
666,2.66,36.34
37986,3.37,6.36
31967,2.48,37.19
1199,6.18,62.19
12940,0.84,20.35
2568,,24.56
48070,1.75,20.72
29826,4.29,72.16
23983,,13.73
12398,1.09,23.55
24174,2.55,14.78
22051,2.11,12.13
38176,1.59,13.56
35867,0.79,16.97
5545,0.92,19.37
22870,0.71,13.84
43270,1.64,21.97
48491,0.65,27.31
6113,0.6,26.15
14194,1.66,30.91
45186,0.58,13.42
17349,1.08,16.11
15609,3.27,26.64
47100,0.77,28.35
6316,1.04,26.89
22511,1.84,17.63
2007,0.79,10.59
9361,4.23,25.86
34720,3.02,18.83
31806,5.78,
37025,1.11,37.29
19004,4.93,78.37
36825,1.0,10.99
30772,1.62,91.34
33108,0.47,27.05
1229,0.74,26.66
23635,1.33,21.84
49814,4.06,13.17
6636,1.27,23.8
5879,2.51,4.07
42944,1.6,22.03
38461,2.31,23.34
1726,1.28,
14731,1.32,18.75
22513,14.46,15.69
2,1.42,
37077,7.91,91.83
11652,0.76,19.02
16882,2.78,
33138,0.16,35.67
14637,4.81,75.81
6595,0.54,4.69
6498,1.57,
27803,1.11,37.58
23176,1.58,15.92
38663,0.67,28.18
9186,1.21,8.68
37845,0.74,13.81
5630,3.44,76.94
11762,0.76,34.5
28462,1.97,28.81
28760,1.49,28.14
31188,3.42,7.77
31123,1.88,20.74
1324,1.81,23.42
30770,0.75,18.62
9420,0.88,19.21
8926,1.3,30.6
25316,1.32,29.04
9291,2.44,76.86
10370,0.88,20.04
4217,0.84,21.09
7071,0.94,
32366,0.49,21.93
13085,1.28,86.2
47631,,22.31
7576,1.2,
10349,1.22,24.19
28572,0.68,25.32
16501,0.92,27.75
20607,1.61,25.34
6593,2.14,24.46
30710,1.18,26.2
45165,0.94,32.05
48286,4.39,28.9
21869,2.84,
48151,1.0,37.18
33505,5.22,12.97
20418,0.55,23.65
13945,,9.9
35983,1.05,36.65
7802,3.92,25.98
14350,3.7,84.18
10226,1.3,26.92
44320,2.1,17.59
13272,2.98,17.82
37672,0.98,12.34
13869,1.77,35.16
19400,5.14,28.33
1662,1.22,30.77
32334,1.21,19.92
49942,2.46,18.18
23039,0.92,26.05
3471,1.21,16.12
4451,2.32,21.84
10985,1.79,15.06
37695,,14.76
46214,3.54,34.84
49291,6.91,
41666,4.15,21.12
45362,1.82,30.19
25349,,11.92
14087,0.84,22.34
34788,2.27,22.37
8337,2.59,64.41
20489,3.24,18.82
26933,2.14,33.81
41116,1.57,15.28
11242,3.58,11.91
42955,1.09,10.15
14947,1.19,33.63
40952,,23.54
4612,4.07,35.33
26443,0.75,21.64
639,,
13429,5.18,92.06
27264,2.34,23.55
6086,1.4,12.24
32106,2.71,5.69
27334,1.36,21.68
11227,2.0,41.89
32136,1.4,18.02
38565,2.61,24.28
3664,1.52,9.73
38186,2.55,26.91
28147,4.04,12.98
36194,1.48,30.77
19430,0.83,21.14
28607,1.22,
1947,1.28,28.61
33118,1.89,18.22
11888,2.7,17.32
22226,1.38,26.3
20029,1.44,13.19
27303,1.07,5.34
13878,2.75,18.24
29673,0.28,33.26
10494,8.459999999999999,21.15
14390,1.27,
8906,0.6,30.16
35366,0.99,27.06
26890,3.86,92.78
45433,2.74,
5765,4.53,86.44
25361,1.94,11.38
2567,1.78,7.99
48190,1.38,22.65
48214,2.43,26.01
46506,,23.46
24617,2.53,16.88
36116,1.24,19.96
28582,2.35,33.42
40289,1.39,19.98
8225,1.11,27.29
18827,6.31,82.14
46558,0.75,17.04
18957,1.2,27.48
16915,6.01,61.08
33748,1.04,39.52
30309,0.44,6.68
11878,0.49,10.93
25393,3.22,37.36
31991,3.24,16.67
38222,2.64,18.52
42817,1.0,16.72
15258,6.09,84.03
30206,2.3,23.74
2220,1.09,42.2
22711,2.34,23.43
31161,2.21,31.1
22980,1.52,25.88
28919,,21.82
27632,0.15,2.19
33252,0.71,
30449,3.11,12.71
42475,2.26,
30312,2.66,84.98
43708,2.31,23.07
9053,1.56,20.55
22691,0.52,11.14
49747,1.19,34.14
7517,1.6,39.05
48118,1.27,26.38
48609,3.02,-12.24
11999,2.75,18.42
22838,1.75,42.95
14976,1.69,16.99
34354,1.78,17.92
8735,4.79,90.54
24361,2.41,26.97
10292,0.98,11.17
1777,1.45,
28912,1.6,23.45
38251,3.65,83.15
49617,2.53,18.11
43682,,23.99
25425,1.58,22.1
17309,2.29,22.4
13768,1.14,20.23
48793,1.47,23.02
12757,1.2,11.9
30082,2.17,9.12
3510,,15.33
9298,0.86,
45705,3.37,26.18
42299,2.52,27.22
41440,0.47,16.1
41553,5.57,90.32
26163,2.32,31.56
28468,1.71,24.13
36577,0.84,3.61
39497,,10.68
5453,1.58,28.8
33869,4.99,84.3
22289,,37.65
9283,0.85,15.09
1004,1.0,27.89
30976,1.22,0.0
16515,5.58,59.29
18210,1.16,12.92
34571,5.94,85.05
10190,1.36,14.85
9229,5.37,81.13
28962,,36.52
30537,0.14,8.19
21975,,31.19
11298,3.35,26.7
36074,3.44,31.43
44119,5.38,96.21
34712,,20.66
16492,2.53,22.05
6879,3.8,20.63
27255,1.02,39.2
32049,,73.92
38963,2.91,16.03
49107,1.75,23.33
27177,1.75,18.51
22562,1.07,23.96
7585,5.44,77.71
19807,1.37,16.62
37602,1.45,13.21
5870,2.57,9.91
22439,0.76,26.91
13875,1.63,22.77
49196,1.49,33.96
6300,1.19,29.25
33220,0.82,26.07
27030,0.8,15.39
46702,0.62,6.19
19897,,22.35
22505,0.42,28.93
38,2.55,25.74
35584,2.3,24.4
25206,1.41,16.17
2803,2.05,21.31
19490,2.97,17.05
22070,,18.66
14122,0.55,25.07
40594,0.49,15.68
3735,0.63,29.9
44521,0.38,15.63
23947,0.76,28.88
17880,2.37,22.15
8866,0.53,11.02
20366,3.03,32.88
19316,1.32,
30383,0.95,20.7
5445,1.39,4.55
48041,3.1,25.78
1656,2.48,11.02
465,1.57,20.11
46864,1.61,18.59
8590,0.52,34.41
28538,1.44,17.81
6002,2.56,12.21
29074,1.47,31.64
28074,1.03,18.74
424,1.62,18.82
49084,0.9,0.01
24108,1.37,25.65
40346,1.24,21.52
7939,1.06,14.21
38923,1.39,28.11
17022,1.75,0.0
16329,1.45,89.25
48263,2.4,19.45
11522,2.41,25.21
7675,1.11,
46727,3.71,92.03
38558,1.8,11.51
36897,1.81,27.11
663,,23.39
33348,2.81,43.76
41457,1.69,30.11
15214,2.08,30.67
10017,1.14,16.22
32125,1.02,17.47
20219,1.09,14.7
21794,5.98,20.14
1599,2.52,11.15
14292,1.17,16.55
39556,0.91,32.64
29749,0.22,17.86
16685,1.56,31.02
16477,2.59,18.42
11968,1.57,26.58
36983,1.6,
30223,1.39,24.58
17998,2.19,25.16
46305,1.59,20.3
3449,1.02,23.16
18282,2.95,14.36
18059,0.22,18.45
5611,1.71,22.4
13213,2.28,20.37
11202,3.88,99.18
12640,2.84,9.79
27320,1.59,23.19
49571,1.93,36.75
24057,1.66,23.91
17380,2.17,27.02
20034,1.23,22.46
23485,1.05,29.58
7143,1.0,25.87
35508,0.65,18.28
43121,6.76,87.9
23333,0.57,28.75
18325,1.84,26.83
13124,1.16,
6424,0.22,15.57
19168,2.25,14.85
42499,0.31,11.34
11819,,30.93
18456,1.02,34.88
35838,1.31,28.11
28899,1.78,28.48
49670,2.33,20.6
42473,2.49,20.66
12323,0.27,29.62
2468,0.71,26.19
43897,1.0,21.13
36070,1.32,35.98
12617,0.73,34.83
19581,2.25,22.53
991,2.23,28.69
6738,1.07,29.67
47536,2.03,22.18
13174,2.21,13.79
22133,0.76,25.84
14612,1.43,15.01
7301,2.31,12.57
34918,2.44,1.65
41183,1.63,33.82
30866,1.43,26.9
49696,4.23,82.68
18896,1.6,28.54
47170,2.79,19.41
11198,1.74,28.46
25078,2.76,32.58
48755,3.03,84.01
12746,3.51,69.48
43899,2.5,83.86
8819,0.97,24.93
44460,1.38,20.38
33100,2.06,
41473,1.07,23.37
19659,0.87,14.14
19512,0.55,16.83
21261,1.83,15.64
38618,0.78,25.9
17993,0.88,19.54
3266,0.41,29.89
24614,0.33,23.94
23659,0.88,21.13
35169,1.36,23.91
47152,,29.66
14039,0.34,37.46
7173,2.37,14.14
12410,1.52,18.09
7736,1.85,16.34
8059,1.57,21.68
11791,1.94,21.91
16662,1.55,16.6
36006,1.94,26.53
22810,2.76,24.12
16274,1.61,29.95
42419,2.38,16.06
22231,0.85,26.77
25199,0.51,23.25
37047,1.45,35.29
12306,1.07,22.41
867,2.43,
23968,1.33,26.15
15504,5.68,79.81
5252,2.3,20.57
2879,1.2,18.98
23939,1.68,19.64
35299,1.55,26.73
20342,,14.05
28642,0.92,
32490,,22.66
2781,1.96,31.97
12120,,18.16
32665,3.31,96.79
29469,0.3,14.54
7573,3.09,26.91
27034,1.96,14.31
13949,1.0,28.86
1296,0.66,24.9
48076,3.21,42.35
27074,1.28,19.72
32430,3.86,29.54
47966,0.67,53.3
13727,2.71,19.85
18453,2.52,28.53
4519,4.02,69.86
1743,7.02,78.04
7974,0.9,28.38
43630,0.76,27.01
6401,0.41,19.23
12658,1.34,23.25
5916,2.41,18.95
24770,1.28,15.46
16581,2.1,72.02
27595,4.47,13.34
4481,2.68,19.96
31331,1.14,12.09
43760,1.42,42.72
25989,1.38,
44325,0.67,37.59
11058,1.31,11.14
9576,3.94,85.36
42800,2.45,24.46
44914,4.31,22.0
21239,2.39,12.14
31164,1.35,28.81
22596,2.54,18.74
34582,1.58,23.92
522,0.48,31.57
38968,1.08,40.23
18598,,15.9
3948,0.28,32.95
21366,,17.04
47659,2.42,26.96
9621,0.4,22.44
24226,3.53,13.23
36929,0.98,20.62
9099,2.03,9.99
36443,5.13,73.67
2087,1.12,18.8
19963,3.18,28.83
7309,0.71,
9744,6.4,76.92
28862,2.61,27.69
42964,2.38,20.27
47467,1.86,24.63
34023,0.63,9.37
19291,1.16,41.61
46675,0.94,30.19
8074,0.54,5.02
15786,2.02,26.39
47118,3.66,84.57
34352,1.1,20.28
26325,1.2,35.13
43204,0.46,28.29
6186,3.99,22.34
41109,5.8,87.73
12237,0.86,8.58
6200,2.27,13.7
11903,3.92,15.07
3530,1.88,
22702,4.54,88.36
2537,1.57,14.75
39996,0.32,23.35
24285,5.41,90.1
35083,0.99,23.53
28397,2.21,26.6
25069,0.8,26.13
30332,2.1,24.73
5703,1.03,28.88
44338,3.73,11.37
25436,1.82,21.97
48400,2.33,16.88
25570,0.87,19.99
40994,1.17,32.97
5538,1.7,21.99
39779,2.1,18.65
48737,0.74,22.93
37186,7.62,79.44
44797,0.88,23.99
19492,0.98,23.84
32592,2.49,63.375
13425,1.05,33.76
25227,2.45,29.5
35688,1.6,18.83
20015,1.09,12.25
32655,0.77,22.32
13280,0.79,4.71
25216,0.93,15.5
45110,1.11,19.37
14052,1.77,15.37
38373,0.59,12.43
31208,1.69,25.37
4728,1.12,8.12
27135,3.02,6.08
10466,1.85,17.42
15048,0.56,25.32
41203,0.76,11.36
18270,2.08,-18.01
18117,1.67,26.35
13964,0.78,21.24
26087,3.5,23.6
26861,,23.29
16354,0.65,17.01
8106,10.620000000000001,26.12
24693,1.08,22.33
3627,3.08,23.98
13353,1.14,
40972,1.34,9.75
42489,0.93,22.68
41322,1.8,14.28
44348,0.98,17.93
43512,0.75,7.17
8324,1.77,24.17
44057,0.84,28.47
12779,1.49,24.0
38390,0.75,29.62
22417,1.05,16.96
44319,5.55,81.37
9426,4.12,67.77
44109,6.91,
17165,0.96,
47156,5.53,89.48
7577,1.12,19.91
32179,4.12,68.02
37772,8.26,77.97
23864,1.94,44.85
27709,1.96,17.15
6354,2.27,6.58
19378,2.98,12.51
9527,1.59,30.73
43882,2.31,18.93
12951,1.29,21.95
49257,8.88,82.13
22506,2.25,19.3
28091,3.49,59.1
12853,1.72,12.46
48111,6.300000000000001,20.73
28885,1.73,
17555,3.91,23.32
12525,2.72,25.16
14579,0.31,20.32
7204,3.67,12.85
1465,0.97,12.27
80,0.93,30.79
12769,5.17,82.42
36604,1.45,19.64
26970,2.49,34.57
14321,2.75,31.5
12939,1.78,19.24
37212,2.14,31.65
29300,0.77,25.49
7104,0.91,29.68
12784,2.97,
43586,1.2,24.56
24241,1.76,15.63
21589,1.24,16.49
23868,1.58,25.4
8619,5.38,9.64
23686,2.38,22.08
2003,2.34,22.57
8197,4.68,82.23
7854,7.01,74.91
41550,0.79,22.02
3522,2.48,25.15
11644,1.01,18.28
34104,2.58,20.35
46319,1.54,24.12
25463,1.14,26.08
7952,4.32,16.28
19987,1.27,6.93
35162,1.98,15.14
27224,1.9,27.23
36170,3.57,27.27
19996,0.99,17.11
46714,1.31,31.35
7995,6.05,62.76
19452,1.97,16.48
21949,2.26,27.62
33907,,22.22
44038,1.66,17.03
28775,2.68,30.4
29888,1.28,25.64
8716,4.17,33.48
49791,0.62,47.79
28600,0.53,28.88
24519,4.19,81.09
35030,3.92,21.1
26625,0.96,22.53
15465,0.79,31.82
44126,0.49,30.53
38518,2.95,31.33
28963,1.61,21.44
37944,3.3,32.56
29278,0.64,24.28
6285,2.24,33.13
37228,2.03,17.72
25614,1.62,22.7
10033,0.62,11.64
23132,,18.77
16968,2.06,13.68
22078,0.73,23.3
1301,1.81,16.57
6031,2.6,21.84
34769,1.93,16.09
10694,1.27,23.67
9249,1.44,25.75
47299,1.58,20.39
25524,0.42,22.16
22083,5.64,78.52
24138,2.01,20.41
16287,0.97,18.3
37097,2.37,7.13
36482,0.77,23.93
7992,1.65,27.79
27159,2.01,21.88
5577,,11.06
41154,3.07,35.57
16391,2.8,
39488,1.39,37.16
16337,1.23,15.86
16077,8.69,90.83
17465,0.74,36.7
24020,1.22,14.33
45780,3.36,21.23
18871,0.51,16.63
18564,1.53,32.36
11117,0.42,26.16
47866,1.58,17.82
29382,2.05,91.12
44973,3.91,83.86
36670,4.22,24.3
24531,2.7,30.59
13961,2.05,30.03
16006,0.43,27.62
40503,,
40284,1.0,22.26
17544,0.92,26.07
24147,1.28,27.62
44839,1.32,27.39
47782,0.3,21.52
35398,0.45,28.71
6528,0.53,15.99
15419,0.61,31.3
37063,3.91,18.13
28588,3.08,77.11
23853,0.74,24.77
20884,1.2,12.89
33354,1.49,26.43
20798,1.44,28.54
4141,1.0,24.48
17630,1.17,22.71
6393,2.77,26.3
44025,1.17,11.78
29689,1.82,5.73
27342,1.01,
4427,,27.19
46922,1.92,8.53
16012,2.03,24.05
49467,0.56,
1975,1.65,14.56
13589,3.01,
22626,1.93,0.0
31423,1.15,18.95
19185,1.4,18.78
13732,1.52,19.12
21488,1.53,22.55
30025,0.61,24.78
48689,3.21,15.55
33281,1.26,16.61
9606,2.07,23.43
11183,0.57,14.68
3349,2.64,92.44
47262,6.93,74.1
5451,2.31,84.27
8296,4.16,78.47
49664,1.09,41.05
27673,6.14,67.05
2275,2.32,16.92
38337,,88.69
10229,1.62,4.09
26594,0.83,32.37
49113,3.46,18.04
44618,0.9,29.27
30926,0.3,26.48
35090,2.98,26.47
40482,0.43,-18.85
38371,1.16,31.39
38159,1.52,34.09
33694,1.05,
37362,0.23,27.1
970,9.53,79.11
42562,2.57,14.91
25003,1.38,29.23
5886,3.16,89.64
25192,2.24,12.96
1668,0.76,25.33
49273,4.61,77.29
26912,1.96,35.64
49894,1.51,81.23
12542,1.4,5.0
43363,1.46,31.25
24771,,32.16
33737,1.22,18.67
20076,5.58,80.35
41181,2.48,22.79
6548,0.72,11.19
10839,0.81,14.56
10964,4.51,29.59
35517,,19.92
32198,2.08,16.89
33719,0.66,23.48
42690,1.4,9.73
33230,1.67,
20333,1.79,24.11
32312,1.29,18.55
48712,2.11,
24300,0.83,19.59
34203,2.41,26.15
27102,2.37,79.96
2674,1.53,29.3
28004,1.17,16.69
2809,0.99,
22242,,
15653,0.59,26.85
18225,1.02,21.96
10315,1.23,20.16
20921,1.89,18.5
20378,1.19,22.46
47182,3.96,11.46
13377,0.68,28.45
4544,3.12,
33286,6.11,72.2
41021,2.71,18.93
40254,3.47,27.92
31074,1.35,19.81
22833,1.21,30.49
14198,3.82,14.97
7099,3.42,25.52
29229,2.23,24.29
10490,1.8,-10.63
37835,3.47,37.4
12943,0.86,14.91
27939,0.67,19.13
18754,1.43,
7740,3.04,15.58
27042,1.93,21.12
1408,4.49,70.37
22708,,31.43
23406,2.52,17.68
8083,1.78,13.95
33432,1.65,12.18
27679,0.82,26.6
31154,0.73,31.21
27095,1.61,10.74
34355,0.67,13.8
1981,3.88,30.04
31183,2.48,29.59
43479,2.98,16.35
32357,3.33,81.75
20175,0.9,15.37
7324,5.56,70.69
5356,0.41,26.67
19653,1.18,
28821,1.94,23.16
44807,2.01,1.93
24645,1.74,11.02
5584,1.31,17.39
1510,1.83,21.67
47941,1.37,24.39
24117,2.45,31.99
15268,0.78,43.525
17519,0.89,12.92
6152,5.5,74.6
29224,0.27,34.41
34843,1.55,9.9
32683,,18.67
47034,3.92,87.08
3482,1.43,19.43
18273,0.55,23.17
20903,1.67,12.32
46406,1.52,14.74
46465,0.75,12.63
43611,1.07,27.18
31996,0.36,20.45
42946,1.67,22.54
862,1.75,8.33
1444,3.7,84.73
40093,1.12,22.71
19624,1.17,26.12
32533,1.22,27.33
16277,3.79,45.87
14322,2.08,19.23
26330,1.1400000000000001,24.6
21104,3.54,85.74
14683,1.25,23.71
25702,0.77,13.6
11044,3.05,13.32
19643,0.82,16.69
20973,2.0,21.78
35107,1.41,11.79
49594,0.36,35.56
46039,1.18,25.26
29615,0.66,16.58
4642,2.61,4.86
26880,1.85,27.09
8931,8.34,64.15
12923,0.56,23.45
15863,0.63,0.73
19479,2.11,14.91
9022,1.06,50.5
16868,0.85,39.56
33604,2.75,66.97
39501,1.96,12.68
24861,2.85,
22413,0.71,28.66
18699,2.65,10.97
39449,2.86,
38980,2.2,13.67
11402,0.59,4.33
38424,1.98,27.98
16944,2.16,25.14
4840,2.69,89.02
12677,0.95,
44112,1.28,12.42
48901,4.09,89.96
42032,4.67,13.9
31026,0.62,25.54
13831,3.73,24.05
43672,1.28,22.3
26595,2.19,21.64
7904,15.72,27.03
9156,1.06,22.14
14973,,29.02
49925,2.82,17.73
45146,0.87,36.23
48687,2.78,
17948,1.49,22.69
14863,2.4,24.86
14746,0.56,36.15
7073,1.04,20.29
9937,0.54,22.25
33798,1.87,23.26
42694,1.31,28.16
23237,2.13,18.87
14846,1.48,28.48
38553,1.54,24.7
45808,1.1,23.01
33315,,
37601,2.12,20.46
32020,1.54,36.25
39180,1.06,18.69
40671,,21.15
38742,0.8,28.54
37973,1.52,30.19
3457,1.9,20.08
17679,0.91,28.71
12806,1.56,21.32
44378,,27.7
44391,0.92,21.98
31741,1.71,31.58
32626,1.0,20.42
47226,1.2,25.8
23143,0.74,23.07
18565,0.59,34.85
29400,0.47,
44705,1.65,8.67
29702,1.27,30.65
39705,0.69,17.37
19161,3.12,29.7
24369,4.93,97.09
33408,0.79,25.87
9139,1.8,
20541,1.56,29.14
37209,1.09,11.73
26010,2.54,98.87
24433,1.8,20.52
20879,0.69,21.2
41577,0.38,11.5
35725,1.78,
30972,1.32,11.02
34649,4.38,21.28
39968,2.02,35.96
17599,4.36,75.3
43954,5.4,29.92
7079,1.19,23.18
45611,1.41,10.39
34329,0.78,32.37
3281,2.53,13.74
13263,8.040000000000001,26.06
42443,0.72,6.13
24565,0.81,16.61
47288,0.78,20.67
28094,2.06,17.64
39348,1.5,23.82
25704,1.24,28.52
22878,1.44,23.49
8846,0.74,18.99
41990,0.29,14.7
9737,3.13,18.27
8661,3.68,20.45
29556,2.57,26.95
5102,1.38,24.98
24723,0.5,19.36
13361,1.67,10.08
28411,0.76,23.61
40477,1.59,
32093,1.32,27.11
21004,1.95,26.93
30386,0.64,25.03
8024,3.37,25.4
4328,2.44,31.45
34718,1.13,22.61
3649,4.45,13.62
37473,1.58,11.1
11722,,72.87
25928,3.18,19.59
5700,3.22,26.12
34702,0.98,18.64
33471,0.38,5.83
13305,0.67,21.83
7467,0.92,7.39
41926,1.59,
30798,1.36,29.99
28477,4.29,83.47
21253,0.42,3.43
45467,,20.23
15273,0.88,25.3
16984,1.35,30.34
49881,0.55,27.73
41360,0.46,33.15
43818,1.26,31.86
45168,1.08,34.39
1162,1.94,22.56
43218,,70.89
1222,2.4,15.03
35341,2.6,25.21
19036,2.05,20.05
5632,0.76,10.4
6986,0.79,21.66
12503,1.82,34.16
48476,2.05,13.7
43680,2.88,25.82
13243,2.54,25.94
3662,3.07,22.56
12934,2.8,92.81
41135,1.22,17.9
17094,1.55,18.97
32571,5.06,
48037,1.18,15.67
2899,0.93,19.15
11321,0.88,19.18
34711,3.53,-83.05
34730,1.63,16.56
3004,0.37,24.82
31610,2.32,30.11
32866,0.55,28.63
38415,2.18,24.77
5821,7.16,79.44
32654,0.39,31.57
17674,1.71,
24448,20.04,83.43
37107,1.74,27.02
15903,1.29,32.01
41786,2.65,23.91
14904,2.72,16.18
46611,1.25,13.56
2701,1.36,17.53
31822,3.59,24.58
11706,0.58,24.93
14059,1.62,27.33
49096,0.63,88.75
35532,1.94,31.9
27979,1.75,30.09
45243,0.95,14.69
36467,4.48,7.0
18045,0.83,3.25
3531,2.41,26.11
49211,1.59,27.09
46820,2.4,16.75
40367,0.46,19.5
24527,3.69,81.54
43689,1.79,25.02
5937,0.87,34.68
35855,2.21,17.07
1437,1.62,30.73
29562,4.0,92.87
4406,,20.04
42451,1.19,19.26
48840,1.48,30.9
46652,2.01,22.26
8242,0.82,32.12
34897,1.62,8.47
40164,0.41,12.63
39559,2.77,27.6
29003,0.7,26.56
20013,2.21,12.93
2995,,-16.47
12440,0.61,24.78
44598,1.12,25.97
37052,2.72,25.27
18218,1.7,17.86
8696,10.98,23.94
20825,1.08,
19065,0.67,26.42
10453,1.0,29.06
27457,5.3,66.78
38184,1.39,26.82
8491,2.39,11.9
4896,1.06,44.32
20865,3.51,22.54
11728,3.84,36.53
16040,1.47,21.42
6944,0.81,19.47
10146,1.82,15.0
20277,2.01,27.52
1132,0.93,33.61
45907,3.22,29.87
47265,1.34,29.36
2187,0.76,14.99
34793,0.86,35.9
42006,4.3,81.34
23259,1.47,61.075
14247,1.11,36.11
21065,2.25,20.51
4470,2.0,20.32
27832,5.91,89.21
16248,1.93,19.06
43139,2.11,28.05
21437,2.53,27.13
20530,,15.64
17695,0.88,34.38
39215,0.78,15.75
19542,0.26,15.62
31373,2.2,76.94
12925,1.38,15.39
18043,2.05,19.43
22995,4.52,5.98
31207,2.32,28.33
45759,,19.64
19373,2.27,84.23
34499,4.29,
37559,2.34,17.82
40692,3.83,91.26
9996,4.02,76.07
24364,3.02,24.76
37926,1.05,15.26
6964,1.46,33.65
11091,1.53,16.3
15343,1.37,20.33
10143,1.34,24.75
36373,,
32976,0.78,
31833,7.52,76.55
48547,0.88,24.7
20801,4.67,
43141,0.89,10.73
10119,4.91,81.34
7846,11.399999999999999,22.0
18030,1.09,27.88
29447,0.91,
49309,0.25,16.89
43120,,16.3
20467,0.84,29.41
25750,1.09,14.96
23364,2.97,86.49
45415,2.48,22.29
36730,0.21,15.27
17545,,
795,1.82,20.14
9645,2.05,29.87
12889,0.72,32.04
18134,0.76,27.97
43355,3.11,36.59
3983,2.48,235.075
15867,2.68,12.91
26784,3.48,24.84
19002,2.02,14.14
42698,1.13,11.53
26034,,28.35
36004,2.86,27.26
34631,0.48,26.11
28699,1.7,32.7
657,2.06,23.58
22216,1.33,13.91
18432,1.31,38.17
3577,3.34,29.01
25563,2.14,
18978,,24.69
17174,1.82,24.46
41489,1.25,29.15
46654,2.46,36.24
27757,1.08,13.35
33546,0.95,38.89
26539,1.73,15.39
40148,8.48,72.0
11004,1.57,20.52
27087,2.3,16.47
29818,3.07,22.84
41393,0.56,21.3
9375,0.61,19.33
27442,0.56,25.86
28101,8.69,88.33
25661,0.79,21.13
8671,0.38,11.56
39774,6.65,77.06
1727,0.9,31.9
24455,0.99,24.86
6560,1.35,11.9
37165,3.13,72.55
49858,0.97,23.89
43441,1.87,12.6
43539,,21.68
34416,,30.68
34458,1.07,
13755,3.36,20.58
9414,5.06,17.84
47107,2.44,18.72
24068,2.57,13.55
29515,0.59,31.04
41931,0.8,17.77
36821,1.68,26.13
2256,1.19,28.68
17954,1.28,10.47
2207,0.55,
35642,2.16,22.42
43645,1.01,
5038,0.67,13.03
5801,1.08,28.54
41110,1.02,24.05
45866,4.84,56.08
24360,3.59,25.61
34506,0.73,21.71
46359,3.3,22.47
46520,1.94,29.4
16145,,26.4
13026,,92.31
7124,1.02,35.01
30181,1.09,35.01
20598,1.43,20.22
1413,1.09,31.6
37883,0.74,17.88
40703,2.38,22.7
21732,0.85,
1463,1.79,24.26
28010,1.43,93.25
19662,3.83,74.73
44674,1.91,3.57
42467,1.24,16.69
35572,,22.86
49236,,25.5
15393,1.26,20.6
25964,11.22,41.33
32508,1.89,29.75
6029,0.13,21.88
6634,3.32,17.98
13479,2.23,15.59
46486,0.64,21.61
45352,3.19,24.3
17611,3.01,13.16
8946,0.82,22.69
29908,2.98,
42079,2.47,92.82
38878,0.54,22.6
1674,2.86,30.93
34992,2.81,26.27
2491,2.54,
35277,1.95,21.75
5781,1.21,16.64
44261,1.1,17.91
32074,2.77,26.64
25816,2.94,16.58
23574,1.92,32.21
32181,1.71,14.03
48912,2.43,19.8
34768,2.16,35.08
1312,1.34,27.96
7017,3.71,27.35
40369,,12.73
46938,1.65,26.24
6587,3.33,23.18
36276,1.95,18.33
18746,1.45,21.08
48865,0.25,27.37
38207,3.41,30.08
49416,1.07,
10487,0.72,15.28
49497,0.94,31.88
7318,,22.39
27636,2.23,23.87
43438,0.58,21.47
34789,1.55,30.44
31162,1.75,22.03
27430,0.16,12.43
47892,1.32,24.1
11796,0.79,38.32
20638,0.73,
13386,3.43,26.54
25391,2.3,32.85
33934,3.11,32.49
16988,1.95,38.24
40468,1.28,16.21
26968,1.74,19.6
4826,1.4,34.64
43543,2.35,22.98
27025,2.38,13.29
39283,1.23,25.93
16245,1.2,13.16
10049,0.81,21.78
42357,1.93,18.06
30495,0.68,24.42
28934,2.44,4.21
47500,6.02,69.77
35433,1.87,21.75
40418,0.31,22.83
25486,,19.05
1344,1.69,31.59
22602,1.66,25.65
3472,0.75,18.42
24450,1.09,39.72
42460,1.55,5.9
49527,0.75,17.73
41149,1.41,26.19
38175,3.06,29.57
41988,6.56,91.5
32014,1.13,54.95
45651,1.79,11.64
38007,2.38,90.77
4000,1.68,6.69
18315,1.85,26.94
39978,2.65,28.13
35357,,14.69
3651,1.95,10.85
15305,1.01,26.95
19246,0.76,27.61
47217,2.16,25.78
16994,1.67,
26926,1.56,14.93
8972,2.74,0.84
32156,0.47,17.59
32209,5.0,82.69
47412,1.04,1.74
24665,0.65,29.64
9120,0.98,29.2
28647,1.35,24.25
22821,1.48,26.43
18646,6.31,89.87
5661,0.97,17.41
8470,4.23,84.52
21304,0.54,
28761,2.99,17.54
21354,2.92,75.74
37196,1.04,24.18
39252,0.57,37.58
8656,4.21,
13802,1.02,13.66
16026,0.91,20.12
17874,1.52,10.27
17443,1.69,18.36
35036,1.93,12.8
7337,1.4,8.3
8695,2.26,18.56
20204,3.21,31.42
13616,,28.61
38331,1.97,12.88
19352,3.28,32.69
16350,0.73,22.46
382,0.89,15.65
37080,0.25,26.5
27304,0.87,22.43
12518,4.2,19.7
11401,1.34,31.97
5323,,27.49
2685,1.2,23.45
16138,2.66,28.58
14907,1.59,18.23
6577,0.97,21.46
39865,3.21,80.33
13142,1.06,33.45
18688,4.42,13.63
4683,2.49,21.99
49150,1.85,10.58
35323,5.36,28.59
15714,0.54,23.04
21214,1.34,29.02
21409,2.08,18.48
47905,2.88,11.9
21190,,13.35
2363,2.31,11.32
13716,1.72,14.49
25314,0.69,
49901,1.34,27.4
43215,1.87,
19446,1.43,29.51
31476,3.36,26.28
18105,0.47,35.37
7695,1.88,
26993,2.03,27.22
33947,0.86,14.7
23985,1.37,11.82
4,3.4,78.72
4903,1.41,38.11
6790,2.77,28.27
5993,2.11,21.85
9503,1.24,15.28
35845,0.96,28.96
25464,1.79,16.77
49489,0.79,17.76
22827,5.13,93.06
14605,2.71,10.48
43839,2.29,26.3
25400,0.82,20.25
47728,2.85,13.98
42312,4.82,33.32
31912,3.29,22.96
21704,3.4,28.21
22697,6.41,
35865,0.65,
2065,1.09,14.92
41708,1.37,19.48
43989,1.4,12.45
23852,1.85,14.26
24814,1.33,21.9
35687,3.12,14.29
8767,1.75,23.14
11757,2.72,32.2
2330,6.69,
25020,2.26,29.74
44380,2.52,1.63
17146,3.08,66.73
449,3.34,23.17
42192,3.41,30.01
44672,1.09,13.88
2199,2.07,31.94
21422,0.02,6.63
40697,1.33,17.42
46131,0.82,23.49
451,1.19,28.11
47125,1.38,15.95
49008,1.32,10.98
18538,0.97,
30038,0.94,8.29
33652,2.26,13.67
1259,2.23,18.58
21985,3.91,76.81
12574,2.26,
39266,,
12778,2.44,24.95
7929,3.97,80.78
10569,0.7,
22876,2.5,16.45
27524,0.96,18.25
47888,3.22,33.77
1194,2.21,13.74
866,0.85,21.71
29855,4.31,26.44
2416,1.69,16.28
49549,1.66,32.67
35420,7.83,92.14
12000,0.71,13.32
19519,2.98,15.4
42798,2.4,33.29
4277,0.48,33.99
3946,2.39,23.8
39956,2.1,18.25
5562,5.13,15.56
28941,1.84,24.06
38892,11.99,64.31
38534,1.18,
8204,2.38,22.76
42590,1.41,26.44
36447,1.83,21.99
45098,0.62,22.0
28740,1.47,25.62
36841,0.78,36.57
12635,1.27,23.48
16358,0.8,
33812,2.13,18.46
33,1.18,20.89
6265,0.84,22.42
42679,0.95,21.45
18835,2.32,28.76
1936,1.24,31.83
7704,2.48,28.96
28639,1.06,21.16
13169,1.81,23.82
41212,1.51,12.16
31755,1.35,22.14
27469,1.47,20.24
40603,0.5,18.62
22024,2.05,27.11
21917,1.1,26.28
27928,4.31,93.74
21687,1.34,29.83
32996,1.37,26.97
41865,0.25,12.01
43098,2.64,19.37
4613,0.82,27.41
22180,1.25,35.26
46532,,23.59
45381,1.75,21.98
28318,0.39,27.38
16996,5.26,28.54
5196,2.09,16.86
3887,0.41,6.0
17797,0.72,26.21
17154,0.5,26.47
42027,1.01,30.65
31474,2.52,27.66
39351,1.06,44.925
26224,1.13,34.01
40363,0.37,32.39
3494,0.82,18.65
31430,1.4,11.37
23733,4.45,19.68
47248,3.01,25.25
5877,1.65,22.23
25300,1.83,29.48
6147,1.66,27.59
46219,3.11,7.61
16288,1.17,28.23
14355,3.73,32.12
23246,0.54,21.69
23832,4.9,79.51
13023,1.14,17.3
14435,0.71,16.34
17721,0.95,23.27
8500,1.07,31.59
21142,4.35,82.2
45617,1.43,29.23
34487,29.64,76.68
31683,1.26,23.49
14476,1.21,32.66
5883,1.96,21.52
1093,1.42,27.9
34839,1.96,12.59
21805,3.79,28.66
43364,0.77,
8997,1.42,20.83
25961,0.62,22.37
13382,1.54,22.13
45984,2.04,7.21
2356,0.83,35.37
42595,2.81,7.7
48746,1.22,18.02
7375,1.15,0.99
35602,1.05,14.31
21895,1.8,19.68
47066,1.4,39.6
1992,2.68,27.25
24547,0.24,24.3
21862,1.15,24.99
21653,3.14,26.21
5271,2.01,8.57
18167,2.93,32.54
27871,4.62,91.21
3799,,15.26
13336,0.61,33.83
1334,1.63,21.88
47806,2.4,15.44
20216,1.42,31.32
27835,2.16,10.97
19954,1.94,24.33
26877,1.78,26.26
2146,,27.37
36963,1.51,21.75
42433,2.78,23.21
27235,1.37,6.45
38142,1.33,32.22
15075,0.99,31.13
2974,1.92,28.05
8328,2.11,4.89
37852,1.97,25.94
48544,0.6,
23825,3.69,18.53
12774,1.07,22.28
5569,0.63,
12973,0.66,25.42
2367,3.73,86.66
30431,3.11,12.45
48291,0.64,24.73
40929,0.38,32.14
10640,5.61,20.59
38412,0.79,20.32
24699,1.31,18.27
30597,2.21,26.33
6824,0.74,9.05
36960,0.97,16.04
24491,0.86,22.98
9284,5.18,21.95
13656,1.51,18.96
25048,1.66,13.47
43311,2.31,35.87
25450,1.44,30.91
28261,0.73,
17639,2.94,18.82
31224,4.16,23.37
4450,2.57,27.11
500,1.97,14.36
32972,4.06,23.23
29459,1.41,25.38
2524,0.69,74.075
19724,0.76,26.83
25830,3.05,16.66
24856,1.85,
30313,2.29,26.72
13838,0.65,14.78
20210,2.56,15.58
21568,2.37,
41148,0.91,24.77
26366,0.35,39.97
34736,2.9,14.0
26402,1.48,15.43
9071,1.09,
14139,0.46,13.13
31698,2.08,23.99
12885,,30.35
24184,1.69,14.02
46857,1.44,25.16
5591,0.69,28.23
31114,2.7,31.07
29929,4.83,82.3
37833,2.48,34.21
42656,5.43,71.27
18285,8.79,76.6
26359,1.03,33.65
31506,1.2,14.2
42102,8.31,83.3
47677,2.19,
37425,1.33,17.98
30739,1.04,27.66
21749,2.13,19.98
34921,0.8,29.06
37192,0.08,23.57
32888,6.56,
39952,0.56,25.93
34437,0.79,27.85
26934,0.92,19.54
23353,1.02,6.15
31343,0.92,
39879,1.13,9.56
3443,2.1,28.35
44729,,32.95
20113,1.48,28.8
31508,1.16,23.75
41352,0.83,13.5
17263,,11.41
5621,1.03,23.59
40147,1.9,11.52
37377,1.3,28.26
38744,2.97,9.78
31997,1.42,19.9
35563,1.26,26.4
45076,1.92,78.03
39467,2.17,17.12
20761,1.53,18.48
28536,0.53,35.7
23202,1.7,23.3
20565,2.38,30.21
11144,1.07,14.42
31485,1.09,15.91
36092,0.21,21.79
13246,1.84,23.86
29200,0.98,25.82
23802,0.4,23.79
1937,2.54,31.06
46979,0.75,19.63
38267,10.66,73.89
10182,2.68,31.01
25965,1.14,0.0
4787,0.42,23.4
27795,,20.57
48872,1.34,20.27
30124,1.84,22.65
22948,2.0,11.42
44582,2.24,12.66
41764,0.54,25.64
24909,0.79,37.29
21317,4.5,83.1
13926,0.63,23.21
22772,3.37,17.9
17026,,13.07
43108,1.21,91.87
22560,3.75,12.92
44432,2.95,
11445,0.63,27.9
3149,2.03,
30351,1.02,31.36
14817,1.67,18.08
3234,1.89,32.16
35570,1.6,32.11
38691,2.01,22.96
45218,3.7,20.39
6408,0.54,12.23
35154,2.26,-15.01
41551,0.97,15.24
42296,0.48,29.44
4725,1.67,22.98
35429,1.78,
28738,0.91,31.02
36725,2.71,32.32
15159,2.82,14.45
5256,1.25,27.84
31020,1.52,10.8
45993,3.15,8.35
46318,0.72,16.46
12188,0.66,19.55
5359,1.97,25.5
39381,0.96,19.15
20214,2.53,29.52
6487,3.17,30.79
16786,1.3,16.09
37079,1.74,20.93
135,5.83,80.01
32516,1.53,37.67
25900,2.7,
33755,1.6,31.87
1555,0.9,16.06
877,3.98,17.82
29237,0.96,24.03
11545,0.83,24.36
31808,2.7,21.71
25982,0.79,16.25
11371,1.55,32.45
24832,1.26,19.83
23181,3.28,23.43
48994,1.63,29.75
31820,1.28,31.78
6118,0.67,11.41
35117,1.81,31.37
16512,0.49,21.25
20827,0.95,38.86
29780,1.56,83.73
2228,6.77,91.59
38416,0.98,26.81
27870,2.49,30.03
22622,1.38,
26437,0.78,26.61
17320,2.07,19.06
36386,1.14,30.22
28122,2.71,14.72
41796,1.38,24.05
30178,0.45,32.26
3473,3.33,83.11
40483,1.43,11.64
25337,1.18,24.29
31266,2.62,
16937,2.11,13.01
21948,6.78,92.56
16206,2.39,39.72
15009,2.65,16.13
19700,0.99,15.51
22605,6.26,100.0
15917,0.42,21.25
12802,1.09,22.68
25557,1.7,19.44
12796,0.86,30.56
6786,1.43,16.08
35086,,20.94
49288,5.02,30.59
36567,0.8,11.67
10266,0.75,
46753,1.54,32.4
16993,1.27,18.81
49968,1.23,13.91
20804,3.64,34.68
45248,1.71,33.99
4473,1.05,37.06
37068,2.32,18.56
45430,5.48,82.55
9083,1.32,15.82
34878,2.12,86.83
22420,2.61,28.17
374,0.97,12.65
48786,,31.51
23749,2.04,34.6
21762,1.86,26.65
41589,2.93,30.28
49215,1.7,21.87
34756,2.31,
18137,0.69,14.26
32742,,19.94
45341,3.98,25.07
16622,1.15,17.12
20731,2.42,14.4
43405,2.29,
15019,0.91,16.01
21834,4.92,89.03
12858,0.86,22.03
21516,1.8,3.85
5244,1.46,17.48
19534,1.17,30.47
2898,2.27,37.79
36718,0.81,23.26
33994,2.69,23.22
25626,1.42,20.19
17108,5.14,92.06
36620,1.99,13.22
46083,0.34,14.26
11795,0.86,10.17
18344,2.99,14.38
26045,1.2,21.66
40133,3.89,23.37
45637,2.48,17.77
36968,2.56,30.96
35417,2.44,82.37
39405,3.36,84.87
1621,0.44,27.42
4126,2.14,30.96
1426,1.6,47.025
46080,4.86,17.49
1969,1.46,25.44
44221,0.68,17.71
18022,1.31,35.0
6395,3.02,23.76
40118,0.51,
3010,1.85,22.37
29665,1.34,
26331,1.49,12.86
47451,2.01,19.45
25183,0.8,20.13
2913,1.26,9.53
37178,2.0,17.66
21586,0.85,
31386,0.7,25.9
47479,1.38,34.0
43000,2.17,23.88
39190,0.74,25.72
41660,1.22,5.89
18615,0.63,20.12
49510,3.94,27.09
11505,2.02,34.41
13933,2.34,22.77
30221,2.03,24.0
43497,1.6,24.02
48464,0.77,7.87
19194,1.54,14.06
48348,2.54,85.92
41259,2.7,88.12
7369,2.77,78.35
48667,2.79,15.86
13673,2.08,22.27
9499,1.26,16.82
35200,1.1,15.81
19594,1.89,15.64
30631,4.47,84.18
46957,2.9,17.64
23257,,18.98
46509,3.51,90.77
8685,2.02,29.36
18730,0.94,23.94
28660,5.76,76.43
2465,2.46,27.48
18226,1.98,31.45
18685,1.52,31.89
35328,1.85,27.14
38990,1.38,26.4
44492,1.22,12.39
9468,6.86,81.82
9827,0.53,15.06
30796,3.0,32.2
42535,0.36,24.8
15349,3.51,32.07
28901,3.62,22.97
40775,4.62,62.78
29933,1.57,32.26
48608,2.1,7.57
9816,1.69,32.03
48246,0.55,23.77
30169,1.22,28.16
5544,1.08,26.5
4157,0.87,22.5
32657,0.93,20.8
5772,,36.98
14838,0.29,21.23
11835,0.57,11.53
21315,1.13,29.28
38911,1.45,24.55
45237,2.06,29.51
32824,1.98,
297,1.29,33.16
34332,1.41,25.76
9665,3.68,
30078,1.89,19.66
15767,0.64,26.62
36977,1.49,20.71
37922,2.09,23.72
15282,0.55,18.83
35095,1.71,24.23
19926,1.93,15.98
41966,2.34,33.25
34957,1.05,
17909,1.78,19.03
2044,0.44,29.88
6774,1.11,7.81
26118,3.47,16.38
42734,1.74,25.62
12348,6.09,80.27
12996,0.58,17.85
703,1.82,
30854,0.49,17.7
35105,3.22,
44240,,23.61
25907,1.39,16.35
21201,2.06,27.71
41069,,35.74
10125,2.06,26.9
42474,2.91,38.77
6210,3.73,243.17499999999998
42284,1.12,5.37
18894,2.4,17.83
28159,2.7600000000000002,23.81
40331,0.81,23.4
22873,3.77,78.34
7584,1.17,16.31
4002,3.52,17.63
48314,0.55,17.15
1507,1.48,14.26
47255,2.53,20.98
48328,1.14,
18011,2.35,22.58
39824,0.92,28.15
34450,1.28,2.35
27101,0.29,30.67
49466,0.32,16.25
39338,1.42,
29631,1.0,20.81
20927,2.3,23.58
1685,1.13,24.65
33372,4.1,18.09
19716,0.7,23.92
27764,0.84,35.79
25451,0.97,11.2
16768,3.28,17.16
44741,3.64,90.25
34356,1.63,17.89
37349,2.52,23.2
46577,1.86,9.99
33313,25.200000000000003,89.89
29769,2.27,17.82
23324,1.15,30.74
6254,1.05,19.96
16014,3.36,23.91
21663,0.56,12.3
18873,1.25,25.74
14786,0.6,23.94
43904,2.33,20.43
38358,0.66,18.08
48475,1.33,24.65
315,4.81,19.36
8013,0.67,26.76
43328,,19.54
44516,5.98,94.31
9088,0.83,23.59
19342,1.61,39.13
18491,0.43,23.52
22970,2.96,74.7
10836,1.3,
30508,1.62,16.68
18502,1.27,20.54
40371,2.52,20.14
45259,1.23,9.75
45394,1.04,21.76
6384,0.58,8.82
34880,1.59,16.12
38134,0.8,16.43
29376,0.8,18.36
20166,2.09,5.0
32536,2.21,
38050,2.39,11.32
47328,2.71,19.67
21148,1.05,23.5
23520,2.0,86.37
37293,2.02,22.67
13039,2.59,
9228,0.68,17.21
36148,0.86,24.45
18684,,16.92
17336,0.84,0.0
19382,0.41,21.52
36507,1.64,23.96
16140,5.93,28.89
40656,1.49,12.25
23392,1.38,18.42
38256,1.84,23.28
12696,1.93,15.16
49333,1.08,-6.46
45462,2.76,27.54
44513,1.88,16.17
25213,4.63,96.34
22141,1.06,7.75
42185,,22.81
7626,2.96,18.86
44451,2.05,31.93
45892,0.68,27.09
31060,1.73,19.7
14235,1.96,28.94
2640,2.33,77.92
1781,2.6,35.24
15611,2.45,20.84
41199,2.45,22.92
26092,0.62,12.56
40558,4.33,75.43
6366,,11.87
27562,0.94,40.47
11697,1.89,24.59
29559,3.1,26.9
23222,2.48,23.82
11850,7.76,73.0
20626,0.91,34.07
12864,1.32,77.1
33021,2.45,26.65
22363,3.17,18.59
40847,0.27,10.53
43795,0.76,20.75
18053,2.1,12.66
12766,1.35,11.32
9565,1.63,14.53
49637,1.7,12.75
33971,1.24,26.64
38335,0.67,24.72
17071,,39.01
48010,2.38,30.44
44471,1.75,15.24
30939,0.63,31.12
35046,2.85,31.57
22040,0.71,
48797,1.86,
33713,1.9,38.92
36874,1.08,16.31
11827,4.1,13.91
15421,15.0,27.56
26283,0.54,7.39
18332,1.77,10.34
32353,1.94,12.13
11459,0.5,26.09
46519,3.34,91.9
17413,1.5,18.13
1711,2.76,29.89
42836,1.99,32.78
12977,0.81,24.16
37711,5.63,83.62
15413,0.9,6.53
21385,2.75,79.89
10516,0.89,17.94
38870,3.01,16.96
18347,1.15,24.52
43595,3.28,86.41
26771,0.89,27.97
25542,1.09,14.44
25710,2.39,14.09
19806,4.84,
12400,0.72,24.5
30303,1.81,24.28
25720,3.87,85.55
4501,0.78,18.81
20361,7.95,72.61
48882,0.45,24.06
28991,1.59,29.56
46037,2.26,3.98
11110,0.76,23.28
12690,,32.55
16164,2.25,20.46
32054,2.0,26.81
17208,1.15,11.21
25445,3.62,28.17
40249,1.97,19.56
28657,2.08,19.51
919,1.05,25.9
10429,2.91,26.59
35621,1.53,31.96
7792,0.92,14.51
5692,1.66,16.12
5159,0.62,41.56
24193,3.61,21.26
601,0.95,
34801,6.22,81.57
33835,1.05,19.12
44593,1.09,27.53
10394,,78.18
39536,1.71,20.12
5928,2.91,19.95
32191,0.78,7.68
38969,1.1,17.37
46250,3.58,16.7
34202,0.58,10.8
1461,1.16,26.89
28129,,21.68
46906,2.49,27.75
26740,2.35,41.64
34068,,31.2
29768,0.83,
33495,2.35,10.4
13532,1.41,29.68
40727,4.65,79.22
13900,1.83,31.21
21505,0.88,26.39
1941,1.59,23.43
28228,1.93,24.21
31177,1.82,35.18
32331,0.85,16.04
38771,,
12603,0.94,38.52
27589,6.48,77.2
38646,3.23,16.33
12455,1.67,9.01
48759,,23.56
40649,1.53,26.85
28344,1.58,30.24
3556,3.48,30.11
4913,0.8,18.23
47303,1.62,18.43
644,7.47,68.11
29045,2.63,32.5
24879,1.99,25.67
6418,0.77,25.63
35819,2.06,21.85
13286,0.59,
25373,,38.96
34466,1.34,25.91
9406,17.46,18.55
47458,1.02,-20.29
19664,0.82,27.6
25655,1.9,31.75
7135,1.47,16.06
3914,2.66,29.7
45985,0.41,
42021,0.63,
23483,6.63,
17260,1.53,17.54
41063,0.84,1.99
49170,1.44,25.49
34440,4.09,
26649,6.89,93.02
23563,20.28,17.29
42216,1.88,30.57
7058,,10.08
1177,6.27,90.4
10656,0.33,26.52
43389,4.74,68.72
14469,3.96,15.5
20316,1.45,10.77
27541,1.51,38.52
8303,2.21,88.8
46991,2.82,26.81
23226,1.56,
538,,27.38
31879,4.29,79.54
11934,1.25,22.52
22735,1.96,20.94
3031,0.4,25.14
23598,0.56,
8208,1.49,21.33
39788,1.82,35.66
45052,1.84,34.59
23672,2.25,18.68
12017,1.6,22.05
48132,0.71,5.65
10202,1.8,25.06
39476,5.21,85.93
21041,5.72,71.2
29201,1.3,18.64
47112,3.05,93.95
48047,0.86,26.51
6869,1.92,22.11
34505,0.22,
6058,1.17,36.55
4337,2.07,22.44
49832,1.94,18.78
15690,1.38,27.81
33204,1.1,23.18
45020,1.41,28.82
48809,1.84,9.84
1815,1.28,14.73
14336,1.53,28.26
23809,1.08,21.42
46739,0.88,15.76
38065,4.25,70.72
22910,0.44,25.54
49376,4.94,85.52
47842,1.94,23.79
25633,0.63,
7708,3.56,43.575
5129,2.8,14.84
45436,2.62,41.79
48158,1.02,20.23
8869,1.32,31.72
46230,1.23,12.51
8240,1.89,17.59
46450,0.38,35.77
13406,1.28,2.55
45794,0.82,15.54
10717,1.5,22.13
5511,3.81,90.34
38793,0.94,75.09
39368,2.2,18.08
47732,1.02,23.98
35239,2.48,28.54
6822,1.34,15.48
30490,1.84,
1519,10.35,76.94
49140,0.79,22.45
43058,2.28,22.799999999999997
20802,2.63,21.17
933,0.84,
35286,2.95,78.51
17883,0.84,17.7
24000,,17.39
28914,2.17,16.06
8626,1.65,27.52
34308,1.43,25.52
49613,0.45,5.73
47093,1.86,24.89
32518,1.16,35.13
2986,2.33,10.37
43831,2.64,21.34
45696,1.73,23.88
23929,3.12,24.29
47619,,16.82
43599,0.8,35.25
19427,2.03,20.33
15196,2.75,18.22
6776,1.71,16.79
16047,,21.18
554,3.31,8.4
33325,9.36,30.79
11228,2.12,26.32
12953,3.21,
39173,0.79,11.6
37480,3.42,24.16
31753,0.78,21.51
19231,0.23,14.49
18135,0.75,32.09
19944,0.84,18.97
10483,0.65,29.66
47445,0.56,22.56
14937,1.22,23.35
36217,3.5,31.09
30975,1.39,23.38
41528,4.3,94.12
21661,1.32,26.36
46811,4.87,86.53
9341,2.63,18.58
20043,4.97,81.67
28189,0.63,23.76
16450,0.6,22.35
26108,2.32,30.73
8551,1.27,15.12
28227,4.41,74.8
13283,0.63,10.89
12664,1.32,3.86
7753,0.5,28.33
15107,1.03,18.46
21328,3.27,19.38
30915,1.61,31.72
7683,1.93,25.35
6811,1.2,27.84
5206,1.16,28.32
28045,2.22,16.82
46213,1.53,19.06
15438,2.25,26.08
20593,2.19,12.04
49582,1.38,17.38
13967,2.95,16.36
14889,0.5,4.58
44731,0.43,18.07
10195,3.26,81.7
46381,1.05,15.54
5146,0.33,101.82499999999999
31278,0.57,
21508,0.67,13.49
45298,0.44,32.01
4172,1.06,41.55
4963,,24.1
49172,2.43,17.12
41948,0.77,
41613,0.94,16.06
25212,3.07,36.7
37242,0.62,25.78
35540,1.53,24.97
34004,0.81,32.14
8042,3.37,68.99
19217,0.45,20.23
43890,5.65,85.28
19449,1.85,2.86
17135,0.88,27.19
49972,1.88,31.13
887,0.95,21.42
44236,4.88,75.01
23963,0.59,12.64
29950,,24.68
22266,1.07,25.31
38462,4.29,73.35
23160,3.59,75.64
39830,1.84,25.22
2160,2.42,23.11
30546,3.09,26.26
47794,1.57,15.47
8611,5.87,82.61
7043,0.68,17.03
26066,3.42,31.03
10025,1.49,16.93
13050,2.68,24.77
30673,2.72,30.67
29530,1.06,1.13
42417,1.59,27.98
42292,3.22,18.93
29897,1.23,18.9
6237,1.07,33.83
38266,1.46,8.16
17422,1.44,20.21
23168,2.65,33.28
37384,1.6,24.88
35726,0.33,20.33
20207,0.44,22.18
24741,1.82,21.33
20824,0.75,25.9
45549,0.42,24.31
25220,0.84,18.15
48167,0.49,30.74
19927,0.51,19.51
36661,1.7,32.09
49402,3.3,89.03
3909,1.15,40.79
36583,1.52,26.26
12955,0.6,0.0
49219,1.11,19.84
14445,0.56,22.75
28564,0.9,24.45
24145,1.43,25.6
5677,1.71,28.65
531,1.95,29.24
7194,1.34,22.67
15483,,84.31
44247,2.2,9.05
6202,2.89,0.0
39222,1.71,30.9
17258,1.52,18.35
46103,1.65,32.22
30480,0.88,7.67
47490,1.47,12.59
12226,2.38,81.09
13994,2.02,21.95
34621,0.89,15.99
22565,3.03,28.46
32129,0.64,18.92
990,7.02,27.22
47143,2.35,27.26
3261,1.34,14.25
13917,1.31,20.99
47616,1.31,14.12
35930,1.29,40.79
10840,1.02,19.63
11209,2.35,23.02
14865,2.13,23.19
5640,0.74,29.09
33963,0.71,20.6
6148,0.93,24.31
15390,1.29,10.23
14181,1.36,
15443,0.97,31.35
35672,5.04,64.38
11821,0.83,22.87
40450,0.8,17.98
15774,7.38,
6596,1.3,23.38
49945,1.91,37.98
24283,1.88,17.77
39581,1.65,23.97
2769,0.85,18.92
18964,1.99,0.0
30562,0.38,18.37
33729,1.31,-20.9
14168,0.68,18.19
3387,1.93,-13.84
6895,2.11,29.19
9082,2.51,11.45
22350,0.98,11.83
48816,0.95,30.73
15326,1.49,27.95
36953,2.03,28.16
8538,1.43,51.974999999999994
20692,4.02,67.58
8449,15.120000000000001,26.8
17557,1.4,19.1
11725,0.5,10.05
19262,3.04,23.1
30364,0.74,30.15
4346,1.53,22.15
12013,2.01,
29839,1.02,18.57
27004,1.85,37.43
10583,2.97,63.78
37296,1.46,13.96
42120,0.6,19.08
33434,1.79,25.79
21288,2.5,79.72
18158,0.99,20.98
30231,3.82,88.11
2292,1.14,18.09
40901,1.63,18.37
26783,1.81,27.66
44750,2.96,24.52
21827,6.91,77.45
15051,4.39,29.36
8018,5.41,12.54
48825,2.52,22.44
84,,17.84
2798,3.4,13.97
29146,0.94,21.47
22774,2.56,6.43
4396,1.99,15.09
16306,1.83,11.44
29236,1.51,15.79
20885,3.47,21.37
21110,0.73,23.28
9740,0.82,13.79
6526,4.85,77.76
22319,0.66,31.25
12425,0.3,8.58
43833,1.45,13.88
14705,0.88,17.8
22120,2.68,21.16
33520,0.62,26.99
4175,2.62,34.12
1909,6.24,83.65
47362,1.81,25.82
45729,4.68,75.77
31187,7.03,78.16
47355,2.98,31.47
34937,1.34,11.61
7004,0.66,19.02
31613,1.76,32.06
20889,1.14,17.42
19868,1.84,30.52
5174,2.12,22.85
3327,0.75,29.94
6597,3.09,11.91
27298,1.32,23.96
47601,1.48,31.82
28194,2.47,76.43
48045,0.61,28.51
18085,0.98,21.91
4331,1.8,33.7
6684,1.5,32.7
25551,0.94,21.09
35854,1.05,16.58
5602,1.43,24.96
13872,1.08,16.88
35314,1.22,
47404,1.85,6.56
47869,4.6,97.42
7927,0.18,17.04
25807,0.94,11.11
4160,0.37,21.68
4909,0.89,15.7
17141,2.87,36.74
13356,1.43,
14507,3.47,16.05
11351,,17.95
24485,1.67,37.55
15661,1.98,26.35
20736,1.03,35.11
12970,2.0,16.07
41315,1.32,18.64
462,2.88,
27203,1.78,15.6
13785,3.98,23.57
26746,1.36,27.63
34441,0.99,
24622,2.79,65.01
11772,5.22,87.93
36098,2.22,30.85
32423,1.95,27.79
25491,0.86,26.24
40285,0.48,15.35
15416,3.07,26.56
8627,2.13,17.98
47436,2.7,24.64
22333,0.82,18.05
40700,,25.12
22534,2.29,23.5
39860,2.06,33.7
12983,0.97,17.31
29909,0.48,17.15
14299,1.8,20.31
47332,1.25,37.33
32203,1.09,23.32
26532,,41.02
30625,1.61,24.31
20856,5.67,94.72
44214,1.24,22.92
31371,1.15,34.53
40095,1.33,35.17
5534,0.71,29.86
49158,0.57,
3628,2.42,22.88
38433,0.9,26.71
27891,2.18,10.82
38653,1.05,22.13
2540,5.05,89.05
32785,2.72,35.32
8002,1.29,17.24
46955,0.73,12.36
3796,0.6,15.63
2641,1.42,83.4
26029,4.3,30.34
16566,24.900000000000002,77.54
46780,0.97,17.23
16635,1.72,14.41
3310,0.92,21.3
31878,2.92,18.47
43766,3.15,19.77
44173,1.45,13.17
19768,2.88,27.1
38031,1.38,22.84
48096,2.11,41.54
13400,0.94,14.79
29360,2.36,15.93
21078,3.47,17.68
16481,1.67,28.71
35387,0.65,25.94
13210,0.72,13.54
31553,0.94,17.63
20440,1.96,19.19
10152,1.93,6.1
20990,11.52,33.15
41217,1.97,23.48
41009,2.21,13.12
11494,2.03,25.85
16147,3.14,75.86
19165,0.56,29.68
25819,3.67,9.11
3880,1.11,23.49
29668,2.66,8.81
29534,0.38,19.94
39480,1.0,20.71
20870,1.93,15.23
24206,3.75,10.01
35339,2.63,5.02
43868,1.33,13.37
27445,4.62,30.16
26597,0.49,
49396,4.12,28.82
23833,0.79,18.92
15252,2.59,16.95
32154,4.26,35.05
34811,2.01,
22501,0.76,14.48
43756,3.3,
16117,4.74,31.66
19457,2.1,15.22
20393,1.75,22.07
3872,1.61,21.2
7996,7.94,85.71
21216,1.1,23.82
26852,1.25,19.26
48663,1.4,23.54
40536,1.47,9.85
16589,1.86,15.57
39980,,24.76
41279,1.19,35.22
44039,0.34,32.45
6765,0.56,30.15
16476,3.49,92.85
29783,2.05,18.14
33033,1.03,21.96
21269,1.14,18.79
46157,2.6,17.08
1591,3.41,18.57
29269,1.69,13.14
7191,1.71,24.13
36161,1.53,20.81
35089,2.5,25.09
292,1.51,19.83
44647,,25.85
39098,6.04,97.98
2064,1.0,25.99
31964,1.23,20.47
13302,1.61,30.28
23002,5.47,99.37
25547,2.69,32.03
40274,0.64,15.83
10381,0.96,26.25
7916,0.48,18.07
4649,1.81,19.49
17368,2.42,86.89
33351,0.52,21.96
4939,,81.58
6130,3.44,89.97
14573,0.93,34.91
23334,0.47,27.55
31832,1.93,17.19
776,1.54,23.72
44148,,22.91
13337,0.9,18.66
19899,2.43,3.43
20341,0.44,19.87
34396,1.35,13.68
29711,0.66,
43426,0.76,0.0
8765,1.3,25.73
1699,1.64,20.0
49097,,28.71
29553,2.39,18.33
36320,0.86,23.42
24101,2.7,17.62
28060,1.13,38.9
4800,,33.7
3640,2.77,24.67
44208,1.78,26.41
16182,1.25,9.56
46410,0.84,29.15
22220,4.35,73.4
17015,1.7,13.4
35879,0.78,26.72
35129,1.6,26.83
12741,1.5,21.14
6084,0.2,29.43
13304,0.51,7.53
28310,1.18,20.06
37158,1.34,9.21
47592,0.4,27.13
33448,7.61,73.65
44327,0.69,26.21
2633,6.5,0.47
3228,0.42,17.56
3231,1.57,23.09
974,1.67,18.56
10582,0.38,12.47
3163,0.96,17.83
47022,1.38,14.52
8407,3.07,24.19
27922,1.24,23.16
48352,2.58,26.08
49757,4.3,
26001,2.06,81.17
6353,2.24,29.81
48465,2.32,74.09
7393,0.22,22.12
39437,4.67,
25813,1.35,30.0
23914,1.68,30.31
48472,1.22,31.33
44403,0.81,22.39
4110,1.29,15.04
26730,,35.81
5667,9.11,77.88
14727,1.84,11.95
29052,1.77,26.33
19604,2.1,17.8
30458,1.42,-16.5
29172,3.36,13.49
49143,1.57,17.58
45591,1.81,20.47
10354,1.4,32.8
5721,1.59,30.12
24895,0.99,18.12
36134,2.0,10.81
21091,1.58,19.94
28874,2.1,20.91
41850,2.97,12.0
49904,2.39,26.08
3960,1.57,25.58
14697,1.29,21.7
31428,0.69,37.63
15800,1.65,26.56
14312,0.85,30.65
39085,1.41,33.26
15292,4.94,15.39
1047,0.87,23.11
35986,2.46,92.06
14411,2.13,33.67
25637,1.88,25.55
18548,2.58,19.37
11845,0.69,13.97
13852,3.98,70.13
35522,1.51,16.3
15965,2.47,15.77
31492,2.79,21.56
46564,5.24,91.74
30006,5.37,92.51
46030,1.2,24.14
34031,0.37,20.27
13064,3.8,27.36
6315,2.31,18.26
49038,1.51,73.25
48409,6.35,93.99
49793,1.29,21.29
2204,1.47,17.53
29980,1.64,14.28
35384,1.14,29.06
12950,3.2,27.73
47547,0.49,27.6
2102,,21.16
23787,,17.75
25699,1.13,28.72
17724,2.27,20.16
12044,0.98,21.18
42643,0.58,29.6
10215,1.23,42.14
33624,2.59,24.0
42160,2.76,19.23
28388,2.62,69.56
18199,0.24,18.32
22151,2.57,15.17
9999,0.42,
43123,2.04,35.54
3065,2.95,
4309,4.89,94.71
3319,2.08,25.22
2528,0.6,17.7
22382,2.79,10.28
18023,0.47,18.17
7449,3.21,12.6
18663,2.19,36.94
26737,2.99,7.4
27429,2.57,24.15
45200,1.2,15.07
29464,3.93,30.24
6692,1.45,34.27
46042,2.72,26.48
36829,0.79,15.11
32910,2.03,18.01
4198,4.12,0.0
3014,1.85,30.05
22369,1.59,18.57
19873,4.5,
44952,0.77,12.91
7769,1.34,27.03
9142,1.33,40.77
29814,4.16,81.99
35744,2.84,25.08
11770,5.81,72.49
7566,4.95,
44033,0.89,23.72
29500,2.03,8.56
46288,2.24,15.31
231,1.67,
32073,2.02,46.35
29952,1.14,40.29
2320,3.3,16.29
43930,1.4,3.56
32274,2.97,29.8
35085,1.15,26.59
44401,2.05,37.35
2545,1.63,12.51
2859,1.09,23.24
293,0.59,30.95
43721,2.81,34.94
39089,0.64,13.17
17206,2.2,24.38
30442,2.81,26.83
13799,1.65,20.96
48505,1.59,19.7
19264,1.83,18.74
37776,3.85,85.08
39872,1.37,19.55
35870,4.29,9.12
14609,5.83,34.3
46287,0.95,17.71
20516,0.23,33.12
32667,3.33,27.1
19719,0.4,
23663,2.77,16.3
31536,1.77,9.99
14401,,18.29
35138,3.33,13.5
26007,1.01,26.09
42584,0.25,
17076,0.81,18.26
8616,4.17,67.1
8222,4.69,78.68
13662,1.37,27.76
48734,1.77,23.1
31210,1.23,17.91
47501,0.82,17.72
24662,2.65,2.21
26922,2.52,22.95
24611,0.57,23.39
43866,0.66,26.0
46933,1.77,26.02
29090,1.45,28.95
47201,2.07,31.25
34005,1.43,31.61
4742,1.82,27.0
28590,2.23,24.23
41883,2.67,22.25
1251,3.21,14.56
18668,0.31,13.1
10666,0.63,18.88
43247,1.0,26.74
33648,,17.36
12685,0.83,25.18
14058,1.59,28.42
21925,1.05,20.95
8952,2.33,-21.14
36007,0.65,21.86
21218,1.97,29.08
14679,3.42,19.05
5428,1.41,15.15
19326,1.06,18.0
14647,0.64,22.37
49004,0.56,18.44
36539,2.42,6.7
48490,2.45,6.24
21698,1.01,18.8
2020,1.07,29.51
4805,0.49,8.34
15869,3.01,29.66
45545,2.12,13.99
33333,1.4,32.93
22366,1.39,
13783,0.52,24.14
4705,,13.78
42680,0.48,30.32
48868,4.37,35.27
34275,1.43,21.19
15391,1.64,18.43
20124,3.14,7.39
23967,2.08,34.02
2536,2.12,30.66
42388,0.87,29.2
28237,3.22,74.79
24224,1.34,29.19
27842,2.19,36.36
46917,,19.97
31408,0.62,19.63
37941,0.85,26.47
34504,1.3,22.95
27651,1.17,10.52
4113,1.85,13.4
8639,0.59,19.96
14044,4.09,68.17
36151,,38.11
24970,0.44,24.0
49991,2.53,25.15
47033,1.88,33.76
33789,6.57,74.07
39929,4.42,14.63
33387,6.11,88.25
20095,0.41,19.96
2637,1.91,15.01
45760,1.04,11.12
6885,3.68,30.4
13896,1.64,14.07
49817,0.69,0.26
33461,2.45,21.68
22181,3.71,26.23
45934,1.58,26.92
6156,,42.43
45144,3.64,18.15
16896,5.41,89.14
43412,2.38,21.47
5265,1.21,14.78
32510,3.27,21.88
44009,0.87,7.18
21675,0.97,17.48
34447,2.15,32.88
35179,2.91,13.24
43916,1.1,31.98
4880,,25.32
1708,1.51,4.51
15938,2.19,31.02
38010,1.93,15.64
118,1.04,35.25
37251,1.76,14.88
15185,1.38,13.63
40287,0.72,37.49
11544,1.41,20.15
33265,0.48,18.26
25697,1.53,32.69
33970,1.42,36.800000000000004
29936,0.77,11.81
40721,2.16,14.37
3847,5.24,74.78
48525,0.84,14.84
38418,5.1,25.26
33483,1.73,25.02
6242,2.29,5.1
489,0.42,23.65
3877,0.33,24.46
25379,3.24,21.02
13690,1.31,23.67
4077,3.2,
15724,0.67,26.26
15660,2.27,20.97
34480,1.29,
22617,1.68,26.9
14743,4.41,27.86
16644,0.45,20.63
23690,1.92,34.67
18540,1.53,23.65
49592,0.46,32.56
15834,0.69,24.93
12720,0.45,26.03
19190,2.58,19.16
20653,3.6,13.41
42093,1.94,26.48
407,1.78,
11160,0.73,30.85
3913,2.84,18.25
7349,2.78,32.05
36252,4.63,18.64
8192,1.84,
26855,0.86,23.58
17843,1.37,25.28
24034,2.12,19.36
19612,3.17,25.29
43865,1.84,7.8
1827,0.39,16.05
49173,3.03,31.2
43274,0.81,16.77
13172,1.32,17.0
17090,1.27,27.71
30328,2.36,12.46
10193,2.95,
27996,2.9,9.2
33982,3.93,78.8
19593,4.33,39.14
26583,0.79,16.57
6512,1.63,28.48
44832,0.78,25.03
35165,4.6,95.4
33893,0.77,33.18
20552,1.78,20.86
4611,1.0,29.89
4102,2.1,13.22
11080,6.37,77.66
3833,2.23,31.1
43738,2.23,89.18
39861,1.24,17.29
34098,0.95,80.6
26983,1.19,24.27
5792,3.67,17.68
35471,1.34,32.0
38413,12.96,
2530,0.97,25.75
4926,0.93,15.6
24358,,30.73
18519,2.06,23.59
25460,1.13,23.1
19757,3.34,30.16
19797,0.81,29.6
12193,3.42,79.44
27319,2.49,
47290,2.0,23.81
7787,4.77,85.74
48375,2.05,
15245,1.49,21.57
11460,1.63,26.83
37067,6.36,12.87
41131,3.25,86.26
49268,2.22,22.11
21683,1.83,12.6
28381,2.95,29.47
41331,1.18,10.51
33090,1.16,21.15
40123,1.61,18.63
24501,2.61,94.78
37592,1.57,
2422,0.98,
22979,1.25,19.92
16509,2.52,30.01
11149,3.59,22.78
5325,2.88,25.81
44532,0.91,15.53
48815,1.99,24.95
5362,0.63,29.1
30789,0.65,21.39
43064,2.4,26.92
26400,1.59,36.73
34315,3.63,
3185,0.95,36.66
17306,4.16,23.32
25505,1.63,10.73
22631,,40.13
38145,1.1,13.83
27380,3.45,10.21
3111,2.55,
8017,2.18,22.59
42060,0.96,23.91
32279,0.74,28.88
1005,,18.17
16167,5.51,73.75
27220,0.85,7.62
19734,0.82,28.06
44197,0.52,8.81
46924,5.12,84.99
18396,1.96,19.23
45105,1.55,28.8
23795,1.96,13.98
31256,,0.0
8664,1.23,15.94
902,,33.22
41985,2.11,24.81
49719,3.4,17.33
28870,3.39,20.55
39058,1.78,22.65
26005,1.96,26.18
16783,1.84,25.52
47541,,23.45
9184,1.94,26.5
46012,,27.57
40778,1.1,32.02
20402,3.53,13.04
43149,0.46,31.81
33029,1.34,31.5
31455,2.81,91.6
37955,1.54,24.59
37233,,82.77
28294,2.55,32.38
36690,0.94,28.94
13433,0.98,23.2
27650,8.7,89.38
36474,2.78,18.65
19238,0.98,28.04
9883,3.92,74.43
10989,1.28,20.45
15028,2.94,27.82
26392,1.58,28.12
37972,4.58,21.19
30426,3.51,23.17
6551,3.03,23.78
24952,1.53,18.25
2259,3.4,52.25
23256,1.53,7.83
38177,0.66,31.72
27305,2.27,19.6
20293,2.19,35.03
1643,1.03,26.04
17834,5.33,26.84
9407,0.88,15.86
32082,1.14,18.74
27685,4.93,82.05
13798,3.35,41.69
14591,1.49,19.72
43951,0.54,34.3
47426,3.3,15.96
22846,0.92,17.69
42461,1.26,33.66
48907,1.19,29.38
30296,3.14,77.9
42837,0.84,24.57
40451,3.42,
581,3.78,
5213,1.66,27.69
45559,0.51,12.68
11172,0.45,15.52
49016,1.15,5.57
19438,0.87,15.88
9944,1.27,24.48
26705,0.3,23.74
13641,2.81,25.91
47817,0.48,14.06
45003,1.51,19.78
33980,,28.37
5007,2.96,24.71
15127,1.05,35.28
446,0.89,17.56
35140,2.17,25.16
19187,5.84,79.51
11412,0.72,22.84
12919,1.59,19.22
35963,2.08,15.07
22757,0.69,56.625
40293,0.74,27.45
46722,1.5,23.88
31724,1.81,17.23
15725,1.56,26.74
37671,2.32,23.9
31347,0.89,22.37
25322,0.23,27.19
33566,14.28,-35.1
32852,,24.56
38319,0.92,24.27
24,0.64,27.56
24107,1.75,
25638,1.68,19.66
32504,2.62,13.7
43309,5.83,69.02
16572,1.74,28.98
41143,1.54,30.22
38055,0.96,19.71
13997,3.79,86.96
36570,1.88,22.41
33466,2.23,79.59
4813,0.87,29.68
15142,0.64,17.91
33476,0.41,22.87
45234,6.43,80.4
44777,2.18,57.725
44536,1.73,23.07
14825,0.99,19.86
24377,1.81,26.58
17011,1.97,23.77
24037,1.12,33.62
30659,1.28,33.7
18163,0.58,25.79
30031,1.95,27.24
25831,6.14,91.72
47808,1.75,23.44
8290,1.88,
40029,1.47,24.4
32893,16.32,21.03
25230,,35.58
1760,4.2,93.15
38984,1.08,22.61
20046,1.38,
15866,0.99,31.99
46138,,17.3
41275,0.91,
29295,8.879999999999999,
731,0.86,12.29
25707,0.78,24.02
1249,0.47,4.3
46375,1.57,87.83
20815,2.81,
42930,2.43,26.11
29354,1.73,93.75
46273,0.92,19.03
44088,1.05,14.53
23881,0.97,
47790,1.04,18.41
1271,1.59,18.3
32250,,20.44
18212,1.44,27.88
2618,0.6,16.34
7128,0.94,20.85
46371,3.74,65.94
21779,0.79,16.57
21095,2.34,24.06
30416,0.68,6.33
10079,0.37,27.09
9274,0.66,18.96
46306,0.77,24.07
185,1.67,25.08
1921,2.04,
35881,1.79,8.76
8920,0.21,29.89
1380,2.76,23.47
26955,3.42,100.0
38924,3.13,20.14
46764,5.89,91.85
18661,3.34,25.85
5337,1.05,18.89
23758,,26.4
11841,1.01,27.6
22884,0.33,33.8
45743,0.95,33.93
21464,0.19,
23422,3.58,85.29
24671,2.28,14.06
30283,1.17,13.79
33006,1.86,27.15
20209,1.24,14.23
11696,2.19,26.84
12863,3.64,34.3
34560,1.61,31.46
6090,,18.83
25112,4.15,24.37
3069,0.85,28.88
49633,2.97,12.95
48326,2.12,22.81
25252,0.97,28.65
8911,5.61,19.34
26307,1.99,21.4
23076,0.37,41.574999999999996
519,0.7,23.52
48641,1.9,25.28
13787,2.15,32.2
38964,2.92,
20538,0.95,34.4
9790,1.68,6.15
9248,0.78,23.02
9625,2.03,35.53
11571,1.8,16.11
33479,2.28,15.08
47498,0.91,25.83
785,0.74,20.89
15601,1.58,17.96
17235,1.78,26.96
25894,4.21,21.89
25401,2.88,22.05
15033,3.27,82.34
39566,1.92,10.45
19510,1.54,18.34
42067,1.47,14.33
10464,1.0,18.28
18948,1.15,10.27
43859,0.34,
38410,1.86,22.27
34757,2.91,32.35
1218,1.45,23.98
38507,1.43,32.8
5087,1.75,23.52
38284,4.0200000000000005,19.63
26577,1.26,47.49
44285,0.69,23.96
3944,3.09,9.54
46128,2.08,19.42
13761,0.6,12.48
3402,1.6,19.82
17748,1.76,13.38
11173,2.1,78.85
14540,1.26,22.01
27735,1.68,13.25
23045,1.39,4.61
25531,1.76,10.55
3204,1.84,38.39
24439,,14.24
1347,0.87,26.66
13660,1.58,35.0
1234,1.55,21.0
41781,0.59,19.3
48782,1.35,36.11
26901,1.74,18.92
48940,2.21,24.64
23500,3.49,89.15
44650,3.12,17.27
768,0.57,29.55
32880,0.22,18.03
11230,1.98,29.02
10002,3.63,40.53
17464,3.91,83.66
39439,2.45,22.89
621,1.68,18.04
9706,1.88,18.28
10946,1.06,24.79
21699,4.88,74.49
1725,,20.99
41123,1.28,15.08
13624,1.38,19.79
11657,4.48,11.51
24245,3.42,18.52
41046,1.07,
19607,,25.92
47843,3.05,12.58
22306,5.71,80.21
49483,1.57,
24119,1.23,27.61
46028,1.32,24.77
32058,1.01,8.04
30172,3.73,27.27
25366,2.46,14.19
287,2.61,12.11
35515,1.13,25.4
17672,1.54,19.37
26312,0.45,22.32
22143,,14.66
6175,0.8,22.9
48732,0.43,14.55
1211,0.53,17.75
30875,0.97,33.39
35316,2.47,24.48
35296,0.51,19.08
29583,1.4,83.81
11552,1.15,23.43
15518,0.76,29.46
32200,2.53,38.54
43685,2.5,23.12
14494,13.86,30.25
18346,0.89,21.98
34988,1.45,26.26
5386,2.56,36.04
19599,5.23,97.93
23636,,22.76
35317,1.75,15.04
14753,1.31,10.83
38682,1.59,17.91
9689,3.25,22.7
38143,0.73,
38417,2.32,22.27
15236,0.92,16.97
19673,0.81,15.6
32081,2.67,25.38
30869,2.0,85.82
30621,4.17,12.44
7808,4.86,32.58
41841,1.38,28.6
19556,1.98,12.71
11145,1.68,29.11
25499,2.21,
49619,1.61,25.18
31948,,13.98
34167,1.97,9.54
11482,0.72,27.17
33582,1.86,
38865,1.37,17.58
26633,5.11,81.79
13681,2.1,18.3
3892,3.36,84.49
24247,1.51,20.34
5293,0.57,
22142,0.97,27.16
10797,2.36,21.81
18789,1.0,20.22
9989,2.38,21.3
11865,0.62,30.75
23368,2.01,29.84
24792,0.88,24.89
32241,0.93,
45945,3.99,28.13
41158,1.41,5.87
4038,2.05,18.48
38575,2.39,30.27
15920,0.44,24.87
1149,0.8,13.71
18139,2.07,25.24
12116,1.44,10.79
47177,5.24,
13033,0.61,22.64
49240,1.01,22.68
15542,2.79,14.11
23518,0.81,20.08
47934,3.49,21.95
26384,1.38,28.66
2547,0.63,19.44
36706,2.94,14.94
46247,5.56,96.75
34890,1.32,24.34
1629,0.51,28.65
26794,1.98,16.01
46620,1.19,27.63
7452,3.13,14.88
46343,0.58,17.28
2684,2.09,6.21
36444,3.73,31.53
27302,2.95,21.69
17010,2.73,0.57
38939,2.09,23.88
1857,1.92,26.67
31733,1.11,23.78
1130,0.84,17.88
41475,2.57,9.46
20083,4.47,72.9
2668,2.08,16.22
14978,1.04,28.44
41191,1.39,15.53
8543,1.52,21.12
1712,4.55,66.65
3532,,18.68
6449,4.82,78.3
41402,0.68,
26499,8.13,100.0
24986,2.98,77.08
32393,1.09,19.53
9439,1.21,29.9
5195,,
21276,0.16,33.37
2975,1.18,27.02
2982,3.98,91.2
31367,1.49,23.85
46487,0.79,21.59
44605,1.25,14.99
24047,3.05,7.78
14832,1.03,28.8
42635,0.6,21.42
15711,1.46,17.13
15843,0.98,36.11
34231,1.27,23.91
43572,3.53,25.61
38888,3.44,17.88
47292,0.12,18.34
2219,0.73,10.23
12165,0.25,17.79
22037,2.72,29.02
22091,2.17,22.24
8595,1.36,18.73
33289,0.8,9.74
34919,0.96,17.73
11291,1.42,19.52
13480,0.46,13.93
30599,1.28,19.6
30394,4.82,79.9
23694,2.27,29.82
1524,0.95,23.04
38703,0.88,11.74
34844,1.12,19.07
21151,1.52,26.78
34312,2.42,24.17
40245,1.18,33.45
20469,2.68,19.88
14135,11.040000000000001,20.03
7370,1.51,8.12
15892,0.91,23.38
23589,1.21,15.45
49854,3.2,36.38
17116,3.28,11.11
2412,1.1,
49616,,24.0
17943,1.5,13.97
39334,1.22,30.77
36173,1.82,21.45
32092,1.26,16.1
18558,1.4,20.13
25151,2.77,14.68
44143,2.69,18.04
36285,0.38,25.02
49202,2.36,25.47
755,0.26,31.05
17089,0.13,4.95
11296,1.79,15.96
4028,0.8,33.28
14745,2.1,19.1
22676,,92.43
38811,2.96,24.28
11565,0.41,10.84
44704,2.32,21.11
9972,1.06,30.4
8900,2.09,23.64
15293,0.96,13.9
26213,1.55,28.33
23233,5.9399999999999995,23.06
26184,1.45,30.27
2179,4.15,84.78
20213,21.54,24.05
30773,1.25,31.22
18323,3.14,18.67
25125,0.46,23.89
26008,1.63,6.75
7438,4.27,29.02
5749,2.77,75.2
25060,1.01,32.9
17460,2.99,22.86
47783,3.26,22.51
40167,0.92,18.37
36748,1.54,24.17
38611,,35.84
49540,1.64,34.79
35932,3.99,87.49
28650,2.24,26.77
29186,6.75,84.9
34510,4.13,17.42
49721,2.47,19.97
29525,1.3,18.02
20227,2.5,9.36
32532,1.67,18.41
1179,0.49,23.77
18471,1.68,20.94
49672,1.71,4.07
34442,,32.02
28973,3.83,24.66
21626,0.75,31.11
5860,1.3,19.23
10044,0.34,17.7
1789,2.43,9.81
29202,1.48,21.73
42334,5.88,89.65
30531,0.5,12.58
2623,0.61,23.82
22481,2.93,83.64
26949,2.68,80.13
25248,0.07,17.6
28757,2.05,21.55
16692,3.92,14.64
4827,,18.51
9602,1.52,1.8
41527,1.55,24.6
28299,2.6,
24512,6.33,15.73
393,1.58,30.31
9872,1.62,24.22
2608,5.33,20.0
41909,1.19,23.88
17046,2.99,83.68
29992,2.43,21.46
11990,1.96,6.97
17364,1.8,15.41
13111,3.33,85.76
41170,5.17,78.42
8663,2.32,6.58
10967,1.41,30.53
34086,1.0,24.81
26701,1.7,27.35
45447,2.64,48.275
29195,1.14,29.29
21889,3.96,91.51
3029,1.56,25.83
43534,2.0,26.46
22788,1.37,35.34
19831,0.24,29.32
36133,1.44,90.56
46212,0.91,6.99
33159,0.61,15.16
24533,0.42,23.66
24403,0.69,16.19
16177,1.73,22.42
22449,0.94,19.7
10760,0.43,15.72
9078,1.41,37.75
14566,2.02,36.63
32806,0.99,22.66
48855,1.84,23.05
49154,1.22,21.76
23396,1.43,38.06
23748,0.49,24.78
2398,7.87,86.96
22109,0.38,22.26
40449,0.74,25.79
15623,1.18,25.36
13614,1.24,27.57
6870,1.05,26.96
588,1.25,16.04
4667,1.42,
36682,0.73,25.26
37962,3.22,30.12
21414,0.61,20.86
735,1.16,
13753,3.05,29.77
25457,2.15,21.19
29614,5.96,84.92
7651,3.23,25.87
31478,1.48,26.8
12059,2.83,22.53
32863,0.91,36.03
2757,6.95,92.56
12286,1.39,24.96
38258,,16.33
23979,1.19,20.39
24114,1.29,31.01
19051,4.62,17.0
27571,0.35,27.33
29911,1.36,24.61
46936,4.34,21.31
17197,3.67,24.69
27628,3.57,26.77
45114,2.3,25.54
34034,1.9,21.22
29572,2.77,36.0
47169,0.89,17.96
21535,0.36,20.95
24270,0.76,34.15
33589,1.87,19.15
13655,1.66,36.11
41835,0.92,18.3
5300,4.89,
19750,2.09,18.35
10393,3.7,87.73
5582,4.34,28.27
33409,3.92,14.45
43493,1.9,27.69
25899,1.68,15.17
44480,1.42,14.78
49921,1.25,6.39
577,1.73,86.64
39387,2.1,19.4
14490,2.33,26.86
8160,4.29,34.65
40792,1.34,16.33
4048,1.0,23.35
45410,4.75,91.09
3453,0.73,31.9
13152,0.7,12.89
33525,2.03,16.44
36756,0.98,10.43
25787,1.72,35.77
25649,1.03,10.15
3461,0.83,10.32
42783,2.19,19.87
28296,0.75,21.8
14669,1.68,31.79
33961,1.67,10.28
19322,0.92,39.44
14506,3.85,37.74
9176,5.85,75.24
13491,2.86,30.95
8384,1.92,14.01
43594,3.77,31.53
120,4.34,88.55
40825,1.43,22.5
14018,1.37,30.98
27899,3.03,36.78
14223,2.74,29.1
3758,6.05,86.24
10585,2.75,18.84
26113,1.44,12.29
4356,3.19,37.05
43457,0.9,23.35
22169,6.03,78.05
8518,3.25,20.79
35291,,23.91
38384,0.75,27.74
13328,1.59,18.65
42615,2.7,82.59
12241,1.14,17.94
38109,1.36,32.57
16580,0.89,31.53
2173,2.71,11.41
17150,0.65,30.29
23562,0.77,
9626,0.92,
1549,2.5,16.95
949,1.64,12.19
2665,3.39,28.89
47893,2.29,28.8
42906,1.9,26.68
1436,0.74,1.26
36210,8.6,71.55
48157,0.75,12.32
43794,2.61,57.5
22201,0.58,28.22
22574,0.98,36.08
21590,,34.8
7645,0.92,10.63
17783,0.9,28.61
41306,1.21,36.31
46173,1.26,23.54
3753,3.35,36.84
37119,1.43,16.64
18862,3.91,14.04
24408,5.51,82.31
38221,1.37,
26848,4.16,22.87
36017,2.16,24.37
33137,0.76,27.92
26239,2.35,13.34
20760,,14.91
23813,1.25,30.88
23826,0.43,16.71
8805,7.81,
6037,1.92,31.27
27789,1.95,22.0
20510,1.6,3.46
32037,0.49,9.89
23240,5.49,84.79
45145,1.76,35.66
37476,2.95,79.93
15701,3.09,9.74
4820,1.39,23.71
16235,0.57,25.9
47497,0.36,11.31
7749,0.96,24.42
41870,1.92,29.93
15527,1.17,24.47
23490,1.91,81.51
34557,1.9,29.19
33413,3.84,23.04
48652,2.66,
6338,1.87,13.62
4164,0.84,26.29
19882,3.31,100.0
49247,2.19,30.02
47476,2.18,7.81
41329,1.57,22.32
15827,1.38,15.47
12245,,
46805,3.01,71.47
29812,1.08,3.96
45077,2.2,24.18
30441,1.53,18.65
17533,2.25,17.52
12205,2.44,21.41
3209,0.35,25.6
37764,0.85,16.29
18769,2.6,26.75
21297,2.1,
16736,3.51,14.39
4923,1.28,31.11
48893,2.2,30.63
20527,1.76,23.17
16362,,69.56
4477,1.35,12.71
34903,1.99,9.14
5831,2.96,25.16
7997,1.21,24.94
4067,3.05,12.11
12906,1.74,23.96
29188,2.79,23.47
24652,1.63,10.82
21971,0.69,20.69
33751,0.98,12.25
12003,0.49,8.81
39345,2.2,26.2
48269,1.78,44.43
8168,3.07,22.51
2970,2.36,15.18
24790,2.1,23.68
37364,2.88,31.62
37483,1.64,91.97
448,1.12,
8008,1.67,16.14
15939,1.85,33.0
38224,1.35,28.44
15480,0.52,25.2
39666,0.77,29.9
2960,2.36,23.1
31545,0.76,16.29
42879,1.4,25.05
3057,1.51,23.79
42581,0.49,29.89
2381,1.54,22.95
15655,0.97,15.53
6883,0.63,20.18
22658,1.43,22.76
30925,1.63,33.23
30235,1.16,16.83
27880,0.73,27.65
45057,2.6,
43990,0.86,31.73
33952,3.96,24.83
13193,1.46,29.77
32127,5.19,72.94
20116,6.300000000000001,11.27
44289,0.21,19.76
33310,3.47,66.47
44969,4.24,18.04
8954,1.1,29.44
42778,1.66,33.72
6504,1.07,19.12
8604,1.67,31.35
34960,2.01,17.84
13432,0.77,29.21
1600,1.13,
21417,0.73,31.16
34714,0.87,23.8
1371,0.95,20.96
7966,2.83,10.06
37632,2.08,11.06
41561,1.06,15.4
37603,4.38,80.42
28651,1.0,28.03
29308,3.46,82.61
37604,1.87,11.35
33366,1.05,29.81
3297,0.69,19.79
48639,1.92,4.84
32310,1.46,16.17
16701,1.46,25.82
4033,0.94,6.34
49554,2.36,17.88
27024,0.14,14.77
9203,0.34,8.24
15087,7.22,
1776,3.01,80.81
46735,0.77,11.07
8544,2.02,23.12
31582,3.82,27.23
8115,6.93,92.61
10651,2.1,22.82
14109,1.48,26.93
9371,2.03,7.82
18233,4.07,17.52
38179,1.67,18.1
334,1.44,31.59
43912,2.61,29.25
41223,1.22,19.45
49027,1.31,31.92
13993,0.42,14.7
38607,0.36,20.71
40843,4.03,7.68
49439,1.48,13.7
35507,1.41,20.78
41628,1.93,26.34
13452,1.0,15.86
2100,3.31,87.79
1490,2.37,22.27
36183,1.3,33.15
46093,0.92,31.97
5567,1.83,29.01
47535,1.58,6.6
40218,0.91,35.47
40238,1.8,13.81
47716,1.99,18.32
17444,2.25,20.7
16024,0.83,29.16
37690,5.87,82.43
35053,2.66,24.46
5273,2.8,20.27
27387,0.3,20.97
33134,1.96,37.99
16226,0.87,24.05
47221,1.04,24.55
31931,2.05,10.56
18592,1.64,18.43
22014,2.09,27.96
4124,2.52,25.84
38348,1.07,26.21
46736,1.34,38.77
626,1.27,24.3
2654,3.99,2.37
9928,2.05,22.23
8741,2.82,18.72
25076,4.11,92.63
5711,2.55,20.78
39569,,38.925
37612,1.59,36.57
7759,3.21,91.42
48931,2.15,26.81
46878,1.34,8.52
22671,4.15,81.54
42919,0.64,22.02
32175,1.95,14.27
28615,6.43,88.21
5301,1.18,22.13
43604,4.74,14.07
37237,1.9,12.98
5633,1.44,4.67
21637,2.69,45.06
17102,2.31,12.58
38460,3.46,28.54
25271,1.65,26.6
6154,0.81,33.44
26022,1.16,20.1
8169,2.65,8.55
5155,4.61,17.35
48340,1.05,
11737,0.81,13.77
40311,0.59,11.61
1575,4.03,21.37
14576,1.06,14.82
43408,1.84,30.02
19701,1.61,16.73
42627,2.12,27.11
19353,1.56,11.08
45622,6.5,
40689,1.38,
48177,0.38,19.75
14426,1.5,25.75
7103,0.55,38.26
49313,0.79,31.24
12809,3.26,14.92
33234,1.38,21.05
45872,1.28,26.12
18626,,11.66
9067,7.42,64.04
17361,3.65,99.94
44172,1.08,16.82
38747,4.97,70.46
23116,1.37,17.64
30701,3.63,79.53
24148,1.02,32.64
24225,1.84,3.87
7239,6.04,84.5
11430,1.66,20.17
47419,,22.88
47694,0.7,13.8
36339,3.09,18.27
31829,1.05,30.8
37533,1.36,23.81
29847,1.96,22.29
47628,1.04,32.53
23437,,13.64
24691,1.81,19.74
33612,,29.49
45157,0.54,12.22
2282,1.13,6.92
2085,,91.51
34784,0.94,32.03
26769,2.96,
24180,,18.11
30989,0.96,19.47
41847,0.98,14.68
34830,1.68,29.08
2733,24.299999999999997,82.34
12702,1.37,23.81
17690,2.02,16.21
30609,0.35,17.86
36552,0.75,19.18
1125,1.34,32.46
37812,2.26,31.25
47810,1.68,29.37
29124,2.16,34.78
22727,3.21,24.12
12956,1.61,77.67
24733,1.41,32.54
32319,3.43,10.63
25055,0.73,19.02
19077,1.73,17.6
22990,1.79,25.11
13198,1.07,32.63
17833,1.1,26.1
18784,0.83,29.38
46001,1.87,24.88
45367,0.87,13.16
46728,0.57,16.31
6963,1.09,
24388,2.1,22.12
43684,2.22,20.57
2113,3.2,28.23
23413,1.27,39.67
24794,3.51,12.66
16812,1.11,22.81
14500,0.82,16.13
33522,2.04,16.96
16309,1.85,27.27
7606,1.6,
44019,3.78,7.36
38283,1.2,27.88
15308,0.95,16.72
31836,1.04,23.32
37174,2.45,23.43
22344,1.88,8.34
3039,1.67,24.38
6690,2.41,17.12
29775,0.93,28.32
21325,,24.49
11413,1.78,35.53
33341,4.12,31.44
22577,0.88,
3630,1.08,13.4
21466,1.66,10.75
29842,2.3,22.83
11665,0.73,
3562,,13.2
32320,1.04,21.53
7034,0.49,21.32
47707,1.53,27.22
38836,0.89,22.54
40347,2.24,
43834,0.35,30.35
201,0.91,23.57
5620,3.27,27.11
30831,,9.92
10902,1.09,30.68
35414,2.37,24.22
5149,2.23,84.51
810,8.879999999999999,20.0
12265,4.21,10.59
34019,0.95,13.89
853,0.93,23.49
4965,2.35,35.8
28241,1.75,15.42
45340,1.87,27.38
12803,0.62,25.26
15526,1.79,21.73
11368,2.23,44.89
26063,2.63,11.65
36861,1.57,29.17
13870,0.94,14.64
28917,1.73,31.72
41567,,22.87
43778,1.99,25.84
43418,1.05,14.75
5136,2.64,76.65
48442,3.61,16.48
30645,0.91,22.11
15745,0.78,32.51
49433,0.47,22.25
5046,,33.57
7557,4.39,76.97
45265,1.27,26.27
43759,1.3,24.12
40991,1.75,
21016,0.95,22.58
15005,1.85,23.11
42371,1.03,28.01
34834,1.13,
24409,0.42,24.64
40981,1.26,21.48
11164,0.71,19.26
14211,2.45,86.44
48178,,21.72
20515,0.95,12.95
9541,3.42,9.38
38123,2.88,
18291,3.51,30.03
18005,2.28,29.05
27956,1.93,17.69
22946,1.03,41.62
18498,2.1,8.76
48259,1.92,37.11
12097,0.82,10.6
16809,1.39,33.22
8064,1.08,3.69
21594,0.99,29.48
36387,0.94,20.72
30872,0.9,19.69
30467,3.41,36.01
34024,2.35,24.3
34006,1.11,18.9
16807,1.35,22.26
14326,0.42,24.12
24515,1.71,0.0
34099,2.05,32.05
19234,0.59,23.17
32784,2.25,
47275,1.25,20.72
23980,1.12,18.36
21386,1.37,18.62
38309,,30.25
26387,2.76,23.43
658,0.8,22.14
2516,,27.89
43504,0.88,29.72
7553,0.6,19.46
13860,,24.66
42142,0.27,30.8
16936,0.98,21.2
33954,2.17,37.88
38566,1.31,22.82
18909,0.87,14.32
28314,,35.23
39105,6.64,81.76
14890,0.9,33.01
13270,0.62,22.7
9432,1.89,23.01
18773,1.57,11.63
25539,3.04,28.13
40605,1.95,93.46
40830,1.33,27.26
9601,,18.86
301,1.32,18.55
30147,0.99,24.61
34689,0.26,18.88
25765,7.42,83.65
35134,1.14,21.4
29049,1.45,23.17
47634,0.84,12.85
17057,1.86,16.69
15502,1.75,19.81
29479,2.4,
29662,2.34,19.84
31131,1.07,30.64
16152,0.59,29.28
40975,0.71,26.76
14855,2.03,4.33
7460,0.32,26.08
34431,1.47,21.75
30460,3.79,23.22
36177,0.88,19.27
10175,0.83,15.46
36055,2.97,14.55
1236,5.05,73.64
49306,3.41,73.84
33293,1.7,28.56
28747,0.36,25.23
41486,2.05,28.89
23415,1.53,6.33
43433,1.08,26.91
1453,1.1,34.08
38955,0.58,15.31
24591,1.49,23.75
31966,1.02,27.71
19253,0.32,24.33
29209,1.7,20.21
13029,3.2,22.21
34610,4.95,14.38
32403,0.56,22.07
16536,0.9,30.87
11083,1.83,
48880,2.74,10.16
12673,3.62,21.08
34132,6.66,86.02
3589,2.08,30.02
46940,0.91,18.82
38736,3.3,76.84
784,2.03,27.62
46887,0.44,24.07
35734,4.52,80.02
20826,0.52,24.63
46636,3.53,82.51
47207,1.03,21.69
6892,3.4,28.04
13684,,74.025
8816,2.63,20.77
4874,1.86,26.77
38619,5.76,92.74
10407,5.61,91.59
2957,0.64,19.11
24754,3.97,19.91
9589,0.99,21.64
1221,2.05,24.18
28239,1.63,97.97
18010,1.29,28.48
19745,1.64,
9526,3.75,88.47
1664,1.32,24.16
17701,3.19,25.16
33459,1.2,14.68
1402,0.88,23.99
6877,3.35,15.7
16808,2.59,11.01
10817,5.82,22.37
9684,2.81,19.12
35049,,15.73
17659,5.77,27.36
25341,1.57,22.62
47756,9.48,18.74
16110,1.45,32.24
3956,1.23,19.94
37517,6.81,81.79
912,1.07,15.78
26167,2.45,20.92
25374,1.62,
19888,2.31,24.24
8224,0.42,12.44
47411,1.51,20.86
22473,,80.8
14060,2.72,80.23
37828,1.34,11.17
24557,0.78,19.75
20546,0.56,25.26
23058,0.69,29.8
29029,1.03,19.04
25305,2.13,76.66
16010,,15.87
36250,2.7,
30251,0.73,24.89
33844,2.26,20.05
25046,1.14,24.49
46303,1.79,21.4
33148,29.880000000000003,76.09
4134,1.75,24.18
42404,1.03,4.36
17891,0.7,22.66
12982,5.38,28.77
35781,1.05,18.03
8510,2.47,26.05
6972,2.67,4.5
33440,4.57,81.22
24259,1.18,17.25
23884,1.27,24.49
35483,1.18,17.86
8811,0.22,23.3
38014,1.16,22.55
34147,0.21,
46325,2.23,16.91
8031,3.81,81.09
22228,0.6,11.11
3474,0.3,20.74
10745,1.19,33.95
49532,2.23,24.61
21424,1.32,24.52
38988,2.49,87.66
16399,2.24,29.49
1953,0.93,27.47
26221,1.82,20.5
29231,3.57,88.6
22657,0.95,15.75
25127,1.21,25.39
37088,2.33,
34515,2.49,27.3
19474,0.18,17.53
1997,0.55,24.73
38982,1.12,8.16
17469,1.29,13.28
43193,1.55,13.74
113,2.2,39.6
25569,1.55,16.26
17996,6.45,23.43
6042,0.61,29.53
2053,1.6,13.93
9395,1.77,6.9
13218,1.87,10.68
4299,3.55,18.85
26367,2.22,16.02
18274,0.17,23.12
27949,1.52,17.44
19713,0.91,18.69
47891,1.37,13.36
31706,6.45,78.64
39617,4.92,16.78
11912,2.31,18.33
33806,0.51,25.8
44991,2.08,13.15
29207,1.22,11.49
38488,1.87,14.71
49360,1.92,82.08
26617,3.71,208.70000000000002
12114,1.01,20.54
26602,1.31,20.59
4563,2.43,8.85
17994,1.39,13.46
4465,0.75,81.67500000000001
8525,2.12,9.42
14857,1.68,24.6
15967,1.3,20.96
31702,0.6,13.3
12837,0.99,32.74
45897,0.29,31.45
28765,1.54,18.52
14079,0.74,-17.17
6380,0.56,18.58
19237,1.66,6.19
27830,1.56,18.57
22431,1.06,
43030,0.26,20.67
2950,0.24,25.78
21747,0.25,31.67
10379,0.71,19.63
46745,3.58,14.72
33239,2.99,13.39
16539,0.6,38.16
21475,2.0,8.56
35657,2.41,9.45
43047,1.65,31.79
41740,1.32,25.1
17753,1.9,14.76
46285,1.7,21.8
11254,4.47,24.41
34155,0.96,15.14
47854,1.11,18.37
32832,0.49,26.66
47723,3.26,17.12
9501,3.25,19.65
33749,0.9,15.92
10930,2.72,18.51
36699,2.32,33.14
41504,1.29,18.23
26954,1.56,41.33
37092,2.53,9.9
2258,0.79,28.61
45497,0.94,5.04
14844,1.9,
23576,1.8,18.32
5049,4.86,20.99
35457,1.21,34.33
3723,1.22,18.7
12050,3.37,16.78
25654,,26.09
2838,2.89,21.86
12499,0.08,20.2
2239,1.16,11.14
23805,0.74,23.53
4433,1.85,18.63
28313,1.22,16.16
19523,2.37,
32019,1.67,15.09
38895,0.8,26.81
47803,0.89,16.88
36341,1.38,7.18
2519,1.12,10.72
45345,4.68,85.0
48794,1.27,27.84
7314,0.91,16.19
31036,1.93,18.8
42691,1.58,10.99
23682,0.28,70.42500000000001
10544,2.04,32.29
11581,0.9,30.62
36949,1.39,19.48
32218,1.29,
45525,1.77,18.22
23466,0.29,16.89
38329,1.08,15.73
46968,1.14,28.55
27614,2.61,
14912,2.57,23.83
10784,1.94,16.3
45803,3.31,36.23
35271,1.89,26.57
26994,0.95,24.76
48068,2.67,17.53
20426,0.91,30.33
10695,2.83,21.74
10864,0.24,11.81
24029,0.9,9.03
26948,1.8,21.99
26059,1.95,28.46
20126,1.69,
22354,3.04,15.29
17369,1.78,26.14
7972,1.25,
40144,2.76,22.55
40884,2.76,31.0
32033,1.29,17.7
19143,0.84,5.67
2562,,24.59
46216,2.7,31.71
28466,0.34,20.21
25634,3.5,12.6
48385,,20.3
7993,0.27,15.02
12321,0.62,34.19
48787,2.06,4.34
6100,8.87,98.34
7698,3.75,18.73
1887,0.67,11.34
24584,1.25,14.62
34760,1.8,20.29
15099,3.47,30.45
24376,2.6,24.5
19632,1.82,13.47
33783,1.37,21.88
33837,1.43,-25.46
44332,1.86,22.9
48180,1.3,27.54
14486,2.5,13.39
44881,1.46,11.29
43562,1.49,27.13
26138,,37.96
31945,3.54,89.57
44831,0.75,24.18
20448,1.97,23.37
36624,1.91,
37663,1.15,26.65
45646,1.63,28.3
46350,0.55,17.78
19209,2.73,18.44
6729,1.04,24.65
8021,1.39,12.15
14699,1.78,
31360,2.83,20.59
9641,1.33,16.71
15118,0.67,12.22
8745,0.57,24.21
23251,1.83,22.63
18596,1.61,6.42
9892,1.28,31.81
22435,1.72,16.23
47833,1.82,13.81
32023,1.19,27.57
43871,3.0,31.0
10693,0.55,17.01
26727,2.01,20.02
10028,1.34,12.46
19835,1.14,27.98
32343,1.53,33.21
5873,2.33,22.14
24809,0.15,17.11
29803,1.67,29.52
23730,2.43,17.0
37032,2.19,80.1
27416,1.46,23.99
38700,2.74,76.49
18604,2.23,31.47
19550,1.46,34.62
25185,2.56,16.37
35941,0.62,30.73
43863,1.5,19.23
30465,2.43,21.5
16607,1.36,19.77
32719,1.21,27.68
13874,2.84,8.66
22977,0.99,29.79
19908,5.67,27.28
8256,1.49,32.11
24884,1.33,17.69
30520,1.45,
43502,1.39,26.56
42977,1.5,22.55
3254,0.81,22.75
48051,0.85,17.8
43903,1.39,24.68
6619,0.93,21.55
28632,1.89,10.73
15310,3.4,77.32
41995,1.88,22.6
3215,1.95,26.32
13712,2.77,8.25
34655,4.17,31.61
34011,0.63,27.56
20429,1.87,21.72
49663,0.51,22.62
38095,1.97,20.45
16353,0.97,33.35
34678,2.88,25.38
18891,1.3,24.99
39186,3.51,20.45
41651,1.68,23.03
33472,2.15,29.04
11280,2.47,77.84
8043,1.8,17.78
34131,,10.75
17403,3.32,17.8
47746,0.81,26.88
40035,2.08,13.12
10897,0.71,28.58
6850,0.67,28.81
44671,2.52,16.13
19327,2.42,24.79
22149,1.57,17.94
20205,3.42,11.35
49324,0.62,12.38
45584,1.78,16.79
41363,1.53,35.45
28,8.99,83.23
36136,1.44,19.44
5523,0.32,21.66
40734,2.84,23.88
1754,2.8,31.02
34465,0.71,22.76
21342,2.07,20.14
49056,3.92,89.06
2785,1.47,23.82
48480,1.79,9.63
46535,3.14,22.16
21320,0.97,
49666,1.9,14.33
27474,0.71,30.1
23922,0.38,27.23
37848,2.22,34.37
28763,2.47,25.67
11924,2.51,31.86
26071,1.53,20.51
43690,2.08,22.67
36773,0.38,17.41
14602,3.86,88.2
47957,1.53,17.66
20373,0.72,25.39
42379,2.83,21.65
44056,5.23,
16500,1.38,15.25
44552,1.33,10.03
4617,0.23,19.92
46854,1.69,13.67
7238,2.87,18.78
44473,2.38,34.34
19634,1.85,21.01
23488,0.92,13.53
15954,3.8,76.85
32941,6.97,89.44
38469,1.87,32.39
4120,2.44,21.04
48287,0.85,13.17
35498,0.71,19.61
17732,0.58,20.16
430,2.53,31.59
14728,2.42,11.88
35646,2.48,26.14
38583,1.59,26.16
32818,2.28,19.51
12793,1.9,8.25
30128,3.5,40.25
8807,1.88,11.72
18426,0.96,18.26
5767,1.63,25.83
7533,1.16,20.74
9215,1.75,24.29
49382,0.67,13.8
33280,0.65,18.15
44909,0.99,21.7
22153,1.63,7.62
49412,1.05,18.51
31868,0.69,17.06
11461,1.86,23.59
1175,2.72,6.73
16238,2.57,3.43
13300,1.86,14.07
47663,0.88,33.22
24725,1.2,23.55
7819,2.81,19.97
13894,2.68,
41193,1.64,16.64
31563,4.91,85.82
28902,1.03,
39713,2.57,16.13
43400,2.06,19.28
45967,1.63,23.42
27345,3.3,24.12
27370,0.53,27.72
8023,2.24,36.86
26722,0.66,28.72
27470,2.67,12.56
7054,1.59,
19371,1.02,
34990,2.12,18.41
19387,1.69,8.44
22517,1.07,37.21
39194,1.19,16.22
32618,0.87,23.03
34537,2.68,95.05
5313,,30.66
5104,1.79,18.85
39273,1.81,15.89
30382,2.51,16.22
41355,0.88,22.74
47363,0.7,37.23
5761,1.33,28.71
43307,0.76,14.63
9353,1.32,25.54
28929,0.96,25.4
9597,0.39,27.57
39141,1.28,27.88
20012,2.63,27.95
39362,1.99,21.81
12585,0.33,21.27
43714,1.5,19.09
1852,2.15,25.1
25550,0.96,27.97
32652,0.51,32.75
27865,1.56,40.68
43358,2.27,0.0
32988,0.95,20.25
35045,1.0,15.1
19001,1.24,12.55
23370,1.21,16.71
20472,1.49,21.81
22072,0.98,22.51
33685,0.96,21.47
5276,0.91,33.19
49923,2.72,30.25
48128,0.98,21.97
3101,1.78,17.53
48572,0.87,29.23
49230,2.0,
11650,1.03,12.63
1479,1.73,17.25
22585,,28.23
19714,1.39,14.67
33254,1.0,7.65
14219,1.29,29.36
8495,0.66,22.0
31555,0.41,17.09
28666,1.91,22.99
26254,0.74,26.15
4479,2.94,34.75
10310,0.7,14.0
31241,1.12,16.49
28117,1.53,18.82
40839,2.38,28.66
34146,1.42,30.1
41755,1.27,17.78
21086,0.83,10.32
712,2.86,22.56
48960,1.4,22.69
38697,1.69,33.92
29709,0.48,15.44
13835,0.93,27.9
8164,0.89,24.49
40411,1.44,12.59
21783,0.31,17.83
32445,1.83,24.13
12207,1.51,31.96
44417,4.57,84.42
508,2.06,14.31
13854,1.2,17.98
1843,2.2,29.12
18585,2.77,76.65
11031,3.96,15.98
18072,1.87,24.56
33359,0.55,20.96
255,1.81,5.37
15598,0.45,
26014,0.95,19.73
43652,1.54,29.6
7667,0.51,20.63
34530,3.22,54.325
12335,1.2,14.66
34428,1.1,17.42
3451,1.22,23.63
16336,1.75,15.23
8105,0.59,21.44
36261,1.02,22.59
45861,0.9,17.25
43692,1.2,12.79
34181,0.84,7.33
44523,0.91,31.17
29396,2.0,24.76
40278,2.83,14.18
9397,0.72,37.54
17193,0.25,16.38
21410,4.8,21.3
24354,0.96,30.14
38130,1.68,27.81
46140,1.82,27.14
34609,1.38,28.24
18138,1.48,27.86
11646,3.81,232.125
25129,0.2,16.19
28599,3.25,21.01
24172,1.04,14.06
10778,1.98,25.54
7906,2.05,5.95
38066,2.96,15.67
5101,1.24,10.05
21647,0.68,25.77
26538,0.95,20.43
24739,1.47,20.26
11724,1.8,15.93
45149,0.79,9.87
587,3.54,30.05
34892,4.01,
27763,1.65,19.07
45906,1.51,28.97
43211,1.47,9.58
32897,3.01,38.09
2136,0.56,20.21
31791,0.76,27.18
27099,2.16,28.47
43130,2.81,22.8
10469,,32.59
10681,0.63,31.39
42171,12.36,32.34
21184,0.36,33.03
40602,0.85,75.34
26240,0.27,31.52
26079,0.94,19.33
34947,1.85,-25.05
22255,3.17,23.24
15331,3.6,10.37
3080,2.22,11.66
21428,0.57,20.51
29710,3.71,16.66
49820,1.92,18.51
45426,2.96,24.51
43995,1.82,33.3
41220,1.17,29.79
12559,0.92,23.73
27584,7.03,72.63
24960,1.69,76.85
47204,7.08,34.06
5757,0.92,26.61
26641,1.84,20.66
30244,0.73,27.03
33709,2.03,11.91
435,0.96,14.42
10288,1.49,6.47
3849,3.02,33.06
14213,0.85,17.08
24219,4.09,24.65
27544,1.13,20.84
37051,0.47,26.86
11653,0.94,32.63
33631,0.61,30.39
11895,3.63,79.69
7732,2.07,18.78
42560,1.54,24.56
15121,0.99,27.36
45214,2.93,20.38
7085,1.14,25.0
30995,0.81,17.97
5909,2.0,26.77
4499,1.98,15.46
37341,2.8,27.14
44655,2.14,27.93
6941,2.04,17.82
1602,,15.54
9253,1.85,10.72
8011,1.4,18.07
15741,9.120000000000001,
12650,2.32,
32861,0.31,20.28
7739,0.25,15.73
3783,2.06,14.89
18893,1.77,
4924,1.61,20.09
48586,2.02,0.96
2959,2.3,27.68
29634,1.8,24.8
10523,1.14,20.54
11275,2.89,28.44
38815,1.87,33.13
19983,0.75,15.56
754,1.96,22.41
12870,0.75,20.15
21455,1.77,7.61
29472,0.26,29.24
33142,2.94,16.85
12142,1.32,20.2
11862,1.37,16.27
6851,1.39,10.68
1848,0.95,3.26
9803,1.8,11.35
8575,3.3,79.21
5488,0.67,30.37
16115,2.52,7.88
35303,1.39,10.99
12560,0.63,30.22
6934,3.03,33.23
47180,2.09,28.34
20619,1.3,20.99
43614,1.05,20.93
39263,0.97,36.88
13758,1.5,15.27
36937,5.24,92.27
2831,0.53,19.64
30215,0.25,25.79
27362,0.41,24.68
44645,2.33,18.28
29289,2.18,22.17
25591,1.07,-18.3
45068,1.47,38.45
19839,1.25,11.31
28701,3.39,74.25
11177,5.96,
39712,4.44,99.51
16858,2.22,23.57
16263,0.58,17.85
26053,0.72,21.71
47936,0.69,20.3
25679,1.13,30.75
17118,1.08,14.45
7053,2.76,18.94
1854,1.71,31.11
25342,0.59,24.65
9220,4.71,89.34
45090,4.92,89.7
46237,1.58,32.11
22315,1.1,15.59
35078,2.49,72.49
32100,1.23,
44999,4.03,31.94
39825,0.73,19.43
31597,1.45,24.31
2432,1.09,25.16
9319,0.8,33.36
14419,0.45,11.87
7478,0.93,25.87
49903,1.09,28.21
38872,1.39,23.45
31327,2.41,15.7
32345,0.69,21.89
18154,2.55,32.89
17462,0.77,18.77
23990,1.64,22.99
32829,,32.88
26584,2.63,9.93
30225,2.13,16.49
11554,0.89,19.41
35028,4.81,26.74
30836,1.53,22.4
37550,1.81,13.61
7686,,23.53
23679,1.88,30.05
22194,2.67,9.74
43226,2.3,19.17
39874,2.62,6.63
43461,0.85,26.06
48546,1.87,18.16
13310,1.06,15.08
29533,0.47,
19936,3.7,28.08
142,1.7,21.89
43704,4.9,
18761,0.34,28.1
17217,0.41,18.99
49354,2.81,16.99
9781,1.12,11.87
20281,2.9,24.19
7084,1.87,19.64
38242,0.86,30.31
2624,1.5,22.86
43087,3.57,82.74
16303,1.45,37.7
11290,1.11,27.84
34734,1.73,15.86
33416,0.59,
33436,1.5,18.74
22052,1.66,17.94
654,1.21,33.82
33571,2.33,28.83
45862,0.31,19.16
20320,0.54,23.59
25434,1.35,23.38
32294,1.85,23.52
13399,0.19,10.94
24839,2.06,
7898,0.41,6.51
25986,0.61,17.1
38727,1.0,8.89
21244,1.75,23.64
12608,3.32,17.25
39346,0.84,11.89
15818,1.63,27.65
42565,2.18,11.74
48824,2.58,25.04
36817,0.62,20.83
25303,0.55,32.45
28907,1.03,19.05
41459,0.97,10.73
47848,1.37,31.5
35697,0.95,31.0
4193,0.8,11.1
23158,1.14,14.12
24820,2.57,28.05
31512,1.21,11.7
37239,0.79,28.52
35453,2.52,26.58
28376,2.08,35.77
43757,2.14,16.51
45904,3.38,27.96
30639,0.39,
27724,2.57,80.66
25556,0.94,23.64
21181,2.18,17.2
32812,1.15,17.63
24329,,
4801,3.12,15.73
31068,3.14,20.38
35834,1.89,6.45
14398,2.44,12.03
35780,0.9,23.37
29965,2.22,22.67
36150,2.46,20.74
36181,1.74,29.46
41702,10.68,18.08
29754,2.26,11.99
9981,1.31,
8600,0.55,16.82
31598,3.3,24.16
24197,2.22,15.58
18901,1.6,10.47
29152,1.45,34.12
21390,1.24,8.53
18104,,83.07
13779,,32.93
13820,0.47,28.82
43955,0.34,37.76
7415,0.99,15.16
35084,1.02,7.81
19853,,
39521,3.56,11.18
11097,0.93,31.88
46244,7.5,4.79
20970,0.81,24.88
35966,1.26,22.88
8004,1.67,15.3
46341,0.77,18.22
46661,0.33,12.83
36705,0.56,29.26
1471,2.14,15.6
40295,6.27,87.0
14672,1.27,27.82
21049,3.71,74.67
32328,1.06,20.05
19788,,29.75
29252,1.48,33.18
24516,1.19,24.45
47121,0.6,15.88
27400,1.07,75.49
36736,10.2,9.95
2720,2.86,17.15
11464,2.92,84.47
42795,0.52,30.54
1509,1.98,28.88
14615,1.21,28.3
22087,1.17,35.22
31628,13.799999999999999,33.9
6522,1.45,13.79
47158,2.35,19.22
21830,1.4,22.01
35702,1.62,19.29
13953,1.35,23.16
46085,2.67,12.49
14560,1.72,24.14
28274,1.67,16.25
31530,1.04,31.42
39097,2.47,30.85
769,1.84,25.87
8903,1.7,15.16
1508,1.06,22.66
10577,2.54,26.74
18680,1.96,35.47
26342,0.77,34.44
24160,1.59,26.51
34479,2.21,27.08
32208,2.98,72.94
3770,0.82,23.47
27547,1.09,19.47
11614,2.63,10.28
31118,1.31,
6205,2.7,29.15
24056,3.45,18.92
31093,1.38,18.18
36027,1.01,14.69
40618,1.92,29.89
40320,0.81,23.2
33687,2.2,16.57
7823,2.28,23.98
41690,3.85,11.17
32216,1.18,31.74
22489,1.71,17.09
13095,3.21,22.0
36287,1.45,
4016,,28.7
29429,2.01,18.51
29531,1.37,36.71
3590,1.55,34.81
15563,3.51,84.95
12740,2.9,
7500,5.96,16.89
17321,2.07,31.61
36480,1.47,12.26
22376,1.76,0.0
10924,3.2,94.55
38016,1.0,29.69
40815,0.79,
46668,6.94,82.71
14551,1.36,73.175
25848,1.28,21.1
15300,0.46,26.57
26939,0.53,19.96
32635,1.42,17.14
9708,1.19,28.49
8853,5.04,16.74
40276,1.08,29.43
16961,0.82,
4086,1.71,35.58
20278,5.05,7.76
20008,0.39,20.88
11000,0.95,4.61
6866,2.01,20.34
22490,3.11,16.33
8010,3.57,92.28
49117,1.52,15.63
46843,1.66,29.33
44983,,3.56
43842,2.02,32.65
15177,2.51,16.69
44857,0.98,24.69
7202,1.93,32.63
32574,3.0,92.92
32881,3.39,27.25
48788,0.87,21.5
44365,1.12,12.82
39728,3.23,1.53
5884,1.99,21.03
41129,0.97,12.65
45413,2.16,16.8
47297,3.68,10.92
22604,3.39,15.33
43522,2.16,38.36
34242,2.04,29.74
7850,2.49,27.28
46461,0.66,28.43
6839,1.27,17.27
28829,2.51,17.75
11213,0.88,20.16
30903,,12.43
48925,0.41,16.36
12433,0.88,31.75
26817,3.75,24.625
23581,0.34,26.15
4976,1.52,13.2
33832,5.66,83.77
25114,0.72,22.98
28531,0.81,36.97
21541,2.52,16.5
28020,3.47,18.72
3352,1.89,25.88
31282,2.0,37.3
5055,1.96,27.31
44161,0.4,14.53
34685,0.58,8.07
8448,1.16,32.6
6570,1.34,21.9
6089,2.16,20.61
36518,0.98,16.13
28016,,29.49
28603,,16.65
1934,28.56,83.97
20295,2.89,69.63
45779,2.25,18.37
26724,1.76,16.49
23565,3.11,
33050,5.31,73.66
20436,1.0,14.07
41795,3.13,20.04
41273,3.94,17.66
24918,5.96,88.28
24836,5.58,83.2
38898,1.14,36.4
23439,1.28,24.0
11216,1.95,26.24
22848,0.77,27.54
15269,1.5,15.44
45725,1.63,21.17
45432,0.35,22.63
10091,0.69,14.41
25974,1.23,19.5
6043,2.13,36.71
14068,0.91,28.82
8802,1.67,20.49
17890,0.18,17.04
29966,1.33,18.53
22210,0.9,19.93
28141,4.79,68.69
28745,1.08,4.02
46641,2.48,32.61
37320,2.61,25.83
23106,,22.57
20588,4.98,18.71
41635,0.46,20.9
49704,3.07,20.72
12855,0.99,14.37
42953,1.73,29.07
34624,2.13,12.76
28303,0.55,22.4
14264,1.07,15.46
1185,1.43,22.9
36275,0.96,24.59
11286,6.33,91.34
13856,3.92,85.31
8112,1.82,29.31
44018,3.09,10.76
2043,0.75,9.72
31085,0.17,16.22
14090,1.89,27.45
37478,2.48,19.58
42175,1.23,7.8
32309,1.51,23.0
29825,0.41,17.98
11972,,11.88
48666,1.36,15.86
22854,1.01,6.96
12599,1.11,25.66
17059,3.26,10.23
41821,1.38,18.31
11051,3.05,19.04
17971,6.11,82.24
33367,1.64,19.08
35447,1.46,20.27
7867,0.85,28.17
3436,1.52,19.0
13349,4.02,23.27
19493,3.25,21.84
20069,0.38,15.12
10566,2.82,8.66
23216,3.92,-85.7
26242,9.120000000000001,22.43
3391,2.8,0.0
43700,0.89,30.04
5528,,26.85
47015,4.11,76.88
20792,2.24,27.72
48198,1.47,22.5
2646,1.19,7.38
45053,1.41,27.34
16527,0.86,17.84
44045,1.9,22.18
29235,0.84,
18767,3.12,18.39
46960,0.51,21.29
13068,2.1,15.64
20455,0.56,14.57
24094,0.88,27.86
24294,4.12,14.06
42243,2.49,27.86
5364,0.88,17.06
15433,1.7,18.08
28404,2.46,36.51
38814,1.42,7.87
32591,0.62,13.61
19989,0.82,23.15
30494,1.5,13.07
45159,6.85,84.45
48914,1.27,42.23
42003,4.17,74.27
33901,2.98,83.12
18119,,22.89
48775,1.55,25.33
21767,2.3,29.44
44696,6.52,91.68
18397,4.12,83.43
27846,1.02,29.11
35806,2.0,23.25
44636,0.65,21.0
49580,5.42,80.69
18887,2.58,19.37
33810,1.76,26.38
28179,1.06,44.81
6975,1.56,20.34
41202,1.5,22.43
17407,0.76,14.61
45197,0.37,10.76
5377,1.55,30.89
33671,1.2,28.58
321,1.99,22.06
43124,0.79,32.0
17842,0.96,22.9
46904,1.57,36.72
31957,1.08,34.33
48887,0.81,23.69
23831,1.8,17.73
18580,2.74,24.61
16187,1.64,19.9
23554,1.43,15.57
37260,2.84,75.52
23389,1.1,38.99
22509,2.59,25.96
42547,2.56,39.21
39897,2.86,13.87
46910,1.77,21.85
31500,12.84,
44354,2.27,6.53
48508,1.07,26.52
38153,0.95,33.26
38830,0.99,17.18
24758,0.45,22.81
18987,8.02,81.8
13901,2.76,18.12
9743,5.22,5.43
23451,1.1,32.55
11337,0.95,22.88
6639,1.53,21.72
28689,,10.47
23539,1.25,27.18
29131,2.67,21.53
21874,1.25,14.93
845,1.05,30.19
31605,0.96,22.82
9707,2.15,22.95
40609,0.41,36.95
4240,1.8,9.22
47706,,21.04
4765,3.45,
11427,0.7,15.5
28822,0.78,20.57
35999,,18.16
1040,4.64,89.01
20913,1.81,36.93
46666,3.78,
4736,1.4,34.98
28279,0.85,38.94
7276,0.1,31.59
10223,1.01,38.18
48066,1.37,38.87
46265,1.1,31.56
20648,3.17,17.01
32870,,16.57
35939,0.27,28.74
8837,0.85,33.32
49264,3.75,14.78
17719,3.93,24.15
2932,1.81,20.74
41168,4.36,37.86
28694,0.29,20.91
20038,0.31,4.86
24105,1.68,24.76
31421,0.24,25.1
44440,1.29,28.04
33704,2.48,20.79
23153,71.03999999999999,90.74
34575,2.28,29.72
49847,0.61,32.65
38188,0.88,20.98
8612,0.85,9.95
13862,2.07,7.25
37997,2.38,
47420,1.74,16.97
4394,2.59,19.86
24888,1.14,17.4
8335,2.72,26.55
1521,2.7,19.91
518,1.37,19.3
30775,0.69,20.36
14392,1.36,14.71
49052,1.71,20.3
39083,2.27,26.66
47768,3.11,18.2
43281,0.97,24.39
37584,2.97,16.71
28608,1.95,28.06
31253,7.48,88.04
31100,1.79,18.73
9782,3.43,20.06
39452,0.9,30.71
9539,2.04,14.13
33433,,81.72
2847,2.66,32.35
6163,1.6,15.69
48426,1.73,16.0
3312,2.32,25.03
40897,3.23,30.02
8121,0.36,12.64
16917,1.88,23.57
16197,0.51,29.05
31259,,15.43
43551,1.88,39.13
24780,1.25,26.92
44118,1.72,20.35
14178,0.07,31.02
43677,2.34,15.99
7734,,32.8
30656,1.13,17.06
30928,1.93,25.67
35074,0.87,15.22
25034,2.95,79.86
19135,3.31,74.45
11373,1.81,10.48
12850,1.79,23.89
27272,8.8,78.35
40406,0.6,16.45
40004,1.36,20.65
25764,2.18,3.42
10021,2.6,22.47
44149,2.75,0.0
2441,1.2,
11486,0.71,33.81
354,1.8,11.3
31426,1.08,26.09
40765,2.19,25.51
7713,2.08,21.54
29370,0.95,21.22
46642,1.14,11.83
14702,1.83,
43480,1.7,17.12
49456,1.78,21.94
32060,0.93,30.21
29030,1.49,17.41
45938,3.71,14.45
2594,0.4,22.29
46696,0.89,15.84
28920,1.68,40.14
18852,3.39,27.72
5820,6.04,86.67
33595,3.64,29.25
2852,2.74,17.12
42225,3.11,32.4
23048,2.54,23.38
28705,1.69,19.32
7826,3.14,31.89
13047,0.8,26.96
28267,3.02,29.65
38889,1.42,19.29
42526,0.5,22.17
34474,1.47,34.77
49401,4.4,27.66
10908,2.48,16.59
21811,1.42,29.12
44072,0.6,
26147,1.25,20.62
37325,0.8,33.28
29305,3.73,17.48
41096,4.6,81.65
12679,4.41,84.66
22806,0.91,
4118,6.26,
16729,1.16,24.79
21039,2.1,77.73
25537,1.26,3.79
49390,,11.04
11353,1.26,19.38
16034,1.4,25.4
30969,1.94,26.65
42193,6.17,83.07
34219,0.59,
41525,2.23,28.39
42999,1.83,27.71
1503,0.57,11.76
33153,2.89,31.59
29263,6.35,100.0
7848,2.8,46.4
24353,10.66,94.22
18286,0.55,20.68
21941,1.75,43.75
33088,1.58,25.92
40454,2.0,22.64
30658,1.58,37.7
16027,2.05,29.81
13219,0.8,21.22
6117,0.98,22.93
17472,0.34,17.78
49622,2.18,28.23
45355,0.61,10.48
44051,,21.88
8753,3.33,22.15
7766,1.72,24.94
7009,1.33,25.96
31924,5.39,94.41
4583,,15.01
14147,0.39,22.33
34481,1.62,24.07
35527,2.11,27.8
48728,2.61,20.73
26645,0.18,34.6
24118,3.09,19.91
25602,0.35,
43958,1.11,27.41
34561,0.73,42.66
29773,1.8,17.27
7962,3.41,41.99
17259,1.39,39.13
2122,0.67,15.88
18183,1.07,29.81
32056,1.46,24.97
48353,4.37,73.1
37082,3.13,39.18
8231,1.48,24.46
14713,0.92,28.89
49398,,18.06
33884,1.08,22.41
1108,0.73,11.59
9658,3.57,26.23
1787,1.14,64.9
22753,1.07,22.24
17375,,33.71
34342,0.63,14.51
18126,1.84,
2098,1.07,13.95
20481,0.63,7.87
31391,2.76,71.77
46647,3.74,10.84
15845,2.14,14.73
15918,1.59,31.39
27176,1.1,24.76
8908,2.74,27.72
37746,0.57,20.57
36819,3.27,28.13
2919,1.1,14.43
8732,0.7,25.43
36689,0.91,28.76
21442,0.45,36.85
17591,3.39,35.71
37013,1.96,23.83
47225,1.56,10.78
21036,3.73,22.32
16955,2.2,10.45
23264,2.71,30.22
25904,4.19,80.6
47813,2.38,32.25
48995,0.29,20.81
45358,1.67,28.42
33666,32.7,82.9
39875,2.08,15.86
10877,1.42,18.59
15673,1.74,19.47
39933,1.96,22.88
8259,1.86,26.27
40459,2.23,22.04
43970,1.85,14.0
6349,1.67,22.92
1551,0.41,33.1
49180,0.96,31.88
2061,0.47,16.22
16205,0.94,30.81
25864,2.01,27.27
15225,1.14,
8179,1.04,23.4
23357,4.07,71.38
27219,1.49,15.16
22466,0.93,29.13
5042,,34.89
8653,6.7,90.48
46420,1.79,28.82
4409,1.99,8.63
33645,1.07,40.47
47367,2.64,13.96
21909,1.58,77.13
17749,,19.86
48184,4.52,70.46
3238,3.31,33.18
2198,0.93,23.26
31835,0.43,
487,2.37,11.94
10250,0.71,8.28
30397,4.16,25.36
44720,2.32,31.71
825,5.06,81.35
38200,1.15,24.64
48249,6.0,88.11
3293,14.22,34.91
15501,1.8,
41268,2.08,9.66
9550,1.99,26.29
42444,1.26,20.77
9058,1.72,23.53
49362,1.22,27.35
7252,0.45,14.33
35772,1.39,9.66
44657,,21.59
7423,1.15,40.63
16407,0.75,21.91
6988,2.49,26.27
28675,1.95,73.86
31252,0.88,12.68
44427,1.38,36.05
48316,1.96,23.07
6267,3.37,11.01
46070,2.36,11.59
48956,1.34,30.99
28942,0.4,25.61
1585,0.6,30.85
6744,3.4,79.38
19524,,24.33
2816,2.88,18.35
34246,2.44,
58,5.89,83.15
32414,0.97,27.27
2135,2.24,25.09
36528,1.26,26.05
15031,8.7,79.72
49066,2.32,25.39
20449,1.67,22.87
43385,1.95,17.02
21418,1.6,18.91
2716,4.35,82.18
26962,1.74,74.52
16463,1.56,12.53
17343,13.02,24.65
1241,2.1,29.56
33521,1.78,
45758,0.87,22.3
22060,1.3,29.58
34140,1.09,25.82
1950,0.75,32.5
8311,1.54,12.05
22208,0.9,19.63
7741,3.82,18.06
35643,1.65,17.08
26613,1.51,17.45
26226,2.25,20.76
10174,2.28,19.39
26250,1.2,12.06
40850,3.29,16.59
25875,2.01,22.05
14993,1.76,30.57
18839,1.52,
5910,0.37,9.07
29411,0.47,20.34
33445,7.95,90.64
17096,2.16,80.86
6303,2.59,9.96
42904,1.45,
17876,2.4,26.36
36281,,17.08
45031,4.29,
17041,3.03,20.5
11218,3.05,32.69
32641,2.69,
17069,2.31,24.29
15368,2.56,19.6
28559,1.51,29.32
37247,1.08,27.69
2121,1.51,14.54
14633,1.55,20.9
30053,0.69,21.74
33509,1.3,10.1
39678,0.61,37.03
45164,0.93,
44275,0.67,19.05
21262,1.19,11.32
25329,1.22,23.13
17155,1.19,
40047,5.11,78.49
44229,3.22,20.7
25735,0.96,13.54
39170,1.99,22.52
39863,2.64,29.98
47518,0.65,17.4
425,1.26,20.93
2645,3.17,20.64
4371,1.82,19.5
6617,0.53,22.4
33349,0.43,22.08
19049,2.5,
39916,1.37,23.71
5189,2.43,20.29
22725,4.33,76.82
39407,0.83,19.73
4951,,22.0
20149,1.97,24.56
34679,0.79,
36581,,22.15
25448,2.45,20.97
40827,1.22,17.84
19045,0.91,2.15
42276,1.12,9.0
42583,1.06,19.24
21922,0.21,27.1
20706,2.38,9.85
48891,1.32,21.08
10199,3.34,14.09
37985,1.76,23.83
5751,9.51,79.3
40039,1.02,21.07
6321,1.73,15.84
49998,1.83,20.83
46133,1.12,15.66
36489,1.82,18.38
6135,2.76,
1691,0.8,36.12
44083,1.82,26.96
8681,1.81,17.17
48478,2.18,25.27
30482,1.36,20.34
48165,0.34,17.52
38046,2.5,
7967,1.73,16.51
24487,1.35,25.04
19649,0.77,31.18
15367,1.28,22.66
14295,0.75,20.3
37167,1.5,39.12
42640,1.85,29.52
25820,2.05,34.19
35623,1.17,24.38
5178,1.43,34.02
40871,1.81,4.04
12822,7.38,81.2
7455,6.27,97.36
8943,0.33,15.68
45882,0.81,30.82
48247,1.92,20.89
3416,3.89,42.175000000000004
41763,0.51,21.22
35730,1.46,13.96
38828,3.26,91.81
35513,0.58,37.65
43634,1.73,34.4
20236,0.77,12.47
1720,0.89,21.95
33634,2.02,27.88
11913,0.92,4.43
27467,0.98,35.72
9747,2.22,22.31
22761,1.19,15.93
1966,4.48,
12494,4.21,10.78
31740,4.68,17.49
45011,2.19,9.27
45376,2.28,19.57
3622,0.76,10.78
33442,3.34,94.44
9018,7.24,82.78
10899,2.23,22.55
567,1.01,
49727,1.09,23.19
3496,0.29,26.22
48763,5.7,83.83
48892,1.14,22.0
40135,0.48,11.77
45465,0.34,18.0
10191,0.53,19.39
38610,1.15,15.82
21702,1.87,13.55
29298,0.7,26.11
17032,2.83,22.78
32087,4.57,97.98
4968,0.71,26.38
39751,2.0,27.49
2449,8.1,94.32
28864,4.3,24.83
6773,1.37,
12541,0.79,29.31
33597,1.85,21.7
25901,2.1,20.98
11900,29.46,
46795,3.53,27.7
3325,0.93,23.18
41574,0.68,23.15
5089,0.43,30.37
16192,0.39,
28772,0.81,
35383,1.8,-25.83
46600,1.31,21.24
3703,5.48,98.27
33298,2.14,5.69
28556,1.94,35.36
20729,0.52,28.41
6871,3.2,8.31
3812,6.300000000000001,27.18
8559,4.17,14.45
8990,2.45,21.5
24273,1.35,5.03
36816,3.19,27.99
34171,2.97,12.5
33838,2.42,30.19
42633,1.78,25.19
40124,1.5,15.0
18674,0.43,22.61
30507,2.39,26.33
33966,1.66,15.34
49512,1.29,10.32
11817,0.5,21.79
16630,1.14,12.12
1238,1.9,8.21
15586,,73.34
41737,1.53,16.77
31190,1.45,24.27
11333,0.47,16.42
34688,1.97,21.72
7401,,25.48
48268,0.66,37.4
77,1.06,34.03
9054,0.93,20.35
34055,6.29,
26832,1.96,24.32
16715,2.77,25.15
3785,0.82,20.33
47061,2.26,28.61
32956,4.07,19.24
36288,1.33,
24526,0.22,15.56
36299,1.35,34.27
38842,1.06,36.79
17142,2.1,11.94
11404,1.6,27.94
2344,,37.93
46601,1.75,26.3
34159,,39.29
25350,0.59,11.66
16419,1.73,32.85
36047,0.68,
16461,2.04,24.87
36703,2.12,20.87
12315,2.07,20.29
5033,2.09,14.19
10090,4.29,
24817,2.7,31.23
28579,1.41,17.34
5880,1.35,16.11
9672,2.5,30.73
6165,1.91,22.17
21010,2.63,17.78
36980,3.9,19.03
28210,4.21,67.43
29347,0.96,19.85
17649,1.03,18.09
1258,2.08,12.64
22966,1.47,1.88
10549,4.56,69.28
46777,0.79,27.99
34107,1.65,11.81
11647,1.05,39.71
48125,0.4,27.44
37752,1.94,27.58
47006,2.1,23.87
16710,2.19,24.15
17483,3.29,6.84
22572,1.71,21.79
48250,2.24,
37005,1.07,
27039,2.02,32.59
29366,1.75,30.52
36911,3.22,21.97
47250,1.06,39.02
5933,2.02,27.09
47345,1.93,23.48
25175,1.08,
19334,1.08,29.31
19640,1.73,87.02
14331,0.78,28.2
18574,2.93,23.9
16094,1.1,26.02
32690,2.0,25.66
13895,1.23,7.59
1079,6.0,74.29
18702,6.45,90.19
31394,1.65,16.03
26413,1.48,21.01
27592,7.66,78.53
36846,2.22,38.87
34328,1.96,19.91
31603,,27.67
7647,1.33,5.23
32286,1.8,31.21
42406,0.93,22.25
4932,1.24,20.19
38807,0.58,20.43
24842,1.13,20.52
41630,2.31,19.42
23768,2.29,14.96
27357,0.66,70.275
22195,0.84,33.67
10465,7.9,76.68
36558,3.21,16.61
38330,1.56,22.34
33967,1.95,17.68
10738,3.39,12.94
14496,,26.39
2210,0.68,24.27
9788,0.74,25.24
3929,5.78,
8128,0.37,21.2
48966,1.56,19.28
38072,1.47,31.37
1029,3.62,37.69
14582,0.89,20.18
3896,0.84,22.07
42539,1.49,23.27
49668,1.64,11.98
38972,2.07,7.42
34317,0.29,26.08
46416,2.38,30.93
29639,0.89,24.98
18993,1.36,17.21
26473,1.13,25.56
36837,0.89,23.54
12659,2.46,
13427,1.05,20.57
21611,1.02,25.18
2860,0.68,20.17
37199,2.91,23.36
24308,2.67,20.97
40834,2.33,32.25
29395,2.9,3.15
496,0.98,38.38
30653,0.94,16.54
16627,2.66,35.49
17642,3.71,31.18
3981,,25.32
10755,0.77,
10783,1.78,7.56
30617,3.71,74.16
46865,0.92,16.71
20537,1.26,26.81
2658,1.29,27.98
23340,1.82,16.26
44923,0.91,16.5
42774,1.62,28.23
46923,1.78,19.27
23675,1.22,11.21
32786,4.97,95.78
33082,1.97,23.16
42013,0.81,16.5
21740,2.88,12.99
31481,1.25,11.42
30281,3.27,81.29
27731,,21.37
37568,2.17,23.92
19626,1.49,
42769,0.95,22.78
49735,3.42,31.12
26607,3.38,8.43
40313,1.79,33.24
26675,2.03,30.5
5006,1.7,16.62
11792,4.74,25.29
17516,0.54,31.62
19870,2.94,17.13
15373,4.46,83.88
6586,0.51,24.66
11834,0.55,22.47
17363,2.94,13.02
39940,4.75,16.13
46550,0.78,19.45
34213,1.53,16.81
35063,1.23,22.8
11062,1.69,9.18
29900,0.79,26.55
15398,1.72,28.85
5627,1.62,28.91
40648,1.02,22.01
14448,1.62,40.17
5855,1.99,29.89
30111,1.0,17.54
46895,2.96,22.9
25905,0.67,14.55
15275,2.41,19.87
24246,3.46,20.86
34294,1.28,18.68
17386,0.47,17.58
48682,3.09,32.01
39052,1.38,45.48
42286,2.18,20.67
36200,1.85,32.86
39995,,26.17
2819,,9.94
45428,0.68,16.25
40572,5.35,85.96
5382,1.6,17.29
43142,1.39,23.49
48722,0.19,18.02
14225,0.49,29.19
27196,2.38,15.8
5947,1.13,
24667,1.07,23.31
48067,0.44,14.1
48939,3.77,13.73
39944,5.46,73.67
28075,1.68,34.97
35644,4.18,22.82
21033,1.81,23.74
10505,1.33,25.86
30876,3.55,100.0
38120,1.96,20.02
7134,0.63,
24155,2.02,20.4
3465,,14.52
45564,0.55,31.44
38300,2.53,
21793,5.15,76.05
4258,2.94,37.94
36179,1.18,24.35
29627,3.01,11.81
18529,0.09,0.0
25293,2.36,5.06
47279,2.61,24.39
1291,1.41,21.42
21480,0.86,16.35
14505,,77.1
24316,1.59,15.3
40201,2.08,
25990,2.33,15.93
7568,1.79,20.08
12890,3.42,73.77
18906,3.96,82.59
7669,,
14118,2.69,11.24
31649,2.46,6.23
38468,0.93,5.77
8432,0.96,25.35
11749,4.09,13.58
35615,2.82,22.67
1346,0.39,35.7
44739,0.25,14.02
29101,3.95,77.82
36312,5.9,81.36
22239,2.0,24.6
22618,2.59,33.61
51,0.85,
44472,2.2,11.28
24916,2.11,17.1
13599,1.98,29.47
2375,3.45,76.04
47492,1.69,15.58
23480,4.45,25.02
38552,,20.74
19357,0.85,21.33
27897,1.26,34.01
46179,1.95,15.59
43348,1.24,11.63
6069,0.46,19.74
35760,2.5,25.29
25689,1.23,13.37
23530,1.32,11.79
16313,1.36,18.08
25236,1.97,23.31
35599,3.58,20.96
21212,1.78,11.43
6712,0.49,9.16
42091,1.77,16.78
21787,1.89,27.73
27077,1.36,14.58
26280,1.46,25.51
40232,6.9,29.81
3756,0.18,26.47
27093,1.86,21.55
14957,2.14,31.91
45575,2.13,26.93
48538,,25.06
10115,4.58,83.02
17875,3.17,24.85
12506,2.74,24.96
42078,2.54,25.26
16632,1.64,-36.74
33131,0.18,10.13
32123,6.14,66.78
38456,1.44,28.04
45171,0.58,23.61
20306,0.74,13.55
5941,0.39,19.22
18616,,23.93
11708,3.69,
47216,1.53,15.9
40399,,21.4
13420,5.18,84.73
42348,0.96,34.93
18089,4.3,10.48
20680,,20.43
46107,2.59,15.72
36613,1.44,84.51
14587,4.23,18.57
46260,,8.45
37735,4.25,23.01
28638,1.23,11.69
42288,2.88,20.57
4975,1.28,20.29
48138,1.35,24.13
17031,2.12,17.55
45520,1.11,18.99
13248,1.19,10.07
12204,1.58,32.46
25461,1.32,31.44
10296,1.07,21.13
33717,1.95,26.02
30021,1.37,30.73
45569,2.36,26.41
35199,1.81,22.22
49243,0.85,21.42
16995,1.64,30.38
42333,2.13,33.7
38826,0.29,15.4
497,0.98,30.35
18690,0.81,26.0
22932,4.88,79.85
2533,1.14,25.47
24112,0.78,26.28
3481,2.79,33.44
33437,0.79,19.63
18949,2.36,31.01
28167,,9.23
42291,,24.51
43066,1.47,32.76
17030,1.97,31.2
5906,1.01,12.75
19562,2.06,89.11
24900,0.42,18.75
40693,3.71,22.05
20621,1.31,5.01
670,0.65,18.13
29267,1.11,13.93
49829,1.38,8.58
26975,1.7,23.28
17872,3.75,35.4
16958,0.42,32.1
42807,5.05,74.58
45857,0.66,17.04
27805,1.31,20.51
15706,2.44,22.53
8778,,24.9
36894,1.4,21.47
24849,5.77,77.6
3596,0.87,21.74
1559,2.39,8.02
7621,1.44,19.81
6665,3.27,26.16
47477,,23.44
8144,1.83,2.45
10684,0.39,7.52
20035,1.57,21.549999999999997
6234,2.91,31.69
38306,2.86,24.1
11693,1.3,27.11
40889,0.94,32.41
27739,3.76,19.43
26159,10.379999999999999,34.16
9793,1.03,26.31
6860,2.83,40.68
37152,2.09,35.11
17895,0.64,18.42
1138,0.57,20.97
463,1.07,16.13
43550,3.16,19.38
43949,1.27,6.01
35436,1.68,26.85
43603,2.35,20.28
14164,0.82,34.38
11491,1.89,20.68
20880,2.58,26.03
22610,1.97,21.31
5604,2.87,27.13
27978,2.21,
19023,2.54,21.42
47178,2.39,19.39
22467,1.55,
39923,0.79,22.31
2765,1.52,8.12
34032,3.57,25.92
40875,0.91,25.9
3389,,32.59
1718,1.74,13.26
48542,2.0,26.77
7430,1.83,43.68
36311,1.41,8.06
21657,1.37,
10692,1.63,20.7
16460,0.85,32.46
44569,0.32,17.07
25793,2.61,20.85
29297,0.79,30.82
10919,2.54,35.72
35216,4.69,23.65
32680,0.83,25.19
21688,2.57,19.2
24936,2.89,23.17
3546,2.12,28.26
18917,1.75,21.28
27513,1.96,
23402,0.68,24.21
9110,2.36,
605,4.43,80.05
20,1.92,18.22
45628,,29.06
32168,2.04,17.49
20337,0.9,15.42
36192,,4.92
24878,1.2,28.84
40469,5.58,24.78
39470,1.17,33.87
20294,1.56,18.27
30519,1.4,95.77
23145,0.51,26.72
27148,1.4,
42218,5.12,74.96
11020,1.51,36.47
40854,1.48,21.0
18446,3.24,17.26
21446,1.14,30.14
26536,,18.71
25496,2.22,22.8
18362,0.59,28.94
49006,1.95,22.72
36409,3.21,26.18
26777,5.34,76.26
36479,1.26,22.49
5113,2.81,82.18
30123,0.55,30.7
32008,1.02,24.74
27243,1.45,27.76
32566,1.06,13.28
33932,1.43,9.66
37429,3.13,15.48
6317,2.44,
3848,6.64,86.56
18253,2.07,22.71
7524,0.69,18.77
7414,1.03,
34569,0.3,8.94
6494,1.65,26.42
9746,2.55,23.46
10636,2.0,13.77
36329,0.77,
4665,1.62,10.3
25106,3.35,25.44
25317,2.8,27.99
17594,6.99,78.37
1853,,21.69
38345,1.81,20.97
8332,,36.6
1140,1.45,16.1
7284,0.52,19.4
32219,0.51,16.55
43297,6.7,86.13
439,1.08,
22069,0.32,28.44
15608,2.15,17.23
29356,1.84,33.89
8829,1.75,20.24
30241,0.33,18.71
36125,0.92,21.39
13056,1.22,14.84
38726,1.16,28.64
13082,0.72,17.27
40833,2.63,27.64
44603,1.08,22.47
32798,3.12,12.07
2726,1.71,21.33
21183,,19.21
24524,6.12,14.65
32908,1.0,28.94
43610,1.02,11.28
19943,2.78,20.87
16505,1.53,24.85
9486,0.58,28.71
23691,2.33,72.94
20914,0.95,13.21
16654,1.72,21.1
12807,1.87,77.14
14547,0.63,41.04
16376,0.39,24.2
36255,1.92,14.3
10198,1.58,20.47
41142,1.62,30.86
40880,3.01,24.78
18886,1.6,16.54
37598,1.4,
13523,3.07,19.29
46156,0.86,6.31
4637,2.07,22.28
46595,0.91,14.03
35710,2.54,17.71
28109,1.42,20.08
23358,1.72,31.14
4701,4.74,30.0
19343,3.6,23.53
26837,2.47,27.61
1442,0.55,37.29
23431,1.37,11.63
18551,0.87,34.32
251,2.66,24.63
32843,1.31,24.76
29068,7.32,14.08
5606,1.45,30.01
28621,,20.26
37577,0.88,14.51
28844,1.58,25.71
34122,0.94,32.84
49767,2.09,16.71
2281,1.13,22.95
16271,2.07,21.62
368,0.69,5.42
7068,3.55,85.41
35041,1.09,23.36
16588,1.98,15.42
12190,1.92,30.21
14008,0.76,19.16
48364,2.45,30.66
37597,1.02,21.31
30162,1.1,26.26
8195,5.52,74.2
23792,0.86,11.94
44917,1.08,21.37
6295,0.9,36.68
15988,1.33,23.38
24719,1.18,26.11
41211,2.8,27.95
25599,1.46,17.06
46589,1.43,
4891,0.56,27.17
20975,0.13,30.61
46032,1.7,28.06
16254,2.88,25.14
31928,2.34,6.68
16642,2.5,20.17
44097,1.21,34.88
17189,3.2,26.18
24532,1.27,23.06
21680,2.93,13.19
27348,1.73,22.91
22954,1.82,33.06
37495,3.39,
25512,1.16,21.77
17062,1.54,17.64
2015,2.35,27.48
49934,0.33,31.92
45652,1.76,6.21
10272,1.57,
3240,0.49,29.12
6974,2.27,31.12
14015,0.68,19.85
42613,4.75,94.57
20322,4.47,77.79
818,3.69,17.34
13288,3.01,26.34
43482,8.04,81.05
47424,2.77,81.48
28216,,83.4
24530,2.34,14.95
871,0.73,21.54
12534,1.1,25.4
1160,,16.55
35098,2.02,28.26
44835,2.22,22.39
35455,1.55,17.18
33269,1.79,22.63
40931,0.74,14.32
37580,2.26,27.02
11979,1.55,10.79
13541,,15.6
49660,0.69,12.96
4581,0.26,14.06
29362,3.79,92.16
46543,0.64,42.71
42759,0.4,33.04
1795,0.62,25.22
40421,1.35,21.53
11678,5.62,
20270,5.96,
31671,1.17,23.14
26012,1.93,27.46
39358,0.92,12.41
6422,0.88,26.84
1195,1.63,21.4
29259,0.49,21.98
45274,2.05,39.075
41271,2.34,5.27
6844,2.14,19.84
33630,1.57,17.26
15968,1.1,7.3
16725,4.01,83.2
42394,1.86,25.45
47305,1.32,23.35
21635,2.06,13.17
35628,,18.85
7376,1.86,21.88
25566,1.13,22.44
29664,3.35,23.3
45183,5.37,89.87
18092,1.79,20.83
8828,,30.38
13306,2.59,27.03
14472,,35.96
1336,1.19,21.03
30185,1.67,12.99
12671,1.62,16.45
2175,1.97,26.78
31009,4.08,88.97
31146,0.97,6.55
49851,2.11,20.9
40705,2.05,29.55
43608,0.73,29.16
48560,0.97,17.4
36302,1.17,12.9
21469,1.3,15.18
40033,1.69,18.34
13631,2.84,16.43
8513,1.13,1.24
34786,2.43,16.79
26139,1.52,
9072,2.19,
31814,0.86,19.27
24382,1.56,
48063,0.42,29.84
29331,4.51,25.29
40513,2.99,18.25
9911,0.87,29.75
47927,2.22,34.37
40959,2.51,20.82
41955,1.59,11.83
16180,1.78,10.76
12818,0.83,15.95
23029,2.74,29.02
26638,2.61,13.09
23468,4.87,16.63
49818,2.24,24.09
29007,0.75,25.03
15168,2.53,
25882,1.18,21.59
33534,1.19,18.95
31185,2.11,23.7
362,3.63,84.51
49427,1.54,22.83
39620,2.14,10.6
22601,0.94,16.16
27374,0.34,23.53
37227,1.1,20.11
39184,2.18,32.8
27308,0.43,15.45
997,3.57,
36093,1.82,25.93
8194,2.29,93.68
32651,0.6,17.3
19435,2.51,16.28
26752,2.36,20.34
40999,,20.39
11626,2.25,78.88
45143,1.19,23.57
34105,0.23,11.96
9074,3.84,
10039,3.7800000000000002,20.29
1535,1.02,27.16
43669,0.57,30.84
44393,0.34,9.73
17643,2.17,27.45
12421,1.68,
47571,2.32,4.69
23101,8.29,79.0
3639,1.47,19.23
44641,0.65,-31.59
10271,3.43,4.18
43854,0.3,-31.34
14816,1.45,15.58
37965,2.09,31.93
6099,1.33,10.32
48612,0.9,18.31
36957,5.97,87.05
48313,0.66,27.17
8670,3.82,34.01
46988,3.12,13.2
15735,0.83,29.44
4031,2.81,29.25
33770,0.87,29.23
22862,0.38,21.29
44882,1.8,16.38
47043,3.69,37.23
12333,2.44,19.56
38466,1.46,
3385,2.45,27.33
26620,2.74,76.82
18033,2.17,30.06
48451,0.93,31.8
19723,1.51,31.92
15409,0.76,24.76
48839,0.17,25.11
44953,1.19,20.25
12770,0.68,24.97
15899,1.77,24.04
13810,0.59,23.59
9857,5.56,
26995,1.54,
48647,3.61,24.69
2157,1.9,20.57
48916,2.18,
20985,1.37,30.93
45007,0.43,21.31
36757,1.67,9.0
18521,1.78,18.29
4610,2.54,15.41
5126,3.68,20.32
2893,3.72,8.49
8051,2.82,19.91
45359,3.22,22.45
39029,0.38,29.21
49436,,12.46
32193,1.32,11.76
28982,1.52,16.09
16596,1.82,14.41
44326,1.14,25.37
3378,0.88,19.62
7374,4.36,
36882,1.32,29.42
35631,4.07,15.89
9778,0.5,17.17
602,1.5,23.4
33872,1.64,35.83
29879,0.99,23.44
10575,0.72,14.99
44428,2.48,28.07
46348,1.09,0.0
5705,0.94,21.78
13957,2.73,20.8
46309,,22.55
30561,2.54,20.67
6030,,29.09
9795,3.51,74.15
24853,1.57,17.2
25777,1.59,30.71
32585,4.16,88.82
30722,1.81,21.04
46872,2.23,14.56
11154,0.55,18.78
18198,1.65,18.53
39177,2.01,29.79
49328,1.82,25.32
49444,0.84,11.67
29625,4.47,88.64
43984,3.12,28.84
28679,0.59,31.48
24680,0.81,10.79
33245,1.24,21.94
40038,3.88,78.95
13191,2.75,93.49
3998,5.35,73.01
15715,1.43,36.56
35549,1.13,34.39
41266,1.21,12.92
15634,0.91,20.92
35003,1.94,26.24
10493,0.69,21.2
22116,0.22,33.69
6140,5.41,79.74
5797,1.51,32.63
10402,5.05,26.59
18687,1.68,8.24
2387,1.24,11.08
45207,0.81,19.57
34025,0.98,30.74
29417,3.69,27.32
43091,1.55,24.15
20501,1.32,21.32
39434,1.88,28.59
28696,1.41,24.43
32016,2.64,37.14
31713,3.02,33.67
341,5.39,90.37
13583,0.28,15.13
45565,2.23,16.57
5614,1.18,24.69
45843,0.15,24.76
44430,0.84,18.86
9296,1.47,27.75
6899,,32.32
45084,2.32,33.85
49927,0.89,25.16
6162,1.79,12.41
10728,0.65,20.09
13025,0.79,24.78
6887,0.63,21.07
23409,4.38,90.4
39237,0.95,17.67
21166,1.67,21.31
3984,0.78,19.19
9313,0.5,23.59
46369,0.71,22.95
29359,1.03,32.45
18932,1.36,8.48
22093,0.83,26.91
23014,4.74,19.1
44550,0.19,20.69
22268,5.09,85.37
17923,1.46,34.59
40048,5.07,90.34
13822,0.45,28.41
10719,1.84,17.69
10010,2.9,28.95
20788,0.77,22.67
14275,2.69,0.43
27237,1.03,24.0
35743,6.42,94.54
17718,0.23,28.13
12552,1.78,32.81
32368,1.07,22.15
16909,1.82,11.67
7484,5.96,82.08
43114,3.71,18.22
32097,0.46,25.72
48923,1.57,24.42
37307,0.81,17.09
40576,1.41,31.09
12756,7.24,90.47
7731,2.42,21.63
5729,1.65,21.99
45050,0.36,2.47
16055,1.49,24.81
5139,1.04,28.47
8117,5.94,
40525,4.01,33.43
20028,1.39,19.11
39453,1.22,36.1
7552,1.63,21.4
21997,0.38,18.11
11470,1.18,20.28
10267,0.52,20.64
49731,3.2,36.31
28284,1.11,14.94
46873,1.54,29.9
27155,1.75,1.56
31898,3.85,94.94
41713,1.66,37.36
31400,1.05,17.22
37290,3.37,31.25
47195,2.25,16.6
36572,2.57,25.21
5634,0.96,18.58
6284,1.93,22.3
32556,1.55,
42525,,19.95
6399,3.37,
46307,2.53,89.89
43716,0.85,25.94
937,6.62,37.61
29863,3.19,18.39
31811,2.64,33.04
10707,1.74,12.0
18148,2.35,26.68
24223,0.97,13.78
31044,1.77,23.22
41210,0.99,36.08
32283,1.2,23.45
34039,0.64,24.85
24683,2.55,13.44
19956,0.84,43.68
28943,1.9,19.76
44111,1.63,23.92
14085,5.98,88.3
17844,2.14,12.35
16621,1.57,25.74
682,2.35,9.62
16464,0.93,15.19
9560,6.36,14.18
7936,0.83,34.58
167,2.4,22.19
36720,1.79,
1892,1.42,88.97
90,3.72,83.26
40695,2.08,40.55
30406,2.07,30.75
815,3.97,80.89
583,32.160000000000004,16.64
18469,1.58,96.57
2099,,28.07
9849,3.89,22.77
26207,1.83,12.98
29536,1.88,15.62
17930,1.63,
6753,1.4,20.26
42240,1.0,
25295,,30.7
405,1.13,5.58
23167,4.43,76.82
13827,1.72,0.0
16195,3.5,91.3
12388,4.52,67.825
12110,1.86,19.19
35891,3.11,77.62
47937,13.200000000000001,16.95
5952,1.04,20.74
41669,2.53,
46884,3.09,0.5
597,4.76,26.55
3212,4.07,80.17
34305,4.74,30.2
6756,2.11,18.02
7551,,30.47
28957,1.17,18.18
40034,1.74,23.28
34762,2.61,16.1
9958,1.7,12.64
23209,1.64,11.5
15973,3.07,26.74
21083,1.75,23.11
44911,0.53,33.38
15414,1.41,26.18
254,3.11,10.15
16146,0.58,19.2
29835,2.23,9.06
17999,1.72,16.07
17471,0.86,21.45
23732,0.66,28.25
6990,2.76,34.06
18242,3.04,24.38
45013,3.0,28.27
22227,4.49,15.07
24721,0.73,30.43
11769,2.3,-20.19
14985,1.23,33.28
32503,1.42,16.99
35242,2.36,18.38
29226,3.62,
47122,2.56,17.31
49138,7.0,86.01
30357,1.46,24.15
37981,5.5200000000000005,5.69
3033,3.13,26.61
49866,0.87,25.49
46580,0.39,18.4
22739,1.77,26.64
33948,3.5,25.28
30843,3.11,23.11
33150,0.54,15.66
47740,0.9,26.0
40407,3.97,29.03
15151,0.97,9.39
545,3.72,27.35
24495,0.99,21.89
44499,6.33,76.96
36208,3.99,
21724,0.41,17.29
39638,4.89,22.78
6550,2.55,
17442,1.69,14.41
27020,,31.0
45319,0.58,20.14
44584,0.9,23.27
3006,1.29,21.93
23889,0.74,22.79
3154,0.71,4.95
9009,1.71,28.45
19603,1.75,27.71
4547,1.92,28.25
17296,2.67,18.95
42289,1.21,27.12
41776,1.22,37.15
14600,0.75,23.87
44886,2.62,16.11
2750,2.62,16.09
15689,2.18,80.76
1631,,
19356,2.5,21.59
34166,1.87,20.76
19436,0.62,28.94
4325,2.27,13.64
28749,0.58,22.54
6004,1.54,27.23
28496,2.42,9.44
36042,0.4,
30555,1.96,24.36
28541,0.82,31.5
23219,1.68,85.69
27330,1.66,26.72
22836,1.46,24.3
46352,1.14,27.03
995,1.15,18.72
215,0.9,-30.5
13265,1.62,18.32
40246,0.34,16.92
37028,1.16,81.12
42839,0.94,19.82
4768,0.54,25.59
4101,1.88,19.4
28819,4.04,27.49
2294,1.26,18.69
28823,,27.29
46165,,14.55
17248,2.25,30.39
6463,2.13,23.17
3554,,22.4
28278,0.8,23.47
17836,0.64,24.7
42019,1.35,24.02
41028,1.65,18.85
22003,3.43,23.82
41867,2.71,17.81
22100,0.68,21.86
42865,10.53,92.98
15846,3.26,9.52
19515,0.92,
1567,0.71,19.42
17381,3.25,28.17
22624,0.91,27.88
37876,3.06,40.69
41760,2.22,33.63
31127,1.68,26.73
15878,1.99,10.37
3158,0.56,25.5
16130,1.0,11.36
36113,2.23,15.53
14911,1.27,24.28
27773,2.82,10.79
20297,4.38,79.75
7235,2.73,24.07
9894,0.51,20.81
17362,1.23,28.04
12965,1.72,11.23
47879,6.85,79.72
6008,1.18,24.47
21107,1.45,12.13
11449,0.9,25.32
29686,,14.53
46718,2.47,22.29
22941,0.66,27.31
16657,0.72,34.7
43823,1.52,22.83
2052,2.36,29.89
27822,1.98,9.35
46751,1.94,15.8
30062,3.11,13.18
33538,0.47,12.58
39408,5.36,91.52
22512,2.22,
34780,1.89,
36779,0.87,17.95
48183,,
32325,0.75,25.32
30763,1.25,12.51
30877,1.45,17.14
24789,4.34,81.94
3587,4.01,95.51
12393,0.66,21.59
48637,3.9,91.58
19803,1.64,4.77
22895,0.68,18.22
30375,2.32,24.15
31084,0.28,21.52
11935,1.14,20.66
28033,1.54,19.01
39103,1.93,16.08
45976,2.8,7.78
1663,2.22,14.2
21011,2.38,30.49
46678,2.96,12.73
16301,2.41,26.98
11904,7.76,84.8
31175,3.22,21.92
27415,1.66,23.22
873,1.63,11.67
17655,1.09,33.29
13179,1.75,13.3
42991,0.46,32.71
15837,0.51,16.85
43861,0.47,17.81
18611,1.79,17.46
15359,1.96,19.57
30399,3.78,76.26
44762,2.58,25.86
30249,0.98,28.62
1126,2.13,33.47
38240,2.12,30.43
31046,0.83,23.71
42901,1.2,20.16
48421,0.82,14.37
38985,1.1,8.27
47435,2.44,22.01
17467,1.21,25.73
7673,2.44,12.29
45623,1.49,26.92
30924,1.01,20.49
15636,2.06,17.52
46258,2.26,8.12
4727,3.25,87.99
28697,0.73,17.46
47832,0.12,37.15
45815,0.42,26.81
38003,2.29,31.77
36310,0.65,4.73
46209,1.12,31.26
291,4.28,90.82
35523,0.55,14.42
28346,0.76,31.54
23615,4.71,31.94
42929,3.42,83.11
18174,1.51,21.23
27268,1.27,18.15
617,0.21,14.46
17815,1.62,27.25
12285,3.52,66.68
38303,6.47,76.58
48512,1.68,13.42
23047,1.31,32.22
37218,2.19,27.18
8028,2.22,4.55
41773,,26.64
23695,1.5,34.88
39722,,31.22
47894,3.26,14.42
20887,2.99,8.02
29463,5.2,22.53
34384,1.26,11.19
33653,1.3,46.7
19043,0.71,16.53
30400,1.77,29.46
4318,1.73,
9241,1.96,50.25
16987,0.44,
44349,1.24,16.24
48926,2.39,22.92
12706,0.16,14.93
37024,0.61,11.22
34016,3.32,4.21
45522,0.97,22.48
27576,5.1,19.56
28146,1.96,23.31
39517,1.58,6.56
49197,0.62,32.73
16865,0.96,25.44
28080,2.24,17.74
8752,0.45,19.36
26487,1.03,
40997,1.06,28.38
23648,0.27,27.02
32256,2.12,19.74
4997,2.14,19.3
45030,2.53,29.72
4928,1.42,14.95
25827,0.58,10.46
28734,12.600000000000001,19.29
46279,2.24,24.85
6604,0.16,27.53
13183,2.45,39.81
4756,4.68,86.75
26568,4.55,83.3
21246,1.15,
32686,1.8,21.02
20551,1.62,25.59
18165,1.65,0.0
20528,0.18,29.83
7122,0.76,20.54
10319,2.01,35.05
34521,0.89,20.95
44719,3.26,29.38
12551,0.86,16.92
26077,1.36,20.44
38779,4.72,34.08
1645,2.46,29.92
6725,1.06,21.52
41230,4.1,0.0
19881,2.28,20.53
44577,2.01,7.18
9151,1.54,18.03
44980,1.01,14.96
14289,1.28,24.95
30671,0.57,31.43
7958,2.17,21.85
42206,1.45,31.62
16395,1.55,18.8
6180,3.51,13.98
8937,1.72,30.25
23010,0.98,20.68
8580,1.66,
17955,1.96,19.44
43885,6.83,74.52
45596,3.33,76.52
25650,4.01,19.02
38590,2.14,16.49
41746,1.4,27.63
40719,2.12,31.22
20312,1.81,10.88
15129,1.84,23.75
11966,0.16,19.41
40376,2.61,24.79
46291,0.67,21.93
28441,1.85,20.34
36029,5.82,82.69
37358,3.21,33.6
8309,1.68,36.1
16178,3.86,91.09
44444,1.98,8.49
14543,1.18,
4843,0.75,17.07
4977,5.14,29.39
13053,6.85,23.46
33801,3.86,72.58
27388,3.54,13.34
49166,0.25,23.11
5026,1.85,30.96
28155,2.03,24.34
3475,2.99,15.35
37543,2.7,22.32
24881,22.740000000000002,7.94
37795,1.96,14.96
20499,4.52,100.0
6706,1.73,18.8
31583,1.44,19.37
39278,1.16,21.13
31743,1.32,39.65
49424,2.11,30.74
3079,0.56,13.1
36838,1.58,18.75
28428,2.0,26.76
41221,1.6,18.58
13146,1.57,26.31
49608,1.83,25.42
24333,1.97,22.55
34244,7.02,92.52
49653,2.38,29.75
15758,0.74,43.324999999999996
12274,3.72,12.51
36202,1.83,13.56
26429,1.79,31.27
40923,1.32,14.53
47617,0.23,13.4
22801,1.11,6.96
8644,0.4,27.65
578,2.56,12.42
6805,0.97,-26.9
40702,,20.53
15947,1.04,27.32
38662,1.75,23.75
280,2.17,28.07
46768,5.02,94.85
28168,0.7,
41164,0.66,
16412,1.03,26.86
19172,1.32,11.7
27050,1.63,14.55
39601,1.37,18.31
358,2.54,21.05
18651,5.82,19.69
21839,2.85,83.85
21382,1.04,15.74
28084,0.85,26.13
27359,1.15,35.3
4978,0.9,25.38
13129,2.2,38.26
38117,1.2,23.05
44123,0.67,22.42
22869,4.19,73.62
44616,2.03,28.84
9608,0.84,27.51
6329,0.3,23.15
38087,1.53,21.26
14778,0.68,22.93
3576,1.22,14.44
48471,2.48,32.42
23955,1.77,25.01
20513,,25.34
4130,1.7,23.8
30718,1.33,23.84
39070,,31.01
25147,0.66,10.92
17633,0.57,
25281,4.17,81.58
41652,4.7,71.91
40188,1.3,22.61
19533,3.97,99.44
14137,0.8,21.52
32121,1.16,21.72
16671,1.77,15.05
45615,4.0200000000000005,19.02
23703,1.1,17.54
43707,2.28,72.52
41016,2.19,13.17
9639,2.27,14.65
4107,0.72,10.51
47625,3.78,69.01
176,2.54,24.94
38212,1.29,19.11
24144,2.05,86.65
2134,4.09,34.83
34260,2.41,27.16
38076,5.28,96.45
5235,1.97,82.44
31277,0.77,37.37
30604,2.57,22.71
4178,4.18,
8357,1.86,23.86
16682,1.59,12.61
48257,2.17,37.67
40749,0.78,20.82
11754,1.28,14.47
33171,3.37,93.18
43300,1.43,13.12
40097,2.05,-14.7
49675,0.92,20.08
32148,1.73,32.32
6545,2.69,29.8
6876,1.57,26.13
3601,0.72,13.45
27081,3.77,81.18
2016,3.67,32.55
9754,4.4,14.71
23804,1.02,29.07
26742,1.04,37.28
1683,1.97,20.36
5509,2.35,26.53
15756,5.75,64.57
22454,1.04,
44515,0.23,20.33
27844,0.7,13.42
44345,3.4,27.95
37666,2.49,19.1
44791,2.56,30.81
1713,2.79,32.17
21357,0.32,18.73
43843,7.21,-22.08
8782,0.42,26.83
43025,1.1,26.98
32609,1.08,14.87
8191,1.61,12.08
26612,5.37,24.07
10154,2.68,23.84
28926,0.37,20.57
42344,0.79,31.94
8921,1.41,20.46
23242,2.08,6.69
47470,1.68,15.45
34912,1.68,30.69
49297,3.28,23.35
18692,3.87,22.23
4255,1.14,8.03
4393,0.88,27.14
46505,0.87,18.95
37768,4.38,17.46
22055,1.91,17.73
9359,0.84,29.87
49837,1.54,22.46
47252,2.56,14.34
27646,1.4,29.4
6916,1.82,24.43
3009,0.88,19.55
41115,1.56,18.88
27522,2.52,20.27
37887,0.75,18.62
26507,1.62,24.88
8788,0.59,16.03
3814,3.58,6.94
43340,0.26,14.09
32701,0.76,17.47
41330,5.97,84.99
41940,1.17,26.88
9450,1.62,
11105,2.35,30.92
19538,6.91,69.55
20776,3.25,10.91
5929,1.71,16.06
28841,0.88,18.47
5198,1.56,26.34
20718,2.21,28.29
12300,2.25,22.23
48896,2.78,22.88
14287,2.07,24.56
39570,1.32,33.94
38355,,83.99
18510,0.62,19.39
43537,0.97,14.15
47543,1.54,18.55
37489,1.22,76.53
26036,2.02,48.25
29853,1.33,17.22
11350,1.12,11.12
29699,1.44,31.47
4148,1.56,17.85
22330,1.19,9.46
26169,2.39,32.21
28563,0.78,32.95
29398,,90.81
45335,1.98,27.59
15695,2.46,21.72
28199,0.64,31.59
15798,3.17,28.54
46964,0.78,18.12
35619,1.4,22.78
24023,0.63,21.08
1628,7.18,83.74
22311,,25.08
21202,2.04,23.1
28115,1.83,35.94
13080,0.79,
127,0.22,29.53
17099,1.9,
46061,0.8,32.45
29975,1.89,15.78
35297,1.96,27.53
48187,2.49,20.42
4488,1.18,10.08
35477,0.65,30.16
31486,0.76,24.35
8070,1.37,21.56
46767,1.64,22.24
13136,3.82,87.92
33421,0.33,25.64
15420,1.88,
18099,,17.4
24965,4.37,77.63
19645,3.73,21.7
27385,0.57,31.26
40614,1.28,11.68
26567,0.85,23.44
42166,2.93,31.76
23123,0.46,
26717,0.97,14.25
39461,2.23,24.53
39076,1.5,28.47
31532,0.35,15.36
11197,2.77,21.08
36010,4.4,86.74
49716,1.85,16.96
11506,1.31,28.81
27946,1.29,13.2
22634,3.2,18.15
13661,0.4,16.92
43489,2.61,
27372,0.86,11.05
9585,0.68,23.57
25951,11.7,18.02
37007,3.33,33.98
17735,2.04,24.38
17245,1.79,20.87
8963,5.09,77.61
34197,3.07,76.65
28336,1.51,11.36
27942,0.47,24.92
20415,1.93,15.26
9334,1.72,23.7
7812,5.63,81.02
5540,1.15,11.63
11439,,20.92
11784,3.61,70.15
23486,,3.84
49121,1.53,18.66
25674,2.3,19.31
25872,1.5,27.61
31509,2.25,7.41
9635,0.88,21.94
1267,0.57,26.35
2038,1.92,-15.43
31790,2.67,30.77
15614,3.73,33.55
6940,0.92,34.21
33133,3.64,87.03
24860,0.72,27.74
43278,0.35,5.89
22578,0.45,9.96
32506,0.33,35.22
40165,4.1,20.5
15044,0.73,22.39
36908,0.58,33.9
3011,0.71,15.16
20319,1.05,24.25
31171,,26.08
46775,1.42,16.63
21289,1.56,15.97
8976,3.52,84.7
23964,1.92,23.24
10962,1.22,20.0
21933,1.04,13.67
37668,3.51,98.68
43125,2.17,
31103,3.15,22.33
47496,2.36,29.16
39795,2.53,23.28
45241,0.94,34.28
48376,2.79,20.93
16795,0.36,9.12
31089,0.58,23.56
49426,1.18,19.36
32042,0.72,18.34
20097,1.71,21.12
16256,3.76,23.79
24010,1.45,26.01
35822,7.88,67.66
15060,2.13,24.9
14570,0.63,21.27
38340,2.27,24.13
44575,1.74,28.19
26204,2.01,14.34
45484,0.5,26.07
7435,2.43,22.15
45219,1.26,
21182,2.09,10.17
43590,0.95,10.45
42601,6.28,70.57
40969,1.74,17.98
11630,7.12,82.3
16576,1.32,34.26
44218,1.51,35.0
14979,0.88,
23535,1.26,18.56
39796,8.09,79.52
8209,1.98,36.97
36715,2.84,26.98
28720,1.54,25.79
6566,1.99,21.96
13365,2.72,22.1
10268,2.04,13.6
14451,1.57,28.7
28432,2.02,27.24
30314,1.91,18.48
7144,1.65,21.8
4561,,6.91
13688,2.11,69.61
39906,1.03,42.69
25688,1.49,28.58
47246,1.3,
15864,4.05,88.33
7549,1.06,41.07
18645,1.32,21.0
36834,1.2,34.4
15515,1.27,5.99
749,2.96,
31642,1.72,32.48
4912,2.96,
12126,1.7,21.67
14023,2.53,31.19
29774,2.33,18.08
26592,0.99,19.0
33669,3.1,
8679,4.19,22.33
18716,3.5,25.59
4920,2.42,10.26
15026,,16.33
20365,1.57,29.92
27545,1.47,22.0
34402,1.87,16.78
18579,0.57,18.3
29276,1.11,16.77
1661,1.9,
35438,1.65,27.0
3146,3.37,3.68
17148,2.65,19.1
39384,0.81,28.52
11866,1.17,29.02
20595,0.69,3.51
43330,2.54,38.03
14593,0.98,20.25
25706,0.89,31.85
49909,1.59,25.57
15644,2.95,82.5
41195,0.65,19.72
38020,1.01,21.79
34221,1.45,0.79
17065,6.5,77.06
24939,4.92,18.11
20754,,29.22
37185,1.65,39.35
24198,6.24,27.43
11134,7.58,71.25
41006,2.45,
32636,2.08,8.91
45014,,91.35
21771,1.19,20.84
47608,1.23,13.91
75,1.56,22.67
36434,4.62,93.3
27699,0.72,28.39
22575,1.01,17.72
40864,1.15,27.77
15100,1.21,18.43
30900,1.13,32.02
27071,0.71,20.87
17897,3.62,78.78
24995,2.21,100.0
23641,0.92,11.56
29509,1.16,
18358,2.23,28.87
48256,0.67,24.33
28105,1.37,11.81
17256,1.62,24.06
1550,3.76,2.84
14894,1.61,14.64
44630,1.58,32.69
34972,1.23,13.71
11838,3.6,67.06
6540,1.25,9.78
27431,1.17,26.23
36360,0.65,14.19
41592,1.84,15.13
10754,,26.13
38909,0.49,10.59
9381,2.11,13.41
29887,2.01,29.55
30131,0.24,32.46
47988,1.48,26.37
46322,2.62,27.45
41808,0.95,15.89
28295,1.29,26.1
42246,1.83,16.43
12040,1.1,24.25
45118,4.1,95.83
19867,1.35,20.15
8258,0.57,24.31
17728,0.85,22.31
1168,2.9,34.61
31219,2.22,25.29
20968,3.45,96.34
26252,1.74,37.97
23346,2.31,23.12
14648,2.15,29.32
38034,1.29,21.61
7712,0.66,
15762,0.86,15.66
38497,0.82,18.33
37390,2.48,16.98
13301,2.07,27.0
6416,6.49,82.78
43822,3.24,16.65
1511,0.85,9.02
42089,3.3,11.79
15108,1.07,18.45
45553,3.15,8.74
11989,3.09,7.57
39421,1.3,18.86
24851,1.15,15.24
3505,0.35,27.72
13145,2.42,86.26
30429,2.58,5.94
7439,1.12,6.33
19247,0.77,30.4
25437,1.09,21.24
49946,1.56,16.67
48515,0.4,23.79
17305,2.55,22.81
11828,0.81,19.76
17819,1.38,34.87
36646,0.99,27.06
31944,1.86,25.29
19733,0.01,21.18
4735,1.68,19.78
45470,3.17,21.67
40888,2.96,26.04
34455,2.6,16.56
12431,2.67,19.58
41480,4.83,78.68
39125,1.7,25.13
45738,1.58,32.89
42780,1.3,24.09
25493,1.3,21.66
14262,2.04,
17657,3.15,27.96
8234,2.0,16.33
46019,0.33,10.17
47437,1.54,9.83
15842,0.63,32.76
46662,1.83,30.11
3440,1.27,12.73
16021,1.71,29.48
18236,3.79,87.01
17813,2.18,20.43
7623,0.89,22.05
10765,1.54,15.86
40377,2.25,
14115,1.04,32.34
3790,0.62,25.71
1156,2.84,15.68
43263,0.79,39.05
45572,8.01,88.55
48092,2.2,11.48
36284,0.81,102.75
43004,1.73,41.85
31418,1.47,22.85
44185,2.85,23.94
8235,1.89,10.48
26546,3.68,17.02
31129,2.23,
15449,0.84,28.275000000000002
25160,1.1,9.54
36222,2.19,30.55
16357,4.57,93.35
43224,4.72,86.25
4140,0.71,29.24
246,,2.79
43318,1.34,26.3
49484,0.56,15.76
25748,0.77,30.29
22102,3.58,13.88
43667,0.57,22.44
10596,2.75,20.05
21458,2.17,24.22
12962,2.78,27.09
5267,1.1,18.45
28752,3.11,84.65
17238,0.48,26.53
41937,2.33,
528,0.71,24.41
38077,1.37,24.24
18920,1.2,19.32
29580,,25.0
32647,2.04,24.16
37518,0.45,27.1
41382,0.73,17.71
26930,2.56,19.62
29574,0.54,25.46
3581,0.63,-15.17
32146,2.11,13.91
19984,0.88,17.86
19153,0.93,14.69
2758,1.43,18.29
29845,3.17,100.0
46546,2.21,35.45
9668,2.53,
17958,,17.3
41973,0.62,17.7
35525,,22.2
40966,0.6,24.82
39878,1.75,26.91
18637,3.2,85.08
41691,3.83,72.81
15266,2.03,19.28
29248,1.46,2.26
17714,0.99,21.22
32401,1.11,93.28
38447,1.26,16.52
45396,1.99,17.42
33557,,14.69
3991,2.42,45.54
47698,2.78,16.18
41117,1.72,26.22
2241,2.36,29.29
24229,2.65,17.59
15667,2.52,3.98
23300,1.28,75.85
42928,2.13,21.55
3279,2.66,16.46
48241,1.27,11.23
25231,1.52,15.97
17117,1.47,12.79
45996,3.76,32.16
36416,0.54,23.86
437,1.36,20.79
35351,2.84,16.88
26191,0.63,21.87
1209,2.55,29.56
26082,8.0,81.6
2915,0.93,29.51
34518,1.77,9.45
37415,0.71,
40214,1.03,10.93
41799,0.44,25.21
24766,,70.41
31021,2.75,79.1
5803,1.64,16.65
10468,0.46,30.2
4722,1.81,24.49
38623,0.43,26.96
5072,2.58,
1543,0.65,19.06
31061,3.81,25.39
7111,0.65,18.41
34891,3.47,94.55
29861,2.06,21.06
42936,2.4,21.32
27906,1.78,77.30000000000001
20460,1.64,18.67
20254,2.38,
30054,2.87,25.4
31286,2.15,19.69
25548,0.57,20.03
10285,,
13221,0.51,34.53
30108,1.84,10.32
34250,2.57,11.69
20001,8.08,75.4
25053,0.22,24.93
28838,3.06,70.55
16496,2.2,26.06
17632,4.65,16.93
45134,1.33,25.68
38407,0.98,30.08
10769,2.08,22.53
49984,2.08,25.52
46824,3.28,26.03
9591,0.89,15.18
40954,1.78,18.47
25054,5.05,26.17
5631,1.0,23.21
10023,1.28,8.48
9865,5.74,80.39
25098,2.18,16.94
24786,5.2,85.88
49207,0.85,28.84
42820,0.95,26.64
39394,0.4,23.23
1272,3.37,99.1
5689,0.72,12.86
37326,2.49,18.75
30355,0.99,24.48
11139,1.03,39.88
32130,2.72,13.11
47280,2.34,28.24
2463,0.67,13.87
11347,1.25,12.15
43932,0.22,17.69
2863,1.5,14.55
9931,0.16,28.97
17421,3.19,19.3
25666,1.89,36.72
10432,1.32,14.92
44350,2.27,21.32
33759,1.1,13.79
24129,4.33,
15446,4.8,85.72
34288,2.01,21.22
35221,3.22,94.89
5746,2.99,90.41
44778,0.72,10.35
4956,1.44,14.56
13481,2.83,22.7
7025,1.45,26.66
46008,2.58,30.39
1493,1.1,16.49
46078,5.05,81.19
2046,2.56,29.37
42167,1.28,17.02
5361,0.59,20.85
32779,6.22,-41.35
26846,1.9,12.54
6748,0.51,24.06
47145,,26.45
7575,1.2,24.86
9882,0.31,35.14
26942,2.61,19.57
42578,1.57,22.8
37376,2.07,25.67
15,1.31,19.99
31228,0.93,28.65
20625,3.09,19.63
7225,1.8,71.25
45981,2.46,12.6
3502,5.34,21.9
2565,0.56,11.27
14956,2.2,
32452,1.81,18.36
35298,,32.43
6074,6.07,75.68
36024,1.52,16.93
30385,1.29,33.62
23089,3.22,15.11
5158,3.03,23.95
41659,1.05,21.39
20454,1.15,13.08
11758,1.82,19.57
3432,0.76,10.2
17169,1.68,23.82
14475,3.09,95.6
13483,1.38,29.14
5311,2.97,96.92
40094,0.93,27.92
28286,2.2,
18870,0.79,11.32
29989,1.22,27.2
15387,1.46,18.21
38243,3.11,
5144,,16.86
33561,3.21,
10570,0.8,15.26
17524,1.22,28.02
677,1.84,15.32
19711,1.29,38.64
25477,3.16,20.89
29881,2.96,27.85
17650,1.77,20.74
33686,,83.35
921,1.43,13.71
40731,0.85,21.31
36926,0.98,15.94
24544,1.11,4.05
6492,1.77,4.43
10886,2.82,15.28
36988,2.44,24.86
30217,0.91,29.1
28444,3.23,23.24
22805,1.28,13.5
12006,0.91,21.12
41260,1.86,15.91
43928,1.38,16.19
49447,2.18,18.1
4590,2.06,21.5
4073,1.34,23.32
27157,16.32,22.26
7384,,18.25
5396,1.99,14.25
27704,1.53,27.15
2371,0.77,29.21
4320,6.42,79.2
43847,1.96,16.94
36508,0.93,23.62
18695,1.39,32.11
41938,1.49,22.96
23118,,19.86
8984,0.48,31.97
48733,0.67,29.94
19425,4.58,77.44
32989,0.58,9.33
20606,5.07,75.05
47055,1.56,25.76
9677,1.5,21.25
48202,0.96,18.38
20026,0.79,70.675
1564,1.46,25.33
29859,1.71,80.72
47572,3.36,19.86
48730,0.51,13.92
39903,1.36,23.58
15642,1.12,23.93
13092,3.83,30.84
23192,2.39,17.41
20561,2.66,26.15
41047,1.41,17.11
35362,0.66,16.96
29014,2.18,25.93
16952,2.85,19.9
22713,0.89,24.33
14925,7.87,86.76
47962,2.9,18.56
46193,2.41,22.98
47084,2.39,83.38
33344,1.9,19.61
45293,0.71,19.77
34201,1.34,16.63
36714,1.6,19.2
10832,1.96,34.38
3178,1.0,21.91
19289,0.98,14.09
9731,0.98,18.86
18420,1.18,19.37
17379,1.5,20.53
19520,4.64,20.46
40340,3.36,18.8
13804,2.18,5.37
21854,0.48,22.54
11608,2.26,27.85
27171,0.89,13.62
11779,0.69,19.57
36576,0.92,24.17
13643,1.37,9.81
11807,2.48,18.38
19096,1.41,6.43
44714,2.0,4.01
31717,1.09,28.68
42302,4.53,22.79
14250,3.15,19.81
35458,,7.7
42328,0.86,35.96
45578,0.99,28.3
18722,2.86,27.22
24032,4.4,14.82
5048,4.01,100.0
36473,1.13,19.39
30083,2.89,14.95
23454,2.02,17.82
47629,2.02,22.36
11564,1.09,6.6
17222,0.19,12.51
7860,1.66,15.56
25264,3.05,15.87
38029,,
47815,2.23,7.91
47352,0.48,26.99
7975,1.77,10.81
10333,3.73,26.86
4269,0.51,23.75
18729,3.18,86.37
30904,1.23,20.4
40104,2.34,3.1
8905,1.09,27.98
33727,2.39,70.28
4693,3.72,71.05
21958,0.61,32.07
13396,0.67,0.0
42180,0.87,19.73
43419,3.45,21.23
41761,0.46,18.9
18977,2.21,25.61
12386,4.98,81.93
47667,3.03,94.56
43422,0.63,31.86
43796,0.72,18.28
6381,1.77,19.52
37609,3.03,13.67
5164,2.21,23.37
18967,1.19,22.48
32580,3.62,20.51
27341,3.85,22.87
43723,0.21,28.33
32549,3.57,5.5
3869,0.8,
49780,5.68,
13417,1.12,7.84
18714,2.36,23.9
9306,11.100000000000001,23.06
6478,1.73,21.32
26559,1.31,6.48
46228,2.03,13.59
4266,1.69,23.31
36684,4.51,21.85
11265,0.74,20.41
49974,2.36,12.77
38612,0.99,19.43
39794,5.17,79.04
14467,2.32,
28153,0.64,13.53
36726,2.88,15.29
37614,0.72,15.83
15533,0.92,
20224,5.96,70.55
25480,1.06,13.32
28826,1.34,16.61
49351,1.56,20.09
9813,1.62,24.35
13868,0.57,29.54
12981,1.24,8.66
6103,1.24,18.89
27819,0.76,16.54
43076,0.74,27.57
17863,3.73,73.1
2457,0.84,10.56
41132,1.01,12.98
17604,1.06,33.14
32114,1.47,36.82
34994,0.84,14.37
49736,2.96,62.42
30484,1.3,30.08
45994,1.28,24.15
3875,5.28,97.56
18805,0.97,35.91
31704,2.05,
8185,1.09,15.32
42194,,20.7
44329,1.15,18.19
17215,1.11,28.15
15505,2.39,18.44
15981,1.41,14.52
3521,4.34,28.91
380,2.19,26.0
32527,0.37,32.25
3445,6.28,70.52
6171,2.82,27.56
32617,2.09,22.15
35159,3.01,-8.38
14567,1.01,31.47
15211,0.51,24.42
38605,2.69,20.34
14773,1.15,36.1
45163,1.93,14.77
4846,1.81,13.4
32034,0.77,21.74
28063,0.39,38.51
40565,2.65,17.87
15264,2.18,8.51
1687,1.35,19.94
29242,2.53,11.55
4885,0.78,
1064,1.14,24.07
29403,3.13,36.48
42802,1.64,
44884,0.06,
47333,3.31,12.97
39552,1.86,30.44
33233,2.42,20.41
2790,0.9,17.3
7023,1.85,15.97
22678,3.47,31.01
400,2.37,20.73
44128,1.74,22.4
10046,1.72,25.01
12073,2.09,22.66
14821,1.58,31.61
27787,,26.75
42757,2.11,36.15
30603,3.28,92.23
39727,2.75,77.97
28221,2.22,23.78
15428,1.49,25.57
11334,2.39,81.7
512,2.78,
824,0.69,26.61
28337,2.04,31.02
2727,1.2,36.49
46993,1.67,14.36
24244,0.49,20.64
19028,1.04,22.73
25260,3.57,87.96
13776,4.31,100.0
8912,0.62,10.48
29160,2.95,19.93
42844,1.53,
36282,0.57,5.29
48039,0.76,24.02
864,,27.28
44144,,23.11
46437,,33.28
36005,1.1,29.45
30758,1.95,26.19
212,1.94,29.92
32026,1.34,17.43
36501,1.24,-35.19
44034,,24.38
38351,1.89,23.73
48503,4.11,82.66
8714,1.18,19.83
17456,1.99,13.02
3022,0.79,15.32
3574,1.35,31.63
6509,0.77,23.39
23351,0.98,25.42
4302,3.05,37.67
43262,0.84,17.37
4648,4.13,85.73
5363,1.09,16.08
41469,,79.24
9006,1.2,19.94
4505,0.23,14.97
4418,3.01,18.06
48036,,34.25
43279,2.43,30.56
24685,1.92,20.39
44727,3.88,84.98
27642,1.51,35.98
4856,0.38,15.59
8841,2.58,21.03
5840,0.35,18.52
26629,2.53,22.92
46912,0.64,14.96
9303,0.81,15.91
17646,2.69,11.98
13603,0.79,6.06
33176,1.17,21.99
16849,0.86,38.19
34321,0.83,10.45
39050,3.07,22.82
11926,2.92,29.35
49169,5.39,67.88
37678,3.24,32.39
14061,0.86,17.43
7026,1.0,21.97
33740,1.65,20.96
2800,3.2,21.57
23391,1.54,27.18
6799,0.7,10.4
6514,1.06,18.43
4008,5.34,36.7
47760,0.98,10.68
36118,0.82,19.89
6050,0.17,26.18
43322,0.95,37.52
15995,1.38,10.28
44205,1.13,11.68
34061,2.08,21.07
44281,2.24,19.19
34970,0.35,18.35
25509,,72.39
8886,0.9,24.31
1157,0.85,27.12
35526,1.52,25.11
745,0.33,15.75
12001,7.48,86.76
42909,0.6,24.95
26871,1.28,17.5
48897,0.82,7.56
19419,0.36,22.67
19721,2.45,17.39
46608,1.22,24.5
18731,1.28,25.36
37004,6.03,79.81
40497,2.72,82.95
27406,0.84,27.4
35647,1.66,
25267,2.32,21.43
39146,1.34,20.78
18261,1.4,38.02
28519,1.94,18.38
20517,3.71,77.34
42544,2.05,24.38
8792,3.1,28.21
44356,2.84,19.79
5493,2.87,3.21
19545,2.11,33.27
26789,2.55,33.9
43908,2.87,85.41
30587,0.8,23.03
48989,1.23,10.26
35379,6.74,77.87
24005,0.69,9.4
15154,2.26,18.01
16341,2.42,23.85
8783,1.37,22.23
15041,3.2,11.62
12576,4.85,93.72
2515,1.7,80.76
37524,1.54,7.05
23923,1.89,30.25
33792,2.23,27.46
12595,2.74,23.79
3059,2.16,23.38
38030,,19.08
24760,1.89,14.64
13378,4.14,76.4
40244,,28.32
20611,1.0,20.85
9362,2.04,23.11
14449,2.92,24.05
16814,2.85,22.76
45776,0.61,19.08
160,1.53,10.22
26958,1.74,30.2
33003,0.72,37.97
11391,3.14,31.46
16975,1.14,20.06
35608,0.65,11.58
25854,1.11,19.33
387,1.84,20.2
27473,1.45,0.0
31697,2.7,21.78
26176,1.9,20.11
18054,2.02,22.99
37591,0.8,13.91
7472,1.39,12.02
21254,,22.52
37181,5.18,81.32
5291,1.35,39.61
13268,1.58,9.74
45838,2.16,15.26
44681,0.54,13.76
29599,1.98,17.91
29744,1.63,37.22
45986,1.02,71.9
2205,1.93,24.38
48934,2.43,9.1
11472,1.13,17.43
45212,1.96,30.69
36652,0.78,16.88
3515,1.24,28.79
40161,0.85,27.05
26094,1.51,25.2
48237,3.47,18.14
2324,3.06,28.14
6532,0.58,31.5
15096,1.93,27.22
35625,0.51,21.93
6573,0.74,
32761,0.83,26.81
24058,5.74,97.99
12124,2.04,25.42
9168,3.14,24.49
6362,1.28,18.84
41453,0.82,76.63
20724,5.22,70.34
16538,0.54,16.06
22291,0.95,22.94
46025,3.46,15.63
39471,1.32,14.33
34614,1.51,24.06
18073,2.37,15.39
1800,6.6,79.74
30266,0.86,18.97
11013,1.25,
40968,1.93,17.67
8791,1.5,27.28
35482,2.82,29.57
21542,2.87,10.26
27912,0.63,20.63
31468,,3.18
16872,0.68,22.49
22751,6.74,93.39
8809,0.25,29.1
3534,1.06,16.64
33061,4.24,81.27
37321,3.3,15.54
19727,1.7,13.51
20639,3.54,74.87
16255,1.39,18.24
5535,1.86,11.91
40229,0.61,21.02
31396,3.09,72.04
25859,1.94,25.14
19574,1.87,24.62
8591,5.77,79.75
7000,1.09,13.2
12081,1.92,78.93
6178,0.73,25.04
7598,5.33,92.44
25026,0.82,20.77
26271,1.14,27.85
13714,4.21,22.55
1566,2.7,80.68
23599,2.21,12.03
10391,1.46,20.14
29589,1.12,36.49
46065,0.95,18.61
36120,3.67,20.03
7266,3.28,43.52
30010,1.44,
4288,2.0,10.33
35399,1.53,13.69
40257,0.47,26.93
20523,1.36,20.82
18777,1.65,28.3
16665,0.88,14.46
38070,2.59,24.16
40546,0.62,25.13
33312,1.45,16.82
24950,2.92,25.89
5346,4.46,
26317,0.79,23.31
30050,2.92,
6569,0.77,26.86
155,0.61,28.85
11137,4.11,15.26
33278,1.83,22.17
40154,0.67,18.74
45913,1.53,12.73
20375,2.77,81.53
22850,1.11,24.72
34859,2.64,24.1
3828,1.46,
11536,3.95,14.93
32857,5.63,86.56
7419,5.83,13.55
33640,,27.09
35290,4.33,30.61
20843,0.6,24.94
22026,1.29,15.83
43353,1.13,14.65
3912,1.41,16.87
20704,1.3,23.39
32927,2.06,23.28
641,1.52,
23759,1.8,27.7
18,1.53,10.89
2349,2.81,23.37
40786,0.62,28.81
28088,10.27,78.67
47408,1.68,21.4
46469,1.13,14.88
19827,1.88,11.59
13668,4.12,74.47
21906,1.18,27.17
6435,6.75,86.67
16065,,26.29
43352,,23.2
12092,1.02,18.09
27719,0.74,8.68
19384,0.39,22.06
27293,0.95,13.09
36888,0.74,22.88
521,2.57,23.26
21810,0.67,24.05
19732,,24.07
27191,17.04,25.0
24297,4.11,
29979,3.09,22.33
11023,2.11,19.61
3409,1.41,19.9
46545,0.46,21.2
12149,2.07,28.26
48122,0.87,4.47
38884,3.59,22.44
11690,2.23,20.65
6124,0.79,7.94
33058,4.04,26.24
33077,2.05,24.78
41029,5.34,100.0
19115,4.81,
1219,,18.84
5891,,24.31
42845,1.46,30.72
26531,1.24,18.72
38999,5.49,86.36
23095,,29.53
14192,0.2,18.28
27501,2.12,27.76
19491,1.2,23.95
23915,3.01,20.89
13975,2.09,26.52
44901,0.61,
36586,0.45,17.81
2773,1.91,15.38
10520,1.18,23.63
31351,1.87,26.05
41391,3.43,32.75
30299,4.11,19.4
14580,0.62,7.05
21967,2.38,15.26
8979,,27.27
22427,1.7,13.37
46975,5.99,73.97
36461,1.46,15.51
45059,1.69,35.03
14438,1.32,20.46
32738,1.1,45.45
17029,0.6,20.85
10522,0.67,26.27
17781,0.88,23.13
16188,1.0,18.23
37701,2.06,22.6
11931,0.64,32.69
44821,1.17,4.6
40026,1.05,40.33
34516,0.59,9.79
25837,2.62,19.38
10550,3.4,89.52
23687,0.74,29.86
37960,,28.69
35061,,33.85
8565,2.39,25.81
21515,3.2,24.59
9632,0.18,21.55
4720,1.82,17.08
5505,1.59,31.16
21213,3.91,24.33
20872,2.11,17.63
23962,0.76,24.05
29142,2.57,11.41
21169,1.87,28.16
87,2.33,
29892,1.24,22.35
8380,1.5,27.62
38312,1.56,22.71
44957,1.49,12.31
43593,3.15,90.88
49801,0.72,30.99
49673,3.44,12.7
25729,0.84,14.62
30198,1.77,19.97
25279,1.04,14.36
32622,0.87,19.07
12575,1.81,26.41
4341,0.64,24.41
6668,1.26,
28184,0.5,25.59
15528,0.74,19.16
40570,5.37,80.39
3823,2.04,17.85
28281,1.78,24.68
13602,2.38,30.64
34319,2.03,19.26
3691,1.08,28.46
9093,1.72,9.9
10070,1.68,20.62
13436,2.99,15.28
30264,1.5,16.5
14784,0.61,15.34
7490,1.41,
37225,0.77,29.2
22543,,30.3
23965,,31.31
21295,0.93,13.56
43643,2.41,21.77
10298,1.73,
30818,1.39,3.43
21006,0.89,26.15
1967,2.16,12.0
32083,0.98,25.41
38900,0.92,16.73
23580,,26.76
2934,1.32,16.75
25797,0.54,19.65
26024,1.36,
32587,2.58,27.17
28767,1.02,22.62
9315,0.16,26.04
10389,1.81,29.98
1063,2.02,25.69
15933,1.78,32.02
16833,1.67,10.16
49156,4.44,
10865,0.7,24.02
9642,0.73,23.69
40351,1.06,28.02
45080,0.42,28.84
38260,3.41,17.72
10687,1.22,18.72
26475,0.93,10.16
26647,0.69,16.06
903,0.57,20.42
11836,2.05,28.7
24708,,27.2
12058,1.19,31.24
11489,2.4,83.42
33124,0.48,27.92
5756,3.58,32.44
5186,0.81,13.2
41359,2.35,35.27
1584,2.58,21.72
16675,0.88,33.28
38800,0.65,28.49
10006,0.51,8.7
20086,1.61,18.91
9068,0.71,0.0
920,3.27,20.68
24997,1.85,18.58
15529,6.19,93.38
1548,1.16,0.0
13232,2.13,12.49
26415,2.19,17.24
16366,1.57,16.13
33498,1.32,16.84
5166,1.47,26.59
40837,1.43,16.93
31403,1.14,23.92
23365,0.99,28.82
48837,1.79,8.11
9198,3.83,20.77
18662,3.2,17.95
18938,1.04,9.37
21305,1.46,10.42
10564,2.2,14.89
41718,0.56,23.33
3617,1.11,8.65
23303,0.65,18.52
14664,0.79,28.52
29424,,28.98
30498,0.33,21.31
49741,1.49,33.64
28672,2.03,20.49
32292,1.95,19.39
36551,1.28,9.55
17798,0.82,22.68
33414,0.91,23.22
41584,1.58,10.62
173,1.14,16.14
24291,2.9,82.51
22246,1.9,21.61
23274,3.59,26.59
24772,0.93,26.94
49293,2.1,17.72
3035,0.88,30.11
37691,4.22,84.68
38255,3.31,44.57
2476,2.33,34.35
21476,1.31,24.22
20701,4.5,85.9
45955,1.98,19.2
22468,0.89,11.71
5618,1.74,17.05
1823,3.5,18.64
14067,1.47,13.54
41422,2.73,30.13
2891,1.17,14.14
32450,1.87,22.23
1256,2.78,17.62
39760,1.09,34.38
8603,1.56,28.63
41675,3.47,
46009,2.93,37.28
37282,2.2,15.69
26470,0.98,9.93
9696,1.34,21.31
19462,0.61,15.2
8236,1.73,32.5
38491,1.22,21.35
4577,3.08,24.12
5133,1.64,
10479,,27.11
40922,1.02,22.18
39457,,
5766,1.94,11.46
48781,,24.82
38352,1.18,26.61
30674,2.47,23.24
12903,1.27,16.2
25285,0.63,24.4
29155,1.31,23.44
2200,5.48,97.85
109,2.26,24.96
17661,0.82,25.88
39853,2.03,29.09
13524,1.95,20.24
41874,2.06,
18064,0.61,24.35
31192,2.2,12.6
31943,1.52,23.34
7302,,18.49
21072,1.37,
5317,2.44,23.4
39065,3.26,15.71
33221,1.59,27.47
37781,1.01,6.98
45281,3.02,
7269,2.79,16.77
42038,0.76,17.74
31406,0.69,13.76
39736,0.63,15.55
39297,0.92,18.81
5851,,18.86
16289,2.19,90.86
49083,1.16,
42422,1.94,24.44
8855,4.19,18.4
14818,5.93,89.74
31609,0.98,31.4
3704,4.07,10.72
46414,1.6,29.29
28054,3.18,90.26
26694,0.77,17.15
36158,0.26,24.17
8539,1.4,38.5
46625,1.88,21.36
17824,2.5,40.07
32061,1.51,23.94
15365,2.71,28.0
38667,,26.74
11316,1.19,
47277,1.09,24.3
32805,5.08,75.18
47102,1.66,17.97
6769,1.61,27.89
27687,2.3,26.83
27454,1.28,6.07
38657,2.47,22.52
32934,1.97,20.02
38850,2.55,19.52
48413,0.94,52.800000000000004
39225,,20.78
8030,0.93,22.4
21117,1.97,22.3
42337,0.71,
15970,2.9,26.66
24008,0.42,34.02
22514,0.99,14.06
46770,2.53,6.62
8532,2.77,31.88
47811,1.41,22.71
558,4.87,93.45
27260,1.58,13.0
17892,3.54,33.1
14004,1.49,26.63
22755,0.68,10.35
41424,2.15,
1616,2.3,60.53
28357,8.02,67.9
33609,0.68,25.91
10219,0.94,3.28
45496,1.62,19.72
1828,0.82,13.58
2942,1.29,27.37
42787,0.9,21.34
40647,2.34,
9487,0.3,19.38
35534,1.46,35.42
15170,2.98,16.56
20640,2.2,40.73
41033,1.42,21.32
29051,0.7,25.22
19990,2.51,27.5
20576,0.51,15.77
30196,0.57,21.22
5061,1.25,16.23
41251,1.1,16.44
44228,5.63,79.6
45414,1.47,23.13
25553,1.28,17.68
29537,2.1,18.29
26115,1.11,25.62
40738,1.66,17.77
31057,0.37,15.19
23172,2.12,27.12
47433,1.74,43.39
41548,1.83,31.57
48686,3.8,22.05
43602,1.27,21.83
44005,1.62,15.92
34841,1.15,21.55
26492,0.44,6.01
37796,,11.92
9004,1.65,34.76
13384,1.79,25.14
19852,0.11,27.54
9402,0.92,20.83
6996,,21.2
43653,1.41,26.38
30930,1.41,28.04
42044,4.5,19.35
24152,0.73,21.37
40239,2.34,16.84
37823,0.97,10.26
1886,0.7,
31218,1.59,27.41
43840,2.15,13.34
21364,0.56,12.05
34682,3.63,12.91
33973,1.54,22.04
10103,1.41,29.5
24549,2.08,13.1
30228,2.69,17.17
17025,1.46,-14.69
9177,2.38,32.58
38835,2.29,25.64
12967,1.88,22.9
27472,1.52,24.26
12558,1.78,90.02
38196,1.16,20.64
7403,1.71,22.99
30113,1.54,28.73
12801,1.53,29.51
33030,8.33,65.28
35359,1.0,16.23
24288,2.86,15.07
1060,3.84,7.86
13459,2.35,24.53
2876,0.65,
22844,0.83,33.62
5468,2.27,10.01
28558,1.48,24.31
221,0.89,
23278,2.97,19.54
42009,0.67,30.46
10518,1.26,16.28
21333,1.5,21.88
13045,1.85,8.54
18561,0.61,29.02
29753,1.79,23.14
16420,0.69,14.57
27340,1.12,21.51
4626,2.7,16.16
47091,1.98,20.21
2871,0.86,15.23
24681,0.76,31.78
4250,0.69,34.46
40767,0.23,23.23
16578,1.28,9.86
27722,2.51,22.42
39827,,
19366,0.32,30.11
18339,2.83,18.63
14375,0.43,26.98
34077,1.62,12.84
8649,0.91,24.3
23610,2.73,27.24
45731,0.25,24.61
45272,,13.17
38128,1.13,20.29
40227,3.47,77.17
3766,2.72,26.23
40081,2.56,26.61
8713,,24.98
28170,1.38,18.19
15491,1.83,28.7
30950,0.54,24.87
8285,1.86,13.9
18603,1.9,19.01
13205,1.03,35.07
10956,2.54,11.82
12465,0.56,23.09
31215,1.34,24.37
36788,1.08,
26802,1.69,12.69
47454,1.77,25.65
29466,0.3,13.51
15284,1.68,41.39
6197,0.39,23.01
3034,2.01,16.62
22304,,23.56
44632,2.42,29.16
46289,2.86,29.44
20684,,3.37
42410,1.19,25.34
18670,1.18,29.53
41673,0.81,30.79
36659,0.96,21.81
7793,1.47,0.0
19738,1.06,13.29
15907,0.8,28.79
5298,4.91,75.96
21919,1.12,28.86
15739,0.37,25.71
41024,1.32,21.15
28012,6.33,83.31
6014,2.16,
27845,0.77,25.42
34258,1.5,20.77
37182,1.16,1.99
8923,3.6,25.68
13526,1.24,8.3
37388,1.31,10.14
14252,0.52,31.53
24994,3.88,19.15
14342,1.16,23.77
44255,1.25,37.16
47132,0.82,
22230,1.84,20.75
19219,3.25,31.16
38040,1.76,19.29
20345,6.83,97.19
38149,1.28,28.61
48534,2.65,
21413,1.5,18.28
15410,,13.25
16048,4.59,79.72
49973,3.84,192.575
18109,5.31,86.17
11761,1.34,22.61
36062,0.98,31.88
12356,0.92,16.74
1143,1.9,37.89
35785,1.74,31.05
39718,0.99,25.36
23901,0.45,26.53
18178,1.35,14.03
11533,1.44,18.94
18321,1.83,31.2
24864,1.96,19.64
5414,2.53,25.04
23668,2.11,
13312,1.2,19.69
29959,,11.89
31901,5.37,22.6
3148,,32.2
17012,,15.39
27123,0.78,31.24
47062,5.46,92.0
20861,0.92,20.04
47391,1.97,23.83
48307,1.6,13.96
17759,2.63,30.23
11829,2.68,11.01
33507,2.53,24.89
29461,1.36,17.54
606,2.66,3.93
35062,1.47,
15704,1.18,13.87
43564,3.0,26.81
24735,0.66,14.42
49988,0.74,18.36
5826,3.89,85.98
29197,2.8,5.03
3524,1.04,6.51
49651,2.02,23.9
23863,1.61,9.01
18180,1.27,33.25
15693,1.79,21.38
32830,1.75,32.65
37839,1.75,31.07
3925,1.45,36.24
27863,2.15,38.81
26681,1.45,14.87
37503,1.17,19.14
2088,0.92,26.63
27721,1.1,22.74
49764,0.71,17.05
48220,1.93,24.63
27600,0.8,18.09
47797,1.01,23.1
10945,,20.17
35518,2.26,30.95
45150,1.96,16.66
30379,6.75,19.16
23465,1.59,30.31
19763,1.7,26.58
6518,3.27,95.06
1395,0.83,32.89
17324,2.52,
36497,1.13,16.57
11181,0.82,23.74
7887,2.22,15.78
40664,3.31,35.03
45023,2.76,16.57
34536,6.95,100.0
18841,1.9,12.7
28804,2.34,78.21
18614,1.47,28.6
41768,2.86,29.62
4625,1.87,19.25
9435,1.57,24.99
12238,2.98,13.93
48650,,29.67
33799,0.91,11.06
4588,1.01,15.95
17769,1.3,21.5
14880,1.87,31.98
11022,1.94,28.34
13035,0.95,14.82
30665,1.11,26.11
6823,1.4,30.54
45438,0.83,41.96
26197,2.19,8.32
42464,2.44,13.85
40785,1.42,22.01
1898,2.05,84.26
21012,1.42,18.58
42920,0.49,7.13
4814,2.6,36.21
11702,1.44,27.11
21058,2.43,16.39
12302,,29.24
39248,2.5,23.0
34085,1.68,24.27
34976,5.24,90.35
3450,0.64,26.3
25153,1.85,15.55
20188,3.02,17.63
7295,0.84,26.08
14774,1.29,11.44
33223,1.53,17.19
11627,1.05,23.46
17605,2.43,25.82
2196,4.0200000000000005,6.29
18843,0.18,13.29
20389,2.02,30.71
4342,2.1,17.13
49941,0.85,21.07
42241,0.9,30.28
27720,2.81,17.44
29761,4.53,29.42
11698,1.34,
17855,0.83,35.05
20487,1.76,15.69
1383,3.07,30.69
882,0.72,30.63
10477,2.38,29.34
32317,0.69,15.61
49893,1.17,27.04
20947,1.54,22.93
44283,2.96,14.55
1295,2.29,
21021,1.04,21.21
37197,2.17,72.22
9190,2.9,30.79
29033,1.49,9.84
7774,0.63,21.11
42607,10.32,16.89
44138,1.95,19.87
5036,2.83,83.87
23858,1.3,23.11
16091,,
36934,0.63,27.54
2472,1.74,17.35
41200,1.35,
33084,0.98,18.7
11008,1.83,11.91
14749,1.68,22.93
17195,0.8,36.9
10084,2.93,19.9
48098,0.95,30.03
8527,2.09,16.44
25246,4.99,82.58
33764,0.98,11.11
6348,1.38,16.56
16883,1.67,15.92
13636,1.68,18.69
46973,4.49,9.95
49754,2.63,19.71
984,0.61,26.18
21564,1.76,4.72
13579,0.2,14.46
3053,1.08,10.96
31600,2.37,8.58
32454,1.86,24.61
26728,0.82,21.82
38866,3.89,86.71
7943,1.62,18.24
29367,,27.58
2310,2.27,20.49
14062,5.61,86.24
16265,1.12,15.08
14283,1.77,15.44
11659,1.0,11.46
28481,2.12,36.88
45058,4.17,27.72
29492,1.93,21.87
33809,1.83,23.61
31690,0.83,24.76
16367,5.9,67.28
14149,3.46,
18310,2.12,34.1
42731,2.0,
14010,2.13,10.09
22023,1.98,13.52
1374,4.8,77.25
30910,,25.61
1120,1.52,12.88
42622,0.61,23.97
45679,0.48,29.74
6956,3.26,80.18
8199,0.58,41.61
35418,2.66,3.54
15261,0.77,15.23
47324,1.53,25.35
4619,2.61,14.79
3938,3.56,
45321,8.100000000000001,20.0
9659,1.43,28.41
36989,2.65,24.43
25146,4.87,77.39
48112,1.44,16.72
29714,3.08,11.48
27683,1.19,16.26
18618,3.86,26.64
8139,1.46,28.53
41585,1.9,27.96
45849,1.23,26.09
35489,0.62,20.64
28065,2.4,19.66
20404,3.03,21.11
29943,1.43,36.33
10065,1.03,14.84
30752,0.99,28.42
12172,6.16,79.43
8136,0.8,20.15
3926,2.4,
38229,3.33,11.49
998,0.71,24.23
23342,3.91,23.94
22392,0.69,84.125
40589,0.58,
19090,0.65,26.74
3746,2.13,18.29
47269,2.3,16.11
2741,1.06,36.25
41869,1.64,24.3
7942,5.17,83.12
44375,0.42,14.07
17710,0.63,19.44
33410,1.85,7.3
45850,1.46,35.85
13424,2.2800000000000002,13.34
37134,2.44,23.02
46834,2.25,27.08
16616,1.51,19.68
13528,0.7,16.69
17703,,
3669,4.65,28.8
26814,0.52,24.4
25424,1.56,36.82
43197,1.49,23.19
16008,1.09,19.52
9352,0.71,16.96
46680,0.57,21.53
34548,1.87,6.81
47138,0.97,18.18
1062,1.16,9.44
25754,,24.45
19475,2.0,19.32
14842,1.29,17.32
34934,1.36,24.38
43194,1.57,34.52
22159,1.3,-22.11
759,1.66,37.47
43442,0.21,30.98
32583,1.9,16.53
22785,1.58,23.89
10605,0.3,26.26
37288,6.28,74.1
4103,2.98,18.41
27190,0.97,30.14
20157,,27.36
13652,1.3,18.23
38893,0.82,8.23
40584,3.34,22.48
47695,2.92,21.7
30110,2.91,18.44
19840,0.76,17.33
4868,0.93,15.64
3175,1.57,27.3
39372,1.06,32.0
49347,2.24,
22740,2.57,31.98
20994,3.12,
28944,3.36,21.26
21650,0.8,34.03
8504,2.44,8.43
10210,2.94,30.41
42214,0.54,25.56
46475,1.91,29.48
1319,2.39,20.89
4929,1.95,22.34
45805,1.85,24.5
41145,0.46,12.1
3411,2.68,27.28
45292,1.46,
14651,1.95,12.41
38608,,13.72
39383,0.45,8.12
23655,2.13,18.68
14874,5.58,100.0
36406,1.67,21.7
30868,1.85,29.21
20773,0.5,
20608,1.93,20.38
4495,1.41,23.25
27914,6.16,
38615,0.47,16.58
19980,1.96,26.74
31051,2.04,33.8
10344,2.07,28.7
43228,1.99,23.18
44982,1.17,39.81
36866,0.59,
5753,1.73,12.66
33753,3.06,22.41
27364,1.02,15.44
7407,1.76,33.36
12819,0.94,24.49
32715,2.61,
39544,0.79,12.33
23305,1.37,30.18
16279,1.29,10.06
22124,6.12,27.83
38081,2.03,7.85
27122,6.24,29.95
20107,1.29,20.85
33620,1.05,21.56
40063,2.21,27.41
44188,1.26,4.62
7278,0.32,6.16
43519,1.9,84.025
10506,5.14,24.95
35177,1.0,-27.94
25360,0.8,22.39
3105,1.52,34.11
21803,,21.74
13094,1.33,17.63
15935,0.73,0.0
5279,2.23,4.17
46681,1.9,32.37
3140,,16.31
24575,1.03,15.11
26477,4.91,71.33
39594,2.37,25.32
42932,2.93,36.68
33258,1.34,11.18
25651,1.41,25.88
31929,1.5,29.66
19003,0.93,27.15
22641,2.21,18.32
11339,2.4,66.11
26305,0.76,13.5
14577,1.74,16.15
39445,1.29,23.2
35624,1.89,21.21
12739,2.01,19.51
27322,1.08,21.96
35228,1.47,20.45
34509,1.68,24.22
47703,1.14,28.47
16157,,27.34
18898,1.57,42.37
25824,5.03,18.34
10151,2.51,18.62
16804,0.16,28.14
28923,1.98,15.86
31615,2.42,20.03
7201,1.45,21.39
20558,1.2,0.0
11038,1.82,29.47
23879,1.39,20.88
28983,1.49,20.68
47267,0.85,20.77
18979,0.88,22.6
2955,5.02,11.72
26693,1.42,12.06
35978,3.76,17.34
31328,0.43,17.11
14120,,23.37
6561,0.37,22.17
7018,0.98,14.12
3598,1.21,25.27
26332,0.52,24.65
28402,3.31,35.59
45474,0.33,12.89
30224,6.11,86.64
26803,1.98,22.36
3106,3.83,100.0
32675,0.82,23.79
42048,1.21,17.43
17696,3.84,57.0
17592,0.69,20.77
42449,0.74,25.36
11199,,14.36
15299,1.18,
23235,1.12,
23269,1.94,19.98
48961,1.47,19.17
19338,1.19,19.16
14477,3.87,88.98
45673,1.56,14.23
38792,1.05,5.3
5957,3.38,32.66
32386,1.29,16.76
6033,1.73,25.6
41719,0.86,22.61
45502,1.26,25.3
15226,1.13,9.42
14627,1.24,23.58
14655,0.92,14.11
28438,2.35,28.76
28911,0.73,18.57
10921,1.29,22.34
42424,2.12,21.14
44855,,
25559,1.13,21.64
32013,1.53,33.06
29545,9.12,71.81
28426,0.99,25.17
41184,2.14,17.59
37382,2.08,18.59
13778,2.22,33.61
45797,3.67,68.24
48935,1.53,13.74
4466,1.69,17.44
17617,1.87,25.65
34361,0.38,29.85
38458,1.62,35.65
9886,0.69,14.6
11012,1.77,23.12
46699,0.71,13.04
42082,0.17,16.35
41238,2.37,35.05
17055,2.48,19.36
27769,1.48,34.63
46277,1.79,36.18
4082,2.58,67.74
14756,1.5,19.68
21636,1.56,40.89
45220,1.83,19.81
15335,0.25,29.04
41573,1.81,16.54
376,2.59,26.4
36713,4.7,27.01
22463,1.34,32.37
26678,1.46,18.51
6437,2.03,18.11
35612,1.03,26.26
35440,2.82,34.63
44076,1.76,17.18
37630,1.95,17.53
4708,1.23,10.52
44145,3.49,70.34
36942,1.51,21.61
21795,2.91,72.32
47509,1.71,20.22
28562,6.18,85.64
43488,1.97,23.86
27466,2.79,29.56
35478,1.33,25.79
1434,1.08,20.81
31010,2.54,26.69
32788,0.7,14.63
24840,0.76,41.44
1086,1.3,28.69
13592,1.31,18.39
19891,2.66,21.06
7492,1.54,20.67
17665,2.39,25.67
15499,1.82,20.98
32035,2.02,27.11
22679,,18.97
2488,4.45,15.51
15648,1.34,29.0
4878,3.39,22.14
23467,1.6,
29896,0.89,18.04
16625,0.99,16.85
40491,1.68,17.6
21160,2.51,21.7
17589,13.5,37.48
42743,1.06,12.24
13445,1.1,15.93
7289,1.53,0.0
37443,2.75,25.83
22290,1.08,15.42
11302,2.36,31.67
45989,1.26,22.23
39433,1.39,4.46
6051,1.46,7.39
13015,0.83,26.25
32703,1.16,33.43
6567,0.96,20.72
41384,1.56,18.41
1745,1.84,25.94
12657,0.62,25.55
6032,0.76,25.97
47097,0.72,25.78
9614,3.81,98.58
42421,,22.31
48407,0.7,18.75
3098,1.09,17.68
31107,0.84,21.36
4034,0.88,
15227,1.39,27.3
13355,1.4,12.18
12378,2.75,91.93
27972,1.9,2.87
15279,0.69,9.77
34387,1.8,32.68
23341,0.75,28.35
12823,2.22,3.35
11294,1.26,25.89
4252,1.1,28.34
29420,1.05,24.85
33819,1.9,13.36
32803,1.97,13.14
47602,2.62,80.07
9048,1.42,20.49
12101,1.73,15.27
40659,1.25,31.17
39946,0.62,26.51
32161,4.97,64.94
39653,1.67,22.48
36073,1.2,21.68
7029,1.27,30.76
3861,1.43,15.57
17580,1.39,26.06
5254,0.51,21.0
46604,2.48,16.17
21614,4.1,27.4
38666,1.48,16.61
18648,1.33,23.73
4528,3.84,16.26
596,3.87,24.93
4054,,20.62
40107,0.59,13.29
5315,5.27,71.57
14906,2.35,14.33
9719,1.32,14.06
36094,0.33,42.62
41859,1.01,7.01
98,4.51,99.03
41726,1.68,21.73
47520,2.45,24.44
34540,1.52,14.38
17539,1.46,
12597,1.9,5.15
16999,0.59,6.89
13499,1.23,30.51
115,3.43,27.19
26608,2.13,33.65
40294,1.41,27.79
9444,1.63,17.78
28605,5.54,76.1
26311,1.41,27.45
5014,1.17,18.55
16025,1.15,33.81
30573,0.85,21.95
37822,1.39,14.03
32306,2.0,18.25
47016,0.67,36.71
30627,1.18,29.64
43516,0.39,31.55
49632,5.19,79.47
14051,1.35,67.75
4055,0.99,27.93
29974,0.56,22.34
18771,5.55,182.0
4333,1.3,20.39
43635,1.94,11.81
22677,1.57,36.32
45371,3.02,24.93
560,1.03,20.43
2744,0.84,19.81
16402,3.01,27.09
15924,2.02,15.06
12391,6.13,83.89
9338,0.57,18.12
46858,3.03,26.83
1903,0.99,
16249,0.87,
11478,1.65,37.15
9119,2.56,26.57
43530,1.57,17.18
48317,0.97,22.94
32388,0.77,38.74
10629,1.3,8.39
2815,0.7,64.2
27053,2.11,1.31
4228,2.25,24.6
35437,0.28,24.0
26643,0.65,27.53
833,3.02,83.65
40051,3.21,13.08
1121,1.31,27.58
18074,0.68,14.69
22192,4.1,67.82
15411,1.28,26.16
30780,1.08,34.21
16392,5.48,60.4
23588,0.77,17.92
46783,0.89,17.99
10024,0.37,25.81
43041,4.21,24.42
17900,1.79,16.58
47,0.77,12.19
42861,0.93,23.21
29334,1.82,20.31
34567,4.0,38.91
5934,0.6,16.88
31731,1.7,19.88
42383,1.79,22.57
15172,1.07,13.19
24850,,14.85
31290,4.38,74.42
4747,0.5,21.3
12836,1.6,14.72
25776,0.57,28.29
3333,3.22,76.56
10891,0.71,23.54
11393,3.07,69.52
46458,1.39,
27007,,31.31
10357,5.67,91.51
24379,2.13,25.06
9434,1.5,16.81
30310,0.96,21.27
22968,2.14,20.05
3086,1.51,28.78
7798,1.39,26.9
32964,1.11,6.26
36049,1.02,21.89
25731,2.11,17.29
49218,3.69,
13725,4.49,17.15
34697,1.58,30.6
19034,1.71,24.08
44486,0.95,25.91
11955,0.8,15.3
17964,2.01,26.49
25709,1.31,19.38
3084,1.81,31.91
24365,1.57,27.03
5617,1.75,4.96
34998,4.07,28.32
12613,,25.69
14951,1.49,14.97
45086,0.9,25.65
29891,1.63,23.28
34185,4.66,24.06
32990,1.25,6.45
6837,0.61,22.41
38708,1.8,28.24
26086,1.02,21.75
38409,0.87,22.39
49418,0.88,16.47
35622,0.69,9.21
15412,2.99,27.07
32551,1.65,25.53
47357,1.42,29.48
39596,1.22,35.84
33689,1.35,15.24
28044,1.58,26.61
23719,1.18,26.2
45302,1.36,15.69
5053,1.27,
22147,1.6,28.41
15680,0.57,21.09
3313,,30.55
17179,2.98,22.72
8339,5.16,87.26
27389,0.65,15.51
45156,1.57,18.3
44822,1.69,11.87
36241,0.6,14.51
26519,6.04,
45115,1.61,26.62
5320,0.76,9.07
8437,0.41,22.53
14462,2.17,17.73
20161,2.88,15.73
49682,0.94,25.81
25847,2.98,25.57
42893,0.79,37.63
18320,2.8,34.07
45434,,18.25
2419,5.33,-66.72
12755,2.54,22.3
21966,0.15,36.88
13421,3.49,18.27
4570,3.24,27.78
12731,1.35,27.18
48902,1.51,11.16
26425,,30.79
31064,2.17,13.42
46330,0.22,20.18
3001,,9.69
28504,1.59,28.9
18709,,19.54
27405,0.63,34.14
20267,3.22,7.94
34228,0.86,
23435,1.65,11.6
47522,1.59,24.26
26979,,22.91
31894,1.51,11.7
9610,0.81,16.92
8631,2.04,23.22
41765,2.17,28.2
46117,2.14,22.2
18759,2.63,9.95
44,1.71,19.68
21426,0.35,31.75
40869,2.33,19.54
24636,0.82,24.06
41338,3.46,17.4
49626,0.83,
10450,1.61,27.31
13873,2.17,18.97
22346,0.94,
29985,3.28,25.57
36884,2.96,20.37
36994,3.06,23.73
32735,1.86,
25348,2.81,25.5
15104,2.6,11.93
20768,1.49,42.08
14177,1.59,15.52
40221,2.04,38.59
3462,1.37,34.54
6740,2.62,26.64
34503,1.78,13.62
312,4.91,88.76
27300,1.49,20.21
21797,1.07,30.21
39915,1.16,14.21
2276,1.06,6.21
33990,2.99,30.33
47654,1.13,26.57
15436,1.78,35.78
41947,2.03,19.33
47660,,84.75
49385,0.74,20.07
11982,1.78,39.77
478,1.65,24.03
13323,1.7,26.89
5750,,17.96
28834,1.51,29.16
27770,1.36,17.37
17712,0.58,19.36
42828,0.83,7.78
22139,1.3,
31520,1.81,30.89
37213,2.66,11.78
44776,6.13,85.92
16189,0.72,29.24
33515,3.54,83.59
41485,3.15,17.63
5109,,
16322,2.86,82.11
49168,1.63,23.6
39831,0.85,
8212,2.57,11.08
49929,0.39,23.4
29421,1.48,17.91
3167,1.5,22.16
1973,1.11,
11009,1.78,24.85
22886,0.64,15.83
42058,0.78,0.0
39720,1.67,24.26
14174,1.45,17.17
13442,1.53,24.33
26990,3.07,33.79
5759,2.62,31.38
27200,1.98,25.0
37705,1.33,26.88
47439,1.8,-25.34
49891,1.58,22.46
2435,1.3,25.96
5327,0.6,30.09
28347,1.81,31.24
40384,1.42,34.92
7531,3.49,21.69
19836,1.61,9.68
48530,2.65,87.48
17470,1.54,
16948,1.04,24.4
30700,0.45,0.0
41411,0.87,17.9
41471,7.22,77.58
12154,5.51,82.19
1512,2.49,26.94
43354,3.35,83.0
11629,1.59,18.54
29712,1.86,27.61
40429,2.25,18.94
20461,1.11,19.4
47795,0.78,17.76
6189,1.54,34.53
16304,2.53,
6536,1.92,18.6
21691,1.48,39.34
35531,0.57,17.17
35355,2.38,32.83
12742,1.78,17.69
9471,0.86,20.73
7181,4.25,100.0
33242,1.02,36.125
42973,1.43,14.28
35699,3.4,3.68
3867,2.54,32.43
19865,2.02,21.02
4989,2.09,36.21
24503,2.28,38.41
5980,1.6,74.8
44695,1.3,23.97
49235,3.84,81.64
27399,2.11,32.43
13574,1.31,43.66
30580,2.81,10.73
23560,0.94,34.1
12219,1.67,
455,1.64,13.24
28258,1.0,19.89
45687,1.23,22.19
26562,1.72,40.18
2060,2.02,25.22
2666,0.51,15.7
2904,2.25,
22248,1.19,13.54
2766,0.45,45.29
18182,,18.53
29706,2.54,22.21
43394,2.69,21.39
16773,7.82,82.52
48568,2.79,29.92
20570,1.88,13.3
19466,0.96,
33720,2.11,9.53
33883,5.96,88.97
20079,3.61,75.98
28102,0.61,29.23
11053,1.2,11.8
44064,2.06,23.12
9197,0.95,21.95
29799,1.78,29.65
25898,1.26,32.97
19787,1.61,9.99
32700,,26.51
41040,6.02,96.69
40021,0.45,25.29
38808,0.86,17.51
45697,0.72,25.56
27204,1.25,29.59
11222,1.3,24.83
9211,2.34,55.79
36487,1.45,9.02
26070,1.67,15.69
4431,1.37,25.87
22152,2.54,21.85
29199,0.74,17.23
5869,2.12,40.66
29181,1.26,25.25
18985,5.14,
36245,1.39,13.15
21277,4.02,72.58
20746,1.18,24.76
41633,2.89,18.44
23674,1.04,33.74
11319,0.18,14.68
21859,4.97,
22012,1.08,23.73
44431,0.78,25.34
24464,2.5,33.62
27062,0.89,12.22
40205,0.27,28.87
10830,0.4,29.33
23988,4.03,81.11
15102,2.7,26.9
40326,4.22,29.87
8373,10.44,86.42
28808,1.69,22.0
24651,1.16,27.76
16986,5.21,
20405,2.45,24.84
48354,1.82,29.81
35013,1.94,25.7
17820,0.52,26.93
12314,0.73,13.01
20920,0.79,27.18
31781,0.76,5.84
48851,0.59,22.97
43187,4.38,78.7
17377,0.27,23.68
14868,3.27,22.41
33744,1.43,23.2
39077,1.34,18.7
5724,2.05,25.14
20863,2.94,25.5
10725,1.76,
35456,1.1,
15161,0.61,20.28
28421,3.4,16.0
48204,1.31,17.71
5646,2.7,0.36
16355,,29.07
46238,1.35,18.0
11954,1.01,23.6
44528,0.61,69.55
23835,1.53,28.93
4154,3.14,14.8
34371,1.46,35.2
43825,2.25,26.52
41022,0.48,16.99
41064,1.91,14.92
7827,2.61,15.05
24601,,19.5
36971,4.89,27.22
838,2.24,28.12
41664,4.14,30.69
12669,1.23,27.34
31902,2.19,80.07
24481,1.4,25.74
27215,1.17,16.93
49068,2.68,22.43
11253,1.36,26.64
47898,2.27,20.22
24866,2.27,16.79
9233,3.91,87.52
35850,4.07,73.99
11005,1.17,28.66
28447,1.73,20.46
2237,1.66,28.94
36827,0.64,30.89
36764,1.78,73.99
10710,1.61,16.3
13626,1.61,11.66
930,1.15,33.9
25719,1.7,23.76
35959,0.54,14.53
26796,0.64,34.9
5465,1.16,22.94
7198,1.18,31.85
36859,1.37,10.03
26743,1.14,27.75
44446,1.14,38.23
44002,1.31,26.23
36347,1.08,23.37
15738,1.74,28.58
14986,1.91,11.76
10015,8.32,75.91
26260,1.02,12.71
35404,0.58,23.9
31986,3.57,14.72
16583,2.16,16.84
2322,1.08,31.52
11362,1.69,24.46
39758,1.69,32.26
25208,2.32,27.52
30578,1.02,22.61
10551,0.95,23.4
26654,1.39,25.54
24518,1.72,25.93
14471,1.67,14.04
37061,1.6,19.91
37620,2.67,18.02
23328,2.63,9.11
15000,1.84,22.1
18187,3.69,
7681,0.85,29.81
34770,1.28,39.3
16974,2.43,93.45
23013,2.53,21.79
3831,0.91,29.06
27675,2.28,20.62
38039,0.47,9.97
6803,1.6,
34846,0.82,29.05
26262,5.14,
48060,1.69,83.48
46203,3.73,13.1
7440,3.34,30.99
22229,2.91,31.05
34791,2.67,25.3
28315,1.51,17.79
22779,0.94,19.56
16775,1.59,29.13
36915,0.71,23.0
2711,1.82,35.39
41582,1.55,18.67
21606,5.25,93.38
39752,1.6,33.47
41032,,21.99
44682,3.29,18.71
13158,1.02,21.34
36996,0.86,32.24
48581,1.36,13.2
12014,1.75,30.43
28880,1.87,18.02
28770,1.77,22.06
39482,1.49,25.55
14554,0.86,15.45
9141,3.79,83.61
33282,0.57,21.35
24025,1.38,29.31
19554,0.39,16.86
36504,1.12,24.92
25790,3.73,80.43
46527,3.42,11.36
27952,3.31,84.53
34693,1.25,26.27
16935,1.14,38.22
47750,2.66,25.96
8062,2.28,21.46
21750,4.45,21.09
31015,1.25,20.51
21015,0.18,
31792,1.23,14.4
30532,2.06,20.01
13571,1.88,
37645,4.83,86.26
47161,4.92,219.27499999999998
23157,1.52,27.18
34135,1.56,19.16
31033,2.09,17.6
42321,5.0,74.05
20388,0.74,43.175
19863,2.66,
47432,4.9,
32759,1.64,28.3
32634,3.4,
41231,0.47,28.06
39812,0.93,13.38
45035,0.65,13.83
8645,,16.09
27734,0.97,25.21
8865,0.56,18.29
1088,1.28,7.72
27732,0.15,27.02
37742,1.12,36.96
11484,0.78,14.6
5201,1.64,24.56
42203,1.65,
29610,1.6,25.58
28865,2.56,
22503,1.58,11.31
15855,0.94,27.9
26121,1.21,9.96
39525,1.46,26.07
21796,1.01,9.17
16116,0.31,11.14
6931,0.99,16.86
17908,2.85,18.64
42112,0.6,20.99
44801,0.59,23.85
12760,0.71,23.725
43563,1.23,16.83
25578,0.53,19.57
30717,1.02,15.82
14447,2.2,20.2
10072,1.51,42.67
7720,2.57,19.76
24186,2.83,29.18
4504,0.52,16.09
19397,2.68,25.42
6903,5.15,89.53
24940,1.32,16.46
33095,3.1,0.0
48875,0.28,14.27
18493,5.84,85.95
7723,1.4,27.96
35692,1.12,
15474,0.83,10.18
3688,,57.19
10917,1.11,11.55
1123,2.33,32.52
35076,0.66,35.87
44288,0.59,34.45
7095,2.62,20.8
42570,3.2,19.8
11086,1.67,26.58
8087,1.49,27.55
6616,3.04,91.41
22706,1.24,
39391,2.19,21.13
15698,0.6,21.54
32029,2.48,28.2
7377,2.12,33.95
12726,1.26,23.74
33389,1.41,29.94
9870,2.33,97.21
3117,2.99,30.23
26417,2.05,18.93
46222,1.17,26.46
46240,1.9,18.68
2964,4.53,79.38
38290,3.38,32.02
23458,0.54,15.57
3460,,15.17
12427,1.48,8.76
4049,1.65,10.52
37114,1.58,
12418,7.13,89.63
44977,1.68,20.2
24750,0.86,25.19
11284,2.04,34.06
23822,1.13,36.13
23037,0.89,
17315,1.34,4.87
32347,4.18,78.76
19318,2.78,9.73
48955,0.89,
17910,1.77,25.22
15536,3.16,34.2
9896,1.65,19.71
40089,4.9,10.92
33114,0.93,5.85
37861,2.3,18.92
35825,2.87,17.66
15530,1.55,6.92
21377,1.86,29.02
44481,,23.79
33617,1.24,13.21
27924,0.64,
28827,2.94,31.88
27836,1.5,29.65
45443,1.05,14.6
30879,2.85,30.51
5405,1.37,31.95
19842,0.34,23.45
1191,5.34,86.98
13942,1.67,11.13
29843,0.8,22.61
47886,3.54,
42797,1.59,23.97
35031,1.14,21.57
35180,1.42,22.16
43298,0.84,31.08
24977,0.95,21.53
30434,0.81,21.3
44755,1.99,25.71
15240,0.74,14.91
41416,1.14,
45977,3.14,21.76
8152,2.08,29.27
17929,0.64,19.97
12848,0.7,22.61
13472,2.98,25.55
28023,4.21,23.43
38496,1.57,20.89
4560,1.72,29.36
22971,0.83,16.7
5862,3.92,19.51
9344,,20.76
12684,6.08,77.8
49311,1.06,20.29
48953,1.96,22.24
12581,3.06,10.42
23683,1.38,23.66
6989,1.62,16.26
42982,0.89,28.15
891,3.26,
10708,1.85,9.06
32027,1.71,19.7
17911,0.95,7.09
37462,2.75,14.67
44476,1.13,20.17
47253,,17.97
39234,1.51,13.75
16933,0.64,-34.77
22332,1.48,33.24
7116,0.77,13.91
44761,1.99,23.54
29658,1.59,22.9
29053,1.42,30.8
7232,0.77,19.07
30341,1.12,27.97
41642,0.31,13.76
45079,0.91,26.7
981,1.42,23.78
5871,1.61,3.32
47642,1.0,22.12
17807,1.53,26.32
35835,5.34,55.83
26956,1.52,1.0
30352,2.27,11.91
33316,2.07,36.45
8052,1.14,
29685,1.54,16.02
18041,2.04,26.06
2273,3.44,24.34
22782,0.56,20.22
24012,1.12,21.93
45491,1.76,17.77
28802,2.06,24.96
31178,1.98,95.87
11957,1.28,16.23
23479,1.27,22.01
17183,3.6,70.64
18732,2.62,33.48
599,0.34,6.88
41631,0.66,15.47
33034,1.6,25.57
32180,0.7,16.14
8038,1.74,15.34
35043,2.49,16.26
20820,2.08,3.73
13000,0.92,28.49
33677,3.23,24.57
40551,0.95,7.85
24411,2.97,78.87
28852,1.98,76.29
1275,2.74,13.3
31804,2.41,6.0
2291,2.77,18.61
25657,3.47,96.34
25987,0.9,15.34
8548,2.89,-23.68
14493,2.6,21.01
25324,2.42,27.56
8761,0.96,31.1
11635,0.32,32.85
36028,0.59,
45112,0.66,18.55
22213,6.34,75.21
7650,6.11,83.95
33370,3.14,26.79
16377,0.18,21.05
6080,1.75,20.37
12282,0.82,25.58
16902,4.36,4.99
37278,1.17,33.17
32723,1.33,6.72
3646,3.2,26.67
36697,4.79,70.77
45539,2.45,12.11
49335,2.18,43.51
10534,6.81,66.72
42211,1.61,12.85
37596,1.69,18.58
27674,,76.66
2428,0.85,13.0
41503,3.16,25.92
22009,0.43,29.0
43697,0.68,19.69
21100,1.08,13.01
20987,7.54,80.46
48114,1.34,28.28
12118,0.19,20.22
41017,1.11,21.54
21309,2.1,9.97
41696,4.23,82.28
39799,2.79,9.55
13746,0.72,27.6
36890,3.11,26.61
19920,2.12,25.57
10614,0.74,29.85
12777,0.8,20.17
11354,0.33,19.02
8902,1.12,18.82
5336,2.63,44.93
10073,5.36,36.25
22934,0.63,12.74
13182,2.32,26.5
43414,1.76,22.27
19531,5.02,14.46
23154,4.85,74.5
38812,1.99,37.18
14950,2.42,29.02
30344,3.82,89.88
39296,2.47,29.6
21756,1.92,22.11
31025,1.15,28.43
8804,1.22,26.11
30662,1.36,32.24
45949,1.67,7.22
42253,1.33,20.8
4999,1.57,20.41
23214,,20.67
16080,2.37,13.59
822,2.64,3.24
45136,1.44,18.05
39023,1.23,21.45
31763,1.05,29.03
5686,1.29,24.46
44742,3.22,98.09
30454,3.88,83.95
39347,2.89,23.45
35742,1.71,13.06
32315,0.81,13.07
37298,1.15,21.98
4136,0.7,23.97
24128,3.63,17.26
953,2.38,4.29
6787,3.98,14.19
2161,2.72,20.86
36251,2.79,32.39
2695,0.66,42.46
39005,3.03,10.53
23092,2.81,
22563,2.27,21.96
15260,1.36,14.45
6505,2.09,25.21
47944,3.08,19.53
27082,0.98,4.64
27982,1.23,10.86
41175,0.41,20.85
24875,0.62,17.63
18496,3.77,68.21
4017,3.64,88.91
45374,1.01,10.65
18803,2.58,26.14
2474,0.53,30.07
6331,1.47,
9148,2.11,31.62
37223,0.31,27.33
22062,2.42,30.89
4688,3.81,23.66
12642,0.54,16.2
20617,1.81,30.0
8459,3.16,22.19
22917,1.17,31.82
7643,3.39,-19.1
35722,,24.09
17825,2.1,36.65
41386,1.5,24.25
36982,1.42,21.94
2585,0.54,28.02
31141,2.19,81.51
45191,1.06,24.43
11771,2.34,7.85
40745,1.93,20.21
34814,0.46,18.42
5971,0.94,26.55
9172,2.38,20.66
37214,2.12,18.35
31722,2.11,29.32
7192,1.08,25.14
42471,0.96,13.69
42059,1.55,40.42
30219,2.74,25.38
2362,1.74,24.33
34362,1.14,10.09
43671,0.21,
10055,2.71,28.77
16670,1.21,23.4
28307,0.85,15.56
10541,4.74,86.84
45943,1.3,22.52
34546,2.52,31.35
21598,,23.48
13176,1.51,31.41
25497,0.52,17.28
22258,1.48,38.32
24350,1.31,19.73
4059,0.53,30.81
46452,1.93,
6223,1.46,12.42
37044,2.67,27.56
12441,0.76,5.54
13149,7.15,92.27
48355,1.19,21.0
21060,2.13,18.47
3492,0.91,11.76
4867,1.47,37.46
33240,1.97,18.88
9962,1.35,27.95
3100,1.45,11.7
674,0.99,11.5
33999,0.69,4.36
15814,4.45,81.5
6269,1.37,26.16
14466,1.6,40.425000000000004
16901,2.4,31.35
11454,0.83,24.66
13291,1.89,31.04
7387,0.75,27.36
14938,2.47,17.0
11631,1.14,28.1
48065,2.95,
32555,1.1,36.84
30640,0.51,8.63
10716,3.32,15.73
15886,1.12,27.13
24912,0.77,17.88
14680,2.67,20.69
43792,1.51,16.26
9111,2.23,23.72
8739,0.16,29.11
47238,3.02,82.05
15679,3.84,26.13
5074,0.9,26.71
23664,0.91,21.47
8305,1.32,26.28
47517,1.8,31.1
33828,1.07,41.65
31337,1.62,21.85
44792,,30.42
38547,10.86,18.13
24437,0.46,29.89
34471,0.81,15.5
40282,,17.56
21621,2.17,37.71
30438,2.19,94.42
28894,2.41,23.18
32487,1.49,24.03
30792,1.75,27.58
35238,2.71,17.09
4982,1.03,18.83
36197,,29.77
14676,1.61,16.61
33787,1.2,31.15
41228,2.03,35.42
37947,0.91,31.7
34062,1.43,10.71
23812,1.46,21.81
19305,0.81,23.49
30245,4.4,78.23
6110,1.67,35.16
47241,1.92,27.99
150,0.51,18.28
7990,2.29,22.67
36747,2.86,19.06
39021,0.86,27.98
23051,1.32,
35871,2.86,19.73
2448,5.43,82.51
31863,0.87,38.44
13829,0.67,14.42
855,0.73,21.32
16270,1.67,27.73
17161,2.39,8.47
35553,1.11,31.61
45854,2.81,25.32
15276,1.91,23.77
4564,2.39,20.96
37467,0.82,35.4
23109,,15.68
27404,1.85,17.91
13816,0.8,3.06
23632,0.74,23.96
27048,1.7,23.71
13744,2.56,32.89
23624,2.69,91.67
21484,2.05,23.75
20042,1.88,21.98
25814,1.29,25.38
42579,0.99,24.49
30943,1.55,27.4
32615,,24.02
37834,0.88,28.05
30100,2.41,33.47
36557,0.69,12.63
32378,1.59,17.19
28758,4.8,15.42
3200,1.5,26.81
39936,2.77,26.58
36420,3.13,92.18
20425,1.7,
40590,1.1,28.34
44258,2.78,19.7
7087,1.1,15.52
14503,1.57,10.37
12959,0.36,20.23
45997,0.61,22.12
19117,0.55,31.87
44676,2.7,16.69
41732,2.7,18.91
47947,0.99,18.75
16919,1.61,17.95
42309,2.54,25.87
17937,0.85,27.81
43849,,19.61
18184,1.55,21.81
11560,3.36,75.59
23704,3.22,97.76
41560,2.86,17.85
20982,0.77,24.74
27776,3.63,24.87
38152,,21.81
14724,1.28,
26564,3.02,79.01
20572,1.15,31.67
21429,2.1,17.01
27874,1.13,25.66
26424,,36.35
1358,1.79,23.8
3454,0.88,8.24
20766,0.96,
17757,1.72,17.02
27579,3.76,13.18
45135,2.05,21.83
35071,6.56,82.77
27671,1.55,31.36
45140,5.37,17.55
46092,3.59,
22433,,24.13
42384,0.33,10.44
38843,4.83,34.2
14716,0.98,28.39
46687,0.93,28.65
39260,0.78,31.79
27384,0.08,8.67
29135,0.87,23.01
9161,1.21,22.4
46883,0.92,15.52
1775,1.32,24.74
43167,3.01,20.04
24121,6.42,82.03
46470,1.95,22.04
36325,1.4,8.52
33412,3.83,96.58
35738,1.87,10.7
23894,2.82,17.05
532,2.15,23.76
20668,3.65,13.13
16273,1.35,22.04
17345,0.8,24.57
47933,4.06,36.85
1462,1.66,38.26
3582,1.7,13.76
8588,0.21,22.37
16258,2.09,35.88
4898,0.72,11.55
17367,1.56,23.09
15296,1.86,21.43
23977,1.98,14.97
36716,3.63,85.23
31834,2.21,23.97
49098,3.81,35.22
43939,1.38,17.14
42834,1.33,22.75
40794,0.3,36.82
6673,1.8,29.97
8418,6.53,86.78
27075,1.08,11.87
38897,1.44,
1169,4.3,81.41
34807,1.32,30.56
46855,4.03,86.56
27281,1.99,23.48
30496,5.54,78.81
6817,0.41,9.6
44273,4.56,25.17
27840,2.89,18.57
35428,0.83,9.01
35047,1.66,16.42
38609,1.48,30.84
37983,7.53,-73.48
49134,0.92,27.1
8123,1.74,
1610,1.13,12.27
23966,1.39,18.54
21215,1.21,25.86
30193,1.37,9.87
32847,0.47,11.73
48924,2.18,25.75
39967,2.52,22.27
49846,0.56,8.78
41387,6.300000000000001,24.1
20670,4.0,22.37
33873,1.69,30.69
43163,0.39,21.56
796,2.36,16.5
43250,2.05,20.14
7402,1.6,15.77
9164,3.81,96.19
10177,2.48,9.52
25229,2.67,10.84
3017,1.01,37.91
2309,2.32,
43050,2.6,19.64
39890,5.13,94.44
46367,2.99,25.57
12683,1.63,21.18
42931,2.46,18.6
35633,1.98,18.64
15607,1.41,17.81
34663,1.03,28.63
3418,3.57,19.13
14384,3.87,24.8
28979,1.96,23.03
37674,1.72,20.57
46295,0.93,15.42
3969,2.25,17.44
49190,1.4,23.11
34392,2.5,9.81
20065,0.91,24.67
35224,1.02,23.93
43535,3.47,43.6
18586,1.17,24.46
35326,2.31,31.6
35503,3.31,96.16
628,0.72,23.79
28127,1.63,33.59
19755,0.29,24.76
15879,1.44,15.71
47114,1.19,34.91
438,,27.63
41157,2.18,15.07
31011,1.11,20.82
43022,4.26,81.82
39675,0.8,5.59
11485,0.76,8.9
42585,1.26,31.84
13697,1.03,25.07
41543,1.69,26.26
30733,4.86,75.27
12912,0.67,37.26
42313,2.83,9.0
36806,1.73,19.09
25063,1.26,25.16
9200,2.52,
7926,0.94,23.6
5570,0.93,27.35
23034,1.11,18.97
24852,2.0,31.03
16776,1.19,17.23
38068,2.47,10.72
41546,8.54,78.36
2184,0.96,7.74
4804,2.93,25.92
18271,2.57,22.46
23876,2.83,27.98
8541,1.76,14.59
38208,1.17,17.52
44591,1.27,27.37
39852,1.55,18.4
49640,2.83,18.72
10108,5.39,63.94
47819,0.89,0.89
9140,1.57,29.02
24100,1.59,22.89
25412,1.46,19.41
21595,0.13,24.48
22077,1.84,20.47
7322,2.71,17.44
30486,1.44,21.25
15575,5.87,80.14
17619,4.71,88.05
1719,2.46,9.93
42293,1.82,27.3
39787,2.14,14.41
37553,2.61,24.93
30242,2.11,25.79
21622,1.49,33.67
35358,0.5,26.11
48605,0.8,
26483,1.81,19.26
15271,1.43,26.02
41443,1.9,59.825
7177,0.49,15.29
12182,4.32,78.4
20368,6.24,97.65
45347,,26.38
10491,0.86,22.54
4824,1.28,31.36
46066,3.94,100.0
39969,2.45,18.47
47918,2.03,21.3
38367,,17.25
29636,2.97,12.03
49359,1.98,27.2
31522,,26.11
29329,2.43,28.82
33179,0.5,23.12
37471,0.45,35.97
33253,1.65,18.33
25335,2.62,20.78
29158,1.64,
26106,0.76,24.52
35345,1.38,31.39
49155,1.99,28.27
8584,0.45,9.68
19055,2.45,20.05
17286,0.69,22.08
40146,0.96,21.95
33329,2.05,21.83
5733,1.13,26.95
3500,0.86,25.55
46063,2.67,13.05
4902,0.72,16.32
14069,1.59,6.3
45308,1.47,42.51
27920,0.68,20.66
28135,2.08,20.43
20287,7.25,73.47
27487,0.57,25.25
41173,1.01,21.91
48614,3.2,26.94
45262,1.7,14.59
34594,3.22,19.78
29939,1.53,26.0
40862,1.51,34.57
41532,1.61,13.41
18505,2.63,27.99
1389,3.42,75.46
48412,2.48,28.98
2648,1.95,22.7
19006,1.35,20.01
31965,3.54,82.35
46057,2.56,20.57
32582,0.68,23.7
1499,1.08,16.79
25495,1.45,28.73
45898,2.44,33.7
2497,2.41,97.54
21727,0.8,
3421,2.63,29.86
42178,0.97,10.5
7265,1.38,19.93
2032,1.31,17.57
31346,0.55,24.99
26845,,
25865,3.77,95.45
15058,3.22,17.11
11996,0.94,17.13
30954,0.66,28.62
48739,1.01,40.04
33972,1.81,12.16
48131,1.25,22.87
47614,,13.4
23767,,
11687,1.86,21.08
26682,2.96,40.4
45106,1.64,25.16
35265,2.17,31.69
6766,1.88,30.0
33695,1.55,24.16
13081,0.56,13.22
32872,2.0,23.49
36758,13.200000000000001,
32643,,13.55
19433,3.27,30.77
3404,1.43,23.8
2747,1.49,12.82
39415,0.78,27.29
6598,2.59,15.62
18664,1.54,25.92
28702,0.68,12.15
41533,3.44,15.44
36068,1.3,15.91
34365,2.54,22.65
13055,1.8,30.64
28198,0.73,18.31
49020,1.46,26.98
47147,0.97,16.23
28896,2.4,
26824,,24.01
21574,1.86,26.04
7999,1.92,31.51
34293,1.82,25.1
18279,3.76,41.43
12167,1.41,29.56
6501,1.59,24.94
25274,0.17,19.81
22898,1.84,23.16
14556,1.13,13.06
16132,19.14,19.72
43598,1.2,30.95
789,1.67,34.41
34763,0.82,23.13
26174,4.73,86.99
13718,3.31,98.66
5547,0.11,10.47
43133,0.91,14.89
38781,1.78,
25605,1.78,33.07
39958,3.54,23.37
43728,1.63,19.14
12728,3.18,69.77
47089,2.27,28.77
44531,1.91,29.89
45886,0.6,21.25
16053,1.32,16.44
39810,2.24,9.18
10110,1.69,
5888,1.9,18.19
37448,1.03,
28143,2.02,30.28
41001,1.13,20.47
23501,1.3,25.14
36376,8.53,80.55
48196,3.12,26.08
10854,1.91,23.09
2238,5.64,25.12
6320,2.18,24.52
40416,,80.69
39151,10.5,31.6
11815,,95.77
44059,4.14,75.15
44159,0.88,25.95
31830,2.33,15.93
23844,2.13,21.59
25876,3.34,20.62
13119,1.08,14.61
49214,1.95,22.84
13453,,7.1
31617,3.49,15.1
27811,1.0,22.41
5825,1.17,15.61
23998,1.92,25.29
6398,2.38,26.3
34087,2.05,35.78
10403,2.26,
44679,2.9,
5161,0.18,24.89
7772,4.05,95.99
41800,1.54,14.21
18552,7.35,90.79
29402,0.7,17.27
47991,2.35,23.49
225,1.14,
48719,1.31,15.54
39136,1.28,39.82
27533,6.41,91.02
8673,1.67,32.03
40091,2.12,14.16
7082,2.2,7.82
20832,0.3,16.91
45656,1.21,
31969,2.41,24.71
43344,4.48,76.7
18461,0.87,19.01
22646,1.57,20.51
34217,,19.96
40995,1.68,11.31
37162,1.99,20.95
32482,2.01,18.14
18042,2.57,24.93
15730,0.55,18.01
30977,0.68,29.29
22859,4.47,78.05
39155,5.18,83.11
7092,,38.43
18693,0.82,25.87
261,0.69,18.94
2000,2.28,28.0
36128,2.48,36.12
1189,1.49,
22469,3.0,
5684,1.9,35.39
3870,1.04,24.56
6905,0.85,13.86
19118,1.21,32.69
36162,3.52,23.74
7554,4.71,28.94
21580,1.76,25.23
2926,0.89,
2813,1.87,40.86
38564,2.02,26.38
7200,0.33,24.01
12424,2.04,33.61
9758,3.79,28.3
41304,3.65,
46231,3.4,24.79
30891,1.48,5.18
40300,0.91,52.199999999999996
197,0.67,17.18
48821,2.43,30.1
42381,0.96,24.73
40036,13.32,6.93
19259,3.35,22.79
28368,3.49,12.12
18817,2.51,32.9
35016,0.87,20.42
33670,1.55,10.26
44544,,20.95
9024,0.33,12.73
44367,3.15,25.55
17684,1.36,26.3
34639,0.72,28.06
19416,0.76,17.05
44107,0.75,14.2
5982,2.45,26.68
21275,3.11,13.89
684,2.87,23.45
2953,,23.23
22752,2.39,
46947,0.74,13.55
2341,1.88,14.69
700,0.45,
2966,2.75,22.97
37430,1.24,19.24
48104,6.41,
31504,1.46,28.52
25148,,31.6
42978,1.78,21.75
11370,,10.82
9301,0.96,34.02
48008,2.38,23.83
46084,1.25,18.52
6581,2.65,22.59
12332,1.85,77.475
31993,4.07,93.01
8201,1.07,18.42
31695,1.86,24.28
11331,1.48,18.08
13834,,
28830,1.59,28.66
11677,3.47,19.99
24606,1.14,19.44
47762,1.2,29.15
9155,1.51,
9801,,97.58
17207,2.0,83.37
12253,1.7,3.44
19779,0.93,16.14
16570,,27.3
33923,4.19,20.39
4403,1.04,31.02
22839,2.84,29.76
26401,1.51,19.39
35821,1.19,12.69
26158,0.92,22.45
42502,0.76,26.27
45008,2.23,22.15
5399,2.21,32.3
11593,1.76,37.57
29119,2.19,18.37
40903,4.07,73.92
45494,0.54,15.17
8557,1.96,20.1
1570,1.92,30.38
9613,,21.26
40197,4.25,96.53
11336,2.29,19.88
44922,2.09,38.59
27689,0.9,25.35
7562,4.16,67.95
11622,2.66,17.71
32076,0.67,36.22
49604,0.76,
21986,4.08,30.25
38137,1.53,26.38
10878,1.17,15.65
9326,2.15,29.47
49071,0.93,24.5
46100,0.13,19.42
45349,0.81,17.27
27934,3.27,31.03
17412,0.89,10.41
30952,0.56,24.21
5533,1.28,23.18
27717,,15.56
26731,3.45,22.93
27,1.0,32.22
26501,2.77,24.96
41605,0.79,25.11
16664,4.23,83.84
49763,3.83,9.43
23774,0.79,17.67
46346,1.75,18.44
20340,0.7,10.08
15425,2.7,23.41
29480,1.85,17.84
39110,,23.41
3193,1.09,19.26
3430,1.93,78.08
12157,0.91,19.93
38088,0.42,18.94
26662,1.95,15.16
25560,2.08,15.12
16038,0.35,20.53
3678,0.61,22.68
36657,0.71,16.6
1048,1.61,18.99
19066,2.96,36.39
48468,2.81,15.95
3517,1.29,27.34
33679,0.65,23.77
37908,2.0,14.34
42704,0.66,
1318,3.09,27.98
45268,,77.82
22019,1.45,20.25
7613,1.36,39.09
46428,0.87,35.52
26109,1.1,35.9
41250,1.04,21.59
45748,1.52,33.49
3788,0.77,9.9
31535,1.22,21.45
37481,1.8,24.85
49130,1.96,12.24
10231,1.78,29.62
27604,1.47,20.96
12830,2.32,25.99
8120,1.73,20.21
6410,1.19,12.41
22519,2.21,25.0
45137,2.99,26.48
23033,1.59,18.03
48740,1.33,19.9
18237,1.68,25.5
44829,2.57,17.93
4080,3.12,73.64
24868,1.57,23.22
43102,1.58,26.81
33113,0.2,21.55
2368,2.28,8.81
46478,1.68,18.64
22615,0.72,
14895,1.42,12.31
29253,4.25,90.65
26850,2.24,35.54
15940,1.1,
44086,4.92,80.11
38426,1.11,26.27
42611,1.09,20.28
38588,2.12,13.07
3205,3.46,2.75
579,3.43,21.73
41335,2.53,16.64
4006,0.77,11.62
26035,1.0,25.1
25607,3.56,43.26
31905,0.85,24.63
10597,0.4,31.62
22015,1.87,22.13
43569,6.57,76.66
30790,1.78,25.58
6601,0.16,7.32
34608,1.18,25.39
27169,11.100000000000001,27.84
19715,,30.0
44837,1.16,21.14
44773,0.69,18.93
7175,3.39,25.74
4111,5.83,74.7
38446,0.77,-30.37
34552,2.08,23.75
45217,0.4,18.36
1735,2.18,
22309,2.8,17.77
17952,2.39,28.33
36530,1.08,4.33
30675,2.66,19.47
37046,2.76,19.46
29451,4.98,78.74
33227,,85.94
38974,0.67,19.46
5441,1.46,33.27
10660,1.23,16.97
6397,9.35,71.53
9578,0.98,
45692,1.67,21.87
4823,0.35,29.36
19676,2.65,25.69
13943,0.61,32.61
20620,1.61,
6935,3.6,16.89
11039,2.11,23.92
49865,1.03,21.61
12456,1.82,24.43
44932,1.1,24.91
8830,2.71,11.58
692,2.34,15.37
746,1.67,17.74
34637,3.15,27.82
29656,0.3,31.27
17990,1.08,16.21
23987,2.2,10.94
8621,0.97,21.39
48570,,25.01
16158,0.96,24.04
23049,2.34,23.12
49452,1.71,19.64
45841,1.31,35.28
2870,,15.42
2117,1.65,28.53
45176,1.39,24.61
49787,1.37,24.24
42118,2.97,18.6
40084,3.58,34.28
9537,1.74,18.8
6647,0.85,25.12
14400,1.42,11.79
37860,,22.24
3197,1.27,26.19
7781,1.23,19.0
15839,1.43,17.81
47781,0.78,-23.1
16479,1.75,
9764,5.89,87.96
17328,2.17,19.09
16365,1.1,14.14
5518,2.67,96.7
1749,2.35,35.46
43359,2.91,15.77
49770,0.26,16.69
21302,2.81,77.24
32560,1.04,25.67
18409,0.92,24.57
26915,1.46,29.54
32887,1.86,6.49
49835,1.15,27.79
26032,0.59,19.91
34425,2.61,31.46
25586,3.45,20.49
27976,3.12,20.65
14315,1.5,32.96
31003,0.95,28.34
17888,4.43,77.15
17656,6.27,68.97
13493,0.31,17.8
35956,0.66,20.72
31045,1.22,28.49
43495,1.48,27.3
27644,3.29,19.66
12577,0.68,11.57
47651,7.47,80.91
37710,1.44,30.52
28166,1.82,26.49
18086,0.5,24.93
45449,3.25,22.76
44686,3.12,21.43
29991,2.35,7.49
15346,1.01,12.07
20604,1.75,13.9
11456,2.75,28.08
35381,0.26,13.28
32578,1.97,41.25
35568,4.4,8.28
13880,0.97,16.82
4363,4.86,22.89
45568,2.87,19.71
8203,,5.87
10211,2.5,19.41
23847,1.1,17.78
6928,0.48,32.66
38526,2.17,17.9
23880,1.55,24.45
48193,2.12,33.28
65,1.62,30.06
27807,4.04,94.77
23372,0.81,15.56
17556,6.97,79.92
14730,1.56,27.79
6724,1.47,81.97
46180,1.17,21.5
44342,1.95,19.95
6400,0.98,18.32
7593,6.86,69.25
2229,1.64,
26517,2.23,11.42
39389,0.95,25.45
38483,2.57,22.69
12212,0.75,13.57
40927,1.4,
17841,1.01,41.39
45859,1.01,26.1
26753,1.15,15.27
34580,2.04,22.31
40638,1.38,29.5
30423,1.63,24.3
5500,1.38,13.5
5443,1.53,13.17
801,0.66,23.16
48551,1.1,28.87
14988,3.31,34.75
12826,2.12,14.18
48481,0.97,13.61
9491,0.93,10.13
2764,0.81,22.24
32581,0.47,10.63
10594,1.97,24.51
13731,0.67,20.69
27759,7.63,78.56
22384,1.98,25.77
2401,3.82,80.85
45096,3.13,10.95
38944,6.05,92.75
20602,,14.21
48502,4.03,68.95
33195,0.85,19.69
4538,1.13,-17.85
28935,2.27,35.47
5449,1.27,23.65
6789,2.01,28.47
1765,0.56,23.76
44871,1.0,25.19
22902,0.51,21.58
35220,1.29,
21402,0.37,18.69
44929,1.88,4.73
45446,2.03,27.94
16910,2.22,13.57
29191,1.64,34.26
11623,0.75,21.24
10810,1.32,10.36
27393,2.81,5.76
10790,0.49,15.18
14934,1.8,16.49
25984,2.63,21.71
547,0.55,26.91
40192,1.17,14.47
20976,3.03,35.05
35100,1.06,10.89
29880,1.14,36.34
44974,1.66,20.63
25417,0.68,17.49
31645,4.4,81.12
43999,0.75,28.07
45017,0.83,10.87
26154,1.04,16.51
3187,6.33,25.81
28995,5.79,61.67
26631,1.15,19.86
35142,0.47,19.05
36643,0.34,24.0
764,,22.15
46570,2.0,30.47
8094,,21.2
20452,1.1,17.73
23556,1.9,16.62
13793,0.69,24.2
32771,0.8,23.63
3439,1.57,19.05
38487,3.58,18.44
36248,1.52,18.88
1647,4.08,30.59
49480,3.43,16.83
4259,0.78,12.19
39627,0.87,29.85
20830,3.09,30.13
10117,0.65,17.41
28576,,34.27
45097,1.46,12.76
2041,,6.89
47012,1.22,10.37
1624,4.65,20.79
8490,1.97,28.12
19442,2.19,31.62
1400,1.49,28.66
16541,3.73,32.16
17988,0.98,20.14
37536,0.73,22.27
47526,2.15,29.72
10345,1.46,35.62
49952,0.53,16.49
41451,1.34,5.41
13096,0.67,1.03
41071,1.26,19.69
28069,3.73,9.6
21700,1.74,14.61
23085,1.69,24.69
4799,1.57,19.29
22542,,17.94
48526,1.06,18.18
20407,2.63,27.22
40328,3.82,71.0
20435,1.24,20.59
24684,0.79,21.22
22734,6.46,96.35
21223,1.05,23.95
19099,1.88,33.03
18499,1.13,22.74
38002,0.98,18.32
25644,2.04,21.01
14814,0.94,12.32
41507,3.39,14.36
10444,1.97,29.8
3463,5.23,88.54
17487,0.4,21.57
33778,5.12,64.97
45,1.58,26.63
20391,2.31,21.46
40440,1.92,20.34
48779,1.02,17.77
14737,1.05,19.42
13332,1.21,44.88
25388,2.73,
13448,1.77,12.08
6970,2.18,21.09
1357,2.73,37.34
36711,,33.93
17817,1.29,14.22
11390,0.68,0.81
31139,7.19,84.01
42148,2.96,16.04
16457,3.02,27.86
12082,4.33,65.62
27188,1.58,28.69
47736,2.23,18.62
46090,8.07,84.72
23559,0.17,25.87
37018,0.83,5.68
40423,1.96,22.46
14498,0.72,33.03
30527,5.15,8.17
3277,0.76,31.9
14640,1.92,32.18
488,2.02,9.86
8219,1.43,16.07
6325,0.83,22.53
41087,1.4,25.28
20539,1.79,23.0
19605,1.96,21.63
32780,1.46,
29829,2.4,33.22
9563,0.34,
40431,1.45,
2997,1.12,18.74
41500,1.35,28.54
2118,8.73,89.58
41744,3.55,23.99
44371,1.05,22.37
12546,1.22,24.43
31607,1.13,17.81
48194,5.54,224.85
41951,2.01,22.77
41661,3.23,21.08
42926,0.37,30.41
43547,3.46,84.35
49120,2.14,19.71
17740,4.15,20.3
37086,1.3,15.82
3936,5.66,79.75
47081,1.94,31.15
16037,0.39,22.82
47865,1.14,2.55
10007,0.83,23.16
18467,0.77,
49718,3.39,
18723,0.63,7.83
48009,2.28,9.82
9776,1.94,
13048,3.75,17.43
49329,0.64,21.59
4915,1.19,20.05
25163,2.71,
21207,2.41,24.19
34150,1.75,29.08
33304,1.45,27.04
46856,1.07,18.57
20819,1.08,18.15
1164,1.94,32.53
25187,4.37,61.43
47284,4.33,77.34
1799,1.23,15.72
9314,1.23,26.02
31634,0.74,17.64
40372,2.61,18.72
15572,0.71,30.08
14054,0.55,32.83
41885,1.94,23.01
2543,3.98,26.1
12922,1.38,15.54
18034,1.18,19.33
7483,4.5,79.79
47515,1.32,72.05
38305,0.36,37.43
19008,0.95,15.12
3557,1.95,
8502,0.98,8.3
46842,0.37,8.93
23919,,19.39
2797,1.35,22.47
25469,5.15,99.7
49860,1.28,17.74
3304,1.83,29.09
14294,0.54,5.64
45822,7.26,97.5
24869,3.08,9.68
47968,2.77,36.31
12357,3.33,80.63
24456,1.79,31.26
18257,1.9,29.61
26857,0.81,19.14
31794,0.57,5.3
30896,0.58,23.42
16619,4.11,22.71
21526,0.93,15.14
18860,9.99,79.51
15860,1.39,
49421,0.87,34.94
16029,4.07,86.6
41721,2.68,27.37
31053,0.28,21.0
23808,3.79,31.67
6344,2.44,10.35
3232,1.49,16.66
41120,2.43,15.43
36506,1.96,22.41
21147,0.68,39.37
12754,3.24,22.77
34395,1.65,
23416,3.18,21.4
44426,1.76,14.5
33885,2.46,28.0
9991,0.3,22.16
31887,1.7,21.3
36534,3.36,18.02
40152,1.93,24.26
12882,1.45,33.03
49031,1.06,18.48
48796,2.85,24.71
35186,1.87,
23381,1.39,9.09
11180,2.17,11.51
4467,2.51,
29877,1.71,29.55
27603,2.23,20.63
29602,1.46,17.56
32364,0.74,9.24
39954,5.44,89.26
33732,2.7,15.06
39900,2.76,91.63
13249,,19.14
10841,2.55,15.59
21268,1.51,15.67
17139,4.85,29.45
28398,1.71,26.61
30846,1.61,22.87
26867,3.07,11.73
35096,1.39,14.17
23605,4.36,88.35
40067,4.54,32.65
39773,2.18,14.51
17870,1.53,31.84
5272,3.03,29.28
31581,0.44,29.37
28645,4.07,23.79
11030,0.6,27.45
8989,1.03,25.24
9890,4.82,79.6
3670,1.1,15.17
26089,1.07,14.53
38633,1.42,8.53
1630,2.49,21.44
23369,0.7,21.99
19405,0.41,
30584,2.21,
10437,0.95,22.7
30598,0.77,19.6
24587,0.89,32.82
21618,0.33,
26266,1.15,6.17
15508,4.55,93.69
34945,2.66,32.22
44498,,22.09
40645,1.41,42.11
34877,1.18,18.37
44635,1.77,15.89
33145,1.42,21.56
6770,3.26,79.85
25972,1.82,22.22
25723,1.9,27.04
1910,,37.68
37405,1.29,23.19
4531,2.17,17.33
35916,5.8,72.21
5440,1.7,19.44
40852,1.68,23.42
41462,1.42,18.29
8945,1.51,18.05
29596,1.66,25.48
19146,1.42,23.14
44279,0.75,29.64
2231,0.98,39.53
2127,1.31,19.51
13357,2.15,11.82
14767,1.67,14.63
6525,1.93,33.65
15776,1.68,20.1
43791,,96.08
47308,1.76,19.71
44576,2.63,87.84
20321,0.85,28.93
22996,4.46,91.46
7035,1.8,21.87
4606,1.42,32.04
186,1.2,8.02
13845,1.72,18.28
19586,0.77,19.54
12878,1.9,30.16
9926,2.11,14.93
29644,5.3,88.76
29746,0.63,12.63
11210,1.49,7.93
27214,2.2,38.63
37530,1.26,18.54
38591,0.99,12.85
19227,1.32,22.55
10451,1.71,34.93
24497,2.84,22.32
2115,1.62,27.73
46995,1.61,24.91
6768,1.96,34.66
42472,0.87,31.4
11675,2.72,31.74
49873,4.52,78.09
39671,0.71,9.25
19070,,15.65
29432,1.49,22.6
16214,2.54,35.06
31595,0.57,30.82
9538,1.41,
10257,7.13,89.17
39167,1.5,81.17
1153,0.58,35.65
22434,0.93,22.11
30898,7.72,70.21
43870,1.53,32.47
8718,2.16,
26257,3.15,19.12
33105,1.59,2.15
31269,9.02,81.73
22444,3.28,20.35
24955,1.57,11.54
8140,3.1,
48669,1.76,39.29
14412,1.05,23.09
33621,3.43,
25056,2.93,89.48
17638,1.06,30.88
16857,1.85,14.24
30779,1.61,25.87
12898,2.68,25.83
339,1.27,17.94
14328,2.87,94.18
17061,1.62,
1257,6.03,76.78
9135,6.08,79.83
47175,1.15,24.89
14945,4.47,38.05
32947,1.72,
12330,0.39,18.83
37588,1.27,7.39
31914,1.07,24.41
35289,3.0,85.67
3722,2.71,19.53
170,2.9,22.67
20119,1.24,20.18
49605,2.51,
21654,2.0,35.88
22984,1.35,22.9
5125,1.02,18.95
20346,1.06,25.19
42610,0.82,10.12
43973,0.97,33.07
16862,0.94,24.98
31098,1.73,16.63
45081,5.31,93.17
40795,1.3,21.89
5529,2.15,16.47
16124,1.32,21.21
7915,2.83,12.79
38459,0.63,26.12
10320,6.08,90.95
21623,2.11,14.35
48130,1.47,85.05
3933,1.03,23.16
20372,1.73,29.17
21430,1.51,13.33
6646,0.69,29.71
38238,,15.52
9983,2.01,20.46
18946,1.28,17.86
41206,1.63,11.5
27702,1.73,41.89
8255,2.29,
34457,1.18,23.22
41079,1.1,79.23
46334,2.22,38.81
31793,1.69,
45417,2.98,72.29
3603,3.43,-16.13
37071,3.28,82.54
9212,2.48,79.55
2500,1.77,20.16
81,1.01,21.44
26208,1.24,20.87
47159,1.88,29.72
19441,0.54,15.0
17866,1.41,15.66
38656,1.1,2.91
34343,0.81,17.26
18639,3.61,15.1
2031,1.95,16.25
36626,2.2,29.22
29954,1.11,27.2
37874,1.99,14.3
41165,2.53,21.5
19339,1.53,22.1
15328,0.85,16.02
2728,1.49,32.58
29335,0.96,13.4
29758,1.14,27.02
33975,15.78,
35724,1.44,12.68
40912,0.94,33.07
19496,0.48,6.78
44753,0.34,21.98
23223,1.71,29.58
46793,0.82,14.05
20757,2.09,22.6
37967,1.73,20.59
15523,2.92,81.08
29653,0.59,19.56
15317,2.7,38.73
9101,2.27,17.64
21018,2.27,17.08
27718,1.15,16.47
748,2.86,33.94
48055,9.29,86.83
2553,0.45,28.9
24811,,86.11
38871,1.22,15.19
15668,1.83,10.25
23515,1.15,
29069,1.72,9.74
48227,2.27,18.81
16239,4.19,94.98
47786,2.89,29.86
22860,1.39,36.24
15027,1.76,29.65
37799,1.31,28.29
45762,2.01,21.81
1768,2.94,29.84
32064,30.06,84.13
16079,1.66,31.23
43430,0.41,23.41
26155,0.22,24.73
11686,1.36,12.49
5709,3.49,14.95
7279,0.75,35.03
29285,0.53,14.36
13788,2.83,21.61
44883,2.6,23.48
29609,0.78,35.46
28290,1.04,30.62
31650,0.7,22.41
49877,4.16,14.38
328,1.87,11.7
6841,2.23,16.95
10855,0.95,21.67
14014,1.14,
49522,1.26,24.21
1872,1.57,24.26
26615,6.45,48.175
28789,5.5,82.08
31158,0.76,27.25
49962,0.9,
44465,2.83,20.05
38879,4.36,85.66
13348,1.73,16.12
23568,2.51,29.74
49179,0.48,13.28
41734,0.76,18.44
13069,1.92,31.67
18090,2.07,16.63
43276,0.97,27.7
8875,2.14,33.43
38976,0.74,25.51
39920,1.51,11.82
21363,1.27,35.64
25835,2.76,30.89
19692,27.42,23.98
23616,1.68,22.17
11729,2.38,
5595,0.69,24.49
49808,17.88,25.95
17295,2.2,8.5
10281,1.23,19.17
30917,2.2,30.36
14188,1.63,
17107,0.84,23.77
46633,5.98,63.72
23617,0.5,18.39
5324,1.23,30.14
44998,1.19,30.16
7394,1.17,34.46
43964,1.74,27.03
35495,2.38,33.71
9650,1.19,21.95
20332,1.52,17.23
29040,4.35,77.66
18444,1.61,26.51
15010,2.94,27.5
21347,3.06,18.25
16861,0.1,14.89
25956,1.12,28.46
28429,4.45,32.4
21264,1.52,15.34
24822,1.8,20.41
38124,0.78,30.45
47027,1.76,19.8
46944,1.1,22.92
20986,3.57,14.87
11120,8.16,24.3
36979,1.29,25.51
3288,0.86,
19463,1.43,24.31
35559,2.36,16.87
8027,1.74,21.29
22412,0.59,28.03
32938,1.09,12.56
9939,5.67,18.02
16709,4.63,97.87
42853,1.07,17.11
34459,3.26,95.41
6688,1.53,30.46
1113,0.2,10.07
6145,1.91,20.71
39106,0.97,22.61
44117,0.75,23.61
24115,1.86,18.26
23891,1.78,13.14
37787,1.38,16.14
15621,3.47,36.09
19301,2.06,14.75
34764,0.63,14.46
25375,0.62,10.32
31438,1.85,
37554,3.65,74.49
15013,1.97,24.5
4853,0.92,19.96
20841,1.34,28.47
20349,1.95,15.77
27695,1.47,26.4
5864,1.18,30.97
35245,5.32,
23839,0.95,28.4
13620,10.5,87.29
38522,0.97,
17793,3.51,84.89
8824,0.96,29.01
7547,0.64,16.84
46653,1.65,25.63
2350,1.83,20.06
16704,0.62,
15417,,78.07
30373,1.91,29.52
42793,2.59,6.31
35187,1.64,38.62
26463,2.14,29.16
35671,2.08,26.03
21662,1.5,38.16
3367,2.12,14.21
40768,1.03,12.79
30004,0.48,32.01
10034,1.66,30.65
9453,1.1,22.46
4623,0.43,9.07
34008,2.8,38.23
14297,0.51,31.89
44694,2.62,14.8
37163,1.68,35.22
35386,1.77,8.06
10086,2.93,31.05
21723,0.88,14.84
27449,2.07,29.97
11203,2.52,22.4
5212,3.11,38.75
5790,1.44,9.55
37085,3.02,212.8
8894,1.87,13.049999999999999
39700,1.35,23.08
12717,1.27,36.14
17110,1.49,30.71
1372,1.22,24.03
47551,0.77,7.23
32419,0.88,16.13
2017,1.53,30.27
36135,2.32,19.98
19021,2.28,19.58
23951,0.85,32.28
17692,0.38,
43559,2.08,10.31
4047,5.34,85.87
47215,1.84,20.68
6572,2.61,22.66
22561,2.05,15.32
37252,3.64,90.26
28913,3.28,13.54
20087,0.99,25.49
34744,1.16,39.06
1750,2.71,61.06
36156,0.42,
32730,3.27,
22343,3.51,188.9
19374,0.95,15.87
40017,0.68,18.34
18752,2.11,12.33
17177,0.67,22.39
45038,3.52,
9600,4.76,86.7
33660,3.76,
48553,1.05,17.72
30967,0.72,28.67
18528,1.32,22.99
4524,0.44,25.38
6702,1.2,26.55
36584,2.18,17.95
7453,2.27,
30073,,15.6
48410,10.86,26.75
43846,4.29,7.36
6367,1.07,29.05
14267,0.75,13.46
3223,3.88,68.95
45544,0.81,32.81
22131,0.22,
25981,5.87,88.1
10097,2.1,11.3
49713,0.95,21.21
9433,4.51,80.63
41875,1.38,14.13
11396,1.63,16.59
38370,0.7,18.44
2892,2.3,14.25
34300,1.71,29.79
9825,3.34,16.79
46634,1.7,27.96
30893,2.01,16.78
41106,2.29,28.26
23545,0.54,33.56
40337,1.96,35.41
39854,,23.72
45377,1.75,22.5
35923,0.59,15.73
24402,1.33,22.33
36928,6.27,81.66
41178,3.86,22.13
36146,,23.52
2948,0.97,8.07
42673,1.38,-28.59
21013,3.6,94.73
11161,,97.47
18595,2.91,20.2
22338,4.86,29.2
17080,0.65,15.63
45792,4.16,17.4
1976,1.37,30.76
14478,3.02,
10265,1.39,27.29
23408,1.62,
2492,1.89,26.59
4870,1.29,42.53
33601,1.21,30.78
12531,3.13,6.81
45170,1.24,25.5
32278,1.98,20.94
44733,1.06,
19476,2.37,19.03
26676,2.93,23.66
14482,3.2,23.13
25292,3.5,84.55
22849,1.82,20.21
7789,1.89,25.81
34545,0.93,24.5
30657,3.67,23.24
8313,0.22,28.92
5882,2.18,93.88
6904,2.18,26.1
48090,0.73,25.38
1421,2.35,28.57
48521,1.76,11.26
9191,2.06,23.09
31134,1.52,
16966,0.73,27.34
4105,1.71,11.57
6527,,23.87
17274,5.42,94.58
41225,2.68,
9457,4.92,23.36
13162,2.99,43.19
40110,1.39,16.96
39188,1.16,16.9
20786,3.26,30.33
16123,1.67,
29715,1.59,28.63
32565,1.34,22.39
6108,1.52,81.79
10573,1.87,22.6
19529,1.07,14.18
12711,2.66,
12828,2.04,34.95
17232,2.49,24.23
21234,1.42,19.02
37136,1.45,12.44
29994,1.76,11.31
1141,,33.91
13061,2.05,96.62
26199,2.07,26.75
10944,0.86,29.15
22288,6.300000000000001,18.88
46848,1.18,21.9
36142,2.27,12.19
45602,,26.32
20185,1.08,23.62
8114,0.48,24.27
6965,3.01,4.72
37765,1.66,24.19
48401,4.48,
25696,4.37,29.79
39486,3.29,7.89
31097,1.19,18.69
46372,4.15,92.42
21575,2.73,15.39
24628,1.24,35.4
22555,2.0,25.14
43151,1.08,20.74
35329,1.39,20.75
12942,0.38,13.43
27622,1.22,12.37
6444,1.28,15.65
2732,2.11,27.58
33147,2.85,16.95
39605,1.23,27.83
20272,1.77,20.3
11386,1.29,13.42
4645,1.3,5.31
34749,0.93,31.98
21087,3.96,33.93
7810,0.94,10.04
7008,1.35,27.57
7578,1.87,34.6
8091,0.95,18.3
164,0.55,22.14
20582,1.64,22.33
11450,1.19,28.63
34044,3.48,40.34
9169,2.54,14.93
32059,2.31,27.19
44888,3.58,25.25
11234,0.79,10.66
43506,3.01,24.9
40381,2.8,22.6
10720,0.62,23.58
15718,1.7,
46119,1.25,22.51
18707,1.56,20.66
32183,3.48,85.2
39587,0.75,31.8
20164,0.86,31.2
12083,0.34,22.85
549,0.65,13.45
2411,0.93,28.12
26936,0.75,22.73
6761,1.76,18.12
46198,0.87,
18208,1.15,10.7
35778,2.78,74.91
44863,0.95,25.95
9885,0.95,0.89
30212,7.41,82.39
19126,0.87,19.34
3759,,11.03
28288,0.92,17.61
8697,1.47,24.63
16832,1.72,9.04
2729,0.92,43.24
5282,1.68,20.48
30511,5.53,
27276,3.17,34.53
4489,2.74,18.84
11742,2.62,22.4
1142,0.97,27.69
30126,1.8,23.74
40511,1.77,50.1
42896,2.24,12.26
38887,1.72,29.88
15622,3.08,18.04
10363,5.41,84.09
48397,0.45,18.02
22164,3.08,29.59
6687,3.19,17.69
16011,6.55,75.83
44815,3.05,25.06
22653,12.299999999999999,36.84
22640,7.68,75.4
12022,1.62,16.65
35569,2.27,36.16
37083,0.68,25.03
7555,1.97,20.58
18201,0.59,34.31
4285,1.13,22.31
22746,1.52,31.44
43953,1.1,25.31
22130,0.84,26.22
36189,1.3,17.5
12076,0.99,18.82
30755,0.96,
41711,0.29,28.64
36808,0.74,11.27
6700,0.36,27.97
28028,1.49,13.27
47040,2.12,17.84
9132,1.63,23.59
23972,,23.95
21655,1.01,23.9
12952,0.87,30.75
49905,1.08,21.31
2866,2.93,24.18
36610,1.53,8.86
15029,5.44,18.44
25590,5.25,22.39
23117,2.35,11.57
31765,3.3,20.74
8330,0.95,27.37
4015,1.69,30.66
48370,0.82,17.59
6207,,22.83
44526,2.46,18.82
43612,1.03,
504,0.81,15.87
39367,2.01,24.84
21393,3.19,70.88
9234,3.2,16.72
37755,2.09,90.19
1025,1.99,3.34
30408,1.11,37.24
5573,1.38,44.18
10420,0.3,22.87
43737,,22.9
5704,2.06,21.02
35173,1.42,40.71
3247,1.65,18.91
41524,1.48,18.87
9268,2.49,11.47
19236,1.98,82.23
33512,1.48,14.51
44457,0.95,20.81
35627,3.83,84.46
33296,1.14,18.01
40841,,88.94
45883,0.87,
15697,2.44,14.33
10395,0.91,22.22
33721,2.22,17.53
23969,2.97,85.96
37557,2.5,24.15
44687,1.13,11.96
49781,2.19,21.21
18725,1.09,17.35
21132,0.39,16.37
44423,1.94,14.14
47767,2.47,13.47
46925,2.83,75.025
47773,,14.81
27923,1.71,32.4
9393,1.81,19.07
35444,1.25,16.76
44892,1.64,24.34
44984,,15.76
39547,2.67,16.77
30679,1.93,1.96
36328,1.88,26.63
13913,6.84,86.73
22399,2.21,19.93
37667,0.87,15.61
34045,2.19,24.54
3655,2.32,46.46
46529,2.74,28.46
17676,4.52,82.93
3876,1.91,32.86
27637,0.39,33.1
22588,2.93,21.24
28230,1.33,21.27
22906,1.18,21.21
29736,4.49,22.91
21367,2.02,29.49
9449,1.51,27.52
12217,0.91,15.05
8701,4.55,91.34
10968,1.36,21.91
43111,2.56,84.93
13511,2.94,27.03
48852,2.18,19.97
1428,1.78,28.72
364,1.74,21.8
811,0.73,82.05
42343,,88.53
102,2.68,28.03
1644,1.65,25.78
47088,0.48,26.68
12276,2.19,19.52
15219,1.97,17.98
43777,0.45,24.43
37898,1.43,5.52
32550,,32.08
13444,0.87,34.84
35474,0.44,2.36
34869,1.64,
43975,1.99,10.63
10253,1.4,30.91
16697,1.37,36.27
22000,2.6,20.89
165,0.89,17.46
40359,9.64,76.05
42385,0.56,19.0
21751,2.34,28.83
7956,2.27,9.79
32254,1.78,24.45
17008,0.8,29.87
1224,2.98,15.62
47846,,10.67
6236,3.4,71.52
15092,1.39,25.33
11640,0.98,27.57
37074,3.39,16.34
31799,0.89,
21067,2.04,27.27
42036,5.54,30.49
3064,4.03,18.84
21420,0.96,21.79
40865,2.98,7.12
9616,1.84,27.02
32728,2.93,5.16
25409,,12.01
22642,3.15,17.77
15720,,23.78
17236,2.43,
25074,3.56,91.61
13160,3.44,87.31
671,1.58,19.52
2588,1.29,12.74
8288,,26.08
40443,1.25,28.81
31575,1.74,28.25
43965,1.54,14.21
22812,5.13,20.93
49930,1.34,28.49
43805,1.27,44.26
21176,1.59,24.48
3225,1.08,19.74
9385,1.14,19.53
17942,2.01,31.5
48267,,
41204,2.87,
3264,0.63,24.75
18849,0.86,16.4
45342,1.29,17.82
1382,5.01,5.97
36685,1.46,14.45
229,1.73,25.82
12854,2.14,24.86
25852,0.84,15.42
24979,1.6,27.21
41358,2.58,17.21
12036,2.71,27.68
48579,0.67,32.11
22121,2.39,16.71
15987,0.79,19.28
7870,,87.21
30289,1.92,18.0
34296,4.87,1.32
1607,1.7999999999999998,25.53
49429,2.74,21.8
47883,1.93,38.04
45964,3.31,14.87
37477,1.59,31.69
27753,0.95,35.18
19061,2.29,21.5
38880,0.42,11.59
26555,2.6,21.05
31546,0.6,21.09
16148,0.27,22.25
14528,0.42,25.12
44808,1.5,16.17
29984,1.28,9.89
41794,2.52,34.17
46650,1.37,15.45
31109,1.43,
38045,3.04,8.46
22057,1.47,
42403,1.74,13.84
10947,1.74,29.1
22371,1.87,14.79
11,1.3,27.61
39884,1.52,19.58
1197,0.35,37.41
26055,0.23,16.21
48201,1.14,30.87
43894,1.44,30.51
24826,2.54,16.32
30740,1.71,11.9
4159,1.02,31.03
31727,0.73,28.02
43388,0.7,13.25
23220,1.16,16.42
27746,1.55,32.51
7738,1.55,
2116,1.31,15.43
32854,2.12,21.38
8268,2.62,31.41
5403,,35.4
42015,0.9,22.73
30941,1.42,13.98
41934,2.34,35.19
42303,0.84,19.39
12422,2.26,20.99
11944,1.41,33.38
32473,0.87,27.51
26697,2.13,19.12
41840,1.68,14.85
227,1.85,15.49
17020,1.25,18.03
43755,1.59,28.36
48498,0.8,14.82
31336,1.41,12.15
17358,1.86,26.8
43798,0.99,31.12
27146,1.63,20.85
20101,2.7,
14268,2.46,81.5
22190,0.38,27.49
7924,5.49,76.4
14166,2.67,16.63
45744,1.36,8.16
38695,1.07,8.0
16144,1.74,13.09
30210,1.6,18.76
5641,,20.52
3366,1.79,18.98
42411,1.16,2.68
30992,0.69,12.26
40595,1.71,30.88
22337,5.07,33.29
25510,0.58,23.25
20465,1.37,27.84
26797,1.98,32.78
24348,1.66,1.84
8874,5.51,72.4
30466,0.64,13.05
15389,4.35,78.96
17214,0.68,18.54
10240,8.88,75.35
23579,1.43,36.54
1717,,19.71
34996,0.32,
37572,1.03,
10543,1.52,22.66
23958,0.74,18.26
12899,2.64,34.15
27754,1.1,32.04
36298,1.14,
672,1.38,18.27
14088,0.96,8.83
36710,0.61,16.63
13784,1.39,14.81
36249,3.26,0.0
21789,2.1,78.95
39078,1.74,17.63
24338,5.49,87.82
15466,0.24,16.8
25177,0.79,17.59
47287,,90.475
22885,5.14,98.06
39971,2.12,29.38
46915,1.32,8.44
10220,3.52,18.61
5754,3.11,23.7
38533,7.66,69.04
22721,2.56,-34.89
26619,0.98,31.79
23367,,10.69
40809,0.97,26.52
20129,2.44,26.6
48805,1.78,16.99
18577,2.22,28.87
8547,1.54,26.58
44756,1.09,18.09
14080,0.96,31.59
40985,1.66,13.21
41011,3.22,30.41
28731,2.12,35.23
14310,0.85,26.74
472,0.67,42.66
34748,1.94,26.58
38672,3.82,75.69
2724,1.49,26.45
41285,0.76,38.24
22625,1.4,5.25
40008,2.0,13.07
46271,1.64,25.08
49348,1.29,13.46
13506,0.86,29.53
20722,0.32,29.2
20137,1.07,9.64
3619,2.53,15.5
39161,2.36,80.28
8483,4.77,89.77
25732,1.28,5.02
31685,,25.15
33578,,60.8
45589,,
17352,2.09,35.45
28202,0.27,23.22
35886,1.13,23.79
8404,0.8,25.2
19774,1.48,32.88
48649,1.64,7.23
26873,2.29,24.28
42902,6.55,80.85
19826,1.62,14.99
45802,1.37,20.66
4155,1.82,18.01
18635,1.19,28.6
31592,1.01,27.94
21876,,81.58
31005,2.28,21.77
4447,1.56,
8372,2.7,19.0
40877,1.91,20.23
37115,1.78,15.4
45373,1.01,16.93
48404,0.89,17.63
25195,1.07,28.81
33301,1.71,27.73
19872,2.57,16.36
11225,,
33358,3.37,23.62
33707,2.75,8.29
23432,2.55,21.69
22176,0.58,13.3
9204,1.35,16.78
26277,2.21,15.62
18653,0.95,29.85
7257,3.98,28.71
16825,,25.92
38287,1.97,18.23
14999,1.53,22.5
2649,3.96,12.36
34739,3.67,83.82
37507,0.88,35.3
42237,2.26,13.18
17372,1.34,35.76
23424,2.32,19.37
46158,1.4,3.33
1353,1.47,30.13
28700,2.69,24.34
44294,1.19,21.43
29304,1.18,25.11
17764,2.08,38.81
40599,1.95,11.39
27900,2.71,22.25
26399,1.08,
40909,1.49,
27241,1.71,12.41
16425,2.47,
20225,1.4,24.67
24785,2.72,29.56
18588,1.71,9.87
22251,1.62,13.33
5654,0.47,23.31
26751,1.77,21.06
23549,0.68,23.71
37398,1.81,38.47
32751,1.31,7.68
32285,2.97,29.95
43773,0.95,26.23
25347,1.18,
19083,2.0,2.89
42184,4.0,11.65
21551,,11.71
24143,0.92,
20189,1.42,25.55
40577,5.74,76.45
49955,1.39,25.28
36865,4.14,74.84
47360,2.21,
3061,1.84,26.9
11251,,36.78
49842,2.04,7.25
13840,0.86,31.93
35068,1.33,37.31
7042,1.79,29.46
32610,3.04,
5071,2.25,25.89
3466,1.02,9.69
34917,2.07,18.69
36903,0.84,24.75
9412,6.0,15.03
40270,0.54,32.22
99,0.81,24.76
39158,1.4,19.14
44416,1.68,
7429,1.09,29.23
17037,1.27,23.75
26416,1.05,22.42
45973,2.32,12.59
23025,0.84,22.94
15734,1.5,27.07
34041,0.54,14.3
9957,10.59,
25581,1.5,26.17
48485,5.01,29.61
35555,1.78,25.32
28771,1.34,23.23
32776,2.35,17.19
40142,2.14,5.68
30760,3.58,19.98
34254,1.03,16.04
10870,0.9,41.95
49292,1.53,25.33
17799,1.06,15.66
5171,1.23,20.67
11057,0.88,33.66
26326,1.12,27.0
11029,2.44,25.53
35952,3.13,93.91
35004,0.58,30.26
20730,1.66,7.18
28472,0.22,22.89
5885,0.82,22.57
32466,2.34,28.55
33207,1.82,10.78
11247,1.43,25.63
7290,1.63,21.83
14968,1.51,12.6
3259,1.54,28.22
19223,0.29,44.66
34330,3.78,21.14
16592,1.34,16.29
5742,1.27,21.64
19367,0.7,28.99
39789,1.08,26.74
8622,1.98,33.28
4692,1.93,32.01
33567,2.83,
24642,1.47,15.37
30571,0.87,18.22
26554,4.35,85.89
49323,1.2,17.17
6081,6.48,98.82
40906,0.96,25.99
46298,0.61,3.86
9918,1.85,5.77
37940,1.24,12.48
20709,1.97,35.86
22923,1.58,
47187,1.56,17.96
28297,0.24,30.15
12946,2.47,14.5
29385,4.31,17.9
24154,,28.81
13363,2.07,25.19
26202,1.01,25.35
10847,2.73,16.06
45277,1.74,17.12
2424,5.21,96.79
10417,0.47,26.05
21896,5.13,81.97
9382,3.12,80.33
17920,2.48,32.89
6306,1.87,11.98
32046,2.12,22.44
44293,2.94,25.26
19277,0.7,20.54
6961,3.37,23.06
31356,2.42,14.29
23619,0.51,32.8
41563,1.09,14.32
49185,1.1,28.26
24441,3.74,27.15
37854,1.77,23.88
28469,0.81,35.38
43620,1.18,
9383,0.3,16.24
34310,0.92,17.95
829,3.28,16.75
44219,4.56,85.01
13024,2.17,
49730,1.73,13.81
20466,1.8,25.2
39039,1.6,24.92
13649,3.42,77.34
40141,0.62,20.82
1840,3.49,92.21
15220,1.21,21.89
42799,2.08,26.6
3789,1.38,25.44
14845,3.65,29.32
7959,1.0,13.57
45139,1.08,20.28
27833,1.04,29.26
8202,1.75,37.76
30991,,4.89
12491,2.38,6.26
41179,2.05,22.75
7888,2.37,27.63
8781,1.2,
35287,1.1,32.53
40911,0.95,39.9
42988,2.63,17.84
18642,0.74,16.08
28695,2.21,25.38
27778,1.24,20.61
38774,1.56,14.36
6046,3.71,16.25
6164,1.38,13.05
47649,3.64,22.93
28592,0.56,28.31
22305,2.3,31.57
11883,2.81,40.29
30764,1.39,20.26
49315,1.42,25.52
38529,3.99,28.66
46731,1.17,22.66
36226,0.64,26.0
17127,3.81,13.27
46763,2.77,9.97
12221,1.69,12.55
38452,0.82,28.01
35875,2.97,18.26
282,2.35,19.81
25771,0.62,24.89
19022,0.99,15.77
43626,1.94,20.21
9094,1.87,19.08
31417,1.03,27.66
4271,1.62,16.12
11356,1.7,12.22
34940,0.89,20.35
39641,0.9,20.41
31071,1.09,26.64
29384,,15.88
27167,1.69,16.1
4647,4.87,93.01
28418,2.28,69.86
5975,1.79,18.05
13711,3.04,74.66
35940,0.69,21.16
21989,1.08,32.71
35554,2.59,77.87
37059,0.56,13.27
33638,3.01,15.84
36660,1.35,20.39
13435,1.95,
29809,2.33,31.09
18337,1.9,23.6
4797,3.22,78.02
7610,1.55,19.38
23790,1.92,29.31
6757,1.0,
27936,2.1,19.5
23778,1.65,21.8
4184,1.09,40.96
16473,1.28,21.16
25390,2.11,22.59
42854,1.97,
39350,0.56,16.16
34142,0.96,17.02
11256,0.65,26.8
498,1.19,16.95
819,1.06,30.17
33508,1.37,27.59
42701,1.26,19.56
2442,1.25,18.57
16982,0.59,29.19
47831,2.56,23.6
6429,1.38,20.28
35292,1.09,11.78
25346,0.98,13.29
8555,2.56,19.14
17216,2.55,
9810,1.77,12.7
32986,1.38,26.92
18350,0.95,29.84
48212,1.14,10.79
22418,3.89,83.04
33332,1.19,6.8
46176,0.56,16.56
7601,0.41,35.21
18244,0.42,8.95
38443,5.74,82.5
33827,2.46,16.53
12476,0.25,
6061,0.98,26.66
49032,0.94,8.76
47460,2.19,27.5
16490,2.3,14.41
39557,2.91,26.42
31941,1.91,28.84
23716,2.21,30.26
27017,3.32,89.89
29012,1.54,27.23
12957,1.6,26.6
45833,3.37,9.41
32333,1.5,25.7
45366,1.29,15.97
30272,3.4,12.51
18972,1.15,22.23
28231,0.73,22.24
34090,1.85,29.5
32304,1.49,26.72
41104,2.07,30.76
43059,1.58,21.38
38922,1.59,29.18
37208,1.13,23.54
10043,,33.85
7133,1.58,35.44
46827,3.39,88.64
25456,1.02,19.97
634,2.22,31.18
648,4.17,21.11
14574,3.37,27.33
35577,2.39,30.06
11639,2.44,12.1
22477,1.19,19.45
45271,1.5,
1755,0.81,12.59
28629,3.65,17.93
38310,0.65,34.36
16763,0.72,14.73
48694,1.31,15.4
24391,5.51,91.88
33198,1.54,22.11
22669,2.54,33.59
22581,0.27,35.21
26409,1.91,27.25
5011,2.22,43.23
27698,2.41,14.43
31214,,19.2
33531,2.1,17.67
12233,1.25,23.82
10641,0.68,22.5
16423,5.99,91.41
48242,2.72,24.53
8193,0.79,40.2
6427,1.62,6.9
43214,1.6,39.24
608,0.68,13.54
13939,3.12,25.8
29187,4.22,0.0
21167,1.71,10.65
1109,0.67,29.43
15394,2.76,22.3
8420,2.61,35.47
720,1.42,9.26
43819,3.48,83.31
48702,1.08,27.1
25383,0.62,54.125
9408,3.82,
9020,1.78,22.09
33974,2.44,37.67
1876,1.53,21.11
6719,1.32,14.82
47049,2.33,30.98
39724,12.600000000000001,14.05
36300,2.51,13.88
13464,2.62,24.87
22406,2.72,24.94
33357,,85.61
27315,4.54,85.62
2045,3.09,27.9
27707,1.81,19.86
21174,7.92,89.08
32904,1.11,38.62
2280,1.44,16.34
36876,1.17,34.05
44449,1.93,17.67
38096,6.9,95.35
32070,0.92,21.45
34081,1.81,33.86
40682,4.2,87.7
23115,0.5,27.84
16237,0.79,
8442,4.42,13.74
22723,1.49,22.6
46523,2.12,24.09
31472,5.17,75.34
3860,1.8,16.76
3992,1.24,28.52
49304,1.39,9.8
35740,2.52,5.72
4084,2.92,31.52
47235,1.77,28.74
18747,0.64,28.05
714,1.57,38.46
16296,1.54,21.91
8085,1.4,14.3
29433,1.73,21.61
13212,0.75,23.99
26292,4.62,82.18
43960,2.09,24.99
15520,1.08,7.71
7149,1.53,23.97
49468,3.82,75.24
6614,2.03,31.05
39401,1.58,22.75
1204,0.69,35.42
9174,1.82,23.77
16089,2.62,31.92
30643,1.09,5.73
41097,1.2,29.21
21044,0.52,15.74
37073,2.47,23.45
31915,2.71,0.45
34230,3.28,18.83
13287,1.01,32.94
44425,1.9,8.21
15133,2.47,29.98
14209,1.23,14.18
41759,1.97,28.27
37433,2.99,19.91
24508,1.99,17.16
24052,1.89,18.84
31318,3.4,11.46
46396,2.49,17.74
37436,3.02,28.63
28619,3.22,24.71
25744,,
16098,1.34,14.65
47998,28.86,76.49
46299,1.0,24.23
46860,0.37,37.69
30577,1.57,27.62
28341,0.68,18.07
41244,1.39,14.31
39144,2.25,13.05
37434,4.58,23.34
17789,1.19,15.37
45527,2.43,17.17
10846,0.89,24.62
7617,3.31,17.67
13844,3.81,79.28
11500,1.41,23.84
28566,0.77,31.27
7157,1.38,17.42
20658,2.21,35.77
23419,2.31,12.16
44590,2.68,87.12
48848,2.3,31.72
33107,3.02,22.22
19501,2.39,10.57
29344,1.25,
44105,0.56,30.15
40307,0.96,29.75
2551,2.68,31.69
23473,0.73,15.17
26927,2.65,39.46
20338,8.94,10.83
36902,2.74,22.11
45917,0.73,16.81
37893,1.2,17.25
2778,5.25,74.57
37453,0.7,18.34
11341,2.01,13.5
19527,1.4,26.2
40247,1.1,37.33
38323,1.75,25.89
39610,2.88,29.43
28046,2.92,8.25
28803,2.75,31.03
4793,14.22,29.28
10080,2.25,28.78
26598,3.52,82.83
34391,2.71,23.64
16918,3.0,63.96
29816,0.83,31.02
13148,5.67,78.04
5515,3.41,
47263,0.62,22.43
47008,1.04,20.18
36157,3.09,27.96
49342,3.18,17.77
28353,1.99,14.13
13440,1.91,11.26
35703,4.49,83.08
4202,0.86,10.54
4482,0.8,17.56
4312,1.42,20.95
25423,2.13,23.95
10317,2.48,34.35
40751,1.45,28.44
39813,1.12,14.64
25871,0.73,
3046,1.46,24.92
42441,1.63,12.02
8304,1.57,22.06
45416,2.36,22.29
45238,1.36,15.44
26882,1.05,13.55
23302,1.34,29.88
15078,3.12,24.02
1460,3.26,27.0
31012,2.14,27.8
7896,1.04,20.01
49517,0.93,14.37
14333,0.98,15.55
36585,1.93,14.45
47387,1.73,24.8
10364,,12.07
30189,1.5,10.19
4390,1.69,76.88
12242,0.73,16.94
42631,1.63,30.57
43001,2.27,69.59
30647,1.84,9.23
25789,2.08,9.13
2420,0.51,14.06
29440,3.75,13.92
27149,1.44,18.64
27419,1.97,31.58
11788,0.49,22.52
35056,2.2,23.47
4550,1.27,20.79
13828,0.8,5.17
25996,10.14,30.7
28154,2.44,21.65
49249,,25.97
33180,4.56,34.93
35826,1.81,20.36
11787,1.04,23.28
26618,0.32,20.8
19961,1.99,23.26
38078,1.24,22.15
39472,0.92,28.36
12567,0.79,22.54
35241,2.89,25.03
16534,2.97,18.59
30446,0.64,30.8
45311,1.25,
20812,1.47,18.45
16383,1.1,23.96
13168,0.73,24.67
15376,1.06,14.32
4405,2.3,16.51
46847,2.46,26.37
9769,1.71,
42702,2.92,25.36
22218,1.83,9.23
37131,1.18,25.98
10802,0.72,12.26
11381,1.35,23.2
46815,0.92,30.93
36724,3.14,20.09
22666,0.7,15.84
23015,1.81,22.76
40947,1.94,13.04
20178,1.65,38.82
36052,1.54,36.9
16335,2.62,17.48
31705,2.36,25.8
26748,,24.7
41545,0.1,
19204,0.61,13.4
42450,1.02,16.67
33052,0.86,30.77
31788,1.82,18.15
33425,0.76,25.11
13859,0.77,65.025
44178,3.73,76.74
41495,0.69,21.22
16262,2.74,30.35
41700,2.3,27.01
11886,2.87,67.06
33017,6.45,93.94
1284,1.01,-44.02
47060,1.21,15.97
22209,0.39,
18398,0.75,10.42
36554,6.56,
42463,1.37,31.07
40078,2.43,25.12
49916,0.49,16.66
10042,2.42,11.54
6144,3.23,32.97
33978,1.4,19.48
573,,26.77
12838,2.98,26.81
45280,2.1,12.08
10032,1.04,19.05
27736,1.11,28.44
34974,0.28,10.95
3477,1.94,20.74
12693,0.68,31.76
8312,0.3,20.02
45683,1.16,29.69
123,0.98,12.79
16992,3.61,19.98
20315,2.13,22.4
28300,1.7,27.05
30799,,19.26
35039,0.63,25.07
23397,2.0,27.79
5408,1.47,34.57
4245,0.56,14.66
11707,1.72,7.13
24290,3.92,19.05
23255,1.12,20.13
3731,4.5,
27742,2.38,22.57
11624,2.4,27.31
36206,0.58,12.24
32567,0.86,28.53
26656,2.83,29.97
31410,1.96,
48175,0.86,1.03
12020,3.29,23.1
38372,0.82,16.43
39145,1.78,31.99
33292,0.71,13.26
31193,4.14,36.73
49699,1.36,18.99
5263,6.959999999999999,16.79
8872,1.16,19.21
38385,0.93,9.54
48886,3.28,22.34
14848,2.71,31.4
18632,4.58,14.51
46952,0.59,24.92
47278,0.89,11.66
35859,0.87,26.94
13455,1.35,14.14
4235,5.38,81.28
48727,1.11,31.5
34719,2.09,27.46
45765,0.78,31.81
45926,1.71,32.37
19014,1.4,15.4
32144,2.83,24.89
14836,4.43,23.31
47434,3.76,89.31
33054,2.3,20.13
29759,0.59,17.19
18533,3.3,30.68
14751,3.5,24.45
29982,1.22,20.74
13563,3.48,29.52
49567,,26.81
9971,,20.81
16437,1.59,16.71
9908,1.73,10.5
48668,1.17,17.51
16139,0.79,22.38
913,1.31,29.94
32531,2.23,62.925000000000004
5517,5.38,96.73
30533,1.17,19.67
8710,1.22,6.84
16049,6.75,98.48
17564,,20.13
15848,1.92,30.03
40732,,27.96
13848,1.26,15.4
29977,7.0,78.86
15766,,16.98
30127,1.31,19.02
20817,3.71,24.33
38837,1.69,36.12
7457,2.94,17.92
31308,0.29,62.775
17221,1.78,39.42
45727,2.08,24.81
48477,1.31,31.46
32036,0.92,
23756,0.12,41.31
26229,1.65,20.41
41556,2.47,16.65
38860,6.14,79.07
45473,0.89,31.23
15670,1.3,15.28
23913,0.68,22.47
42514,1.82,30.69
33184,2.02,14.94
32568,1.58,26.36
16530,2.98,26.34
6232,1.25,26.45
27427,0.37,15.06
47643,1.53,25.41
4407,,31.01
37095,2.7,
21380,1.47,22.79
7987,1.17,36.14
31067,3.0,8.97
17972,1.5,12.07
37689,1.22,26.69
9041,6.02,79.58
30517,2.23,65.32
38921,1.29,
33314,2.31,24.45
8214,3.07,27.81
39238,0.79,97.02
17392,7.38,6.84
49494,0.56,20.56
27223,0.88,13.93
43801,0.4,6.27
4064,1.06,18.51
41297,3.11,14.48
38713,3.14,21.74
28967,3.04,73.48
44413,0.43,40.57
39870,2.61,9.17
23146,1.97,15.44
49910,,23.19
23111,13.440000000000001,17.4
36765,5.18,84.14
32658,0.34,25.15
16041,3.35,18.63
43034,1.73,28.24
16363,1.37,31.45
16208,2.13,10.17
12199,1.71,14.51
39565,1.94,
48040,1.02,24.58
3340,0.92,12.37
32444,1.05,24.69
18111,1.58,36.5
20631,1.62,26.22
34366,1.34,26.85
44728,1.35,29.35
9350,2.03,19.3
9419,1.97,33.25
21452,0.22,27.96
47841,2.48,9.03
29659,1.0,36.01
41699,1.92,19.62
37863,1.24,
1089,2.08,16.65
44418,1.09,26.18
49391,5.38,33.26
16268,3.04,97.75
24535,0.67,17.91
20191,3.27,21.9
1483,4.91,25.35
49167,1.18,23.36
31987,1.93,13.77
20045,4.64,33.12
28018,1.56,16.04
29808,1.01,25.42
40395,0.19,16.64
4984,2.43,19.14
32134,,0.0
12638,0.93,22.96
29057,0.67,20.79
14771,2.38,14.53
16684,1.05,19.65
14871,1.02,27.06
14809,1.9,40.55
27653,1.55,29.62
49519,1.16,36.13
45174,2.14,14.17
41562,2.25,30.01
36641,1.59,17.63
3102,1.04,21.71
21536,1.67,
2688,1.29,34.79
44245,2.15,17.79
41922,2.56,13.09
14089,0.72,21.75
6620,0.67,31.84
15458,0.96,28.05
46006,1.33,28.99
1672,2.36,33.66
5035,2.64,18.01
18799,3.41,17.85
31819,3.96,96.66
42790,1.06,15.54
13318,0.74,28.93
5376,1.71,20.1
17862,,17.89
6694,3.88,
20479,0.69,33.74
29211,2.57,36.3
2172,1.32,22.64
10976,1.28,30.84
42934,0.41,23.69
32051,1.19,
31795,1.47,28.2
49649,1.2,30.54
34805,0.24,21.3
46340,2.9,0.0
44070,2.47,20.36
46706,2.78,27.8
1497,0.32,15.15
25021,0.54,15.43
24431,2.03,25.7
19658,1.58,35.19
20198,8.27,80.42
1816,2.42,96.18
47990,1.8,16.9
45202,2.03,25.08
27728,0.4,6.9
21427,1.65,32.28
45169,1.71,28.33
49015,3.13,
29646,1.79,13.23
8850,6.72,88.85
15202,1.01,26.83
47778,2.86,85.15
14722,1.32,21.85
13558,1.67,17.91
27421,1.53,24.57
30412,1.58,20.53
11873,3.1,29.32
35655,0.94,32.11
29426,2.17,15.3
48124,1.63,0.0
9927,1.41,13.82
2188,2.83,11.88
23744,1.07,30.25
3051,2.11,12.8
34358,1.41,25.09
4594,1.47,28.18
29196,,16.09
7663,1.18,21.28
47630,1.99,26.93
1470,1.52,20.42
33623,0.57,24.28
44950,0.74,18.87
43372,1.73,27.71
30409,2.63,
4295,3.32,24.55
27691,1.02,22.68
28754,1.6,14.78
44411,2.09,12.67
47847,0.55,34.33
18029,1.96,26.79
21913,2.09,15.51
13473,0.67,4.9
21812,0.79,25.37
5616,0.5,18.2
28631,0.23,14.98
49413,1.28,22.83
45875,3.15,24.98
24669,5.22,69.25
34955,1.23,18.95
33839,1.77,9.62
43289,,42.18
13985,3.05,26.65
5347,0.53,14.5
44414,2.51,19.55
49926,6.26,87.67
37610,0.73,18.37
32479,2.19,32.01
18470,,15.87
22394,1.24,16.51
13560,1.23,20.63
46869,2.11,82.72
43772,1.22,29.34
37870,1.88,19.72
38730,5.32,14.3
11849,0.73,17.55
32431,1.35,12.15
15116,1.07,22.96
10120,1.67,25.38
22960,1.65,16.37
30002,1.85,15.72
19511,2.44,23.6
36505,1.62,13.77
11514,1.81,24.61
14990,1.83,27.22
9980,0.53,5.06
48149,2.73,23.41
30937,1.77,23.17
44192,2.27,15.38
32624,0.63,27.03
28320,3.91,90.43
2194,5.3,82.58
27975,3.58,0.0
3348,2.13,1.99
33123,1.41,25.9
47154,0.64,20.67
11090,2.22,28.88
39515,1.75,16.45
23910,,21.32
30979,0.81,15.9
5938,1.32,9.93
46789,0.97,20.01
20462,1.0,11.55
22813,0.99,29.69
37116,18.0,65.07
39138,1.91,86.04
47639,0.97,14.05
14099,1.16,9.56
37099,1.74,7.83
30252,2.54,19.18
21057,2.42,15.78
27257,0.89,18.35
41667,1.78,33.62
3042,0.71,18.15
41190,2.09,31.9
48439,2.93,86.2
33013,2.51,23.61
49502,1.79,21.58
11909,2.22,9.3
32878,1.19,11.37
49356,0.84,24.29
21345,2.75,27.72
39924,1.05,35.71
49434,0.75,23.55
47588,1.84,18.34
39197,1.64,11.58
43428,1.51,16.75
25039,0.38,33.37
471,1.19,27.18
8057,2.13,28.41
26205,0.62,30.33
48488,4.83,90.57
24030,0.32,9.85
19216,2.2,
27560,2.29,31.02
4496,1.55,
46850,1.17,
12781,1.1,11.62
1572,0.38,15.8
30797,0.18,36.46
38205,0.4,23.68
15230,1.25,19.09
23040,2.78,17.63
34950,0.46,32.79
10501,2.02,24.48
37054,,8.16
46716,1.99,12.32
2574,0.49,34.23
27178,1.76,20.08
5015,0.82,7.13
43003,3.74,32.74
30048,1.33,
29870,0.37,15.97
13903,0.81,15.99
5596,0.77,24.81
33097,0.96,33.61
48832,3.67,21.63
19391,0.84,31.44
42653,2.18,27.15
45089,1.7,18.38
13898,,11.94
19553,3.04,23.86
21462,3.04,36.31
43666,2.09,36.46
3885,7.31,83.15
21493,1.04,14.2
21098,1.13,
659,1.85,37.12
19207,,18.9
37655,0.93,15.11
47111,3.82,84.91
17091,1.97,40.65
6856,0.98,19.63
812,,27.57
3568,0.94,4.34
32449,0.98,25.17
609,2.85,69.6
26798,3.2,17.57
32441,1.05,20.33
41289,0.41,33.1
11405,1.08,16.79
19694,,28.37
33197,5.29,
10931,1.79,
45289,1.43,
17601,1.95,29.48
13032,1.0,1.72
45769,1.06,28.16
38198,0.54,22.24
33130,,29.26
45581,0.33,21.55
40851,0.64,21.81
18654,1.06,13.5
5968,1.25,29.27
27428,0.91,27.86
2851,1.1,31.77
40742,2.76,27.95
13126,0.54,14.65
7329,0.66,28.35
40478,2.0,17.09
22341,2.36,24.08
32850,8.09,61.22
49557,,6.78
8345,,31.9
3572,3.57,7.09
15626,0.91,23.46
43239,4.28,16.83
45876,0.1,34.68
28970,2.01,13.58
29544,0.35,35.09
38696,1.69,20.0
13237,3.38,36.97
48813,0.89,
34424,,21.03
38567,1.98,24.09
36721,1.0,10.45
19900,1.25,28.19
43335,1.76,11.65
47956,6.57,82.45
2439,1.05,18.41
8101,2.18,27.77
10098,1.3,21.59
42354,,81.11
15991,2.2,
39551,2.47,20.78
16887,2.02,25.18
44920,1.37,24.96
10189,,20.14
2632,0.39,27.36
1901,,20.19
4196,2.93,15.72
41362,1.17,
28623,,24.82
16926,1.62,29.98
44060,1.22,
16251,1.26,25.13
91,0.71,28.23
35732,0.63,19.11
45869,1.43,
30339,2.92,36.7
1171,1.07,31.71
45153,2.8,9.85
46508,0.91,18.5
25226,3.81,83.19
45309,1.9,32.17
25454,1.61,18.82
34852,2.28,17.98
11917,1.54,28.59
1387,1.5,30.6
40735,,31.82
28451,2.84,
29015,1.04,
1803,1.06,22.53
5165,2.88,26.1
7796,,
44906,3.02,31.9
19813,4.33,27.18
47239,1.37,20.22
4881,2.84,72.11
6754,1.03,22.75
19156,0.55,24.16
20988,2.28,25.47
40458,1.5,15.53
48089,0.26,11.34
8065,1.79,24.76
35315,1.65,14.87
730,2.49,
3399,0.87,27.42
44017,1.54,26.32
13695,1.24,22.96
37780,1.39,22.4
40090,1.49,20.73
2004,0.62,17.45
15179,2.8,30.47
38167,2.49,20.73
46354,2.17,27.46
33065,5.25,85.89
11609,1.41,19.96
39187,1.59,16.49
10113,6.42,90.95
510,2.17,21.02
33684,1.92,22.59
26899,1.07,22.49
32389,1.66,4.24
15760,1.76,25.28
42066,1.3,35.58
40606,0.85,22.57
1090,2.11,16.07
7510,2.07,15.25
26572,1.84,27.69
3943,3.14,21.57
23440,6.85,84.99
21461,2.69,11.42
24102,,26.84
29320,2.19,14.02
33642,1.62,22.9
30396,5.78,26.68
28569,2.05,4.94
41307,1.61,9.26
34602,2.56,21.54
4644,0.51,38.08
48792,3.35,23.21
12329,1.95,12.94
7957,0.35,7.98
3843,1.41,31.67
5083,2.59,19.77
25355,1.25,13.58
42445,1.42,18.51
42170,1.15,40.86
36239,1.22,20.61
47816,0.74,14.58
20839,1.66,9.14
6680,1.5,29.2
49278,1.01,22.55
12794,1.7,26.14
35335,1.78,20.24
27409,0.46,23.25
31821,0.5,25.29
30279,0.97,17.92
9674,2.0,11.29
47577,0.76,18.4
20844,0.74,30.47
34563,2.82,8.64
28643,,15.39
1698,0.77,43.2
34295,3.72,97.03
47899,1.25,12.01
30161,4.89,78.23
23757,2.48,18.0
10371,1.59,24.64
12876,2.89,16.05
49579,11.16,97.46
28406,0.45,17.22
48298,4.5,66.17
47365,2.14,23.94
34851,,21.18
23476,2.46,30.92
31448,2.61,14.63
34984,0.99,18.94
8181,2.15,19.86
17736,0.55,12.16
26516,1.5,23.4
7146,2.52,
27647,4.95,7.68
5119,,13.6
9730,1.19,34.43
21376,0.67,20.47
31149,1.36,35.1
22361,1.19,19.24
20514,0.83,6.62
45215,1.78,31.91
22,0.6,
14611,3.82,28.03
41774,1.92,15.12
8421,1.73,
40688,1.47,18.62
49233,2.99,25.84
47849,0.71,19.52
16398,0.89,30.35
49438,1.57,24.15
6024,1.64,17.44
19883,1.19,27.56
10911,3.55,
15314,0.66,13.31
1505,3.45,17.27
29380,1.06,
7123,1.83,21.77
15298,0.89,22.6
37129,1.79,17.58
42300,,19.41
35191,2.77,84.89
44491,5.95,87.79
1504,1.08,22.49
16641,9.48,8.13
11476,1.52,24.55
40878,1.18,24.15
15652,1.55,19.18
22786,6.57,75.45
40412,3.68,
37714,0.43,3.34
10746,2.71,23.5
6307,2.04,29.95
2512,1.65,29.92
12947,,34.09
38652,2.52,66.525
34179,1.48,25.83
5,3.17,13.65
38140,0.98,16.45
4001,2.27,
19141,0.71,33.58
46504,0.42,15.66
5685,2.39,27.31
3250,1.03,23.86
47208,1.5,27.92
5727,2.9,23.63
11563,,34.64
19663,2.94,95.72
12984,1.03,
13379,2.06,22.24
27410,2.19,17.34
3268,1.52,25.32
16595,0.94,32.73
27911,3.21,13.56
10589,1.99,13.06
12263,1.25,43.51
41946,,8.1
11573,,14.0
44300,2.77,15.99
24607,3.02,34.1
18756,1.01,23.27
12046,4.35,
47562,3.64,14.13
34306,1.83,32.08
2227,1.47,15.96
48469,0.93,20.64
49044,0.45,25.12
2029,1.58,21.88
10377,0.72,26.07
3186,0.82,19.04
18465,,21.32
41680,1.22,20.025
45990,2.21,7.29
47622,1.53,31.84
33747,0.37,19.41
17234,1.32,27.39
47261,1.1,
1805,1.46,22.25
28974,1.09,20.25
21696,1.07,16.41
33699,2.31,20.02
10939,1.1,14.05
47475,1.81,8.48
22598,1.9,
17899,6.5,84.48
22749,1.0,23.12
4695,0.69,31.2
42342,2.13,15.14
46566,2.76,8.5
36034,5.54,76.13
22458,4.81,29.05
47871,0.52,27.47
38226,1.09,22.57
7946,4.54,21.93
6025,0.56,22.91
41325,,28.14
23528,2.3,17.95
12346,1.99,72.98
27125,0.51,23.39
21175,3.22,32.02
49036,3.2,33.19
36069,,20.56
31399,1.76,22.37
23773,0.55,23.52
26448,,28.43
39068,1.62,18.33
35630,1.77,22.41
40760,0.79,26.34
42867,2.07,19.22
2823,3.11,21.86
28793,2.91,31.94
23667,0.33,22.16
44351,1.98,17.55
45291,,11.15
44538,0.56,3.58
21781,0.84,17.69
21907,0.7,8.89
26786,1.12,11.8
10905,1.75,
22861,1.15,17.11
15053,1.92,27.5
40052,0.57,23.16
27995,2.46,
10713,2.11,28.15
13707,4.27,90.04
1993,3.0,
35693,1.2,31.24
2345,1.83,14.76
23557,5.72,90.79
46320,0.18,
28072,2.42,
27317,2.54,20.83
7841,0.74,18.64
16891,1.8,20.17
25200,1.94,35.94
23642,,29.91
18850,0.72,14.82
21022,2.9,11.02
22903,6.78,73.23
28818,2.09,33.67
6208,,23.82
12303,1.39,9.24
14565,1.85,25.08
41785,0.5,15.58
35536,2.58,16.37
44715,1.96,35.65
11863,1.62,16.6
41372,0.79,30.31
14833,5.699999999999999,13.0
49225,2.16,20.54
8096,2.66,27.6
4707,3.5,17.74
14691,0.54,8.61
20578,0.75,30.33
21719,0.35,16.71
11818,1.53,
28743,3.32,39.76
36887,4.18,62.49
47300,1.58,18.34
13497,2.39,87.23
1174,1.92,19.57
32546,0.35,17.04
13099,1.33,27.32
7163,0.61,34.44
29092,1.48,9.73
3142,2.46,20.5
33537,1.67,27.84
45343,2.11,16.94
33875,1.82,10.34
18708,1.79,12.7
34042,2.54,47.03
39699,4.82,28.23
17072,0.76,20.22
31826,2.13,25.76
12262,2.72,
47298,3.22,16.64
19245,3.77,77.09
43272,2.7,26.68
19268,3.59,14.42
35027,0.61,16.65
8570,0.52,28.97
14121,2.41,25.45
21111,1.97,15.31
40446,2.45,28.63
13285,0.61,19.06
14645,1.06,22.58
4476,2.4,29.93
6128,1.8,
1577,2.44,28.37
30499,2.2,12.12
40273,2.96,20.2
20018,3.17,24.27
42453,,16.44
26672,6.23,
44316,2.59,
48573,1.2,25.32
17546,1.06,88.72
2636,3.44,20.48
30319,0.53,14.24
26860,1.21,26.93
16122,1.85,
33291,1.06,28.13
43205,1.5,20.75
9596,1.89,20.47
8007,2.8,17.0
39254,0.28,41.1
21826,0.96,16.02
5094,3.43,14.62
47126,1.6,22.53
24314,1.21,32.11
39400,1.13,22.72
24438,3.64,83.2
28778,1.67,36.07
43296,2.77,
4353,1.28,23.15
5303,1.67,8.94
23564,3.36,28.77
37103,1.44,11.22
41189,0.69,19.41
27309,3.17,18.46
20772,3.15,
46669,1.62,24.16
21479,1.33,28.71
43615,2.84,23.65
27625,1.42,28.31
14592,2.99,24.06
37048,2.14,78.15
7392,1.39,
37744,0.44,27.34
14143,3.7,26.55
31985,2.47,28.81
3015,0.64,21.22
17109,1.94,23.32
48368,1.49,25.82
30833,,27.38
11666,0.41,13.89
43148,1.5,16.88
45227,0.47,14.44
45512,6.09,
12163,0.86,13.09
4330,1.85,29.7
1214,0.42,36.1
33871,0.56,3.83
19578,1.56,9.56
17670,2.98,14.23
2410,1.53,18.41
27279,1.09,24.94
17307,,11.28
21173,0.26,30.9
26340,2.08,31.2
10291,0.36,25.11
24695,1.18,8.39
10029,,26.05
36382,3.47,73.87
40380,3.5,
25284,0.47,26.54
18640,,28.44
12448,1.31,21.55
21970,0.43,15.98
41290,1.04,26.24
46582,1.42,37.31
30839,5.43,57.48
21270,,25.26
28839,1.52,28.17
13836,0.67,35.3
42236,1.74,28.99
988,2.2,11.38
45142,0.99,35.55
25018,1.3,32.53
25647,0.25,27.86
41313,0.54,22.02
40943,1.87,18.42
41258,1.18,32.21
3396,1.12,25.87
18019,1.16,8.2
49314,2.06,16.97
15905,0.91,24.27
35166,1.23,29.92
35065,3.75,18.07
22824,4.23,7.64
24126,1.16,23.55
39195,2.54,23.77
22107,0.79,34.18
633,0.25,26.2
5127,4.16,20.82
32951,1.98,
468,3.27,24.74
47889,1.61,27.85
48338,1.51,12.49
40308,1.67,21.57
42686,0.88,23.73
40373,1.95,14.74
37176,2.72,28.43
43180,0.15,26.29
5526,1.09,31.76
10823,3.39,87.3
19904,3.26,79.5
31838,3.68,12.8
4219,3.54,32.26
45406,0.5,23.36
48017,1.49,21.31
1010,0.85,33.53
39192,1.61,6.78
30687,2.18,22.76
38194,0.72,
29895,3.54,18.29
25091,2.81,20.13
30114,,20.84
47353,0.4,21.48
23871,0.74,24.05
32734,0.77,18.05
26982,,21.42
8821,1.97,19.98
24581,3.46,23.27
32848,2.21,18.3
535,1.24,35.32
10757,0.77,26.55
10535,1.39,46.89
21157,6.3,77.58
19091,0.52,29.2
29905,1.34,26.2
41027,4.29,12.39
9376,1.92,16.79
26293,0.81,27.41
47313,1.78,76.66
7969,1.76,28.91
39691,3.86,67.25
40279,0.7,24.8
12088,1.72,17.12
14404,2.11,32.14
7027,1.23,24.02
42648,5.87,83.52
16647,1.11,23.06
43085,0.47,26.06
5524,1.44,14.99
47779,1.73,15.91
32557,11.879999999999999,37.35
47229,2.99,22.82
23023,1.52,13.92
756,2.54,35.18
5951,1.49,13.77
25143,1.63,23.9
5365,3.03,70.27
47799,1.33,22.66
6141,9.27,76.92
41365,2.63,26.48
8893,2.26,25.15
31465,0.76,12.95
35766,0.87,15.66
26561,0.89,23.96
19336,0.85,27.74
32395,0.58,13.57
35243,0.87,27.61
17625,1.76,24.58
41716,1.19,23.63
26670,0.52,17.52
3857,,22.6
20603,1.75,14.73
35574,1.04,13.57
47836,3.09,38.91
33231,3.86,23.85
10050,2.78,35.54
21473,1.55,17.27
10503,,27.85
43676,1.1,19.93
42862,,17.71
31291,0.84,18.7
47739,0.97,23.66
20711,0.82,16.92
4955,1.27,19.36
25376,0.71,29.47
28209,0.98,31.08
37749,1.08,21.02
7448,2.1,18.36
34223,4.36,31.0
34884,0.73,19.86
48020,2.38,15.41
24541,2.95,13.53
11047,2.93,16.37
2731,,38.46
38861,3.91,17.09
26350,1.45,34.87
41936,1.79,37.88
41407,0.19,13.16
10679,2.4,22.59
19312,1.4,18.51
7293,2.22,27.12
36471,1.11,18.18
12974,1.71,14.22
7508,1.02,18.32
303,,23.32
23001,0.65,46.11
8125,0.54,28.48
30148,0.99,
7700,,68.17
12023,3.27,17.9
3243,1.99,22.53
39500,7.1,68.6
2067,0.53,22.87
15960,1.7,24.19
24466,1.55,26.48
43156,0.64,21.58
893,5.7,83.62
18463,6.24,100.0
45755,0.9,7.45
45747,0.84,
6503,1.12,15.04
48280,3.12,216.64999999999998
31229,2.56,10.21
34916,2.92,14.83
31543,1.5,14.84
44572,1.89,12.63
41998,1.06,23.14
28888,1.67,29.83
9718,0.57,13.03
5857,1.99,23.14
926,0.74,33.34
7132,2.58,38.32
28996,2.92,85.98
35929,1.58,26.28
2671,0.47,27.69
27659,1.54,9.93
47348,1.15,30.01
46698,0.68,27.57
38806,1.71,
43663,4.16,18.28
47168,1.48,20.75
32984,7.4399999999999995,27.35
42031,3.88,93.74
33078,1.57,29.88
40015,2.56,21.87
28602,1.53,21.71
29757,1.11,
29539,5.07,87.08
46541,2.1,19.04
40462,1.16,23.33
49488,1.78,16.04
29274,1.09,27.25
37824,1.64,26.19
40628,1.26,16.19
19290,0.81,23.24
11069,1.54,28.88
18612,0.72,21.01
28379,2.43,23.13
35405,3.92,26.18
46792,0.81,29.49
45296,1.72,18.22
36735,1.95,0.0
24933,1.45,35.66
27288,2.0,
36099,,21.35
6461,1.59,18.38
1820,0.23,16.69
43628,0.77,22.65
10998,0.92,19.38
25616,1.94,
996,0.72,27.82
14729,4.15,25.09
4176,1.88,19.24
18812,1.07,17.9
30318,1.72,61.025
43232,0.64,16.65
48115,0.7,34.89
1709,0.67,13.47
24755,0.58,30.1
40596,,20.79
8638,3.24,88.53
40826,3.28,86.1
43018,0.18,
15054,1.84,7.02
47919,1.34,12.84
49878,1.61,19.42
24280,2.03,34.79
38770,1.88,13.17
8170,0.94,
40988,0.66,7.84
25887,0.92,36.66
11760,0.88,13.07
42347,1.4,13.4
41496,2.49,12.97
45693,1.35,40.41
1705,0.91,21.84
3626,1.3,17.42
14274,0.59,12.83
44759,1.49,1.22
6087,0.84,23.79
32792,2.34,25.67
30886,1.25,24.52
43486,3.45,24.37
37964,5.94,73.09
4144,0.79,18.99
12867,0.84,26.51
32220,2.34,16.18
43063,2.0,18.44
43,0.64,28.49
20669,1.11,28.5
12343,2.67,33.06
3122,2.97,19.14
5442,1.79,18.67
43821,0.74,21.71
24972,0.82,41.16
16259,1.84,17.94
21432,1.9,22.33
18855,0.78,15.15
49852,0.73,8.86
36945,1.44,21.88
27931,1.18,16.41
47326,2.09,
8876,2.36,19.74
32255,6.41,21.86
20497,2.19,77.92
12230,1.24,28.72
41590,1.84,17.37
35787,7.32,38.0
32946,1.44,13.95
42168,1.92,12.09
14100,,19.97
30027,3.48,26.85
33911,3.87,27.44
33905,1.03,
35229,0.99,24.52
13813,,29.69
6287,2.49,34.48
21291,1.03,19.15
23824,1.17,26.23
13763,3.01,16.49
30817,1.33,20.71
46645,1.22,22.84
14012,1.26,14.1
12436,2.44,25.44
6471,1.47,23.96
6696,2.85,25.54
21124,0.9,34.28
42054,1.92,29.78
7432,2.11,21.4
32762,4.53,62.03
32004,1.02,22.46
20264,1.59,9.83
38978,0.96,26.76
19443,3.92,77.44
38322,4.85,81.57
25829,,22.99
35276,1.89,14.69
37127,0.62,19.76
2655,3.44,75.47
37396,1.06,15.19
23760,1.81,20.75
29779,1.09,29.39
24774,1.15,9.85
34001,1.25,23.85
37226,1.67,30.91
25165,1.53,5.23
11763,2.11,21.09
22252,0.97,16.88
24429,1.34,21.76
32104,1.16,28.43
30801,1.51,18.2
41806,7.42,86.83
33398,1.38,21.27
31155,0.57,32.87
7339,1.84,13.61
1032,1.19,28.67
34953,0.14,28.76
10561,3.75,24.24
19731,0.97,9.64
23865,0.65,
21512,2.65,23.92
39285,,20.52
24139,5.83,27.47
10445,1.59,32.66
33190,1.43,25.71
23005,0.95,
1513,1.17,26.45
25488,2.2,18.69
35092,,28.79
36230,1.37,24.02
40157,0.85,12.43
38206,1.26,20.67
2119,1.9,28.56
9741,1.27,11.0
45411,4.2,14.11
4487,1.31,27.52
49465,0.9,-14.17
47637,0.49,17.66
45772,1.47,16.86
39753,0.92,17.41
45670,0.48,14.31
37512,3.23,16.02
15963,1.04,23.92
13467,0.68,31.79
18527,2.08,
36422,1.06,21.7
37172,2.45,28.54
44396,1.68,34.92
2774,2.94,19.72
18956,2.11,14.89
43303,0.65,25.54
17916,0.14,20.22
9856,0.38,27.03
12127,2.59,9.86
38162,4.88,69.97
37547,4.09,13.07
4522,1.29,8.99
5192,2.21,26.5
29351,2.36,35.36
22364,5.01,12.96
1316,1.53,19.4
3924,1.28,18.8
5552,3.29,35.07
10844,1.37,24.48
40904,1.34,65.85
42496,1.52,12.49
20111,1.15,29.51
23073,1.48,37.7
42057,1.93,31.09
13266,1.52,11.2
8864,2.81,42.59
11094,0.89,16.56
22367,0.28,
32355,1.73,21.59
27596,1.25,21.89
9364,2.78,16.81
47176,0.93,22.23
23643,0.76,26.88
8077,1.35,24.18
37177,2.67,28.38
39759,0.88,35.61
6747,1.61,23.52
690,5.27,86.02
46905,1.09,20.8
4865,1.56,30.97
29279,3.93,93.27
20259,1.46,11.57
7019,0.4,17.11
16201,1.93,25.94
32470,2.04,31.84
450,1.11,23.38
48148,0.41,15.58
49146,2.43,21.61
43234,2.94,90.87
25224,0.66,23.42
13986,1.77,33.62
5457,1.29,26.79
28903,5.38,
29551,1.25,
25712,1.68,20.77
7362,1.4,21.25
4694,2.17,16.33
36286,0.46,25.65
49470,2.86,29.3
28578,8.040000000000001,24.47
7260,1.17,22.81
1837,0.52,27.15
45511,0.98,26.42
43236,,
7040,5.8,66.74
16554,0.88,26.99
40896,0.55,33.36
17475,4.3,8.49
35099,0.45,27.83
36059,3.02,15.83
33635,2.74,26.94
23681,,15.89
20430,1.62,38.05
5615,6.97,67.21
48590,0.85,31.56
38845,,73.52
19032,2.01,
37035,1.76,42.275
38535,4.33,
13194,1.66,20.41
34983,1.29,17.16
11287,0.48,8.54
16360,1.54,14.38
20457,1.47,20.47
37374,0.66,22.78
10294,2.86,28.89
39313,2.4,34.76
48701,1.76,6.71
47583,1.64,18.5
32174,1.16,28.98
24976,1.25,25.86
49844,3.78,7.12
45941,1.99,
39659,1.36,27.88
1506,,23.83
11843,1.15,30.63
15203,,9.36
4313,2.05,19.79
27045,1.7,17.17
32271,0.61,22.38
47064,2.59,15.42
37544,2.26,36.51
27948,3.2,21.98
34066,3.16,20.16
42219,,10.3
4065,0.72,27.26
23003,3.16,34.45
46169,1.15,
32269,2.22,30.79
31390,1.26,13.3
26966,2.82,30.41
9655,1.01,20.8
17327,2.88,86.53
20275,1.19,22.74
21843,2.69,45.32
37337,0.5,27.19
47864,2.09,
33455,0.98,26.85
1527,2.24,16.4
37200,1.18,30.24
9986,1.93,19.91
49513,4.35,96.19
24782,4.2,56.45
28648,1.8,26.17
3865,1.35,19.49
16502,0.6,18.08
46760,2.52,24.44
9806,0.71,25.38
22154,0.98,13.6
28985,2.01,11.84
21119,2.02,28.23
11508,2.26,0.0
13687,0.65,22.38
46194,2.54,16.57
4058,1.87,6.47
48841,0.97,9.34
5878,0.58,31.33
12338,1.88,27.63
20072,1.34,26.87
33229,3.76,24.94
31453,2.77,30.46
25027,1.09,25.17
37110,1.77,28.62
49958,3.79,24.39
36412,1.44,24.76
33514,8.15,79.39
10997,6.43,
43220,2.77,25.27
29048,1.35,47.65
13538,0.31,30.51
1067,0.42,17.25
24561,4.17,31.15
31115,1.04,19.72
35497,3.23,29.02
47163,1.12,11.83
8836,2.68,26.05
18077,0.79,19.86
5328,4.31,81.78
22522,0.62,23.98
7692,1.31,23.99
45642,2.34,26.79
26028,2.31,17.68
41439,1.56,20.6
27540,1.59,28.05
49995,1.76,34.84
2302,1.84,17.69
19935,1.98,
13290,1.87,23.81
23970,0.37,24.29
15147,0.71,10.92
43624,0.43,13.39
35634,2.47,31.35
2260,1.59,15.16
204,1.3,20.42
21352,4.17,24.6
34340,0.95,12.81
25345,1.17,
26451,0.86,15.0
36237,2.41,
954,1.22,22.47
13446,1.18,
6337,1.66,34.81
34446,0.94,23.88
18996,3.78,27.44
27626,1.65,22.32
43146,4.41,15.77
10552,1.61,93.66
1068,2.1,14.84
42196,0.77,16.49
41497,1.01,21.1
679,2.25,18.37
41692,0.83,24.09
11214,1.83,8.95
45991,2.02,28.93
25193,2.97,17.1
15816,1.48,25.43
20811,0.53,19.04
21106,1.67,8.75
22639,1.5,11.76
32458,0.6,12.44
12522,0.84,
10744,1.25,31.77
12680,1.68,
188,2.26,6.62
40322,0.66,34.07
14887,0.76,22.7
39393,0.96,16.6
33606,2.49,29.29
34544,0.28,15.88
34128,0.81,17.78
983,5.32,83.72
37224,1.48,20.61
38521,2.01,20.24
14406,1.16,32.23
30443,2.61,72.98
19054,0.95,26.74
34239,1.35,17.09
10471,2.81,19.12
27221,0.63,18.07
33091,0.52,28.68
19368,0.72,8.82
27108,4.79,25.78
38069,0.74,7.32
18826,2.41,34.05
42316,2.19,15.44
24816,1.92,31.27
40434,0.73,30.33
15773,2.22,26.08
43201,0.18,19.36
14529,1.23,34.39
9040,0.91,9.26
9320,0.87,34.05
9673,1.15,25.9
17461,2.1,22.31
15998,0.36,24.02
38928,5.45,90.47
6101,1.36,14.0
39542,7.57,74.75
21209,1.44,22.18
9752,1.6,
42606,1.7,9.13
4074,,23.07
6594,1.04,22.41
48222,1.83,36.86
11208,9.86,96.53
3371,2.14,38.56
35836,2.61,22.41
35538,1.21,6.62
48827,2.44,11.39
33953,1.67,13.26
44937,1.37,8.55
49325,1.97,36.26
44317,1.27,22.03
7176,1.36,5.58
45122,1.38,26.12
10588,1.08,
9854,0.48,28.64
10903,2.19,14.74
34380,,75.59
15543,0.6,23.08
43927,1.17,32.77
19273,3.68,
21686,1.33,24.06
16378,3.13,22.3
10019,1.66,17.84
46594,4.8,88.8
44803,4.1,85.57
17901,1.36,18.11
39756,0.73,17.2
5732,0.45,27.9
576,0.65,25.34
24153,2.65,76.67
25131,2.7,16.63
48210,0.49,8.41
20694,4.56,71.11
17267,1.47,32.61
13919,3.72,22.96
14775,1.61,27.2
1963,2.38,31.27
4908,1.14,20.04
16108,0.49,24.63
22173,0.98,18.87
275,1.11,31.07
26580,5.57,30.83
11756,1.22,34.900000000000006
28484,2.72,35.59
34188,0.78,26.32
4449,0.13,28.28
3586,1.13,15.01
40325,1.0,34.11
29601,0.77,16.52
41695,1.49,12.11
15687,1.16,26.17
6882,2.58,16.29
15567,1.7,32.64
29227,2.15,7.73
2477,0.8,37.53
38121,1.55,8.95
32413,1.64,28.38
34252,1.0,15.78
30469,5.7,89.19
44490,1.27,29.29
45885,3.13,96.87
22804,1.5,30.75
28345,0.7,19.36
31366,1.11,14.77
36124,2.65,27.22
47613,2.95,89.39
31144,0.46,11.6
11991,1.68,26.3
45299,1.38,23.87
8081,0.59,14.5
38957,1.78,34.62
7523,2.99,12.86
30885,2.82,-9.44
19780,1.78,14.4
44383,1.35,16.17
48341,1.23,
39612,1.72,19.86
23375,2.06,34.75
38776,0.63,34.05
44434,1.15,
37961,1.48,25.92
35915,2.15,
14408,2.18,12.83
27137,4.44,33.1
14288,2.98,6.81
16083,1.59,64.19
12964,3.37,28.51
11636,0.3,21.97
27379,2.9,21.32
16964,1.63,13.89
25404,1.7,23.28
9644,1.79,26.45
28019,1.55,
25994,0.97,14.64
46399,1.5,18.18
44437,1.1,24.02
16073,1.94,23.15
37741,0.93,30.57
43665,6.02,89.58
3008,1.93,25.96
13914,1.07,
46898,0.57,26.99
25203,1.55,28.4
14273,1.57,19.67
12719,,85.36
47675,6.14,71.8
22791,0.96,6.88
36803,0.91,21.4
40613,1.04,3.25
20127,,27.47
42047,1.13,18.08
32446,1.41,9.98
44658,1.91,24.18
724,3.0,12.52
10954,3.74,24.52
30855,0.67,29.27
23734,2.58,15.95
9441,2.32,28.29
28553,0.62,13.52
76,1.66,91.16
24424,5.66,12.48
49648,,71.49
24610,1.19,16.13
24059,0.86,9.84
29581,2.06,23.61
2961,1.44,6.42
16033,0.65,19.96
40996,1.1,21.55
28509,2.11,28.18
28119,1.4,22.16
15040,0.64,24.85
4602,0.11,39.18
25572,0.99,26.4
13282,1.21,5.77
33600,0.23,21.04
17507,2.62,82.72
25080,1.15,23.45
14234,5.59,75.08
38795,0.34,22.95
12643,3.16,13.76
5473,10.07,73.51
36857,0.88,22.68
5568,1.02,20.0
10461,1.78,21.47
17106,3.2,19.17
23735,0.46,31.06
35839,2.53,17.85
1261,0.58,35.85
17868,2.72,18.24
24728,0.31,32.79
36965,,26.59
29728,2.05,-30.51
30696,1.55,22.34
33530,1.11,16.91
4091,1.38,
8233,0.61,19.31
4378,0.75,29.99
31401,2.75,29.88
40344,1.35,5.31
19518,0.33,15.65
48675,0.19,26.81
43883,2.47,10.24
6075,0.72,14.81
22273,0.63,14.04
14129,3.07,26.14
37255,1.91,12.51
43844,,83.51
47144,2.07,25.73
22573,3.22,19.16
9467,0.6,
29322,1.14,34.32
40910,2.74,35.4
23464,2.7,27.45
30795,1.09,29.35
15404,2.97,37.82
26026,0.89,27.65
9506,0.81,
23290,0.57,31.45
45704,0.8,17.68
34740,0.59,29.61
47430,1.62,27.58
38026,0.91,22.94
28417,1.39,31.32
2299,6.21,79.02
23211,1.85,27.73
48283,2.41,26.5
40030,2.54,20.22
49085,2.22,19.24
27247,0.88,32.15
2740,0.6,17.51
41705,3.62,
41262,1.86,15.24
14169,1.04,13.91
11397,,25.97
15802,0.56,28.98
9399,1.32,34.19
32791,,26.58
25985,1.59,26.12
21930,0.97,17.54
46029,2.19,19.39
19069,3.57,24.28
43014,0.35,
43406,,11.52
36535,1.63,19.57
34209,5.04,94.69
38043,0.28,16.9
6279,2.02,22.33
20476,2.48,87.84
20059,0.99,
42129,0.79,19.35
15517,1.6,17.55
27463,1.78,16.98
5259,1.81,10.25
11191,2.1,22.02
36191,2.82,33.62
45546,6.97,78.2
31167,0.4,13.57
41095,4.61,15.33
7843,1.58,22.32
29377,0.46,18.75
16827,3.24,20.9
26778,1.92,27.56
34123,1.28,17.66
7912,0.85,24.76
8907,23.46,23.77
35356,1.76,16.92
24067,1.1,23.42
12325,0.16,30.12
36869,2.28,21.88
20336,1.53,27.83
33353,5.13,84.8
3384,1.65,3.96
31619,5.03,69.39
28364,2.26,
21451,3.39,31.53
4586,1.52,27.27
36852,0.48,30.9
20547,1.94,32.91
27358,2.21,23.96
1734,,25.14
6388,1.11,11.84
44404,1.68,23.66
24705,1.48,21.57
23779,0.96,16.89
11215,0.36,25.62
11414,1.95,14.84
20909,0.75,1.52
23236,,93.63
8579,2.4,1.68
6733,7.92,
32374,2.93,
38699,1.09,17.61
4774,3.03,17.29
33295,2.57,22.29
12277,3.95,74.93
12202,4.83,79.25
6945,0.19,20.95
6194,2.09,21.54
10798,0.69,12.77
39133,1.72,26.58
43175,1.52,14.94
24319,1.19,12.52
14765,0.21,31.99
43179,1.67,24.61
3041,0.71,17.11
2821,1.64,26.4
36998,1.14,17.76
29002,2.78,17.33
5384,0.75,22.83
41171,3.17,85.35
11773,0.41,30.73
5876,,22.56
42741,1.92,24.4
3326,2.11,17.48
778,0.48,26.67
2331,0.71,18.22
37844,3.19,18.22
2379,1.85,15.99
2438,1.97,21.5
13044,1.12,-33.19
179,2.46,20.13
14424,3.31,73.8
18232,1.91,16.69
4007,1.71,20.68
17521,1.64,28.2
29688,0.58,
29141,0.75,14.05
12844,0.95,36.1
208,2.03,21.74
5739,0.57,21.68
23654,2.52,29.06
44382,0.48,24.94
47713,0.67,22.22
1850,1.54,19.44
18755,2.04,18.67
23377,3.47,100.0
7659,1.5,22.34
13394,1.02,16.82
49300,1.66,21.07
40861,0.71,24.74
46095,2.92,
2573,1.23,21.02
12032,1.67,24.77
8475,1.26,12.53
42005,0.3,18.2
7609,2.7,26.69
17226,5.91,83.27
22240,0.25,28.5
27829,0.5,34.1
19747,,20.93
48043,0.63,15.88
20165,2.65,17.81
36057,1.81,20.69
21819,1.82,33.96
49749,2.37,3.77
6947,3.04,93.34
6793,0.98,24.31
26667,3.71,90.69
15134,3.68,25.51
4366,5.4,77.41
13863,0.93,18.29
45677,2.5,12.42
32346,2.42,15.74
1231,1.71,33.14
24825,3.51,76.63
41265,1.44,84.3
24038,2.99,68.18
3853,2.66,21.18
18556,0.46,17.51
22328,2.37,15.5
43055,2.6,14.71
21804,0.89,16.97
14516,0.91,
8314,2.04,30.79
7223,1.61,21.42
10664,2.55,16.26
3777,2.57,19.2
49836,3.02,19.66
9952,1.35,28.15
10239,0.33,29.39
1311,1.88,17.44
37937,2.73,12.49
3295,2.92,27.32
31125,1.36,12.43
3884,1.96,23.36
33164,3.31,14.86
6115,0.72,21.97
7622,0.84,24.01
4350,3.26,
43302,1.46,31.57
46224,4.48,79.71
49367,0.76,23.51
47478,1.5,14.36
4078,3.25,25.48
7330,0.62,15.2
16609,3.98,89.73
18490,1.09,37.58
14819,1.14,23.52
36257,1.62,25.95
46664,1.2,18.34
44781,3.02,23.79
46442,1.72,21.41
28455,5.29,82.72
3583,4.25,25.11
31797,1.69,22.29
15953,0.22,21.0
34269,1.78,16.18
36741,1.0,22.95
27726,1.28,27.53
42480,2.43,20.79
7811,3.77,
22282,0.57,29.47
6830,0.62,17.29
39511,1.56,10.35
46302,1.13,39.07
44028,2.68,34.46
37006,1.86,30.29
22457,1.69,28.7
6139,4.29,23.77
28924,2.23,16.61
19546,2.09,23.43
8385,1.22,23.21
35422,0.58,29.56
18934,0.92,16.31
6273,1.06,
22597,1.45,7.95
16394,1.34,
48438,2.23,24.65
31176,1.46,35.2
47398,4.92,
25538,0.74,
34600,,23.87
49425,1.34,5.99
30012,2.84,35.84
12043,3.0,33.38
20886,1.15,23.38
22013,4.04,22.09
48748,0.64,
8130,3.1,82.28
16163,1.33,24.7
32424,0.73,11.93
38785,0.94,41.7
38086,2.0,71.62
27022,0.78,20.17
8326,6.26,70.02
42616,1.73,27.0
37982,0.8,21.14
38571,0.78,14.25
1176,0.4,
5444,0.97,22.76
26112,1.25,27.1
42529,1.52,25.21
5741,2.91,79.83
44090,0.96,30.32
43573,0.76,22.56
1498,1.95,32.1
17750,2.51,9.08
49200,1.47,37.87
37815,3.33,27.93
16081,2.63,22.93
32544,1.16,5.53
33598,3.68,
47110,6.25,81.76
44562,0.72,16.78
17428,0.97,37.6
41337,,21.29
30785,3.53,11.93
9281,0.69,28.63
16678,3.74,26.58
17829,2.39,29.52
47459,1.86,
1893,1.19,34.25
20192,2.57,21.07
46050,0.86,14.59
40375,1.83,14.9
14159,0.79,24.79
22738,3.83,95.7
17297,1.86,19.39
22108,1.05,30.0
8564,1.87,22.73
4428,0.49,30.57
46705,1.6,28.34
39701,1.39,26.1
14199,0.49,21.04
9239,1.13,
36742,1.63,24.19
20687,1.67,11.65
4238,0.45,22.84
18036,0.61,20.68
38403,11.28,19.03
21672,2.76,
2690,0.09,22.14
30956,0.71,12.46
3690,0.64,17.82
45307,1.56,30.44
16131,1.97,27.8
43293,2.83,7.2
9113,1.1,16.32
22837,3.06,33.17
49334,0.95,39.82
30556,,27.06
35301,0.82,4.01
16674,3.43,14.62
16088,1.84,18.91
46806,1.55,12.51
7893,1.37,27.22
46986,1.55,26.2
37009,0.55,
43804,2.51,30.04
44405,1.35,30.18
18515,1.18,
42895,4.17,83.16
8447,7.21,83.57
33777,1.31,31.25
48971,1.27,17.17
8773,2.21,7.88
42753,1.25,12.42
35103,4.4,7.68
11315,1.54,26.69
9464,1.24,42.97
23273,9.24,16.52
40942,1.34,18.64
42748,1.69,18.31
32695,0.65,12.66
48993,0.97,20.78
32330,3.23,15.31
40329,2.82,74.46
22211,0.75,32.78
42238,0.88,22.38
23982,1.38,13.97
15167,2.34,19.52
7425,6.1,64.41
47405,1.22,18.62
20334,1.66,30.78
31340,0.91,14.45
33633,0.51,20.68
9277,0.99,14.88
43580,0.85,16.41
42871,3.37,39.2
25746,4.77,11.78
16584,0.69,32.02
22320,3.83,91.25
20862,2.24,19.25
11151,0.38,19.46
13586,6.78,91.15
41682,1.0,13.06
11668,0.69,24.87
13269,1.75,25.37
49933,3.0,12.78
30295,5.02,85.87
18482,2.54,
43261,4.1,84.82
20779,8.100000000000001,23.69
47329,1.88,15.77
30865,0.95,25.64
6044,0.91,25.34
9117,5.34,15.52
40810,0.61,
38264,1.93,3.98
1980,0.95,26.56
37231,3.66,
48549,6.51,80.23
46454,3.75,34.5
24999,2.27,35.3
37404,1.25,18.36
7640,4.12,
39454,2.02,8.89
8045,2.55,10.89
16803,1.12,20.94
5351,0.85,24.92
21219,0.43,20.34
10001,2.09,
38862,,
7495,0.99,8.84
14436,0.82,23.73
6489,3.26,6.54
40009,3.41,14.67
41166,2.53,52.775
36187,3.48,17.46
38199,1.87,12.4
19200,4.35,78.82
22472,3.63,23.92
27925,0.49,21.67
1873,0.84,28.73
1520,0.34,14.82
24081,1.39,37.65
15453,1.59,13.98
45240,0.81,38.36
20674,0.79,25.97
1050,1.94,27.67
8857,1.32,37.34
49902,1.07,19.8
45025,1.91,17.27
21318,1.14,20.03
20187,0.91,11.28
27222,0.46,22.47
9922,1.03,22.29
34792,3.73,
19483,1.57,15.07
31934,0.53,7.71
32214,1.41,21.17
8022,1.92,21.3
28825,1.53,29.11
28610,1.28,28.78
49693,2.48,25.08
3070,0.74,13.98
28900,6.24,
26952,0.97,36.32
8263,2.08,19.74
31749,0.55,23.17
4361,0.7,11.53
26471,1.8,25.79
729,3.47,25.12
18795,1.05,28.51
40716,1.44,17.9
46387,2.35,27.61
4276,1.56,27.53
48511,8.11,96.19
3458,1.86,24.93
3957,1.65,33.57
39271,0.74,13.62
21245,0.97,13.03
30660,4.86,89.39
12130,4.7,78.12
36867,0.5,7.75
16446,2.52,33.62
1905,3.66,11.43
9979,1.48,29.72
18659,2.28,25.36
11469,0.88,23.15
44588,3.98,19.91
44782,1.66,23.45
44399,7.05,83.58
23492,2.01,15.9
25057,1.32,30.82
49024,2.1,23.49
2383,2.78,8.96
37133,1.34,19.72
7660,2.45,14.08
16351,0.67,34.18
10047,2.69,80.06
20307,2.51,
41974,1.54,28.79
72,1.02,31.12
38637,0.51,27.79
9783,2.14,
1636,1.48,13.2
18352,4.02,99.66
18037,1.49,19.72
3380,1.12,17.55
6538,,11.25
47191,2.53,22.39
47791,0.81,18.0
28473,0.43,
25991,1.84,33.29
8069,1.72,21.44
10648,1.6,16.35
9757,3.45,21.87
7112,2.17,21.11
14744,3.13,12.77
3299,2.35,27.44
49475,1.2,15.36
13970,1.41,
18738,1.13,15.58
13699,1.88,26.35
22497,4.01,
21193,0.66,25.74
9785,1.62,21.03
46742,2.53,25.25
37816,2.46,11.13
17050,1.69,66.925
37300,26.82,27.09
739,3.38,6.36
7868,1.34,31.2
34772,,16.89
6737,0.89,33.46
11870,1.82,22.31
28644,1.22,33.1
21838,1.21,20.89
33768,4.42,22.83
42924,0.66,18.28
30753,,9.18
41884,3.7,76.55
40494,1.86,
22278,,12.04
15397,0.78,54.800000000000004
15989,0.7,38.33
13488,0.88,18.39
29745,2.3,17.29
43097,2.19,26.04
11566,1.34,36.66
48830,0.71,30.76
32747,2.93,78.36
14483,1.29,24.36
41521,1.04,23.41
9552,0.95,17.05
1450,2.7,31.93
30345,1.93,8.28
36556,0.6,19.58
11325,,
27310,1.14,27.03
23531,0.43,16.68
31151,3.05,24.18
49161,1.08,18.35
23393,0.45,20.81
1011,0.74,22.41
9622,0.29,14.74
26449,1.31,19.91
17741,1.86,9.57
7207,0.42,23.67
30275,0.34,31.54
39099,,27.18
34907,2.14,23.71
30756,4.93,43.93
13395,0.76,28.98
32170,0.8,20.62
41842,1.66,13.08
18682,1.49,15.95
26369,,18.47
8542,2.39,23.08
17003,2.54,47.5
28516,2.59,74.88
8742,3.35,
35593,0.87,25.67
39674,3.03,16.85
49088,1.07,24.12
32685,2.27,19.59
8319,1.51,28.82
7214,1.41,17.28
24768,11.07,92.61
20904,1.75,30.76
19559,3.64,18.34
34750,2.28,34.52
43370,0.98,0.0
12112,1.38,21.03
26812,3.65,37.01
41671,1.1,20.52
12281,1.25,90.1
40473,0.12,31.06
33213,3.98,84.86
29151,1.19,26.28
7270,0.64,23.23
12459,3.79,87.08
32528,1.96,22.27
34825,2.53,30.74
34198,7.11,23.09
45871,1.17,29.72
3394,0.66,6.71
7378,3.77,35.37
12224,1.53,13.06
3406,2.47,28.73
47079,3.81,32.26
8067,0.65,4.33
39508,2.89,27.13
34363,2.06,77.89
17634,0.68,9.67
39048,2.85,97.85
19703,1.22,26.56
43858,1.3,19.48
46743,0.3,19.09
35668,1.27,26.79
26679,4.27,12.28
20705,0.52,36.62
37100,0.93,8.18
5681,0.66,0.0
36153,1.29,33.38
7668,,15.11
34913,1.03,53.099999999999994
20783,1.89,26.57
46540,0.77,26.69
6181,2.05,23.01
24078,0.48,16.91
41928,,11.33
49177,0.35,15.73
41511,0.51,35.25
6591,1.06,25.15
22964,0.48,19.49
24513,0.42,11.38
24674,2.97,20.94
1688,1.15,12.64
34817,2.13,14.05
45688,0.95,13.88
43007,1.0,30.33
9862,1.66,5.85
45636,0.44,
10132,0.94,
19176,1.15,15.45
35539,2.71,6.74
21569,1.86,8.93
26103,1.46,13.76
17406,2.33,87.6
42634,,30.65
9729,2.13,26.81
27824,0.83,5.56
30177,2.38,76.51
32563,,20.75
27465,5.65,82.66
25663,0.61,27.44
18995,1.56,19.8
4440,1.36,28.53
9940,0.85,29.325000000000003
721,2.59,94.53
27843,1.81,25.08
19097,1.98,35.09
28113,0.83,28.37
43828,2.11,25.64
20279,1.86,32.3
41871,3.41,81.52
23954,3.59,80.17
22611,1.17,11.82
45506,,30.95
43423,2.96,78.87
26811,2.6,28.91
45579,1.02,21.74
32137,2.06,
2487,6.53,74.8
7075,0.71,29.67
121,1.43,14.96
36223,3.64,83.75
25150,0.2,24.93
19037,1.88,36.27
45856,2.51,13.81
41544,0.49,31.11
39319,0.95,21.88
33535,5.47,82.16
18079,4.59,
34899,4.46,94.86
25959,2.44,25.03
22719,,
10828,3.06,90.79
17500,3.78,
13749,1.6,29.42
11338,1.14,15.66
3550,0.35,30.29
48462,2.6,23.67
29488,0.69,14.04
45699,0.77,18.71
30838,0.31,20.0
29212,2.0,27.93
44135,2.05,25.72
11642,6.7,8.92
31381,0.63,15.22
6475,6.43,-83.82
45556,5.19,77.62
17480,0.65,35.62
19995,0.52,37.6
31716,3.45,18.22
40493,2.06,22.75
37385,1.34,73.625
7127,0.87,27.5
22875,0.46,
12938,3.08,28.25
44181,0.96,17.8
13078,2.12,28.54
11932,1.32,
10480,3.58,26.62
9510,2.42,20.42
33188,3.33,-25.7
40842,,18.69
48405,2.29,13.72
15039,1.46,16.84
41478,1.33,23.5
17114,2.06,34.58
25906,0.56,10.91
21848,0.57,1.5
29428,2.17,11.84
46943,5.98,85.89
15439,5.22,95.04
41812,2.1,80.52
24033,1.96,11.51
30278,1.56,23.95
26050,1.29,26.82
44737,1.11,9.96
30201,0.95,
9175,1.7,19.57
34460,0.38,21.19
13809,1.47,12.48
35163,,14.46
15476,1.83,21.94
29692,1.6,37.87
6929,2.79,22.41
33117,0.9,
3858,2.25,23.32
20290,1.12,33.99
47254,1.73,30.26
39893,3.25,80.37
10610,2.87,21.33
47686,2.13,27.38
41952,2.15,26.76
11037,0.93,6.93
40798,,19.7
2908,0.42,36.71
2478,3.0,75.5
27160,5.72,87.78
30451,6.56,80.47
48107,0.51,30.32
24104,1.48,74.53
10683,1.7,19.93
33825,1.13,9.53
29594,0.46,28.27
44757,0.75,22.12
18071,2.11,23.19
49882,1.77,40.0
7612,8.040000000000001,31.6
35342,0.32,7.25
16224,2.24,32.49
41741,2.02,17.95
15357,0.97,17.36
15360,0.97,15.5
23611,0.81,29.7
880,0.79,28.37
34619,0.4,28.58
3824,19.799999999999997,18.3
26545,2.89,12.12
41878,4.18,100.0
41216,4.24,67.45
11512,2.26,18.35
6006,2.03,28.24
12655,1.93,27.48
45887,4.45,20.86
6225,2.4,15.38
32811,1.65,15.78
26575,2.06,30.31
14126,0.69,25.66
28326,0.98,24.96
6134,1.69,23.83
21419,2.58,17.02
12452,1.88,19.86
2853,,16.18
44272,0.16,27.81
6809,0.69,11.94
36372,,14.07
13324,3.26,74.63
4375,0.92,23.33
28038,0.61,23.23
21102,1.19,20.82
49349,2.62,33.24
5848,,62.84
18937,1.75,8.92
16648,1.76,20.78
88,0.37,35.61
38398,1.99,32.3
9461,1.7,
8924,1.08,42.44
25800,2.31,23.11
29121,0.91,20.9
1935,0.37,12.63
18581,2.51,24.43
37943,28.98,80.05
39107,2.49,22.44
10338,1.5,22.86
22700,0.54,17.82
29133,1.08,18.16
42897,0.94,41.45
28427,4.83,91.57
19205,5.83,66.23
33494,1.8,24.28
20923,1.97,15.28
5762,2.32,
38856,1.09,13.56
484,1.58,24.61
47804,,17.62
31342,1.11,31.23
34731,1.14,20.8
14770,0.77,25.36
29894,0.56,
49872,2.04,23.59
22933,1.45,30.38
40750,3.55,
44578,1.83,19.02
26589,1.11,18.19
30612,4.27,22.61
12846,4.01,69.05
17765,2.94,24.61
34656,,14.14
11028,2.93,21.16
6821,10.08,9.42
8369,2.01,24.77
18863,1.14,17.9
15384,1.0,42.86
24863,1.87,5.9
48674,2.31,33.77
43664,2.42,
22049,1.11,12.03
37640,1.83,38.76
42228,2.65,11.56
8871,1.63,33.98
2308,0.19,23.04
28786,1.93,16.58
35336,2.35,100.0
46974,2.46,16.14
11217,3.19,11.6
23403,1.03,10.41
5318,1.66,11.95
34816,1.06,7.48
2923,0.91,36.34
22245,1.67,28.95
23517,2.91,11.96
32707,2.91,21.63
43503,1.0,23.62
18918,0.53,17.35
39409,0.85,10.83
25833,2.0,22.49
46242,1.1,25.51
32740,3.24,26.84
19847,1.22,19.79
36732,4.01,22.35
23295,3.15,34.62
30909,1.01,18.92
6309,0.97,35.33
40886,1.22,30.76
35798,0.67,23.15
22864,3.58,20.48
21066,0.96,34.77
21730,0.93,
30129,1.45,19.95
10631,3.77,81.82
11034,1.5,28.76
34035,0.42,16.62
31586,1.17,25.28
20167,0.47,21.82
23027,0.76,25.2
26998,1.84,-21.66
2335,1.95,16.59
23024,0.74,13.72
35626,1.53,12.5
35334,3.47,23.69
33250,0.89,17.02
24183,,34.23
40808,3.26,18.57
37789,2.38,16.16
21043,,87.98
34512,2.3,39.72
21533,1.42,22.37
48026,0.61,20.04
10696,1.08,23.09
49539,1.71,23.46
17933,1.22,23.81
27624,0.81,23.23
44058,1.5,21.12
43799,1.15,21.72
34289,1.34,26.14
2509,2.07,1.19
37646,0.56,17.23
26462,0.66,19.76
48992,3.3,14.87
12997,0.8,26.07
6109,6.76,77.44
37289,2.09,14.37
34790,2.33,26.12
9680,2.07,20.65
7231,0.94,20.75
43715,1.58,22.28
6271,,18.64
8774,1.31,26.8
46071,1.26,17.98
28575,2.11,16.44
44176,1.28,25.88
1225,2.13,33.9
37593,1.17,14.31
31083,3.02,10.79
37292,1.45,25.8
31110,1.89,23.51
1913,,12.57
8323,2.04,20.11
27040,4.24,86.49
8232,2.7,19.4
32155,0.38,29.03
48433,2.94,23.77
11066,0.59,35.26
25665,0.45,31.26
47469,3.8,21.42
11694,0.57,31.57
14639,2.12,24.53
7102,3.52,
46197,3.77,-18.69
32426,2.08,39.69
30477,2.58,23.8
46757,1.98,25.37
8706,0.62,30.85
10478,4.91,80.51
41542,1.61,11.18
35439,1.57,22.81
46881,2.51,24.65
30946,2.5,30.13
12311,1.42,16.55
40302,6.77,
10787,1.91,18.54
34995,1.01,18.34
8686,2.41,16.21
21900,1.38,20.15
13764,1.78,25.37
9136,3.11,22.03
19986,0.31,33.91
12443,0.51,21.74
33757,3.63,77.22
46232,0.43,14.42
16863,2.82,24.57
4730,1.68,17.8
13289,2.25,23.19
36602,3.43,83.31
1861,1.3,13.1
10842,2.51,21.54
39298,1.94,36.71
16260,1.53,15.05
10607,3.3,
37257,0.93,22.56
290,1.0,24.98
30259,0.6,42.18
43118,1.43,23.64
17598,2.38,16.58
33771,1.05,23.97
37896,1.94,30.85
10601,0.64,18.59
35899,2.31,21.9
26408,0.98,39.21
44352,1.97,27.47
30468,4.6,99.62
49538,4.18,
5940,0.86,12.58
40757,1.62,18.91
40374,1.57,18.81
21679,1.14,16.8
38297,1.86,75.26
46851,0.76,19.19
20568,3.55,23.45
28680,1.07,
7895,2.06,23.81
12215,4.06,-90.47
25156,1.16,10.97
966,1.8,23.05
40857,,90.31
32221,2.84,85.53
37589,0.85,12.75
24327,2.96,22.47
20282,3.5,20.79
40916,1.78,21.03
23504,4.59,22.97
5690,,19.68
3634,2.75,19.96
22889,0.65,21.23
39054,3.15,12.11
27907,0.96,23.91
46565,3.27,24.69
3985,7.67,78.89
47623,2.72,26.37
23502,2.33,29.7
22016,2.61,30.35
16272,1.92,27.33
21397,1.11,24.35
42728,0.25,33.88
31541,,25.98
34299,2.36,13.54
3724,1.68,24.56
46433,15.66,17.42
38670,2.17,13.48
28423,1.94,20.24
47119,3.59,35.72
6282,2.21,17.78
503,1.49,23.04
43902,1.13,11.84
38661,2.78,13.97
11107,3.53,14.18
27678,1.04,10.42
34657,1.3,21.68
9670,0.9,30.88
17210,1.54,
15355,,30.8
27233,0.81,21.8
48091,1.34,16.62
42264,2.75,29.77
17191,2.56,24.74
29944,0.59,10.34
16586,6.540000000000001,24.5
44341,1.51,25.95
34993,,20.57
20352,1.89,9.28
5471,1.4,1.44
14867,2.34,25.95
37993,0.73,28.94
47096,2.19,20.98
30260,2.97,28.67
33338,0.46,33.47
32916,0.97,19.51
25340,3.79,26.06
18573,1.3,21.52
2481,,14.77
14206,3.72,22.31
37397,3.34,23.7
39957,1.77,37.72
14941,0.39,15.64
11759,2.17,17.1
14987,1.35,28.64
28285,1.46,20.61
15023,3.4,12.51
24175,4.28,84.12
34944,1.56,30.78
33988,1.05,42.81
44075,2.08,28.01
8200,0.87,25.45
1915,2.63,20.05
49037,1.24,19.4
22724,1.32,24.47
49285,6.8999999999999995,22.52
27883,1.23,8.33
19331,5.18,32.72
49983,5.04,78.81
36025,3.28,
12272,0.77,27.82
20033,2.29,
4035,0.38,17.04
17398,2.71,16.1
32018,1.12,12.42
27686,4.72,32.28
10558,,23.97
45154,,20.59
2581,4.24,22.27
46380,1.29,15.46
29414,1.23,
25715,3.04,19.38
6539,0.47,26.51
40219,0.99,22.6
30070,0.53,26.27
45481,0.96,5.25
16290,1.37,-10.92
11699,0.27,17.36
14309,1.61,16.75
28742,0.92,15.44
239,1.5,7.64
270,3.33,15.54
28580,2.86,16.63
42907,1.98,13.4
45429,1.34,20.19
5433,1.07,19.96
39960,2.15,21.03
4458,2.53,41.25
18675,0.84,25.21
23098,2.79,21.19
7487,3.73,32.32
48159,1.65,
30258,1.07,23.48
48429,0.9,32.84
27903,2.99,12.23
23064,2.03,5.5
13847,2.48,32.16
30047,3.14,13.2
23028,2.02,23.64
31150,5.64,66.87
45634,6.33,89.44
34408,1.54,11.04
42856,22.44,20.0
21224,0.62,21.61
12376,1.04,18.1
7618,1.55,21.19
4300,1.06,16.07
7332,0.99,20.28
5402,1.76,19.66
483,1.24,33.55
7863,2.59,25.47
5232,0.95,3.94
29683,2.47,40.93
42145,2.04,28.26
25273,5.87,80.63
16171,3.55,35.84
9098,1.72,19.99
14685,1.18,42.35
4338,1.3,28.12
18028,2.33,67.75
39014,2.39,21.02
31445,4.19,81.38
25154,1.12,24.21
24738,1.04,22.41
33868,2.79,16.24
19687,1.93,26.23
39318,1.51,21.64
18216,2.78,
2910,3.17,31.63
12963,3.05,15.68
16161,1.62,
37029,1.18,32.74
40106,1.82,19.76
7462,0.81,31.4
39775,2.14,20.3
35765,4.12,82.28
44819,1.88,145.975
15392,3.76,12.57
40714,1.14,7.86
49116,1.17,23.37
19846,1.16,9.95
32223,1.88,24.2
22379,3.97,6.38
39677,0.66,10.68
46816,1.77,24.35
48659,1.91,37.19
2687,1.26,27.61
39353,3.1,10.74
35327,0.3,28.45
22590,0.89,24.04
5675,1.51,14.06
33725,2.28,15.41
33063,1.79,28.16
35988,1.73,
17229,0.84,20.62
27669,3.19,22.99
4437,1.83,
19275,0.32,21.53
11187,1.4,30.46
26636,1.83,7.14
26165,,11.93
2558,1.51,13.67
25235,1.01,37.36
8769,0.61,22.02
10705,0.8,25.12
48631,1.73,10.83
46859,1.41,20.56
25664,1.88,23.1
2191,1.77,20.21
9245,0.54,9.54
22537,1.87,20.25
34926,0.96,1.42
19934,0.87,13.66
8189,3.31,72.02
12966,2.05,25.64
15801,0.18,28.8
19960,1.79,31.9
43260,1.14,20.03
39108,1.14,21.75
332,3.52,19.27
25261,6.58,87.46
45957,4.32,26.24
38321,1.14,20.97
17298,19.919999999999998,31.39
44512,2.53,82.52
7259,2.07,16.17
15063,1.97,23.74
9445,0.59,22.85
4673,1.98,
18866,2.04,13.83
42782,0.7,17.53
35910,1.14,
24264,,23.72
15861,1.12,18.66
27396,,15.87
24678,4.8,23.59
35847,0.5,24.65
7882,0.69,19.29
10767,2.31,15.82
10991,0.77,18.43
885,3.15,-7.1
13722,2.91,
36485,1.53,30.36
31424,1.76,21.64
12203,2.04,23.96
29837,2.71,86.1
44931,1.35,0.44
35811,1.42,24.81
39147,2.64,71.9
48418,0.81,25.27
7961,1.45,25.02
33516,1.74,36.66
47306,0.59,16.34
45042,2.69,28.03
17283,1.75,14.35
25240,0.77,29.77
26460,1.97,21.64
17047,3.31,26.44
22401,1.44,34.06
35950,3.94,9.89
16727,3.01,13.93
44044,2.77,24.86
44519,2.29,20.21
13256,3.1,13.45
39707,1.6,28.66
29338,2.3,62.57
20618,3.34,11.04
31633,2.59,24.06
28780,1.41,23.5
35924,0.93,19.36
24500,3.53,27.54
12986,0.45,18.38
14114,5.31,24.42
29915,1.19,30.26
43694,2.06,30.44
2084,0.43,6.21
34991,1.34,19.8
8248,1.72,96.91
1329,,33.88
19854,2.37,13.0
34187,0.85,15.37
23265,2.95,12.05
27618,2.14,14.47
29056,0.92,3.97
49338,1.5,11.53
14834,1.72,13.06
47181,,18.46
27586,0.54,15.03
40496,0.94,16.86
30654,1.34,22.26
16567,0.46,19.45
2897,2.5,18.23
26760,0.77,14.28
1425,0.38,21.72
23529,2.78,22.8
25161,0.69,20.77
22451,1.2,19.42
38925,1.02,25.35
717,3.25,18.67
9791,1.88,7.88
2453,5.03,71.42
39390,2.91,17.07
19765,1.09,16.31
4462,2.12,22.11
41526,1.57,14.89
10348,1.44,18.66
27638,1.15,31.35
20027,2.88,12.99
37098,0.21,23.87
12500,1.69,17.63
21604,1.87,17.66
6764,0.74,
13311,0.65,1.95
39396,1.79,25.78
25774,7.57,81.77
45911,1.37,34.48
5091,1.19,29.51
23810,1.6,25.2
19861,0.61,16.88
29317,3.84,20.5
44908,,22.13
27958,0.64,32.36
42336,0.49,16.55
7031,2.49,9.15
10406,0.75,23.03
49531,0.54,21.11
4988,0.91,24.85
6659,0.96,20.45
26945,0.8,10.21
11672,1.31,30.39
24604,1.07,23.33
42065,2.42,21.12
4436,,15.86
38313,0.3,17.12
14043,1.99,11.82
12767,1.15,20.73
8451,1.58,24.77
12543,1.94,15.27
42740,0.99,17.52
34091,1.49,20.27
5770,2.64,15.78
39600,2.82,31.17
8562,2.58,28.44
44956,0.58,21.76
25642,2.53,24.67
35064,0.62,22.16
8245,3.39,91.82
1056,0.75,11.62
5610,1.3,20.3
17038,1.91,23.8
35127,3.67,16.66
44265,1.47,18.71
10714,1.0,38.37
26219,2.71,12.38
25610,2.62,19.35
20125,6.01,77.29
48420,1.19,26.36
13551,0.95,31.1
30548,0.48,27.0
36617,1.09,18.4
18753,2.1,14.88
21075,7.7,92.23
29822,1.07,16.69
19688,3.01,30.67
41717,12.36,21.3
2607,0.8,19.96
14555,0.77,16.4
21692,1.15,28.65
46015,0.4,13.68
22157,0.9,43.34
3702,6.08,97.98
48255,1.48,32.81
9056,1.9,36.41
5219,1.19,21.41
25740,1.07,24.03
47395,0.84,18.06
28093,3.1,28.81
45605,0.45,17.3
46732,1.25,
16284,2.03,31.23
34175,0.46,11.99
49228,0.82,27.48
45874,0.97,30.56
4168,2.64,28.53
20898,3.2,11.69
45385,1.64,9.52
31542,1.3,33.21
29726,1.86,18.27
16905,0.4,18.08
25684,,14.82
28815,0.79,18.03
250,0.6,24.85
48225,2.17,7.83
29827,1.98,7.32
20654,1.77,28.06
46013,1.47,24.91
6656,1.08,
17845,1.4,19.33
20789,1.86,10.54
31173,1.83,29.34
49629,0.43,17.29
49623,1.9,19.92
4837,1.17,31.6
13316,1.53,20.06
44662,3.22,30.29
5738,1.22,35.71
26707,1.68,14.39
3584,3.07,20.98
14259,1.19,33.03
27867,0.92,20.46
9285,1.18,18.38
2009,0.74,31.83
48134,1.02,18.7
34671,0.43,18.78
39333,1.5,15.9
49803,0.83,16.71
36212,2.16,33.87
33569,0.5,
39011,2.07,30.28
21557,2.94,35.37
48919,1.26,25.89
23170,3.57,2.47
34874,4.29,92.55
26686,0.9,24.81
29624,2.75,
22654,2.02,22.21
4961,2.29,10.68
36498,1.91,22.02
48866,2.45,14.14
46729,1.51,12.95
19911,1.07,
38444,1.93,83.07
32264,2.44,11.27
3855,,69.55
18888,0.72,3.62
46114,3.21,23.31
34291,1.96,31.75
16099,8.41,73.8
31895,6.36,88.56
17932,0.58,23.67
43517,3.06,12.07
30655,1.28,16.2
4852,0.96,7.18
35491,0.73,19.06
47133,2.61,79.74
21982,0.97,4.0
25490,1.04,31.14
32998,3.59,86.59
13549,2.92,75.15
49182,2.21,28.2
31677,3.05,89.94
43285,0.51,26.61
763,1.54,33.97
36621,1.26,
33793,1.4,5.1
35857,1.71,19.41
10647,1.49,17.15
40343,2.43,34.51
34818,,38.78
17185,2.5,19.9
48031,2.38,80.11
1300,2.2,14.28
6340,2.94,18.73
18141,1.7,38.6
25397,2.28,4.86
36041,,25.49
10951,3.43,28.61
34626,1.62,27.15
17253,1.81,25.64
48305,0.91,12.79
26345,2.02,24.28
26308,2.96,47.91
21566,1.14,21.73
11171,,7.33
14869,0.52,25.22
45104,1.2,66.225
22520,0.88,24.42
12367,4.07,88.68
18300,5.41,83.27
46311,3.28,18.37
13759,1.33,17.86
41432,1.03,25.75
35828,1.58,24.46
9676,1.35,25.78
4704,1.17,29.38
19287,8.48,96.32
44529,2.15,36.04
36295,0.86,3.19
4786,2.17,32.02
33174,1.73,
2914,0.89,19.71
15068,0.86,29.4
38569,1.83,8.86
7441,3.31,29.53
8441,3.87,68.62
21391,0.65,13.65
12123,0.69,8.21
12396,1.4,32.86
5694,6.89,80.2
4562,,12.13
4094,1.05,22.26
39213,1.57,11.79
28946,0.92,15.43
43762,0.9,16.93
14657,2.23,30.64
42556,2.03,15.12
40131,0.64,10.07
36868,1.7,26.31
440,1.42,14.8
24086,2.2,31.34
5264,2.71,21.79
43413,17.88,23.08
10680,9.66,
19966,1.56,1.52
17035,0.86,21.73
42151,1.53,25.43
26130,4.14,84.73
19178,5.21,77.89
2317,2.96,14.96
43596,1.61,38.59
43785,4.69,82.92
49800,0.9,12.1
9997,1.27,17.06
36297,0.9,
44073,0.83,16.79
7160,3.03,18.04
30731,3.01,22.24
38022,2.42,19.85
35348,1.36,10.07
11423,1.22,11.72
28266,1.42,18.15
3771,3.58,86.92
31440,0.59,25.18
6713,2.57,14.57
18172,0.91,23.4
25676,0.73,24.67
16498,0.51,25.96
42921,2.32,63.08
29407,1.91,15.09
29993,1.01,14.68
45612,1.7,23.87
18293,1.63,37.81
11488,2.11,
32559,2.48,71.95
7205,2.0,92.04
22707,0.79,26.64
294,4.9,12.85
49174,1.79,45.29
25313,0.72,35.73
8505,0.71,33.28
38572,1.09,13.34
25298,1.96,11.76
44794,,28.84
41077,0.53,10.69
14430,1.59,33.22
31422,1.64,9.2
42812,2.81,8.24
29089,2.99,31.53
12682,2.72,17.8
2425,1.9,25.33
2255,5.53,32.88
17426,1.57,16.87
21019,0.37,17.23
39955,0.86,27.07
6767,1.76,35.1
16634,0.64,15.27
49487,2.37,39.48
285,1.76,42.25
30777,1.1,9.99
18078,,3.4
31358,6.9,74.37
11065,1.84,40.69
45860,1.85,10.52
23248,1.58,30.53
45479,1.28,10.89
40378,1.8,0.62
10232,1.37,-27.96
25110,0.89,10.27
11664,0.39,26.57
48163,2.58,13.07
9044,2.0,5.75
40531,,30.75
48029,0.99,
28630,3.07,16.14
25980,1.21,30.08
18150,1.37,26.11
20005,,0.0
27664,2.25,26.52
15486,0.84,20.01
378,0.65,27.94
35651,0.16,28.8
17729,3.82,81.04
19494,3.28,25.41
47017,0.38,23.18
46326,2.15,4.64
47744,1.77,31.55
36927,2.36,14.91
11426,0.68,29.89
2828,5.19,79.65
11768,1.97,31.36
24079,0.83,3.21
41638,1.43,27.47
18035,8.03,82.38
33579,1.05,14.14
5758,0.67,17.47
37021,1.63,34.61
2546,2.72,18.53
4267,0.99,27.49
24542,2.53,24.05
35769,1.05,20.03
48565,1.26,15.46
4037,0.94,
33766,1.69,16.2
38724,0.59,26.07
9513,0.87,13.26
9079,1.75,11.32
16922,1.85,7.8
39654,1.69,20.03
4782,2.91,31.09
10343,2.98,21.62
34233,5.71,23.33
48644,0.49,30.71
18897,2.35,86.49
48651,,88.58
36293,1.42,21.5
48811,1.53,22.55
16631,1.14,36.04
36085,0.94,19.97
44359,3.34,25.5
42183,2.28,24.33
17645,0.3,16.09
12825,1.52,30.86
41112,2.31,16.79
30292,4.69,206.07500000000002
2089,1.19,29.49
49518,1.66,27.19
16738,0.8,24.04
48945,3.2,12.11
29342,2.59,23.01
18130,1.74,
39230,2.41,17.22
32272,0.65,20.99
36559,0.95,2.17
49106,1.77,12.91
12701,0.63,14.32
32373,1.55,22.9
17140,3.64,22.81
20525,1.51,23.77
8307,1.79,34.33
33263,0.87,8.95
3606,2.41,17.09
39966,1.18,20.28
4435,1.85,28.73
47950,2.28,7.45
11442,1.18,15.92
26799,1.87,31.69
13669,2.95,32.92
38008,4.17,32.83
35768,1.95,27.62
41701,1.06,23.07
1342,1.8,11.47
11953,1.39,21.27
49553,0.52,
2012,4.74,80.98
31977,0.89,31.98
13683,1.28,30.11
34588,1.33,29.46
4315,1.16,16.23
22119,,26.05
19269,2.85,22.42
26228,0.94,4.24
44458,5.8,76.25
30191,1.35,18.53
24801,3.42,24.79
48414,0.67,15.57
21822,2.32,35.85
43492,0.91,12.37
32313,1.78,21.15
13222,1.16,34.25
13607,2.51,12.85
16652,1.06,28.49
27326,1.21,31.32
11603,1.93,24.49
13584,1.77,20.6
23093,3.8,26.07
17654,1.11,24.37
44875,1.08,27.64
46969,3.45,94.46
7110,2.4,94.4
49103,1.83,24.29
35081,3.36,25.04
38163,1.05,21.46
20242,0.98,30.82
9846,0.7,22.4
4618,1.74,21.33
10123,1.15,18.87
48646,5.12,28.0
4749,1.14,28.93
39492,1.09,34.17
20685,1.44,
20890,1.08,17.99
19749,2.02,18.21
44557,2.18,85.14
2460,4.1,23.03
41674,1.85,6.27
28662,2.48,23.74
12158,1.25,13.24
27403,1.38,28.51
8019,2.41,18.55
42505,1.68,26.64
32915,1.24,15.93
34928,0.8,20.55
222,1.13,20.63
38761,0.8,24.12
24767,4.9,35.25
40739,1.08,28.34
49397,3.04,18.29
38891,2.56,28.85
6333,1.19,28.31
4493,1.93,33.15
19993,1.24,22.28
3103,4.16,23.97
11995,0.78,25.75
34094,2.59,
35596,0.85,24.71
34717,2.64,25.88
12129,3.07,23.51
4216,0.82,17.63
20132,1.57,26.04
29290,2.0,25.85
39028,0.8,39.37
48818,0.81,39.7
16439,3.34,32.88
12415,2.64,13.97
11417,1.6,38.44
45469,1.27,9.89
33042,1.24,17.28
48496,1.83,17.7
46366,1.28,24.53
9295,0.99,
750,0.96,15.16
15769,0.89,21.7
38877,3.3,25.66
39469,0.73,11.53
36020,3.27,12.78
4950,1.37,21.03
33477,1.64,27.9
21443,1.16,31.23
45036,1.9,21.74
40832,,
20313,5.14,82.23
49782,0.87,22.85
14048,0.98,8.39
3718,1.52,32.8
12661,0.97,37.44
3682,2.75,13.98
18814,4.34,4.78
3653,1.78,27.71
30253,2.55,25.09
17201,1.37,21.3
7285,1.21,13.41
17419,1.32,17.19
49740,2.98,28.4
41855,0.94,20.74
718,1.72,11.32
21634,0.92,
21879,1.7,30.94
37740,3.26,15.99
35293,4.99,12.05
40333,0.73,18.18
3224,1.53,17.94
46994,2.81,22.41
18508,3.98,80.93
26653,0.58,20.95
41929,1.96,27.1
31998,4.31,26.54
25753,1.81,15.18
43386,5.34,85.73
24834,5.34,25.58
16962,3.1,12.13
5110,,34.74
5031,2.13,
37155,2.88,25.18
31513,1.17,18.56
15283,,32.74
3150,0.99,15.21
29222,9.52,67.18
40713,1.03,27.66
44195,4.74,78.99
19619,1.04,25.85
48377,0.72,
15783,1.91,34.11
26713,1.88,15.49
35479,0.87,8.71
36623,2.22,17.88
5575,1.59,11.38
21960,1.86,18.44
13729,1.08,18.07
2634,,29.4
36514,1.95,24.67
35235,1.86,13.31
25482,2.3,
15969,5.1,22.08
44215,1.34,20.7
41431,2.11,78.89
47738,2.06,13.15
16324,1.19,33.58
2614,3.07,27.62
41622,2.52,33.95
30139,0.73,29.05
28614,0.65,22.24
17126,1.34,21.95
46554,3.54,80.95
22110,1.56,36.72
8280,5.55,20.47
41090,,9.61
30607,1.31,17.92
34660,0.75,11.12
3512,1.82,21.68
4897,2.31,18.35
5502,1.36,17.4
27730,2.45,31.16
19910,0.5,13.63
19917,1.77,16.24
25549,2.11,18.06
39474,1.42,79.71
20271,0.68,19.41
8530,1.6,15.45
14255,2.98,17.75
33552,1.07,16.54
8443,1.9,9.51
4014,0.85,33.9
27420,4.22,93.98
20833,2.12,78.71
10463,2.44,29.7
44592,5.02,80.03
26957,0.83,22.09
22111,4.08,70.98
37782,,23.38
12033,5.53,
40967,1.07,16.91
4790,1.69,22.88
33244,2.16,31.27
33451,1.41,17.45
34012,9.93,82.59
32337,0.87,28.76
47560,1.92,2.03
40383,1.48,33.0
14391,0.47,30.69
36440,2.4,28.44
30032,0.38,35.8
35605,2.59,25.82
16717,1.12,
13100,1.66,19.95
9321,1.55,21.16
18636,2.43,5.37
25459,1.16,24.01
12900,4.48,16.77
39963,1.28,27.61
34781,0.86,28.23
6430,3.29,61.54
817,19.02,85.08
43432,0.38,17.87
45126,1.2,8.89
15385,4.62,23.93
42488,0.68,21.03
41375,0.84,12.86
14307,10.5,
47612,1.01,15.54
15737,1.46,14.56
25945,0.78,27.18
33177,1.18,30.5
11361,1.65,30.48
39873,1.13,23.49
1888,1.71,22.32
25470,2.01,24.83
29940,2.0,25.74
5215,,24.56
7305,2.17,22.58
12061,1.95,5.72
19845,0.33,19.49
27175,,11.08
14658,2.4,17.0
39836,1.0,12.35
4135,0.4,17.97
25120,,23.95
20081,0.51,7.43
34539,1.54,29.05
35906,9.65,78.89
5470,2.6,24.21
42188,1.39,23.56
21423,3.1,15.64
21384,1.48,28.34
12316,2.62,25.24
37948,1.57,7.65
40678,1.23,23.37
49911,1.5,15.34
11929,2.05,11.21
3955,1.51,18.85
36003,1.0,16.69
35727,1.16,39.11
6342,0.74,
34052,1.53,28.7
43440,3.09,11.28
40776,5.13,86.92
12928,1.7,15.15
10572,4.97,87.94
25805,1.49,16.2
46918,0.87,19.61
45041,,36.85
29650,0.88,16.53
30263,,16.53
3809,0.76,26.66
5730,1.76,14.32
11205,2.56,33.28
47691,5.55,89.84
30881,,29.75
14263,3.03,10.42
6896,1.16,24.41
42628,0.5,34.01
16892,0.82,17.71
34302,0.83,20.51
11128,0.77,11.78
32873,3.06,33.9
27953,3.2,7.86
10726,1.7,27.16
17918,0.47,16.9
27252,2.29,31.49
35578,18.419999999999998,27.94
8793,1.3,20.17
36648,2.1,10.6
30152,7.92,38.33
1906,,17.52
40074,0.28,26.47
7983,2.3,11.74
7559,2.06,4.2
30419,1.26,
26581,10.620000000000001,28.47
3673,0.39,25.48
36457,0.4,36.25
38816,1.38,
46597,1.26,12.39
24255,1.47,21.75
22775,2.13,27.7
49435,2.26,25.64
18629,1.83,14.2
40820,0.85,
35816,3.94,29.1
29499,0.19,11.37
20978,0.46,29.94
4445,1.35,9.25
35938,0.73,28.24
39277,0.94,25.96
46106,1.01,18.32
13258,0.8,23.21
29345,0.63,24.92
48996,1.01,12.54
47407,,13.14
11546,,
24578,2.75,3.68
43165,2.17,8.64
14097,2.27,3.42
21670,1.19,23.28
5107,5.94,
7072,2.29,13.75
33308,1.27,
18429,0.86,26.66
27153,1.92,37.64
27499,1.28,34.56
6743,0.6,14.38
39212,1.93,20.05
38056,3.91,72.75
1832,4.31,58.72
48382,1.16,
28570,1.23,14.12
17987,3.55,37.96
36663,1.56,21.93
47131,1.94,-32.58
10270,8.74,74.85
36023,1.11,10.97
3851,0.38,20.91
33356,1.09,13.83
21506,,18.55
3720,1.74,26.26
49042,1.83,12.86
34958,0.88,37.32
38289,,33.12
20286,1.24,25.84
30965,2.29,20.25
6445,0.93,20.15
20770,3.67,76.16
33767,3.49,27.89
22714,1.65,21.4
7567,1.58,23.57
45468,6.39,75.47
1715,3.48,13.7
18539,1.7,43.1
2907,0.68,34.27
44868,1.93,12.42
13197,2.03,18.09
18161,1.57,
24743,3.63,76.55
49451,0.98,25.61
28238,1.33,28.49
40168,0.59,23.66
3874,1.01,23.92
26132,1.79,22.18
31477,1.87,19.33
26908,4.07,29.96
16998,2.8,19.97
9624,0.64,32.11
2028,1.76,12.97
2704,2.66,21.55
48123,0.62,17.02
19560,1.09,
40102,1.63,16.78
3604,0.82,21.76
18989,1.05,3.46
30746,1.82,15.54
3108,4.74,90.83
45828,7.35,84.92
19517,,28.34
22123,2.14,19.53
26920,2.09,
19112,1.63,21.43
12473,3.08,30.54
3958,1.11,21.53
14539,5.51,90.69
44150,0.83,21.84
192,4.94,88.99
48768,1.4,24.95
48949,1.71,16.6
31332,9.36,85.08
26478,0.53,27.33
17078,2.7,26.44
2353,1.57,
46831,1.68,6.08
43049,4.45,70.52
35884,0.97,35.4
11093,1.43,24.08
28173,4.06,73.69
49284,1.6,24.53
47721,1.06,19.03
5073,1.52,24.73
13507,2.24,28.04
43439,1.48,29.8
49209,1.36,19.81
832,1.92,21.84
10741,1.06,26.91
17928,1.72,21.89
17720,,16.15
47276,2.35,32.27
40807,0.5,13.49
27847,5.73,77.42
27593,8.34,82.5
12382,4.17,78.65
26323,7.77,91.08
22250,1.22,20.37
3569,0.54,26.67
1266,0.94,23.32
48987,1.06,11.29
17853,3.01,17.84
43613,1.11,14.86
26296,1.32,24.75
283,0.74,14.72
48879,,37.91
3837,3.43,91.4
3920,2.7,28.61
49541,0.44,24.58
7242,0.8,24.42
17746,0.77,28.09
10332,2.71,29.45
39881,3.51,36.99
23777,2.05,14.99
5649,0.65,25.69
26906,,11.82
3939,4.09,25.27
4871,2.85,15.98
2572,,12.01
23463,4.56,33.32
13911,2.77,35.36
42131,4.5,
31549,1.18,3.43
36833,27.599999999999998,84.12
37551,1.67,27.88
34628,1.92,24.36
43021,1.74,18.88
11192,1.3,30.45
47273,1.7,12.24
22909,1.42,28.01
37587,0.65,28.91
2297,0.75,16.84
27063,1.1,8.42
48416,2.04,17.82
38063,1.75,26.26
49331,0.68,
45627,0.55,27.41
20098,4.88,24.17
16821,5.25,80.3
5592,1.74,18.43
25369,,
37957,1.51,26.28
543,1.99,23.46
2745,2.63,18.19
12451,4.0,
26404,1.91,24.56
3379,2.44,25.08
13613,5.24,86.22
7421,3.45,33.37
33553,,32.58
7041,4.25,70.19
45757,0.83,26.79
22633,1.17,22.13
41908,1.34,13.35
24806,0.84,30.74
23307,0.55,16.82
42796,3.54,15.87
43699,0.28,
49598,1.01,
10436,3.1,12.94
27886,1.12,39.96
15015,0.71,10.68
44115,0.9,23.08
758,3.91,23.16
15921,2.64,20.09
49048,2.7,
42860,0.38,25.04
21742,0.41,28.01
2333,1.69,22.97
28460,0.53,20.89
10674,2.0,21.1
12692,1.42,16.68
13976,1.0,13.77
3116,0.61,20.72
30030,0.86,22.09
38180,0.61,23.11
9540,1.77,24.73
28474,,22.38
46011,2.1,71.72
11270,0.32,24.85
11385,2.62,28.23
46229,1.32,32.02
10699,1.02,30.26
17417,1.5,20.84
43057,1.38,22.15
11196,2.55,16.25
8071,1.39,14.33
41508,0.78,18.23
25019,1.8,35.69
23149,0.61,19.39
27452,2.48,81.37
44534,6.53,
42533,3.53,
44955,1.13,6.6
29832,0.61,27.87
36277,4.55,73.13
761,4.47,18.21
11718,0.51,33.03
18821,1.86,14.26
29874,,
44469,1.6,22.66
47210,1.99,27.11
37730,0.76,2.61
15022,1.5,26.68
1646,5.28,71.66
36761,5.69,
26685,,11.51
29811,2.49,19.94
45422,3.57,14.35
10303,0.17,20.87
46521,1.57,6.78
42761,2.29,21.28
33790,0.82,19.24
44454,4.26,100.0
7572,2.79,19.41
17810,0.61,8.95
1849,0.58,17.48
35446,1.44,
4557,1.45,21.8
31434,3.32,21.41
41694,4.52,79.81
2111,1.34,19.45
1525,2.92,23.34
7635,2.23,20.47
14276,0.65,22.68
39363,1.92,24.58
9618,2.14,23.5
22510,0.29,23.09
31246,0.28,24.09
28107,1.17,9.34
5786,2.28,23.28
2611,0.57,24.83
32178,1.0,16.67
3773,1.54,16.98
9318,2.58,22.4
15472,3.73,24.44
5655,1.31,27.12
3594,1.13,26.35
14313,3.53,27.95
6681,1.16,21.9
28007,1.81,20.17
32767,2.08,13.87
7480,3.14,18.71
46432,0.97,14.65
14752,1.52,30.62
38678,2.06,20.87
6584,3.29,13.68
6211,1.75,26.33
21032,2.86,20.96
40309,1.84,14.6
27743,1.47,22.66
20888,1.19,29.28
11108,0.36,31.87
1281,1.59,56.974999999999994
8909,1.94,17.29
13277,2.74,27.1
38883,2.57,11.66
21134,1.83,
46207,2.26,83.06
45500,1.63,21.52
15522,0.82,27.8
40684,3.74,14.01
33112,0.72,-19.78
44501,1.86,12.19
30559,1.09,21.71
29251,,25.37
39316,1.06,22.05
1474,1.42,32.48
4253,2.4,14.31
6716,3.87,84.76
49659,6.15,23.53
25042,0.42,10.01
36616,1.65,13.5
16264,0.95,27.26
49573,0.81,31.73
24161,2.31,30.75
41678,1.41,21.76
30807,0.04,30.66
38058,1.16,25.06
10969,1.51,32.76
46985,2.64,15.35
34514,1.35,27.14
38681,0.58,28.08
17288,2.74,66.35
36077,1.09,13.49
22955,2.68,25.22
12813,2.02,22.75
3836,1.41,
34922,0.35,26.09
3210,3.41,82.63
37305,1.52,13.53
24463,0.81,28.02
21329,1.95,10.88
25860,2.94,35.83
33800,2.21,24.29
6949,,19.34
32912,1.36,18.25
30333,0.63,30.35
7077,0.42,24.79
25421,1.69,26.47
12960,1.96,
9288,0.84,22.21
27740,2.29,
25763,3.92,34.8
28797,3.23,29.3
23053,5.08,72.75
20089,1.46,23.07
6555,0.96,8.88
31734,1.78,20.51
1736,2.09,20.03
25173,1.89,
21669,0.86,10.74
7825,1.22,34.95
38762,1.45,82.49
32032,0.67,22.44
797,1.98,10.34
30529,2.25,33.7
31231,0.91,22.68
23356,1.25,17.88
13257,1.74,12.79
20953,1.75,23.43
22270,1.22,37.45
20748,0.33,19.84
16032,1.28,25.58
3728,0.6,29.21
13011,0.61,22.91
44565,0.85,20.38
14377,0.8,29.31
12134,0.6,30.18
5647,,16.54
22498,0.93,60.724999999999994
38929,2.53,23.4
44104,2.15,21.67
17722,1.88,
25259,2.16,29.61
1912,1.75,22.51
10973,0.63,10.45
26692,1.31,11.62
26756,1.03,13.53
49726,1.58,26.61
21056,0.69,16.99
36149,3.93,66.36
31385,2.11,28.28
16889,4.11,41.02
48540,2.12,25.46
49871,0.94,34.35
44139,2.06,64.75
45253,2.29,25.57
9300,2.1,31.23
14932,0.96,16.2
33882,1.84,28.35
8003,3.07,9.5
30087,0.38,20.41
30190,0.48,29.9
11483,1.65,30.31
24007,0.99,14.16
11260,0.94,20.18
18434,4.96,13.48
19274,1.06,14.65
49561,1.62,10.44
24274,3.01,75.35
7273,1.53,20.07
25517,1.36,21.46
6717,0.54,29.29
3395,2.12,29.2
1439,1.07,
14443,0.6,11.71
11340,2.89,42.33
40258,0.55,22.3
3815,1.5,
34482,2.43,
49485,0.57,
23594,0.72,34.16
17574,1.41,30.77
18720,1.95,15.7
13726,3.67,25.74
26738,0.97,28.02
9824,3.87,82.46
40696,1.77,33.0
22034,,38.24
4536,6.19,72.31
4748,2.03,7.11
34075,2.02,19.45
7971,1.18,11.2
39323,1.01,28.26
29474,2.39,
505,1.2,36.39
8859,5.02,63.16
19233,0.9,11.59
42245,0.79,30.04
1054,9.540000000000001,25.24
14202,0.68,26.26
38408,3.09,91.9
48191,0.95,21.86
403,1.83,
30901,0.42,
2384,0.6,22.23
10982,1.01,16.91
11143,2.95,18.49
27054,0.75,16.64
15510,0.42,18.03
38586,0.56,18.57
49671,6.37,74.07
30214,0.91,32.57
17828,2.04,14.95
10485,0.64,3.44
35803,1.43,0.0
45223,,85.68
47312,2.43,24.55
27046,1.59,26.17
20133,0.72,
2496,2.61,73.76
49657,0.71,7.53
18122,2.12,18.7
18829,2.11,19.63
15979,4.84,84.45
44379,1.04,27.35
1092,0.98,26.11
17311,2.04,16.9
43109,2.48,11.73
22815,2.79,26.37
36560,0.97,15.8
22525,3.67,83.18
22664,2.24,0.25
12733,1.47,20.83
49774,2.53,19.54
40049,1.19,25.98
23083,0.49,10.46
4710,1.12,35.62
30489,0.36,19.92
21519,0.76,
31017,0.68,22.3
11176,19.14,17.63
25582,1.69,34.31
41300,4.67,80.83
17506,1.01,18.92
15097,1.95,23.27
8965,1.34,19.12
43015,0.75,13.85
38920,7.74,12.18
43924,5.16,84.22
7193,3.43,84.48
24013,1.56,25.6
14660,1.79,34.9
35397,0.49,19.19
15223,13.14,27.92
48048,0.96,13.28
8582,1.82,25.87
4755,2.12,27.55
11377,0.76,19.72
2495,1.43,21.83
42298,1.81,18.45
20564,0.95,25.4
23096,0.29,16.66
8506,3.07,80.54
37738,2.91,32.07
10497,1.76,27.43
35305,2.02,23.27
13767,2.11,32.58
24649,1.94,42.74
9401,1.73,17.56
17366,1.22,
4260,1.43,12.59
27227,,31.97
25326,16.740000000000002,10.34
46317,1.07,27.39
29937,1.19,14.93
27184,0.99,24.62
19981,1.0,28.18
20835,1.61,8.91
12347,0.67,27.13
16819,0.4,21.52
23079,1.53,22.57
5612,1.62,14.77
11616,0.68,30.21
24917,0.25,16.54
47993,3.18,
11399,0.69,10.54
23996,2.45,30.19
46901,1.37,19.58
41113,3.93,22.49
17540,0.59,18.16
37817,1.14,15.49
1882,2.27,26.45
28217,2.26,18.06
35473,2.55,16.85
11628,0.41,24.1
25844,1.52,8.89
16794,1.33,21.2
39007,0.99,11.32
10788,1.08,24.3
11429,3.16,15.25
26261,6.67,86.74
41672,3.37,27.03
20249,0.56,22.17
10314,2.33,22.81
38659,,10.45
13115,2.54,17.16
10293,,26.95
33667,4.03,23.85
37324,1.44,30.0
22820,1.28,11.42
10127,1.2,5.45
49442,1.28,28.27
45840,2.92,32.04
47917,0.93,20.81
22267,2.25,26.12
19677,1.86,31.89
49208,2.29,65.06
24418,1.79,26.75
28301,1.07,75.25
33040,0.4,28.14
32385,1.92,18.4
18982,0.8,29.91
35087,2.27,12.62
25942,40.44,84.55
35052,1.87,30.13
39069,1.6,13.3
8267,5.03,96.11
41514,1.65,29.82
12918,,5.86
26543,1.36,20.39
8295,9.06,86.69
49289,0.26,25.71
31273,0.91,22.98
49295,0.5,29.03
12091,0.6,17.29
20999,,21.55
33817,1.68,20.07
8964,1.68,29.28
2110,1.55,28.63
23942,1.49,27.38
39820,1.16,26.18
32280,0.82,20.41
11507,8.02,71.9
16780,0.97,31.75
9772,3.43,8.29
49776,2.17,15.19
23412,3.78,9.21
41854,1.51,0.0
13217,5.05,80.97
1459,1.87,21.7
19229,7.31,87.97
40568,2.19,25.85
31247,1.57,43.37
34967,4.03,32.98
38363,2.25,14.53
25304,1.27,22.06
17705,2.44,63.9
9102,0.09,21.33
14903,1.1,28.83
11574,0.95,26.78
20500,0.36,17.97
18008,1.18,21.09
34533,0.64,19.91
8477,1.63,16.99
24765,0.83,6.59
19544,0.47,19.13
36671,1.12,
39999,2.72,33.47
49841,0.77,20.68
46628,1.51,37.0
33927,1.14,39.95
42923,2.73,30.98
7465,2.21,38.42
5339,0.59,15.18
31585,2.28,14.44
1024,1.18,23.2
17818,1.72,17.33
23162,0.63,11.99
2010,4.0,80.81
25138,2.71,3.26
1813,3.81,31.61
1036,4.56,17.4
47359,1.65,17.15
5236,2.56,-25.11
15619,0.34,
32639,2.36,22.02
31566,1.41,28.25
6902,1.94,73.41
41912,1.45,
26078,2.04,-30.88
314,1.16,28.17
20474,2.39,22.48
25358,6.24,100.0
38660,0.85,23.91
17578,0.92,15.33
44187,3.88,18.67
47072,1.72,37.74
12651,0.83,14.75
28828,1.07,16.31
15426,0.58,28.31
34082,2.24,16.07
23229,1.11,29.03
19412,3.81,13.15
21457,1.7,26.46
2359,1.47,16.37
36595,1.26,29.21
6160,2.85,21.03
18289,2.87,21.01
16614,2.21,24.7
30117,2.56,14.28
18851,0.38,19.95
49350,2.5,28.83
2669,0.59,16.8
22945,3.91,37.33
42012,0.84,29.33
25775,2.07,3.15
49361,0.59,
40125,2.34,12.49
36990,1.82,33.05
47544,0.76,19.32
25050,3.46,30.9
43347,3.79,79.16
26300,2.14,15.3
30922,1.68,14.98
11220,1.56,18.97
29764,2.26,25.83
32541,0.95,4.32
29485,3.69,23.6
22059,2.0,25.12
23936,,25.1
30001,1.21,38.66
44987,2.21,66.37
34462,0.52,
10576,0.98,20.79
17157,1.47,22.51
21314,5.42,
16286,2.85,89.51
33855,1.05,26.06
22681,0.62,23.41
18560,0.86,9.61
20734,3.03,20.84
26227,3.58,28.49
34134,2.32,29.24
8072,0.3,14.64
49794,4.62,77.46
34464,0.45,19.96
42157,1.0,13.26
9637,1.34,28.31
2708,1.71,14.41
9027,1.07,
25500,1.21,
14960,2.59,29.85
19657,1.31,27.17
13120,1.08,18.81
12390,1.16,21.39
3891,4.53,79.34
6462,2.88,
12458,3.94,
8581,0.36,
45995,2.25,23.81
19923,0.58,16.84
33187,1.26,21.24
47715,1.67,22.84
30204,1.48,28.1
22263,0.51,24.74
35797,2.4,28.91
22271,1.4,28.9
24383,1.87,-78.72
20423,,20.4
20231,1.26,16.76
48384,0.82,25.31
34676,1.14,27.19
17893,,15.96
39769,2.38,33.29
12639,3.57,8.03
14214,9.31,80.74
20019,0.51,23.44
29527,,29.64
33779,2.72,18.56
31639,1.63,37.24
24263,4.01,18.7
39614,2.78,24.04
5397,4.2,80.19
28510,2.35,23.1
11799,1.19,35.23
8977,2.38,24.84
47354,1.84,20.9
26997,1.43,39.93
41324,2.72,74.6
36893,3.09,36.11
37329,1.7,7.71
14455,1.96,24.27
4442,3.06,75.61
35844,0.98,20.58
32756,0.45,15.67
13818,,32.44
32906,3.02,18.08
45235,4.62,86.07
13851,1.11,25.93
22140,1.96,
2683,1.14,27.13
18301,2.03,16.38
7226,2.9,28.37
35972,2.28,
20778,,25.58
26003,3.98,18.5
9599,1.45,
11703,1.48,46.175
43527,0.82,16.99
10682,1.14,24.64
37538,0.38,32.75
48270,2.93,21.76
30726,,24.7
17514,0.75,4.34
22237,0.62,22.19
30097,1.56,27.65
36619,1.66,23.28
35116,5.93,78.65
803,2.02,
19874,1.71,22.38
36392,2.69,16.91
26183,3.22,19.14
26513,2.88,87.55
7100,3.33,29.2
46328,0.46,28.94
29266,6.06,22.32
32642,2.87,36.64
830,1.56,7.99
43528,1.28,25.96
43383,0.55,20.54
34695,2.0,14.99
14130,5.04,29.86
9899,0.59,23.15
10709,0.81,23.02
29643,1.99,
43292,2.39,94.68
43717,1.74,18.07
23593,0.8,17.74
31333,8.13,92.47
35756,1.2,
38597,3.06,25.49
46700,1.63,19.19
20131,1.46,34.96
22973,0.91,19.09
18418,4.45,97.23
36219,0.78,12.42
20437,0.79,27.7
36476,0.79,11.01
7347,0.11,18.9
31719,0.59,39.79
16617,4.68,43.650000000000006
7726,0.56,26.68
32150,1.9,30.71
1788,0.7,28.68
18572,3.61,75.23
31614,4.5,11.92
9584,0.84,29.3
35784,3.13,16.32
17680,1.2,36.11
10036,0.85,30.24
39994,1.04,29.03
15370,0.82,21.6
13156,1.59,
26017,1.15,21.7
41194,1.74,20.04
9736,2.83,32.92
33167,3.28,34.9
45529,2.83,35.27
17423,3.21,21.42
336,3.67,
13983,0.74,21.77
11400,2.46,65.48
757,2.46,32.01
17303,1.79,31.83
4461,,24.22
49737,1.63,31.42
32111,2.93,16.56
43662,1.51,25.16
38763,2.73,11.18
14218,2.05,4.42
3244,1.23,20.72
4901,1.95,8.63
39576,3.33,79.38
31324,0.49,22.29
26870,3.25,38.98
21755,1.39,19.03
10780,1.36,25.9
16755,2.53,14.21
20022,,22.59
29934,1.07,23.34
37798,3.69,84.91
44629,2.79,17.81
9683,2.29,17.54
40057,1.17,24.34
48834,2.78,14.0
2734,3.01,77.81
15606,3.02,12.66
27132,2.49,28.08
31982,1.18,23.7
32336,0.41,23.96
6633,1.3,20.19
33874,2.56,33.93
25343,1.41,15.35
39481,3.38,74.5
30547,1.51,20.16
40487,1.54,12.1
48920,3.15,33.93
3616,,20.62
10181,,13.94
1673,3.81,28.83
28709,1.44,25.31
47734,1.79,10.9
1087,1.14,31.53
49245,0.76,22.97
17095,1.74,27.47
43373,0.7,26.83
49686,2.36,13.29
9150,3.01,
23161,0.36,20.97
39778,2.24,13.22
24083,1.92,24.32
2856,1.3,24.31
29676,1.87,5.38
30743,0.65,25.6
9064,,11.9
30143,2.27,31.59
9392,1.26,27.66
13974,2.81,69.85
10233,2.1,5.43
10045,0.23,42.45
44296,1.73,30.08
31672,1.16,21.08
18658,2.93,23.01
48580,1.13,22.4
34812,3.0,19.53
12145,5.62,85.47
18623,1.1,36.36
41778,1.66,13.07
35210,5.91,70.75
45640,0.19,16.09
41417,0.49,21.53
41591,1.13,15.36
9193,1.43,32.44
43294,2.46,20.39
16411,0.8,23.17
20017,0.88,7.56
36832,0.72,27.27
14862,1.03,20.89
4156,1.64,35.36
47227,2.67,8.34
8244,1.13,28.64
16942,0.82,17.95
20446,4.32,20.7
18931,1.71,9.42
13823,2.24,23.31
48635,0.84,4.73
14882,1.07,31.75
17788,2.89,
29487,3.02,31.39
42045,3.08,20.67
44951,6.89,85.3
40464,1.94,12.41
12860,0.9,
44651,1.06,14.25
48616,1.6,11.16
44989,2.95,31.05
25937,1.16,32.7
45659,1.55,21.66
32340,1.64,36.89
19818,5.98,82.48
6123,2.01,14.88
9797,1.77,30.12
4293,5.14,81.4
35484,2.66,14.83
49205,2.06,
31886,3.47,26.12
38054,0.55,17.05
30540,0.35,6.88
14145,1.53,20.61
21628,1.02,35.55
37595,0.79,21.34
14835,2.55,12.1
5571,0.45,18.24
46798,1.78,37.47
24734,,27.45
39364,1.6,20.46
25320,4.16,76.25
44198,9.75,87.57
43695,3.59,29.85
36414,0.84,23.55
20858,2.76,14.24
2936,5.56,84.85
5643,2.97,85.2
36315,0.69,14.61
24905,1.29,21.4
4301,0.39,18.9
33851,,18.54
19010,6.18,24.97
5456,2.12,67.13
34725,2.56,28.74
21470,0.84,16.02
43096,1.75,28.93
19997,1.02,20.56
49992,0.75,22.47
42230,1.57,22.2
34338,2.27,16.75
47369,1.73,8.86
26585,,18.51
38127,0.56,41.96
44743,1.37,21.11
22918,2.25,17.69
6952,0.52,12.38
41053,0.51,17.45
36415,0.43,37.13
4448,1.61,35.03
36425,1.3,18.17
10536,4.28,70.37
20557,1.56,18.72
20744,,9.11
38154,,24.4
19295,1.32,21.36
41137,0.35,
7964,1.43,29.45
32801,3.62,3.51
31222,2.38,34.21
44862,1.4,
15844,2.88,28.95
41536,2.33,23.81
39303,1.1,9.67
18294,4.3,22.4
2332,1.47,26.1
16529,2.34,10.18
4697,0.82,9.39
42866,0.23,22.74
47485,1.82,33.02
40674,2.49,26.67
3624,1.65,12.6
49523,1.3,20.21
26652,1.74,22.43
21752,3.07,28.99
26123,0.7,14.93
3218,2.69,29.44
20655,4.26,30.54
36676,2.43,20.94
27509,3.49,6.97
4109,2.01,12.95
25278,,11.4
13736,2.64,25.46
11207,1.36,12.73
40088,0.83,25.4
27751,0.94,20.51
809,1.99,
6464,3.54,3.31
23724,3.66,34.24
28335,1.72,27.61
25596,1.15,19.77
35516,0.46,21.47
15195,1.34,4.8
21370,3.46,26.84
28659,1.01,19.31
12535,2.62,16.88
27493,1.41,16.54
32923,1.58,9.27
26149,1.51,25.97
12444,7.56,81.14
2470,0.63,10.65
42594,8.02,72.55
10697,2.38,25.82
38819,3.02,25.97
25780,0.63,9.86
6701,1.54,7.1
13578,0.88,18.94
13352,2.1,24.63
19328,2.21,23.44
42023,2.19,1.62
20715,1.01,20.53
44699,2.35,4.25
16565,2.42,25.99
25518,2.86,77.11
31466,1.42,16.57
11411,2.46,17.43
49919,4.95,
46655,3.38,26.85
26729,2.48,18.92
28308,3.35,59.75
21615,0.87,16.61
24837,3.91,68.57
24243,2.33,36.57
26843,3.99,63.89
4165,2.51,38.199999999999996
46961,1.44,26.39
23019,1.09,9.25
18245,2.73,39.32
27392,1.07,28.37
10056,1.81,0.0
8049,8.29,79.36
5697,2.34,23.91
28494,2.31,10.11
6807,1.72,43.62
30164,3.37,77.22
30544,,22.7
35878,1.21,24.42
4275,2.84,9.58
9134,1.37,31.69
26368,2.36,8.04
22293,0.38,
7061,,21.41
15613,1.83,28.44
9026,2.24,23.97
29641,0.62,
45771,1.81,14.91
36800,3.11,33.12
34382,0.9,
36955,0.88,19.51
28723,3.21,83.76
34549,1.99,19.65
7056,1.19,15.57
25504,2.18,19.27
28871,3.31,72.6
42573,1.42,25.85
25431,0.71,24.93
11541,3.04,31.12
44760,1.72,11.8
8458,0.6,16.41
25983,1.78,18.3
24218,4.23,76.25
15329,0.43,37.7
492,0.24,
8596,0.64,24.3
14549,0.65,21.24
26267,0.33,
29213,1.74,33.86
23887,3.12,22.27
19930,1.83,32.37
4957,0.98,18.41
13587,1.96,25.63
1104,1.39,17.8
18819,1.86,26.61
2830,1.49,15.71
44820,0.36,15.36
637,1.82,19.71
21369,0.31,12.12
28972,1.43,14.85
21143,1.07,21.16
211,4.19,36.0
5491,4.3,86.21
30121,1.55,14.56
33651,1.42,34.82
15927,1.2,28.06
10489,1.27,38.02
16484,3.7,21.79
17485,,10.6
23783,0.73,14.78
38292,0.64,46.01
2234,1.33,11.5
13344,4.86,95.16
9279,1.62,30.04
29170,2.61,25.51
32006,1.86,7.44
13173,4.8,100.0
30786,1.78,28.31
12089,4.75,79.83
25936,1.97,17.0
31494,1.7,22.38
26551,,18.11
5768,1.14,17.22
44392,0.99,23.97
12672,1.82,32.26
7408,2.63,28.27
28776,3.75,87.44
32233,2.05,29.26
8047,2.62,13.58
24458,1.59,18.98
29437,0.63,27.55
25603,2.71,23.1
20553,1.79,-19.24
39459,4.34,30.04
36075,1.03,22.72
35846,,
13777,1.88,21.95
49627,1.78,36.23
14811,0.72,11.06
34249,1.9,19.01
3769,4.55,
29427,1.39,19.18
48052,1.19,18.91
35143,4.34,85.55
44331,,88.38
16548,1.31,25.77
3126,1.27,16.35
25215,3.15,20.06
38562,1.26,17.8
31037,1.27,11.81
45796,0.73,20.27
47167,1.64,14.14
32540,0.49,15.59
615,1.92,27.9
45701,1.54,22.56
9716,2.21,13.07
43013,1.59,20.71
29021,0.87,28.77
26596,2.54,16.32
11179,1.05,17.95
9270,2.59,22.44
20223,1.73,21.57
17237,1.09,19.13
32258,1.47,15.23
41,1.16,16.6
12370,0.78,23.23
37091,1.65,14.09
41438,1.85,11.91
4634,1.7,-20.65
5881,1.67,22.46
5836,1.15,14.74
7706,1.54,12.51
33248,1.22,25.07
32962,0.6,37.7
49822,2.32,26.37
21438,1.53,25.67
9895,1.41,34.74
30395,2.15,35.41
30331,1.16,16.15
36793,4.09,87.68
25033,0.78,9.66
37330,5.36,2.41
7530,1.35,24.73
28414,4.65,23.67
27862,0.88,35.18
15934,3.16,23.12
25014,2.54,26.76
32727,3.14,18.09
3479,0.67,31.09
14996,2.45,14.87
19999,,74.425
21225,1.66,12.14
544,0.6,41.05
6562,7.51,74.61
27999,0.74,
30882,2.78,24.94
30307,0.87,17.86
14314,3.62,27.76
46629,1.69,17.65
4290,1.65,29.01
22257,2.6,
5366,0.43,19.96
10384,2.27,33.02
38962,2.18,27.6
4696,1.26,18.55
39209,0.96,37.26
20142,1.5,28.4
10800,2.72,20.8
36640,1.25,27.49
40280,2.03,10.42
35824,3.23,83.6
48168,1.19,21.6
19111,2.75,93.32
24337,5.38,68.6
43508,1.45,22.75
3801,4.23,20.83
32363,,19.13
25952,1.9,
977,1.73,16.25
11011,2.13,20.61
32228,2.24,30.98
37357,0.66,18.19
44810,2.02,89.46
22096,2.18,13.0
14028,1.94,
26134,0.63,15.42
396,1.51,4.79
23308,5.28,80.12
29949,1.85,
14184,0.39,33.55
31211,1.59,8.49
27581,1.82,17.18
11538,,16.9
27782,1.52,22.59
25289,1.87,22.13
17251,1.53,15.43
33583,0.88,8.66
21042,4.94,
30167,,24.6
31402,1.16,31.84
14823,1.89,16.65
5669,0.85,16.1
32993,1.17,3.48
8687,13.92,80.56
35161,2.33,31.21
7563,0.83,18.76
14787,0.92,28.05
26502,1.54,17.65
17667,2.16,9.88
7512,2.16,7.6
16455,4.77,84.86
5943,3.07,22.16
31230,3.25,14.14
26634,0.8,17.87
16711,2.98,9.11
20829,1.65,23.6
4595,2.58,33.61
11851,1.45,32.1
5064,3.84,19.01
25197,3.23,15.89
49366,4.5,
31576,1.03,27.28
10430,4.34,21.52
22281,0.87,19.0
42222,7.63,82.65
652,0.79,23.4
26188,,-34.75
31092,2.97,28.83
27446,0.56,20.48
27201,0.81,16.77
46782,1.03,79.39
45360,1.32,33.44
12623,3.97,22.42
3859,3.82,27.01
4866,1.32,28.13
48392,1.8,14.18
12875,0.62,16.76
9267,1.17,13.32
22637,2.38,25.61
2807,2.03,34.56
48774,1.54,23.22
34154,4.48,16.86
10873,2.42,21.63
9953,1.3,7.85
41534,1.46,28.86
4652,0.9,17.6
12589,0.14,16.93
49714,1.31,19.01
24922,0.75,24.04
24351,0.54,29.47
17316,2.37,22.44
33608,3.3,
27096,1.33,15.64
36880,1.29,15.73
31937,3.04,29.48
20155,0.75,35.29
46663,1.55,15.9
15799,1.64,22.28
15246,2.44,74.04
31854,0.8,17.94
23536,2.24,12.77
13923,1.9,13.18
13273,2.9,34.12
44992,1.38,33.37
48319,0.31,11.81
17597,1.09,10.04
17795,1.57,22.93
3578,0.94,11.92
25713,,30.17
18383,2.17,16.4
17966,1.37,5.52
30338,0.92,20.97
46651,1.5,22.22
9992,1.57,23.12
31579,0.25,14.43
2263,1.1,23.44
2365,2.35,24.23
13832,1.53,10.47
29483,4.44,8.02
48369,0.6,24.95
21721,1.67,
365,1.62,19.98
999,1.91,32.12
13341,2.57,5.0
13456,3.18,20.24
1948,2.86,30.86
36723,,19.66
14278,3.39,37.23
44461,2.12,16.01
10852,1.1,15.73
45842,1.77,45.38
23173,1.69,38.22
33920,,29.31
33199,1.66,26.89
6231,0.91,33.62
48766,,15.51
4310,1.42,7.66
22593,1.18,17.53
6813,,22.32
9866,1.83,13.0
14205,3.5,26.76
20853,3.56,16.18
22570,30.299999999999997,72.98
42432,0.79,22.06
6818,0.67,17.22
961,0.35,23.47
34345,0.55,-26.42
3321,3.3,16.51
20944,0.91,11.15
25573,0.97,18.88
1217,2.43,
4242,9.3,22.46
45504,1.83,20.19
38910,0.31,
40769,1.99,18.43
38291,1.78,19.6
13049,0.99,20.33
39356,1.93,21.07
20362,1.55,12.56
11747,1.14,29.65
25522,1.85,37.87
35746,,8.41
8885,3.36,21.78
22390,1.38,19.33
12171,0.84,27.12
20071,1.54,33.38
24284,3.08,11.28
43886,1.7,31.45
28986,0.82,19.33
17587,0.87,16.65
49758,2.87,17.75
48406,3.04,18.02
35967,3.61,
46439,3.1,24.39
8970,1.77,23.59
39503,,100.0
17434,0.95,31.36
896,3.41,17.34
7525,2.79,9.52
26548,2.42,13.01
11806,2.25,26.29
33915,1.11,35.45
20545,2.73,20.25
14372,1.93,27.14
40982,0.87,24.23
26355,1.98,19.43
2348,1.68,17.87
34721,,14.98
48273,1.79,11.09
41458,3.74,15.35
41950,1.63,23.01
11619,2.62,27.42
29357,1.74,22.04
20899,1.17,10.63
25196,2.62,27.64
20260,1.4,35.8
22825,,29.1
25567,2.01,76.17
40390,0.84,18.39
38038,1.01,21.84
2337,,26.34
30913,1.19,8.34
14386,1.4,24.45
26630,0.99,29.01
40611,4.12,9.1
11595,1.71,10.07
38733,3.32,72.76
13468,2.39,33.18
38833,0.27,22.13
7876,1.64,24.15
43159,0.73,25.23
4224,3.95,22.44
42692,1.77,20.81
37041,3.15,10.19
25029,3.19,13.29
48356,4.46,75.38
48783,1.43,28.24
1059,,21.81
28670,0.63,13.21
40011,0.47,15.15
49251,1.19,14.96
37333,1.86,
21644,1.23,20.74
27371,4.15,10.8
7921,1.12,30.98
33407,0.56,11.64
30282,0.92,25.31
35528,,
10299,3.11,13.61
32257,2.5,20.16
45962,0.53,29.95
31537,0.76,23.91
23124,3.71,100.0
30931,3.54,73.45
10374,2.45,22.71
686,0.36,3.51
47028,1.68,19.33
230,0.69,13.64
3553,1.43,20.26
26135,4.27,27.76
31711,1.87,19.1
13786,1.11,21.28
1401,1.11,14.48
10142,1.17,39.86
48548,0.43,21.19
46137,1.62,17.09
45401,1.19,17.86
15851,1.56,17.59
16134,1.22,31.27
12012,1.28,9.66
31816,0.69,
9554,1.03,27.41
29067,1.63,
14739,1.56,14.88
38342,1.73,32.0
41961,,19.22
7286,1.34,11.29
43208,2.19,34.69
48683,1.76,21.32
31962,0.98,13.34
14167,3.09,23.3
15554,5.8,83.42
22495,0.31,14.0
29743,3.02,11.86
48941,0.61,26.39
14974,2.33,16.82
15966,1.44,21.87
6957,1.51,15.86
35313,,22.82
9974,1.82,13.59
14839,0.99,16.73
8485,2.15,18.7
19608,6.08,
5572,0.32,27.8
30759,1.02,38.35
17257,3.03,
40203,3.46,31.59
1667,3.35,79.42
42956,1.18,18.57
21392,2.95,16.63
37910,1.91,25.68
6263,,14.5
44879,2.63,
47765,2.13,4.15
10750,1.86,14.93
13130,0.64,23.31
7832,2.42,4.46
28938,2.6,16.2
49164,2.08,16.55
38486,3.08,73.39
21578,6.11,96.63
9534,2.97,19.97
11027,1.68,34.21
17158,5.91,25.4
18235,2.79,35.4
35969,1.1,19.68
41905,2.08,25.14
36163,1.43,19.69
2751,2.23,30.22
10313,0.34,28.2
19680,1.39,31.0
32640,1.12,28.0
43186,1.24,39.19
6829,1.29,27.37
22754,1.72,76.6
24957,6.22,80.35
29815,1.07,21.88
29234,1.57,20.72
1590,1.72,23.0
47823,1.58,20.24
16784,1.02,13.44
49119,1.05,25.58
36478,0.71,18.64
31491,0.46,19.18
19403,1.27,26.56
19583,2.02,13.86
2129,0.93,17.07
6125,3.1,10.45
32839,1.94,30.8
38094,4.25,76.22
28056,1.53,13.47
37862,1.31,24.28
21807,8.37,94.03
9146,1.21,22.5
47205,1.48,35.45
4506,0.95,15.41
48928,,28.03
19350,2.75,75.79
42947,0.5,23.69
44092,3.22,16.62
19157,1.96,1.3
43793,3.57,37.37
14704,0.75,19.6
11246,0.66,14.96
4818,0.79,20.36
18706,3.82,23.29
24596,1.3,30.12
12057,3.35,83.76
15479,0.64,24.71
35466,1.96,22.11
17694,1.52,20.85
18634,13.200000000000001,84.57
48446,0.52,18.54
31552,,13.78
22780,1.17,24.16
38669,1.95,22.22
22951,3.8,24.16
42752,6.91,74.94
16867,2.32,32.77
29579,1.82,19.13
1995,4.56,22.11
39310,2.81,20.71
48389,1.48,26.72
38794,0.88,14.04
5154,2.67,18.15
31095,2.82,
15558,,26.73
43203,0.39,21.94
42840,2.83,
39692,2.39,23.11
37451,0.54,24.94
25328,1.38,18.79
9553,5.25,78.21
9555,1.64,
26782,0.76,15.21
41903,,28.39
6241,1.15,22.3
44318,2.34,16.38
33462,1.07,22.88
14940,1.41,23.39
36958,0.52,27.21
18299,1.53,37.87
10779,6.67,95.29
3143,1.5,28.26
33066,5.67,71.54
48562,4.12,13.0
35067,1.69,15.24
47984,0.88,22.84
24133,2.36,16.67
22693,2.65,27.52
48344,0.61,17.64
3263,1.81,14.11
17387,3.91,27.99
33369,0.72,13.0
36987,2.09,31.8
47063,3.28,32.1
36654,2.47,17.17
22212,0.83,30.62
32142,2.84,50.07
26628,0.78,34.31
40629,2.46,34.6
41270,0.76,20.59
13717,1.88,14.51
7840,0.91,2.47
30211,0.8,17.39
3198,1.19,27.31
3180,1.12,29.22
7114,5.62,82.71
36596,3.71,18.8
21138,13.32,20.56
47463,0.75,39.77
24566,5.8,72.17
16096,2.0,38.51
42062,1.08,30.49
47596,1.05,22.45
5202,2.32,25.04
16311,1.98,29.78
25992,2.53,22.23
27426,1.1,18.26
40509,1.47,19.32
18370,2.65,34.52
13902,3.36,11.61
39806,1.29,
18879,1.7,13.48
28140,1.27,30.38
40936,1.94,17.74
15375,1.17,77.51
49644,0.75,29.35
17995,0.65,11.19
42217,2.45,0.32
2236,2.4,94.3
27617,1.03,20.94
37241,1.86,14.29
32894,3.07,
31751,1.95,17.42
43545,1.36,30.28
6250,2.69,29.39
2850,0.78,34.83
49859,,15.35
7777,1.21,41.17
7507,2.27,25.93
45999,0.37,4.48
41060,2.18,
35275,1.37,14.67
38720,2.5,23.74
36702,1.25,27.16
320,5.2,78.06
25834,0.67,36.71
11229,0.52,11.9
30262,2.38,19.83
4226,4.17,82.74
6062,2.7,27.48
23714,1.73,12.8
34520,7.4399999999999995,20.51
1606,3.43,35.6
8522,0.73,32.14
18311,1.28,22.95
2783,1.55,32.86
44717,1.31,25.22
7120,1.52,19.92
8100,1.04,11.39
27286,1.99,13.61
30096,1.45,26.58
10114,2.85,22.03
45263,1.45,24.67
18628,3.03,15.41
37365,2.89,23.79
33826,3.51,13.51
39656,3.39,80.36
14799,0.62,33.94
42001,1.17,11.4
40908,1.72,20.75
8460,0.69,46.95
44680,0.37,18.49
11480,3.0,26.83
25762,1.69,22.95
2841,8.76,23.66
17051,2.0,21.16
26375,1.95,15.38
26859,1.21,32.46
12111,1.22,6.84
13756,5.33,13.0
8482,0.52,27.69
41860,1.64,14.71
27172,0.67,21.77
17220,0.89,34.57
42546,5.28,73.5
38780,1.48,20.8
11943,3.01,5.78
43811,1.46,17.18
26862,1.91,6.42
17404,3.36,16.21
1746,1.77,25.54
33237,1.31,
30705,0.5,28.41
3708,4.1,69.75
45109,2.5,18.36
27462,0.28,24.79
17600,1.73,38.15
48301,2.18,8.83
12195,,28.23
5412,1.34,18.18
35533,2.82,25.19
26703,2.11,24.18
14416,2.01,19.54
7365,2.41,21.46
35861,1.44,12.4
46514,0.79,38.11
47527,1.08,19.93
17200,4.79,92.56
21974,4.74,94.99
4397,2.97,
49915,2.88,19.27
44795,1.49,30.93
19459,0.55,33.99
13018,0.29,18.46
36606,1.32,17.07
7494,5.76,10.84
3219,1.49,20.42
30994,2.26,22.77
6040,2.37,34.81
1537,2.47,24.39
18743,3.0,35.97
35925,3.85,28.2
11327,0.53,30.25
35675,1.26,13.71
37153,5.07,98.96
35464,0.98,23.76
3356,0.82,
33540,1.11,24.23
21643,2.23,12.14
2101,1.05,25.03
37188,0.87,25.2
7461,0.8,24.29
49724,7.34,98.54
33288,1.44,16.200000000000003
42621,2.66,9.88
6196,2.11,21.93
27688,1.32,37.56
37363,5.12,
728,0.34,13.29
7159,0.55,17.68
45787,1.55,25.92
27623,2.21,16.5
21999,1.68,26.6
4603,0.84,21.9
17477,1.4,28.44
5670,1.33,25.3
4292,2.25,18.79
38825,,80.92
27713,1.77,27.35
20064,1.9,4.82
30702,,89.04
14349,2.6,22.49
37442,2.67,12.89
42431,1.51,0.81
25066,7.18,80.15
4629,0.76,0.0
34595,1.38,40.51
35050,0.79,8.28
6893,,28.12
23752,0.63,23.94
31880,,15.47
8620,8.01,19.0
38712,0.6,
33780,0.89,
28273,1.86,8.2
8249,0.45,15.61
19504,1.2,20.65
40291,6.26,69.27
17092,1.06,5.4
33053,5.41,69.97
1686,2.35,5.16
49728,1.72,25.45
41101,1.69,29.97
6727,4.04,
22115,2.07,16.98
30968,1.72,35.75
47071,0.75,6.05
34364,0.88,23.96
37336,2.08,27.29
11579,2.77,14.43
32637,0.65,8.99
1955,1.44,34.5
5594,1.44,22.32
18532,0.88,12.2
15371,0.88,8.6
42727,0.85,21.28
3252,2.15,16.33
29657,0.75,1.0
35413,2.14,25.78
40292,0.84,7.65
39148,2.32,23.6
47141,1.92,28.71
16474,3.63,12.77
2407,0.7,29.91
3629,1.63,25.89
13236,3.86,41.04
14351,1.07,1.85
24028,4.34,17.34
46186,2.11,23.34
9907,1.12,24.92
33960,1.36,18.1
3280,1.31,28.32
36956,1.81,21.79
11131,1.1,15.27
2338,2.23,21.25
12674,0.55,20.41
13303,0.83,19.19
1880,3.37,15.59
39768,1.21,19.54
35934,0.74,18.88
9692,3.33,29.62
16019,1.94,23.85
39045,2.04,25.77
21530,0.7,14.76
37532,1.28,22.03
39287,0.87,17.92
48863,1.41,20.49
171,2.57,20.09
1220,1.09,24.93
23086,0.88,17.92
23362,1.16,8.85
11376,1.23,33.32
38318,0.58,9.35
18127,2.31,4.26
22011,0.4,26.26
8503,1.31,29.27
2152,1.79,13.01
9206,1.64,14.29
4845,,22.19
32177,2.72,29.53
35195,2.08,32.9
43521,2.6,27.68
46118,3.39,15.74
26849,,18.83
47315,2.61,25.29
46110,0.71,15.35
9841,0.99,26.19
6170,,13.14
48904,0.65,6.44
12734,0.26,22.66
37147,1.25,12.29
28816,0.32,26.97
17318,2.11,6.56
49152,6.8999999999999995,42.19
34857,1.52,27.3
48277,1.26,14.44
41099,2.17,18.18
897,0.41,19.9
31112,1.74,
23087,2.6,39.74
30119,2.67,32.71
9425,0.9,17.2
43174,1.3,34.27
1722,1.3,32.75
19705,1.97,0.0
8991,1.37,26.19
40756,3.41,4.47
1983,2.81,37.67
40846,1.43,15.6
31591,2.64,19.61
31404,1.79,28.81
19616,3.54,19.61
16864,0.14,22.47
39420,1.31,31.97
5991,0.79,22.6
4927,1.02,18.93
38168,1.95,29.96
49415,0.88,15.19
5566,0.76,7.51
15270,0.73,46.14
37523,1.35,81.1
48927,0.93,22.0
1270,1.55,34.13
5852,2.15,30.5
36452,0.6,27.46
42154,2.1,30.55
31054,2.16,16.39
19762,0.58,30.07
2643,0.84,36.07
14703,0.84,33.9
41124,1.65,28.14
19252,1.19,26.11
23961,0.31,22.38
16660,1.17,19.2
29973,0.99,29.2
40162,1.67,25.46
21513,4.18,27.55
40210,4.28,20.11
18050,1.96,21.96
33816,,28.94
26776,2.1,
7312,0.43,14.68
49751,,13.94
15278,0.8,25.81
5771,1.04,12.24
46830,2.13,75.62
5348,1.66,21.74
9123,1.37,29.63
49380,3.39,28.88
37770,2.54,
26362,1.04,46.26
36904,1.55,8.03
24560,1.22,18.65
41780,0.93,20.13
48271,0.71,16.77
42884,0.54,23.65
45798,2.52,34.05
21993,3.4,27.67
18048,0.78,22.45
34847,3.67,18.11
233,0.6,18.44
48693,2.27,22.57
48261,0.63,11.17
13739,1.24,21.05
32554,0.33,15.64
10499,,52.22
18954,2.23,17.16
8474,3.08,13.33
15221,1.85,24.1
37850,3.13,16.72
48497,1.84,26.56
25703,0.49,12.7
3990,0.3,11.89
942,0.66,19.59
19815,0.77,15.63
27373,3.48,19.37
27425,4.24,76.57
722,1.17,21.1
20928,2.23,22.55
34925,1.44,18.46
41414,0.99,28.31
21121,1.69,14.48
23995,1.15,16.24
35632,1.64,37.01
23317,1.99,26.4
27875,0.38,19.46
34111,0.71,19.59
31850,2.79,38.89
32234,0.62,15.06
20733,1.04,7.73
21373,1.6,21.37
10593,0.95,30.79
25717,0.93,31.41
10160,1.43,11.06
32133,3.37,69.76
18605,1.61,30.48
39275,0.6,3.7
30862,1.32,12.28
14520,1.82,18.92
52,2.2,28.69
23721,1.08,20.01
23754,1.49,21.97
5658,0.79,16.44
20324,1.0,12.0
31906,,38.79
5370,1.65,22.57
35367,0.93,13.21
16330,1.21,12.95
26110,,19.66
27481,2.38,20.12
5288,1.05,29.79
20969,,20.21
14367,1.53,28.29
17287,1.34,9.19
43703,1.24,15.43
49506,2.13,16.48
9855,1.03,27.27
33663,3.31,31.74
3987,3.8,19.43
45598,3.0,23.04
21491,1.24,43.78
42007,,17.0
13163,3.57,211.8
7196,,22.56
49956,0.41,30.96
10909,1.15,27.21
38905,,35.17
41436,0.64,15.92
20408,1.02,24.67
2318,1.33,19.8
41479,1.33,8.74
18002,2.3,
9386,1.43,24.29
41924,1.07,31.41
12710,1.64,24.57
2074,2.07,22.37
39599,1.09,27.21
42737,0.79,26.95
36766,,16.11
22516,0.7,16.12
47157,,18.08
18998,1.14,20.6
20866,1.64,11.48
13405,2.81,
42968,1.34,10.76
45753,2.03,23.97
17340,1.73,9.62
30911,8.14,83.26
31774,0.39,22.08
10671,4.61,78.27
33481,1.7,19.02
27414,1.64,16.21
48954,1.98,15.0
32095,1.65,19.44
24564,1.05,14.95
10961,1.91,31.92
34490,5.76,62.49
28304,6.46,84.46
48121,1.76,25.82
13593,0.86,21.01
27254,6.05,
19325,13.799999999999999,11.93
14715,0.87,27.12
31306,,72.69
39711,1.3,21.22
22324,1.48,23.5
10581,1.73,36.08
884,1.79,11.13
35443,1.32,35.03
39894,3.65,33.57
45132,3.68,75.65
13671,2.31,13.19
12037,0.31,37.775
34906,0.77,14.69
5197,2.48,5.08
19759,1.07,
32360,1.21,26.69
24042,0.71,21.55
53,2.18,12.47
26650,1.36,13.6
36733,2.0,22.96
33277,3.0,81.35
20924,0.96,18.06
11660,3.56,20.65
15790,3.16,12.2
47682,0.9,26.15
44093,2.95,26.65
42487,5.82,72.2
4732,0.88,17.34
37723,1.44,17.73
7283,0.72,41.05
42393,3.79,26.16
17508,0.15,18.37
15162,0.6,26.19
7211,1.24,
11060,1.06,
8302,0.43,23.45
15897,1.11,18.02
46821,3.34,9.49
10136,0.33,32.53
10327,1.55,16.02
49990,4.21,34.45
18460,1.92,15.43
14450,2.55,16.37
1723,1.93,26.71
23713,2.85,
9280,1.36,24.12
26684,,13.99
43337,5.26,
45431,2.48,26.12
21765,,12.58
47274,4.63,21.79
27162,1.3,20.18
29314,1.37,29.96
2321,1.89,22.89
28948,2.22,22.1
37722,0.26,19.18
13030,1.24,37.59
43852,2.48,19.53
26495,1.99,23.69
8446,1.34,42.35
15946,3.25,20.52
11547,0.99,18.45
14454,2.63,9.22
18991,5.44,86.22
43765,1.04,33.92
32973,1.09,14.31
5477,2.21,33.2
39644,2.06,24.5
21152,1.22,29.44
43992,4.62,83.18
38004,2.14,21.92
9897,3.66,24.17
37166,0.76,18.3
49021,1.33,11.27
22496,,
29481,2.47,26.97
41644,1.98,16.42
45120,0.85,25.93
25096,1.9,31.84
13815,6.05,75.57
26639,1.57,24.01
22441,0.72,29.82
16199,3.02,13.86
21125,1.61,34.64
18899,1.28,20.54
10960,4.76,96.13
37381,3.19,26.89
26376,1.29,18.39
37421,1.23,10.12
34646,2.19,23.19
8524,1.07,17.72
39970,0.85,15.35
1391,0.88,15.39
35215,,17.71
32041,1.39,18.44
43640,3.22,89.35
48856,2.7,16.72
47851,0.27,16.97
40076,3.5,28.55
30325,6.27,91.35
6352,2.09,22.09
22279,0.23,22.55
26710,1.95,20.14
21135,1.22,25.63
44384,2.02,33.19
46730,1.05,17.71
7689,,8.43
23526,0.85,36.21
19631,1.04,31.41
22339,1.08,35.56
46360,1.6,35.04
23705,1.21,32.38
39590,0.37,33.65
39392,2.92,97.37
9073,,30.12
2313,2.18,12.3
43529,1.52,22.97
16594,1.7,31.46
32855,2.49,19.44
40143,2.64,85.88
20174,6.6,85.91
35150,2.33,25.9
12364,3.04,38.76
11457,1.76,42.85
14399,2.13,16.65
42083,0.7,15.17
26711,2.21,16.08
38241,0.94,26.34
41607,2.33,13.64
17962,2.32,37.3
11369,1.09,14.29
32245,1.67,27.7
47996,1.27,19.49
27242,1.68,17.24
43841,1.87,13.49
7805,1.59,20.89
6987,1.41,13.81
37564,10.98,79.48
2105,1.2,32.85
49746,0.42,16.73
41838,3.93,11.97
30437,,23.4
20138,3.1,36.71
6493,1.57,35.11
12686,0.94,23.19
47087,0.75,15.56
44312,3.53,19.17
9266,1.12,24.01
47232,,21.64
48789,0.57,12.65
18857,4.49,67.47
46635,1.22,32.34
46876,2.21,31.38
34849,2.41,16.06
27151,3.35,23.99
5541,0.94,
25225,0.92,17.21
17339,1.49,19.44
49407,2.87,17.31
44654,,13.08
27802,6.72,
11537,2.21,
42215,1.89,18.07
14916,1.26,22.41
14933,5.99,74.61
10727,1.98,25.63
43743,3.34,15.16
45835,0.45,12.67
6392,2.84,16.2
17922,0.51,21.63
23414,1.18,
7806,,29.12
10252,3.18,25.66
38189,0.73,24.85
20058,1.5,32.45
29482,0.79,23.54
35948,1.34,22.16
36731,1.36,33.08
44990,1.02,12.57
26757,1.31,21.61
1767,4.1,
29611,0.65,
32055,1.77,12.6
28121,0.12,19.85
46970,0.88,19.22
15461,0.31,13.79
46774,1.45,16.82
14125,1.08,22.98
17726,1.6,32.92
30462,1.04,24.49
27290,3.66,74.53
34390,0.17,27.05
26217,1.85,20.02
25514,0.27,33.45
20960,0.76,16.54
7908,2.53,
1480,0.21,12.49
26321,2.05,32.51
19971,0.02,4.19
26947,1.19,29.74
23078,4.86,
15983,0.57,26.03
44608,22.32,91.43
23128,2.44,10.61
31851,3.13,29.67
49270,0.97,25.95
701,0.88,38.87
25795,1.53,24.13
14208,,20.55
46358,1.68,38.27
43896,0.69,30.01
23306,0.49,23.49
36647,1.98,10.93
2351,0.58,
40275,1.89,28.46
21645,1.24,31.57
18335,1.61,20.22
2559,0.54,25.65
48697,1.61,20.53
47664,0.32,9.69
18196,2.39,14.48
21641,2.45,29.72
27407,1.53,38.18
18305,2.75,20.6
34002,0.74,19.7
24616,2.79,85.11
28857,2.66,7.69
33497,1.08,
9366,0.37,
7581,4.06,19.04
14440,0.8,6.84
19026,1.09,20.08
11493,3.74,81.78
27301,0.96,14.98
14785,1.78,22.98
34336,0.76,7.32
5251,0.69,12.22
31295,1.86,28.75
28617,1.15,24.94
18550,2.26,25.05
40099,4.18,25.41
48895,1.57,26.01
27112,2.65,18.21
38786,1.73,10.0
4672,2.34,34.91
13010,1.23,34.24
14022,1.36,28.56
23054,0.5,27.87
2068,1.79,21.85
30058,2.96,15.93
26691,1.05,31.46
30347,1.74,14.37
47415,0.48,15.86
10441,3.5,86.78
23927,1.75,16.78
41020,5.71,96.87
27834,1.57,11.36
24971,1.88,19.77
36895,1.39,25.63
47752,0.81,23.72
36719,1.32,26.67
33185,1.05,20.6
45151,4.95,15.11
8895,0.96,30.52
48216,0.91,7.33
36463,0.42,20.69
40437,1.28,21.47
36609,0.54,13.07
499,,12.89
45503,1.33,19.39
33987,2.68,16.19
17664,1.71,18.33
4712,3.15,93.04
49677,2.81,21.79
29436,3.22,18.97
39715,0.75,37.68
11193,1.78,14.56
28848,2.64,24.44
3834,1.26,28.1
27643,1.18,16.61
21817,2.2,19.2
26741,0.72,12.01
5163,2.0,23.95
12730,5.58,28.94
2951,1.83,22.94
1406,1.32,20.15
28866,0.59,26.73
45868,1.13,16.73
5659,4.35,86.01
3330,0.61,21.53
14820,2.39,13.38
32147,4.03,40.22
2266,0.75,24.37
42095,0.73,13.44
19046,0.94,30.88
13951,3.43,19.93
26762,2.59,21.1
458,2.44,22.82
14953,2.7,21.21
23896,1.03,21.74
11981,,24.5
48417,1.97,25.18
24573,,24.95
44905,1.63,26.43
46171,1.58,20.62
2473,1.65,21.3
3792,1.13,11.05
46275,2.79,19.12
5789,2.1,5.3
32940,0.29,21.97
46407,1.91,16.23
9630,,25.19
34400,1.07,3.47
34532,0.89,27.33
6386,0.33,
48807,1.73,16.97
30815,1.08,24.96
49050,1.72,14.54
37794,3.94,89.01
16569,2.02,20.88
9839,0.75,12.34
13947,2.26,40.46
43002,5.09,18.15
30576,3.21,
5603,0.65,24.09
32212,1.88,30.37
49712,3.67,81.17
27332,1.31,29.11
33742,0.92,22.82
28089,0.81,15.93
42574,0.78,32.5
46477,0.35,7.56
22567,,46.46
15908,0.36,21.3
32619,3.73,92.75
6788,0.62,25.46
37173,0.87,20.97
20498,1.54,20.65
22223,7.86,25.56
21271,0.78,30.9
31475,3.43,70.56
21758,0.79,15.77
42571,1.75,23.32
12246,,29.97
39199,3.01,28.72
43997,0.47,24.36
13925,5.71,69.46
5277,2.57,18.44
4620,0.68,17.22
40171,2.45,30.9
33502,1.32,18.29
24586,3.68,25.8
33705,0.81,
40592,1.87,19.83
15052,1.15,27.62
36524,1.46,18.15
41447,1.08,15.06
45103,1.67,18.31
42549,0.72,5.03
17063,2.75,21.42
26600,4.13,22.41
10906,2.36,25.56
31652,1.19,22.45
30888,1.27,27.93
27879,1.75,8.51
5330,2.61,75.7
16737,2.11,26.84
48459,,26.37
3822,1.75,17.82
12304,3.42,96.41
1031,3.81,15.7
17147,0.47,
13748,0.7,20.13
47916,,92.14
36985,1.28,24.12
7236,1.14,36.31
8488,1.88,75.96
44979,5.06,17.74
49528,1.05,17.3
9876,0.42,10.19
42623,0.95,26.79
20809,2.47,15.68
29458,0.94,11.54
46693,1.06,27.23
24609,2.03,30.61
37851,2.93,7.66
4357,2.33,11.18
14433,,25.0
32410,0.44,21.92
15788,0.38,19.23
799,5.03,83.56
18571,2.13,24.67
8834,2.18,16.23
23425,,18.63
17970,0.62,17.58
1386,1.0,20.15
17395,0.22,14.98
1186,0.67,22.79
29831,0.71,16.79
36688,4.7,26.63
40352,0.9,18.23
6376,0.69,39.0
15553,2.25,19.41
48883,0.59,2.96
17731,6.69,90.86
8206,2.15,22.88
47714,0.55,12.02
16822,2.25,16.61
29663,3.62,19.19
14127,3.05,
44546,5.84,94.19
20750,1.84,7.2
11136,2.15,14.22
48615,2.35,16.31
12675,0.8,12.16
38764,1.79,20.43
49381,,22.95
48136,0.9,23.46
19456,1.55,22.16
47709,1.09,22.06
34687,2.54,19.99
49266,2.41,22.88
12566,0.2,28.3
32160,1.14,26.71
22419,3.04,3.68
9786,1.62,23.9
20351,1.42,17.81
22627,1.32,24.78
10227,1.57,36.76
28539,5.06,16.95
32502,1.97,32.52
34314,4.06,80.39
28425,0.99,17.71
17934,2.56,31.79
25680,1.12,20.56
31503,0.8,24.7
25017,0.94,38.32
44919,0.92,15.08
16291,1.14,15.31
46708,2.88,38.41
34033,1.51,19.88
7671,2.38,28.1
3291,5.25,
16989,1.69,23.47
36234,2.23,90.1
23900,0.77,25.44
31787,0.29,21.15
423,6.24,86.46
38647,1.86,82.92
35425,0.59,23.43
15808,2.06,83.77
22651,,26.33
23710,4.46,89.89
21548,2.15,23.31
41899,6.1,76.27
29109,0.72,21.69
44455,1.56,27.77
41742,0.96,25.56
17857,2.09,23.37
5357,0.73,15.94
44586,0.39,15.92
45478,0.59,
19621,1.1400000000000001,26.36
43478,1.27,28.09
4075,5.86,79.52
49222,0.44,27.87
13244,2.14,40.2
24479,4.2,4.62
41412,1.19,31.89
32412,3.08,
24987,,26.08
35054,0.9,21.43
31223,1.12,30.56
37343,2.83,22.47
49275,2.94,24.42
22386,1.75,16.81
47389,0.92,15.63
49010,1.75,29.76
46104,0.91,7.36
26698,0.37,12.89
24670,2.58,43.33
39091,2.5,21.88
32077,0.92,22.79
35462,0.76,36.275
49064,1.44,22.58
2300,2.39,34.38
3919,0.92,28.31
24002,0.67,39.2
24374,4.86,31.02
47080,1.92,23.07
24637,2.96,16.89
36906,4.83,21.21
37785,,13.23
19132,3.42,19.65
2603,,33.74
18115,1.29,12.58
44142,0.97,10.44
37950,4.04,73.27
5715,1.38,24.61
30649,3.84,75.48
18733,2.05,39.67
18973,4.57,35.56
23320,0.67,11.74
42457,0.92,6.15
37654,2.39,20.52
40339,2.42,24.03
20569,,22.26
34554,0.41,11.31
13742,0.41,21.89
2762,0.34,
7866,0.9,16.72
38092,1.05,12.94
647,0.75,31.12
41502,1.98,19.2
24687,1.46,31.72
30767,0.74,29.32
5069,3.3,12.55
418,1.09,13.19
44263,2.5,29.94
46559,3.32,24.88
39534,0.47,15.94
12718,0.61,34.82
43044,2.92,27.3
45827,4.59,92.26
43295,3.52,79.97
45735,,25.78
45037,0.44,15.95
25394,3.03,
42290,4.31,25.58
3110,0.82,27.74
49188,0.82,24.38
46391,0.86,18.49
35936,0.93,25.68
38228,0.91,31.27
43877,0.59,
45608,1.86,29.68
41626,0.72,11.62
1172,1.94,
36686,1.1,11.65
3888,5.76,22.32
29997,1.07,15.97
38734,,27.39
47855,1.75,22.18
46638,2.85,18.39
25554,2.22,18.19
46707,1.33,58.35
20636,2.36,90.33
1373,1.01,9.55
30335,1.06,28.8
30430,2.14,23.06
36359,1.67,36.94
10306,1.09,24.09
12125,0.68,20.59
18563,1.06,21.77
20906,0.73,20.29
47103,0.88,36.48
45102,1.2,22.19
29823,2.4,93.42
21162,1.18,19.62
30524,1.37,
33381,1.81,32.02
36656,1.23,19.92
40461,0.56,30.57
33347,1.84,39.82
23934,3.12,
40243,2.61,26.27
11054,1.46,20.18
17673,0.95,41.34
20860,1.35,13.83
1748,1.8,37.66
41956,1.65,25.39
202,3.73,89.99
1802,1.5,24.77
16051,1.58,20.78
41846,,29.89
11349,,24.98
22912,0.77,27.04
37262,3.03,21.55
17275,1.16,
25182,0.66,24.55
1763,2.48,26.2
17281,1.46,12.36
2527,1.63,16.89
44866,1.86,30.76
26390,1.14,18.61
47025,1.93,17.12
12146,2.31,19.13
31556,1.22,
46971,1.66,20.79
11986,,24.73
15638,0.71,9.3
19555,2.89,25.25
987,2.96,25.24
13634,4.91,14.73
44858,2.47,20.74
46571,1.51,23.69
26780,1.59,32.3
48398,3.68,17.42
29184,1.04,9.26
48756,3.64,11.27
36453,1.02,31.32
41891,2.66,36.77
29885,2.59,
37786,2.37,19.64
18251,1.89,24.19
9095,2.13,30.14
10952,0.89,25.09
31745,1.12,32.67
19709,3.54,33.75
7316,1.28,16.67
48729,1.99,32.1
47218,1.6,-23.79
4966,3.43,92.43
5537,0.35,24.54
36812,0.72,15.31
4773,1.02,18.94
32484,1.98,28.93
21625,0.51,31.6
7877,0.73,33.41
7065,2.28,26.07
40812,2.44,26.84
41226,2.34,16.79
16435,0.79,5.62
47533,2.16,21.58
3373,8.22,22.8
33085,1.18,27.95
35006,1.97,27.66
6806,1.73,40.7
14421,0.84,31.61
9109,1.36,32.84
7937,0.79,15.08
36622,4.59,82.43
14534,2.58,26.3
10078,2.0,32.86
19360,1.43,14.48
10016,1.46,
19974,2.4,-30.52
4985,2.2,86.81
32246,0.5,18.83
23793,1.33,21.84
32714,1.2,23.48
30267,1.99,
7005,0.9,39.86
32308,1.6,29.77
4970,0.62,23.96
25788,1.01,37.05
17885,0.62,25.09
22017,0.38,10.19
41364,2.02,20.28
16185,2.53,35.39
17070,1.89,32.74
16579,2.15,26.32
46581,1.19,32.27
20594,1.25,22.650000000000002
17771,2.11,
33944,3.64,28.63
44127,4.3,81.33
16735,1.37,32.23
38821,0.93,5.51
21912,2.4,24.23
18476,5.22,91.92
11727,0.69,98.94999999999999
39030,1.06,25.75
6442,0.79,24.57
42413,1.92,5.04
28549,1.95,32.06
37072,1.16,18.87
9482,1.9,19.92
1302,3.08,15.27
30850,3.73,74.82
42315,2.62,16.2
32584,2.36,8.46
16221,4.99,86.76
18200,2.03,36.83
45488,4.68,67.45
38148,1.1,25.47
15524,0.82,16.18
351,,26.74
37902,1.57,15.89
1996,0.55,17.42
11074,2.31,15.79
8740,3.68,28.31
8329,3.31,100.0
38630,0.77,19.29
40042,0.83,24.16
32397,5.83,78.8
46181,1.28,57.5
2840,2.66,26.53
38735,2.09,8.25
24783,1.4,23.36
20310,6.84,73.19
12198,1.93,23.43
4829,1.73,12.72
18359,4.87,22.79
36040,0.94,22.11
64,2.24,17.12
49766,1.41,32.78
36429,1.02,30.82
2659,2.22,30.5
11977,,74.74
32001,1.84,26.11
16092,,30.27
44305,1.0,20.11
22488,0.89,13.45
40357,2.38,9.13
43771,2.08,10.25
5306,,24.21
18168,,37.05
5748,1.41,14.91
45425,0.43,18.88
23379,2.51,20.66
44306,1.65,76.04
16348,1.42,18.62
10586,2.5,18.48
46404,3.58,72.38
26272,4.78,12.21
14150,1.59,21.39
35592,4.24,
28435,0.67,29.49
27491,2.07,-20.92
34115,,86.15
38820,1.04,23.17
38047,,19.5
12509,2.09,-25.17
43753,2.28,21.64
13999,2.37,
15242,0.83,
44340,2.56,37.79
33802,1.95,30.23
36666,3.86,
22690,3.28,6.98
5818,5.63,15.5
3425,0.49,10.42
3335,1.29,20.45
48690,1.61,25.61
14009,0.77,0.91
46741,0.58,27.19
37880,,24.61
17761,0.95,16.54
16143,1.15,
24686,3.37,19.16
44504,1.94,
14066,2.55,28.59
27756,3.53,19.39
4900,3.07,15.5
5013,0.72,34.05
37617,2.14,6.89
7130,0.65,11.23
31674,0.73,27.7
27143,1.09,8.27
11392,,14.87
40758,1.8,22.2
33986,1.18,28.55
15900,0.64,18.58
9351,2.14,20.62
19704,0.61,26.03
31032,1.5,17.08
24823,1.52,20.08
16043,1.7,29.85
18929,2.89,20.5
19341,0.48,25.66
41242,1.26,29.68
4385,1.35,15.04
43872,2.22,25.57
44589,3.76,93.84
41302,1.25,27.69
4063,1.82,23.47
26282,1.76,35.19
38958,1.82,33.25
22462,3.21,14.17
14952,1.09,23.38
34378,1.24,13.02
36961,1.8,10.38
26744,1.12,31.47
1652,0.96,19.11
10184,0.51,27.53
5153,3.77,29.52
40103,,68.39
10101,,16.05
6423,1.17,-23.34
23296,2.78,10.81
48135,5.42,67.5
21375,1.39,36.15
20717,0.81,22.73
33071,3.69,35.75
28085,0.84,19.51
22236,0.95,15.45
6508,0.36,19.13
43054,3.53,68.88
28029,2.12,15.02
9217,0.84,22.46
13001,0.19,14.15
40899,1.72,13.19
40323,0.63,22.44
8217,1.0,23.45
30427,2.5,17.21
29907,1.26,20.09
34251,1.14,26.79
46088,2.28,15.69
41406,6.88,90.65
7509,2.48,26.07
17811,3.72,83.93
48484,0.71,12.28
28890,2.18,13.7
30856,1.28,26.0
27248,1.21,21.2
16364,3.56,9.15
163,0.77,29.32
5250,1.54,29.61
2261,2.46,30.38
49070,0.61,33.25
20156,0.74,29.07
35409,1.0,23.82
23429,0.83,18.92
40566,,25.99
39491,1.01,39.41
15464,1.32,14.11
37769,5.0,75.78
2987,5.1,70.78
14761,1.63,12.55
11731,1.72,
28181,0.37,19.9
21259,1.93,8.21
45201,2.61,3.47
13192,2.16,27.54
19188,1.64,14.69
13531,1.49,29.38
17760,0.33,19.98
39153,1.6,4.8
14013,1.11,8.46
24978,2.54,29.97
18758,3.95,77.83
26290,0.54,16.75
6698,2.65,13.98
37528,2.49,22.26
24715,,23.12
46606,0.39,4.27
7248,6.21,100.0
10826,7.02,21.45
168,2.68,14.73
14550,1.64,23.67
19221,5.14,82.85
29930,4.29,21.94
22983,1.68,29.12
4098,2.46,
3752,1.17,29.56
21185,1.61,30.59
4952,2.25,14.07
19148,1.4,17.67
30014,0.87,14.92
16004,5.42,81.67
36362,1.07,4.93
16483,0.77,23.44
2186,1.23,53.5
46112,3.78,20.78
9574,2.12,67.29
31626,1.1,25.92
37634,1.85,11.74
35019,0.35,29.17
19824,7.31,77.89
20981,1.98,18.86
41454,1.84,12.8
12993,0.85,22.27
38948,1.02,19.45
34634,2.8,9.13
23986,1.81,37.83
27677,0.78,14.55
38147,0.14,23.61
34745,,15.51
7550,1.23,32.19
49191,20.34,11.53
29368,7.7,84.16
14343,0.58,30.14
41376,1.66,31.4
19751,1.65,24.07
9536,1.4,29.59
40710,3.89,13.52
29592,1.48,24.77
41219,2.03,22.0
33368,3.77,28.12
30326,0.55,16.32
23447,2.37,26.18
24249,1.45,34.57
35259,,34.2
43709,0.25,20.9
23909,1.62,7.59
14021,1.65,8.83
40980,1.88,13.76
42310,1.74,29.32
4188,5.38,91.43
48396,1.79,26.25
31048,,34.94
45463,0.54,7.02
28142,2.14,25.21
19423,1.85,31.47
28568,2.42,20.92
19345,2.96,81.01
4480,2.01,19.41
9735,,24.63
36618,1.2,19.11
10358,3.08,
151,1.16,19.37
8606,1.51,8.24
16930,2.1,23.87
48610,4.52,59.36
42735,1.75,20.59
45672,2.59,26.96
44606,0.54,29.69
35665,1.24,19.97
20482,4.8,51.95
12289,2.98,20.02
21547,0.77,14.04
20445,6.03,81.08
9901,0.46,21.74
11415,1.86,23.18
106,0.37,24.41
10761,3.84,24.7
6389,2.92,84.3
3645,2.54,22.75
41374,1.06,21.86
19218,1.19,20.31
5345,2.7,33.05
48850,2.26,32.71
5550,1.04,
37545,4.01,
27377,1.71,6.88
20691,,18.38
38170,1.35,25.0
15444,0.4,41.0
40409,1.97,
26695,0.92,18.15
28040,1.9,20.69
28359,0.98,32.9
41098,1.04,19.71
36644,0.49,19.41
15061,3.28,
4349,1.62,25.77
14939,0.96,10.64
38886,,0.0
41446,1.02,17.4
1034,2.19,12.62
37062,1.17,16.24
42465,,7.55
627,1.14,29.02
4083,1.89,13.08
482,0.93,22.7
21790,,18.46
13320,1.13,19.57
4104,1.08,14.78
18031,1.81,28.72
7224,2.21,21.82
29833,1.88,18.48
27003,3.15,25.54
16293,0.75,17.23
17388,,32.4
35144,2.07,25.85
2845,1.57,19.8
29019,1.15,5.94
46658,1.17,60.099999999999994
17312,1.79,20.45
38380,,13.57
14738,3.15,14.19
37510,0.49,32.46
9965,2.87,19.77
48318,1.93,86.36
12385,1.45,7.67
35364,9.540000000000001,22.97
5653,5.37,85.84
28782,4.86,70.98
21235,2.23,13.36
36232,0.93,19.96
4359,4.29,34.4
25869,0.77,10.61
23241,0.52,25.16
36907,0.72,8.63
28616,1.18,24.28
32265,1.27,17.07
29638,0.26,21.56
12849,0.24,22.72
36304,0.24,-56.1
16552,1.42,29.15
49775,0.91,28.95
44763,5.19,83.65
26761,2.1,8.39
37728,0.49,23.4
38015,1.87,20.53
11141,0.61,24.38
19286,1.44,
43314,1.84,13.98
18844,1.6,20.48
13208,0.54,27.45
34412,2.4,13.73
19878,1.6,18.8
37607,0.78,20.68
9725,0.79,29.85
19144,1.12,
3351,3.21,11.41
6843,1.12,
42685,2.98,17.57
29313,1.1,0.58
1021,2.4,26.89
45534,1.03,17.49
6012,1.77,9.16
14369,1.04,24.43
47347,1.66,32.86
36446,1.34,14.56
41604,1.74,23.81
21050,1.94,32.42
11021,0.49,22.3
4043,3.74,83.04
15383,0.58,26.06
37830,4.27,21.26
24571,,10.27
48514,0.57,17.94
46920,2.68,24.38
11755,0.97,
8213,2.72,71.63
4664,1.79,25.01
43367,2.36,18.1
5024,0.82,24.83
28187,1.63,24.46
40724,0.3,35.79
29860,0.68,20.44
24523,1.17,32.9
25670,2.86,23.81
48103,1.39,18.5
8501,5.85,68.54
25999,3.73,88.62
36336,,33.28
45784,1.37,6.56
24552,1.09,15.68
39328,1.59,6.08
9500,3.77,100.0
47397,8.02,72.04
49886,1.27,38.41
1613,2.07,
7499,1.84,14.91
22175,1.8599999999999999,25.19
3493,0.91,21.88
46472,2.63,91.02
19552,0.78,21.5
29884,1.91,24.02
3138,1.09,13.15
1540,0.41,13.07
39314,1.35,34.95
36432,1.56,14.58
46333,3.46,87.93
46609,8.34,92.85
6800,0.83,16.92
32538,1.43,28.16
48450,0.65,22.21
18506,0.77,28.57
46888,3.84,16.48
23938,1.37,35.96
43719,2.04,9.22
32384,0.58,24.57
42672,3.49,26.95
31047,5.25,14.04
30432,0.88,9.33
69,0.86,30.4
43982,,11.57
5817,0.09,19.72
38839,,18.35
16859,0.61,27.55
32605,1.49,32.53
27349,2.14,20.01
4417,2.78,19.6
8405,0.93,33.88
4211,1.5,25.27
39640,3.47,16.72
5305,2.46,22.79
31416,5.97,88.48
31735,1.87,20.19
10290,2.6,23.13
45393,1.31,16.23
44040,,22.09
37502,5.13,27.19
24896,1.22,16.8
42100,1.27,25.19
45734,3.49,15.44
12488,1.67,20.86
47271,2.04,22.26
36220,2.59,77.16
24874,,24.32
12862,0.38,7.7
15415,1.13,22.97
25681,2.84,24.44
44010,0.49,11.5
38193,2.71,19.31
17414,2.3,22.96
44238,0.17,17.77
24230,0.99,29.57
33555,2.64,19.01
32729,0.63,
1612,0.46,15.79
23789,1.76,6.42
45684,1.9,28.74
39988,1.33,21.51
4485,0.54,30.26
29044,2.72,22.22
25890,1.45,20.97
18393,1.17,26.59
41754,1.38,
47268,1.8,20.35
37191,3.83,26.06
19698,1.6,11.59
5902,2.31,77.2
41442,0.38,13.12
28795,2.29,29.23
48049,1.4,17.31
23378,2.01,32.64
49139,2.09,30.63
1294,1.09,86.44999999999999
25791,5.16,83.22
34145,1.08,27.45
46430,1.88,18.76
7456,1.08,11.7
7183,1.19,14.99
41568,1.41,12.2
30521,1.73,
25403,0.69,20.58
12211,,85.08
9823,2.05,12.7
21192,,12.3
22329,2.53,26.32
32770,2.15,24.13
35921,2.64,
27505,0.7,16.44
36439,2.57,26.16
35810,1.97,78.53
19206,2.21,27.02
413,2.12,23.2
27792,0.62,10.03
42108,,0.69
8523,0.85,14.22
26683,4.34,87.45
18728,3.14,4.1
33813,0.86,25.59
28006,4.78,20.43
14927,2.48,23.6
18080,1.49,20.51
40938,0.86,43.5
31348,0.56,
46785,1.82,16.84
30691,1.17,12.47
44212,1.25,31.49
37420,2.88,12.43
36114,0.94,10.14
10214,1.36,24.23
12208,0.8,33.21
32862,,27.1
39567,0.6,24.26
1890,1.56,23.82
17560,2.07,19.37
1634,2.62,21.3
21017,0.84,22.73
22280,1.95,32.98
6884,1.56,12.78
40137,0.75,20.15
28710,1.31,19.39
8153,2.12,29.42
42454,,27.11
26895,0.64,9.58
6609,4.28,72.02
28037,1.14,
11568,1.83,19.98
9603,0.8,24.61
46588,1.45,0.77
25786,,53.099999999999994
48239,1.02,
5269,1.3,40.23
36563,0.7,28.22
42602,0.94,32.08
26377,0.93,16.18
10247,,76.6
43864,,28.42
14227,1.34,37.25
33958,2.77,10.99
15312,1.24,
42990,2.17,6.17
27085,1.13,26.79
7166,2.71,22.29
32079,1.41,24.84
8999,4.79,
44861,1.0,22.85
35656,1.74,22.35
10361,4.74,18.39
13800,1.45,12.78
26372,1.33,15.09
36326,2.48,22.88
33238,1.2,28.68
20520,1.82,29.33
37458,0.68,12.95
34290,1.56,6.63
47955,1.74,28.23
5375,2.95,14.54
43911,3.67,4.68
21613,4.75,25.39
27652,0.92,19.83
17515,1.25,68.0
4023,1.1,14.81
25555,1.58,
965,4.71,89.65
1560,2.29,9.91
40353,1.93,
10365,1.32,9.46
41945,2.37,25.72
37275,2.01,15.74
31700,,76.37
25867,0.21,27.01
15631,2.84,3.46
4523,1.69,22.87
44151,,33.84
49377,8.92,91.66
27038,0.56,29.69
5829,0.4,
24421,0.93,18.55
46849,3.4,84.51
35521,1.74,27.82
2521,0.79,17.85
47821,1.13,27.81
8498,0.39,32.85
20597,3.63,4.64
49912,4.58,90.59
42948,0.81,22.01
32210,3.19,14.84
29606,,
2592,0.91,9.64
35609,4.89,68.86
9061,0.38,47.77
3144,1.64,11.31
1237,0.42,22.58
30895,5.29,75.73
22397,1.99,29.0
21500,1.79,21.79
28685,3.7,89.73
15740,1.32,
16499,1.18,22.1
40562,2.87,26.45
14610,0.6,27.28
12708,1.15,32.06
2650,4.2,64.87
14378,2.83,27.53
3547,4.15,77.09
40304,4.14,14.57
48493,0.83,13.5
9008,1.62,3.2
15366,1.86,28.88
34152,2.42,18.22
14417,1.61,24.5
37676,2.08,6.68
10431,3.45,10.06
13206,0.99,18.1
11606,4.21,21.86
29508,0.54,6.42
17754,1.02,25.77
33730,2.87,25.42
49128,2.76,2.88
22308,0.59,19.91
21668,0.94,20.71
27116,2.08,21.88
44096,0.5,33.92
4558,0.64,25.06
47272,0.52,34.03
49634,1.25,23.97
34435,1.88,23.75
33568,1.06,20.48
28298,1.5,21.92
4483,0.74,21.75
47860,1.11,16.36
20550,1.2,11.13
14920,3.1,25.52
1714,4.22,91.94
31973,1.73,
4478,1.99,100.0
31236,1.42,37.47
29510,1.83,82.94
29640,1.03,86.78
6458,2.75,-30.03
9195,1.89,14.36
25932,3.63,26.09
3002,2.24,19.45
22608,0.59,25.94
43216,2.98,5.65
20977,0.39,21.31
26822,2.36,30.49
20764,1.15,29.94
10504,1.54,17.83
9244,,23.35
9913,2.88,26.02
2883,2.54,32.71
34959,1.94,26.62
27738,1.98,23.8
1118,0.62,7.32
42187,2.89,21.46
33743,2.02,9.53
22883,0.49,15.77
42177,1.2,15.89
2918,2.75,22.28
25118,1.1,11.44
21240,7.43,
835,2.48,20.67
38601,2.04,18.71
45773,1.05,23.07
41030,1.16,27.4
22491,2.5,14.25
8167,0.37,8.89
1276,3.64,20.74
18303,1.88,14.2
19756,0.31,28.15
14133,1.66,32.35
23326,6.87,77.72
33527,2.15,24.58
23475,0.67,22.58
25370,2.03,18.65
2940,1.32,14.76
46270,1.7,11.96
43259,3.22,
13517,2.05,36.54
30955,2.3,25.93
10100,2.2,16.13
13105,1.38,34.37
24027,2.21,12.48
12468,,19.17
4638,3.1,82.92
7608,3.64,
42768,2.61,13.81
20385,3.67,15.02
27386,1.4,18.27
45160,5.1,21.16
27878,1.36,15.75
34813,0.99,23.46
30629,0.72,28.82
38715,1.19,35.94
43468,0.74,11.17
35038,1.8,7.85
40704,0.74,4.47
762,2.73,29.83
13705,4.52,
34106,0.34,29.84
14306,,18.91
36862,1.28,24.72
49095,1.2,19.56
24911,1.85,27.04
8435,0.52,20.99
14603,0.56,
41724,0.76,15.13
27064,,33.95
13946,0.84,
32633,1.02,21.83
8537,0.75,22.4
5997,1.8,21.9
37556,5.62,90.75
44071,0.96,4.85
28567,2.07,28.68
22297,3.2,86.95
22991,2.43,39.72
7400,2.15,17.3
25167,0.81,24.31
21090,2.15,32.26
42133,1.79,17.89
33722,0.82,25.94
35753,2.73,81.22
19820,1.19,24.3
24553,0.59,27.41
37761,1.63,27.05
46235,2.15,9.82
15350,,21.84
4892,2.64,28.35
27312,0.91,8.05
5081,1.24,20.71
33154,0.97,24.34
27587,0.38,4.21
41735,2.5,26.66
11813,0.77,21.11
8689,1.71,7.07
8777,3.64,25.47
25164,1.74,18.51
38674,1.67,30.27
42878,,27.38
777,3.37,36.44
12814,4.1,26.91
38288,0.39,15.04
19789,1.9,25.4
15831,6.93,209.675
32920,0.78,16.61
43895,0.62,26.61
47697,3.39,14.54
34410,1.48,15.5
907,0.94,17.42
33255,0.78,29.55
38904,0.73,
47113,1.52,25.45
2600,2.06,19.13
8692,2.02,26.15
41043,2.34,88.6
29995,0.9,9.13
30037,0.88,22.79
23185,1.77,45.41
38423,5.97,85.66
17410,2.3,12.46
24452,2.87,16.6
26141,2.32,13.05
15656,4.02,11.65
6017,1.04,27.24
267,0.86,21.71
36138,6.2,13.84
804,1.52,
39986,0.6,20.32
37825,1.41,26.47
26085,0.9,31.45
20622,1.8,21.52
25853,1.08,25.67
22896,3.25,31.06
38849,,25.18
9472,0.64,28.6
13888,1.18,24.48
34551,,5.18
23205,1.47,22.25
10475,4.93,
33405,1.33,24.03
15809,1.45,6.32
17378,2.25,26.89
39741,1.18,20.75
21757,4.76,93.54
43944,1.33,16.57
14154,1.77,17.82
43181,0.66,16.9
18283,0.36,
42772,2.1,22.02
36794,0.68,24.39
48359,1.15,
30125,0.21,31.26
22709,1.33,27.12
15768,,19.93
24375,1.49,10.55
699,1.23,25.16
43875,0.81,27.36
48761,4.51,29.51
1918,4.43,97.34
41003,2.7,29.78
45121,0.8,19.9
37743,1.89,19.01
13952,1.54,18.62
32932,2.23,5.33
9879,1.65,14.53
27068,2.21,27.75
33046,2.55,15.78
44357,1.82,34.44
42971,1.32,21.0
33993,2.56,100.0
36780,3.79,31.58
42756,2.56,19.44
23373,2.66,9.11
42630,0.36,10.9
6431,1.25,13.14
34845,1.74,17.3
38375,0.66,11.81
34433,1.87,34.85
36449,0.61,22.92
38414,0.86,8.87
5304,4.96,10.49
23794,2.13,32.52
29326,2.03,33.4
4565,1.27,37.08
43267,,13.32
45966,2.31,26.08
18021,2.13,16.31
11671,0.32,18.71
18790,2.36,21.86
18252,1.13,19.69
41062,5.07,14.57
8534,1.59,7.94
12270,0.85,23.63
30208,0.37,34.69
16525,4.39,84.42
33570,1.65,31.96
43368,4.58,73.8
11894,1.99,12.28
49811,1.49,37.26
3444,0.63,20.26
48347,1.51,
13516,1.85,40.32
25113,,7.48
2223,0.33,25.09
28196,1.66,11.68
629,1.68,18.78
23771,1.91,22.31
47259,1.98,12.78
49299,2.21,14.1
37647,1.54,20.54
40113,,100.0
5867,2.09,18.72
27960,3.41,32.72
31756,3.45,19.52
11611,1.32,23.43
9742,1.87,26.98
38991,1.53,26.62
19618,1.87,32.89
16172,1.85,27.3
15285,1.13,37.71
34620,0.39,34.56
26414,1.58,3.18
38799,3.21,35.45
31242,1.42,16.04
18900,2.71,24.15
30298,1.95,22.91
15732,2.05,
35595,0.81,27.67
22592,1.54,11.29
36850,3.49,76.97
26302,2.26,
22056,0.75,40.775
24973,1.45,8.75
32418,0.67,16.59
41826,1.26,18.69
40250,3.12,14.95
29439,1.54,
37583,1.42,43.18
7828,1.15,14.34
30422,3.71,20.48
30501,1.18,15.91
14718,5.03,98.56
31225,,12.22
21061,1.23,29.15
15853,0.93,18.12
17209,4.52,83.73
44410,0.99,38.07
8813,2.75,22.34
28407,,24.08
42330,0.7,13.6
6710,1.52,
33376,,8.93
41962,2.23,26.17
17124,1.6,31.32
3588,1.04,27.98
43832,0.34,0.0
39526,1.36,29.04
46752,2.25,15.18
19257,1.37,27.01
47702,4.07,14.64
28781,1.08,26.41
23266,2.96,21.81
17172,1.09,41.91
31668,4.67,39.18
23304,3.16,19.92
21532,1.17,19.96
31059,3.5,16.83
25535,0.68,18.42
37148,2.27,80.1
2193,1.92,26.2
47030,4.06,32.91
41569,0.24,33.82
27091,2.76,
9297,1.63,26.88
40955,2.15,21.72
41319,3.48,13.81
15069,1.09,21.53
47983,0.8,19.92
5713,2.87,
8901,0.15,25.05
26985,0.54,20.39
13989,3.34,96.24
34448,1.16,20.32
36152,4.97,19.98
44874,0.54,20.09
37055,6.04,85.95
4373,0.69,6.9
9941,1.6,37.08
37020,1.76,12.98
26039,1.29,11.66
5474,1.22,9.32
49041,0.45,14.47
37232,0.75,26.7
5696,,6.25
3866,0.93,26.31
7604,0.94,15.41
46734,2.14,24.78
14521,1.86,15.78
21293,1.71,31.16
8860,2.1,22.26
26886,0.62,17.22
39791,1.56,13.34
47906,4.36,20.37
6889,2.67,10.78
8162,1.52,29.82
20997,3.26,87.54
15830,1.59,33.33
12380,2.68,
24435,0.87,23.71
47450,,
6760,2.23,50.02
41756,2.09,15.29
37410,0.46,47.41
32376,1.35,24.14
17341,0.65,26.29
35858,5.02,89.02
16406,,21.83
1364,0.56,19.76
40728,1.24,27.57
10513,2.82,23.32
35261,1.95,21.79
17494,1.77,8.6
38951,2.56,37.14
36051,2.17,1.55
31721,0.49,
18504,1.21,26.72
35827,2.2,30.43
22365,2.97,23.56
15753,3.35,73.46
27676,3.3,23.44
31862,0.75,13.04
29219,0.87,26.28
44913,,12.46
22222,2.18,100.0
3879,1.38,25.64
6048,2.83,69.57
25178,2.43,64.82
18262,2.15,26.4
3308,2.36,28.98
45956,1.59,12.61
2139,1.41,11.69
29111,2.99,8.47
24966,,10.58
20664,1.56,20.04
23461,2.18,20.66
35012,1.58,20.25
36745,3.08,40.59
13825,3.23,19.0
37500,1.62,32.64
19567,6.96,84.93
43329,1.9,22.45
28405,2.55,74.6
26506,1.32,12.68
46091,0.69,15.96
9649,0.31,20.7
27335,2.07,10.06
30844,1.58,20.99
3730,3.6,32.45
16314,1.84,15.53
4273,1.59,34.29
15489,1.77,23.38
28688,3.04,20.94
12547,1.27,9.24
31106,,12.73
35481,3.46,25.99
23553,0.98,31.1
10179,1.02,24.57
21504,2.9,17.53
25253,11.52,18.18
6230,0.26,23.23
29938,,27.69
8801,0.3,20.85
23814,2.79,8.44
30084,0.45,15.73
40209,0.29,18.99
37995,1.28,21.56
22732,0.47,21.31
24744,2.09,37.63
19752,2.29,
2176,0.61,27.33
32573,1.37,19.18
35868,1.34,28.91
42340,1.19,22.2
43929,1.19,27.9
45222,1.9,9.93
34325,0.27,48.825
14897,0.69,15.86
24303,0.42,28.44
5995,2.1,-8.87
31889,3.3,34.03
44891,1.33,23.04
21490,1.94,15.11
25377,0.92,26.38
22796,1.74,3.63
1817,4.78,23.52
39241,1.02,21.12
6131,1.39,21.21
14011,3.79,64.23
39244,4.16,75.77
27307,1.68,10.69
35613,1.83,18.08
38218,0.65,30.8
48,2.93,9.61
22762,0.47,28.67
33853,1.41,20.66
4376,0.84,31.87
3023,0.67,17.11
17384,1.35,18.88
1150,1.46,19.98
34176,8.08,
42510,2.89,18.97
30719,1.73,32.71
23981,2.03,21.46
44385,0.65,12.67
34670,1.26,25.14
27799,0.83,5.81
40077,1.24,24.27
29291,0.3,25.69
12042,0.77,16.38
19285,1.11,14.48
4472,2.63,35.53
15755,2.11,7.93
29471,4.78,19.29
18263,2.44,6.89
9255,2.8,91.32
7303,1.18,34.99
42969,1.63,18.23
19833,1.69,21.68
12008,1.39,
28927,1.84,5.33
21786,0.44,17.98
46170,8.51,90.04
32958,3.95,80.69
44030,0.71,17.4
6302,1.34,31.94
42126,3.66,40.075
25332,2.93,23.46
42378,22.32,79.02
32226,0.67,
43051,1.29,
25294,2.19,18.66
19107,1.99,26.34
10622,,13.16
43101,0.54,31.51
6669,3.3000000000000003,29.44
24974,1.77,25.41
14029,1.12,38.9
20881,2.66,33.65
32101,1.82,
11633,1.95,32.76
8624,3.22,27.17
1553,0.4,
48625,2.18,18.22
5894,,
264,1.63,24.2
41342,1.39,29.23
24906,1.04,
4578,2.08,24.09
21003,1.89,22.56
9798,2.15,30.76
4370,1.27,22.63
26040,2.42,24.07
10764,3.38,29.74
1430,0.97,22.28
40024,1.56,24.92
13522,1.82,26.21
8,1.14,33.52
9671,,40.86
49210,0.68,12.08
38998,2.17,14.97
7649,1.73,35.2
9493,4.0,
11858,1.21,21.73
44184,3.23,15.84
31930,1.19,33.39
7333,1.36,25.35
14180,2.33,8.37
5290,2.79,30.92
12616,1.27,28.77
48499,1.09,25.45
40699,1.76,23.65
28137,2.76,23.52
24222,0.21,20.9
22470,1.01,5.46
12691,1.18,10.86
18965,1.74,3.09
9891,3.29,17.81
14830,2.99,19.09
4089,2.75,71.66
1072,1.24,24.4
35866,0.71,25.83
23688,2.76,28.12
30693,1.87,24.87
1080,0.48,13.24
12827,1.55,24.1
43923,0.72,27.95
46459,0.85,13.92
29081,0.76,
31124,2.76,41.19
5725,1.13,30.06
35432,0.94,23.98
5253,1.06,30.34
4767,1.73,21.59
47828,0.76,25.99
40946,2.4,15.59
33795,2.75,25.81
23059,0.68,14.08
40583,2.01,11.03
21439,2.52,34.8
39732,2.02,23.49
7471,1.97,23.54
21708,2.31,24.18
26872,0.72,15.15
7532,1.91,14.49
13351,1.0,39.2
20441,0.94,22.2
49862,0.79,30.92
47285,1.17,22.84
10994,0.72,26.37
45846,,9.45
8760,0.82,29.58
19453,2.64,23.45
13034,3.67,22.53
1464,2.21,32.0
24700,2.5,
38144,7.68,28.65
25410,4.77,16.64
1248,3.83,33.63
35147,3.27,85.17
2141,,22.17
19330,3.28,34.64
47213,1.46,20.4
14908,0.89,18.3
41410,0.68,25.89
39704,3.25,31.59
49453,2.98,20.35
20614,1.24,30.29
32298,1.83,30.17
35614,1.32,20.83
24550,1.81,14.9
40963,,86.78
8174,3.64,77.14
986,,82.09
41647,2.44,29.37
2242,0.27,18.71
38249,1.19,35.36
19819,0.35,16.52
28511,0.27,23.88
35320,1.95,25.1
49867,1.07,22.32
3285,0.96,19.15
29272,2.18,10.07
38213,1.07,33.37
22090,,17.79
4492,0.8,17.57
29873,1.27,26.97
45942,1.83,18.76
18146,1.05,24.7
14485,3.58,30.8
47350,1.87,13.52
42572,1.56,13.55
46495,0.39,24.3
25051,0.72,11.06
14815,3.05,13.64
22901,2.55,19.23
41347,1.33,13.84
14019,1.57,36.84
5985,1.49,33.83
30841,0.44,25.98
32933,2.31,19.36
8359,0.95,10.7
3695,0.93,32.92
10061,0.82,24.48
2663,2.08,0.7
12397,1.87,19.01
9919,2.2,25.92
21085,5.61,97.32
24506,7.26,76.18
6474,1.86,25.78
28711,1.65,16.18
21127,2.39,22.73
9558,0.88,17.0
29353,0.59,21.22
10669,2.06,27.11
17023,1.0,20.89
43230,1.35,27.6
34495,2.86,76.33
7513,3.69,92.81
49534,,
23723,0.28,15.27
48007,6.8,89.66
27668,1.48,22.96
22134,1.39,15.36
26411,0.6,32.15
30389,,76.35
8576,2.12,17.63
4399,2.1,20.82
35273,1.45,20.24
38936,0.28,29.07
27058,3.89,80.73
34797,0.59,12.09
18715,1.39,28.96
2250,1.75,18.74
27710,0.48,7.87
3620,2.69,11.05
32570,2.11,19.49
18913,2.72,21.83
29333,2.33,18.44
8775,0.9,9.97
22025,4.19,72.37
36916,1.01,
32963,2.31,
6296,2.45,22.4
34063,2.12,14.75
30157,0.54,22.35
16828,7.64,92.51
13366,1.29,25.73
13812,1.26,25.43
8892,1.86,22.76
15336,2.12,25.38
20580,6.53,76.74
22763,2.12,32.79
42294,2.3,15.5
2165,3.28,16.78
26223,0.58,22.14
422,0.68,43.97
22760,5.27,90.77
38885,0.55,34.82
4360,0.5,19.98
44298,1.08,11.67
32614,1.11,25.6
19717,1.82,12.24
19379,2.64,29.76
27872,0.9,16.91
11282,1.1,27.5
34136,1.96,16.18
37753,2.32,20.77
1642,0.56,16.22
42952,1.47,26.9
18179,0.5,31.66
19866,0.48,37.61
17077,1.87,27.32
4600,1.58,24.67
7737,2.35,20.88
9180,2.57,
8630,1.0,23.62
43060,,10.35
5226,4.43,89.32
4775,6.31,93.89
40666,2.92,95.88
25481,1.85,26.45
32844,4.11,8.41
39841,0.38,20.99
25217,0.63,40.27
46145,1.98,17.68
36390,1.96,21.61
10867,1.73,7.89
24169,1.91,21.96
22515,0.92,27.06
30564,1.5,26.86
37933,1.56,23.61
46867,1.7,17.09
38949,6.09,100.0
37414,1.68,16.29
8092,2.05,19.19
39755,1.25,7.97
34274,2.49,85.36
2289,2.21,
37137,2.63,20.99
36214,1.31,26.6
26472,0.82,19.82
40498,2.19,70.65
25144,1.04,29.19
738,1.01,14.25
45418,2.35,65.83
32569,0.29,33.87
2151,2.85,20.58
17733,1.75,29.6
6432,,8.15
49976,0.42,27.33
5988,1.74,22.89
34698,3.4,77.75
22183,1.08,19.72
22636,0.45,21.07
8974,2.94,32.25
37106,0.54,14.91
40977,0.31,11.52
33144,1.9,24.88
46937,,13.14
46980,0.93,22.35
3227,1.41,11.39
17671,4.58,21.67
27804,1.48,26.39
1960,,19.26
25395,3.89,78.16
29282,3.9,19.48
28110,4.0,87.12
39668,0.43,22.81
49183,1.05,30.92
22432,2.28,25.59
17697,1.2,23.38
6781,1.85,
41815,,22.67
40508,1.61,
5674,0.74,33.18
30045,3.3,90.21
9219,2.67,19.83
28332,2.26,19.26
18197,2.0,18.12
21579,3.07,18.26
6819,1.18,25.48
4646,1.42,22.35
21840,2.87,30.12
3176,1.3,
13457,0.7,26.74
23660,0.72,26.71
44121,0.3,28.18
1945,0.35,6.38
13274,1.25,28.59
12625,1.52,19.32
25576,2.45,21.95
30293,2.74,14.17
10698,0.47,27.47
33382,1.67,31.36
45783,1.28,26.47
6453,2.37,26.26
29452,1.34,26.32
31574,5.41,21.91
16211,0.49,15.24
37019,1.31,8.85
2976,,79.81
2507,5.3,77.67
47872,1.09,9.58
16232,0.43,-26.52
49387,4.1,88.61
4539,1.49,
41805,0.66,16.2
27021,0.87,26.92
7001,0.51,25.31
20831,1.22,18.6
49368,1.23,31.57
28905,1.46,33.56
16895,0.97,14.27
27672,2.05,26.33
10567,4.33,94.48
32851,0.83,15.43
257,1.08,20.7
9466,,27.86
7294,3.27,15.35
42270,6.18,23.09
46130,1.69,27.82
31618,0.89,
48294,5.44,85.61
42744,2.5,18.21
12915,2.61,24.29
39135,1.09,31.74
40686,1.86,33.72
4051,3.31,30.7
4643,2.59,16.07
7979,3.42,22.86
19549,3.03,12.0
39210,,12.04
49077,0.89,25.71
11673,,26.63
27768,0.39,21.01
31669,,27.83
32497,6.25,11.9
23653,0.72,17.71
36204,0.26,28.38
5193,4.71,29.67
26498,1.27,25.44
39845,1.21,16.36
41370,0.99,21.18
15267,1.42,15.19
19646,1.4,22.65
19885,,16.34
43835,4.23,75.08
49978,1.67,17.02
5956,0.81,32.89
46166,4.5,69.78
43206,0.88,30.57
41831,2.51,12.1
473,1.08,23.63
40447,1.3,21.32
3618,0.57,31.2
12131,3.07,22.14
4808,2.16,29.49
493,1.7,17.97
44147,1.09,
17776,1.04,24.66
412,3.61,5.31
4863,1.52,
47323,0.57,31.15
43824,7.81,91.93
17762,0.5,66.825
43606,1.24,25.63
25511,3.52,25.76
15303,1.78,22.33
26514,0.74,18.84
44580,2.2,15.03
19495,2.71,21.03
31442,0.79,21.8
38216,2.37,79.84
27859,2.76,21.21
23371,1.15,4.11
39239,1.9,22.54
39056,2.28,12.12
12641,3.82,31.28
15506,1.29,29.42
22950,1.1,75.65
28998,,23.61
42832,6.85,76.99
36848,2.08,18.52
20184,1.57,66.43
25079,2.4,24.92
23345,2.25,88.14
27057,1.53,31.08
35799,2.63,20.15
12627,0.29,
29018,2.97,20.3
43338,2.94,22.41
36737,1.45,
20663,0.53,18.63
33543,3.31,30.02
9329,7.92,17.1
24717,0.82,19.22
13121,0.62,23.5
22987,1.82,12.65
21299,1.48,18.95
35711,2.03,31.3
39174,1.8,29.77
369,2.6,10.75
36348,1.98,23.77
49710,0.79,36.22
8155,4.67,20.43
9712,1.16,10.82
20660,1.71,21.51
37057,,40.45
47733,0.96,27.14
28475,2.11,18.29
35617,3.84,24.39
25640,1.39,14.85
31560,1.5,24.18
20695,5.7,84.25
14368,1.87,12.94
32394,4.14,8.45
35979,4.65,37.04
40341,3.43,100.0
13108,1.97,18.46
32586,3.59,78.53
27783,3.81,25.19
16839,1.07,27.04
39563,0.43,33.39
32369,1.65,28.82
19184,1.32,15.71
389,1.76,13.41
23848,2.03,35.93
7331,0.84,29.76
964,1.35,22.88
37486,0.46,36.87
22661,2.12,23.66
28391,0.48,30.43
26015,1.95,23.02
13240,1.39,
36014,1.63,26.72
42880,0.93,33.67
16459,2.25,26.34
35149,1.85,77.41
32463,2.15,12.06
11591,1.75,22.59
24092,0.16,20.88
18170,1.58,20.16
25912,1.47,17.97
12261,0.62,26.3
42022,0.88,19.15
23227,1.51,24.89
23712,0.79,27.03
11907,0.29,15.24
2464,2.71,23.15
18147,,17.87
1000,2.6,17.83
47789,1.15,
27198,2.35,13.87
24923,2.1,25.64
18230,4.85,77.5
22167,1.08,17.64
19127,1.08,19.03
18915,1.34,23.23
46421,1.64,23.58
14789,1.89,18.1
3361,4.23,28.69
41405,1.31,29.98
14348,2.47,27.44
13254,1.44,18.37
2036,0.43,39.62
37688,0.91,31.73
5191,0.64,24.54
17101,1.14,
12419,0.58,
4616,2.9,22.43
41065,2.86,15.37
8994,1.63,14.38
29204,1.14,12.44
46748,0.53,
8348,2.22,12.22
13390,0.78,34.36
16323,3.36,15.62
38411,1.05,15.09
27119,1.46,24.62
38083,3.21,15.1
28690,1.69,22.37
33403,5.35,78.69
27887,1.76,9.86
41182,2.15,9.22
13929,2.18,25.4
24096,1.84,15.44
40961,,22.09
40117,0.52,
37496,1.44,14.95
3932,0.63,16.29
31310,1.39,16.35
2610,1.31,13.46
1684,1.78,21.64
25126,0.92,16.99
24268,2.11,13.18
33122,3.21,70.29
46623,3.07,18.37
2952,2.96,8.78
28966,1.57,29.75
46087,1.57,29.0
21247,2.54,25.87
28035,0.96,23.86
49761,0.41,17.17
856,1.11,9.43
14709,2.49,32.31
43974,3.27,25.2
9017,1.2,27.47
3063,2.22,11.87
46339,1.14,19.54
32773,0.78,11.02
10553,1.43,22.75
18944,1.78,12.8
43678,8.13,87.56
27092,2.51,22.2
49967,1.69,21.86
47822,5.02,17.36
29502,1.58,29.83
43914,0.59,19.08
48975,3.79,18.87
4491,2.36,20.8
10180,0.88,18.98
42550,1.9,18.39
5510,1.94,22.85
12072,0.74,29.17
19638,3.85,24.6
5016,1.81,30.14
19359,3.62,23.44
28412,,25.88
46315,2.95,26.34
49875,,18.35
5775,1.04,31.88
10415,2.19,21.26
22101,5.2,89.85
154,1.02,28.44
19304,0.82,34.6
21957,0.48,16.77
32760,0.82,38.17
48228,2.29,25.81
34696,2.7,21.76
19760,3.26,91.72
20540,2.8,13.64
25954,2.22,10.89
32116,2.79,95.05
7228,0.72,26.75
38997,,16.0
5389,9.66,11.35
20509,0.47,20.62
2433,0.9,27.12
6735,1.08,28.23
25708,1.62,13.12
32109,2.86,17.75
25052,1.06,19.02
18546,1.39,18.15
17711,,79.41
46445,4.37,20.06
8098,0.87,25.85
48566,1.4,-16.12
6674,1.13,26.11
24021,2.73,21.81
22958,0.6,18.43
3611,1.61,18.72
4614,4.7,80.43
35933,1.42,21.89
12497,1.02,8.48
36527,4.68,17.24
18112,4.85,18.21
37294,1.96,26.79
41646,1.58,20.42
33226,8.34,93.52
36263,2.04,12.55
5176,0.78,25.13
7953,1.29,30.65
36437,0.81,25.42
27450,1.83,11.41
37030,0.35,29.96
95,1.03,20.09
13478,12.42,92.31
10813,1.74,13.09
17143,2.43,21.06
20304,1.39,8.18
1902,3.1,79.01
47409,3.63,66.85
49845,2.07,27.55
18004,1.09,12.99
43621,3.87,23.19
2739,0.72,27.49
6359,1.18,26.31
3666,0.86,24.6
25430,1.78,25.79
45557,0.68,20.53
46875,2.23,30.59
24711,0.33,31.65
4214,3.38,86.06
34867,2.37,95.98
7835,2.8,76.89
18440,1.37,14.96
42626,1.1,30.94
24887,1.28,12.83
20256,1.13,20.15
46997,1.64,20.9
48991,1.97,20.13
23484,7.45,18.0
28156,3.83,
28505,2.81,98.37
46474,1.74,
29603,4.55,60.37
1589,1.76,20.73
40654,1.55,21.62
40891,0.4,8.45
25817,1.74,4.13
22219,0.99,33.07
5077,9.52,81.76
18904,1.91,23.56
12133,0.84,16.9
34915,2.25,26.45
21137,0.81,25.91
4268,2.44,22.9
23178,2.27,56.525
14183,0.96,17.12
24580,1.68,25.1
352,0.75,7.4
40272,1.65,21.36
15658,4.52,90.15
15153,1.52,
42742,2.53,23.17
30036,1.52,31.83
35680,1.65,15.96
19300,,0.08
15477,1.69,33.83
20688,1.23,26.66
35388,1.85,74.68
34675,1.52,33.14
3342,0.87,20.39
3573,1.81,20.09
8882,4.33,26.61
8300,0.61,14.22
43332,2.6,91.34
42927,0.89,27.34
28785,1.67,21.82
44362,1.8,19.17
21020,3.48,76.81
47678,2.75,17.99
30213,1.52,15.87
894,1.42,26.34
24428,3.09,25.06
23196,1.28,15.25
5437,2.19,43.92
2990,1.47,24.24
26749,2.15,32.18
8929,0.88,29.11
48327,1.31,22.18
42883,2.11,30.27
21901,1.19,23.24
22086,1.25,13.8
34117,1.99,34.53
22929,0.52,13.14
39112,1.63,23.68
15431,2.27,15.69
47593,2.88,
40402,2.44,14.23
39322,0.74,8.39
4204,2.15,18.84
26489,0.55,10.08
33892,,20.97
33616,6.34,82.91
26644,1.56,15.08
23359,1.33,26.53
43231,1.6,28.06
18486,0.33,28.29
8577,1.33,33.21
6954,0.69,25.99
31039,1.46,14.19
19497,1.2,18.89
6638,0.25,26.37
2429,1.59,13.58
22808,1.73,31.88
49895,,19.21
17739,,22.84
42202,1.02,27.95
24346,1.37,19.26
15070,1.59,13.81
17429,3.56,92.01
17246,1.32,24.74
23973,1.12,79.62
5723,3.1,14.24
16734,1.73,33.66
18492,1.25,21.02
10935,0.46,30.92
37791,1.58,28.77
28916,1.43,32.54
19030,7.18,99.4
790,2.87,15.5
585,1.48,30.02
8563,6.27,87.58
30485,2.22,69.11
35389,7.2,
40079,2.33,17.78
48577,2.14,27.91
41311,2.99,
34961,3.72,33.8
48330,5.07,
8266,1.87,24.95
20836,1.61,16.32
11501,1.84,14.84
11939,,13.02
11997,2.4,96.25
22787,3.89,75.87
17780,0.57,
44089,1.98,23.25
23544,1.8,17.79
21638,0.94,16.58
24769,1.14,
18867,2.82,19.09
21813,1.47,26.36
42053,0.91,13.83
8936,2.39,23.81
31798,0.69,
27278,3.11,23.76
41588,1.33,24.3
15201,0.54,18.07
42784,1.04,18.21
14265,2.13,29.49
25625,,14.0
4257,1.27,20.17
19558,3.09,90.74
22908,4.85,73.07
47364,3.09,9.18
277,1.38,19.36
3638,0.9,8.29
8858,0.96,22.59
15723,0.92,51.68
49322,3.85,12.42
24996,4.04,-26.62
9580,6.1,82.54
39498,2.1,24.26
18177,1.8,29.76
26056,0.33,17.55
34369,1.04,11.91
1075,1.29,25.67
25653,1.52,32.04
12536,4.93,78.36
43922,1.0,19.44
35674,0.8,27.54
13461,,21.95
49884,3.5,67.52
17669,2.03,8.64
40420,4.81,85.41
23293,,8.42
42389,2.64,34.52
15090,2.28,89.69
26488,1.77,21.83
29180,1.85,-25.12
18424,0.89,29.9
10443,0.4,24.31
21122,1.0,28.91
30392,1.11,13.89
12060,0.75,9.06
42144,2.3,14.72
20379,1.7,24.42
33510,0.91,19.49
39243,0.97,15.39
33004,3.59,11.62
38561,1.69,10.12
14261,3.92,20.0
33365,3.54,81.13
15617,1.02,
41249,1.04,21.6
24163,2.06,12.34
36268,2.04,22.14
3495,6.71,100.0
27052,1.04,19.51
40220,0.89,26.41
48710,0.69,29.71
31999,1.65,26.69
37890,1.54,21.83
8749,0.63,19.98
31281,2.05,24.27
38019,0.64,
15209,2.02,24.27
12857,1.1,36.03
2269,3.26,19.24
5808,1.35,21.11
10928,3.24,14.18
41255,2.32,23.34
30317,0.86,31.1
38304,1.63,38.34
5085,,21.57
27333,1.88,18.46
33424,0.82,25.18
30199,1.19,27.51
29193,1.8,
1265,1.57,19.0
3667,0.67,14.57
33842,1.48,33.44
11342,2.52,15.23
39024,1.52,7.44
1427,2.44,29.79
13071,1.56,29.96
11550,1.03,13.84
6600,1.36,
39618,2.09,31.08
37599,,25.02
30840,2.01,26.72
37879,2.99,86.15
35196,0.66,24.4
8141,1.6,23.91
4455,1.79,21.47
14575,1.16,18.94
1793,3.38,17.94
34914,5.52,86.21
41128,2.61,12.3
10752,0.85,26.54
9443,1.22,24.98
47567,0.72,38.7
14741,1.26,
19844,3.04,21.75
20134,1.75,87.85
47530,1.04,3.81
25268,0.38,32.61
17538,,23.21
1677,3.32,
35247,0.2,6.18
48374,5.05,29.71
42997,0.56,12.48
11645,2.2,7.37
33454,,20.64
33009,1.29,20.33
3886,1.29,37.35
43971,0.77,
7454,3.64,5.39
22944,1.67,20.04
21349,4.56,87.54
48747,2.19,32.31
20308,1.54,22.32
38237,1.77,25.82
44722,1.25,33.15
47887,1.85,40.32
35773,4.5,76.96
44202,3.21,87.88
33024,1.09,27.95
11440,5.06,86.1
18830,0.83,21.46
40150,1.21,25.56
11067,1.4,27.11
11387,1.69,21.06
4714,2.07,26.62
20946,2.89,79.29
29514,0.97,38.55
36129,2.58,19.89
12011,0.63,13.27
24205,0.44,
30274,,15.89
38129,1.88,16.2
32985,2.08,34.59
29283,0.67,26.6
28682,1.56,28.32
32284,2.9,40.81
4294,0.95,22.47
37450,3.84,30.55
46323,4.25,28.26
24150,3.33,16.52
44456,2.53,26.36
21748,0.88,
21388,1.24,
30248,1.43,21.66
44311,1.39,27.28
12077,11.52,17.66
13463,0.63,12.28
30368,1.81,27.54
23348,0.93,26.21
22421,3.73,34.5
42604,1.12,31.13
25885,,20.64
48434,6.84,79.71
9950,2.07,24.06
33330,1.78,18.87
36544,5.11,87.49
42873,0.31,31.09
33523,1.86,33.37
45458,2.55,15.68
10068,3.15,20.7
49457,0.89,26.32
31169,1.61,29.56
24188,1.4,23.12
24989,1.11,19.75
44309,3.46,32.79
41877,1.2,10.9
49374,6.73,83.85
30738,5.97,89.67
27142,1.65,31.62
23974,1.73,22.36
34997,1.62,41.83
46027,,
24963,1.23,21.11
2591,2.33,29.16
11382,2.39,8.86
19298,,19.95
18039,3.94,34.21
39443,6.1,
33336,0.46,12.03
49280,1.66,10.05
19859,1.54,22.09
37734,1.58,29.24
45621,2.43,8.34
7755,1.51,33.18
6554,1.47,22.75
47566,1.54,8.85
8927,0.5,25.65
19890,2.84,75.13
2166,6.0,72.64
14892,3.22,34.25
23327,1.31,11.66
18159,0.43,33.57
28722,1.06,30.1
37975,3.09,12.46
14387,0.95,22.49
16062,1.25,23.16
7358,4.01,91.76
37469,1.86,19.87
15627,2.0,27.18
3,,31.89
42305,1.43,27.83
20211,0.62,27.14
1907,3.7,-25.58
28598,2.02,
16016,0.67,
41125,7.5,25.03
37211,0.76,14.48
35777,0.15,24.95
42903,1.98,17.77
31388,0.69,30.68
9964,2.07,17.43
3701,1.81,16.67
35,2.04,10.77
6897,3.36,22.92
1927,2.51,12.52
15496,1.25,22.33
27794,0.63,26.14
10556,1.69,
24484,1.76,27.1
2267,1.78,16.18
38563,1.95,23.15
18665,6.35,95.27
36174,1.17,19.09
21587,1.08,23.8
12472,3.48,24.42
39435,2.33,30.37
26829,1.61,16.8
23177,0.54,25.35
33680,0.86,0.0
42156,0.67,26.54
12868,,16.56
3448,0.83,27.32
31490,,83.13
37313,,11.93
30715,0.82,32.26
29349,1.1,36.51
13839,4.43,85.08
34831,0.4,23.44
9251,0.73,19.93
33829,1.34,86.48
42811,2.69,24.99
40255,1.51,27.45
30362,1.22,23.74
40472,1.43,28.57
4402,1.62,21.64
4946,1.12,36.13
12308,3.3,25.97
34779,0.67,16.24
40791,1.4,23.13
12360,1.05,
10031,1.81,18.76
16266,,20.78
38721,2.73,32.2
48117,1.44,25.52
25534,1.44,26.37
28354,1.29,18.36
25921,1.76,14.43
43469,2.48,14.02
36923,2.81,10.39
19775,,18.84
3166,2.3,40.13
49624,2.57,97.01
36410,1.64,16.48
9158,4.87,77.65
6076,1.67,29.57
11674,1.44,
22745,1.57,7.48
41868,2.06,20.5
32911,1.93,16.25
31864,0.45,23.76
10749,3.63,93.23
5410,3.25,14.78
42425,1.86,25.63
34677,2.02,29.3
47689,2.45,72.04
15587,3.07,92.82
41595,1.46,20.47
28011,1.18,13.75
2941,1.23,20.41
14864,2.39,28.3
15896,1.63,28.2
20710,2.68,22.15
10892,1.87,31.3
18229,1.44,19.77
36296,2.91,75.07
32182,2.12,18.63
8848,0.63,40.72
37315,4.64,30.0
29247,1.21,16.44
10274,0.71,13.46
26329,2.99,16.69
7865,1.82,10.03
15531,0.87,34.87
33457,3.11,
23332,1.04,22.83
42085,0.53,16.05
5832,1.91,20.42
14320,2.3,22.33
17698,1.34,27.88
10085,4.13,68.61
36636,2.98,31.48
19735,2.12,35.99
32206,4.6,14.75
6041,10.68,14.92
9609,6.37,
19192,1.68,16.95
9331,0.83,19.42
36060,1.47,27.56
36195,0.56,15.72
31001,0.91,10.44
11453,1.79,
47929,0.33,23.42
25993,8.32,72.43
24539,1.3,33.8
3182,1.55,18.56
19198,0.77,22.64
44000,1.85,12.98
10178,1.28,28.51
16716,1.08,19.19
40926,2.98,21.57
11670,0.79,22.79
7665,4.98,
4916,3.06,25.59
40898,1.06,17.96
26358,0.5,15.78
15500,1.46,30.44
32072,1.67,32.7
9771,1.96,13.31
23410,1.49,25.11
8282,1.9,32.6
17969,8.34,20.61
10920,1.2,20.88
17056,1.21,29.64
19224,1.96,20.2
18681,0.77,18.27
3121,3.42,22.58
46982,0.95,21.19
15388,1.3,25.98
556,0.84,25.11
42448,0.46,
2900,1.49,31.54
45788,2.3,21.15
21503,2.44,25.36
12404,1.01,27.38
45275,1.51,84.78
10644,2.57,19.36
18157,,18.73
2670,1.34,39.18
31482,1.33,
16241,3.34,25.72
43476,4.88,
582,1.14,28.8
20414,0.81,16.93
47870,0.78,15.97
44539,0.67,26.6
26768,0.47,16.35
5329,0.75,5.82
29604,1.55,18.51
38797,1.56,22.76
23592,1.39,16.21
49936,3.16,15.11
19106,,29.6
12703,4.11,88.24
7989,1.31,
20434,2.89,79.43
35792,1.79,24.65
46449,2.4,15.75
1448,1.67,24.26
237,,28.98
44817,5.71,79.88
48599,2.58,28.78
20671,1.92,38.95
31955,5.4,83.97
7880,0.75,20.0
4940,1.15,
25798,2.8,29.26
47318,0.8,35.18
42599,2.36,18.26
12279,4.5,
6923,1.67,34.71
14801,1.52,36.83
8759,2.39,18.79
43452,2.08,22.39
28352,1.35,23.04
8129,3.4,63.88
35809,0.7,12.21
6188,1.3,9.97
19739,1.33,23.82
39510,1.29,17.2
16959,0.39,-33.04
22900,2.32,27.5
2829,0.26,11.33
42870,0.93,25.7
5874,0.88,-24.79
5029,,22.38
42088,2.48,66.35
28374,0.23,26.16
16347,,31.15
46733,1.77,25.72
46769,0.55,25.91
25443,0.92,26.99
19654,3.41,21.62
1774,1.92,21.36
38354,4.87,76.46
5280,0.34,21.47
3736,4.0,81.63
39539,1.34,18.43
25840,2.35,29.3
35141,1.25,26.21
40806,1.58,27.99
37408,2.04,21.54
15200,3.02,22.86
30360,1.91,23.83
5118,4.11,77.27
45273,0.88,3.28
49947,4.77,73.93
17149,0.7,23.12
13547,1.59,27.48
32511,1.08,31.86
36762,2.34,14.15
8382,1.79,15.93
47482,1.94,24.15
43582,1.29,20.62
8239,0.91,27.15
1335,2.02,16.92
30473,4.08,78.94
26002,1.05,12.43
39513,3.43,18.7
49504,1.79,31.2
45016,2.02,22.97
22067,1.23,41.41
5507,2.27,24.75
19015,2.52,24.29
47446,1.22,16.35
13556,3.02,21.86
43515,1.63,20.0
1609,2.1,18.4
42259,1.3,19.97
31325,1.85,20.41
41832,1.02,19.76
15124,1.17,5.64
6937,2.02,28.9
9691,0.56,19.64
47839,1.49,38.87
33549,,27.07
12800,0.59,24.14
24597,2.05,22.71
24796,3.6,25.44
19896,1.06,24.71
38798,1.22,24.73
8933,0.88,27.86
26826,0.69,8.57
13369,1.89,36.97
19977,3.52,19.95
9594,1.56,16.71
14096,1.54,23.23
32465,1.82,15.5
22947,3.03,12.3
39159,0.17,22.3
41771,1.56,28.48
13195,1.27,21.17
18007,,27.52
11059,1.72,22.8
36999,1.72,24.7
23060,1.29,18.13
49462,18.96,25.15
39575,1.19,23.19
3516,0.62,26.71
45702,2.54,18.03
35804,0.9,22.89
34263,7.83,
14311,1.83,
15759,8.14,85.26
46552,0.23,33.7
30878,,12.8
782,0.98,23.58
1829,,17.99
27193,1.43,18.5
20450,3.63,20.43
35412,17.4,24.87
13393,1.06,10.58
49568,3.11,18.98
4042,2.72,26.39
8471,2.19,34.28
6347,0.72,14.15
14357,2.89,9.98
39636,1.89,22.72
12027,0.95,26.03
3631,1.84,7.69
39939,4.47,23.9
24983,4.78,77.29
24773,,18.31
20666,1.98,18.76
48230,,80.22
16523,1.57,26.21
17397,0.23,14.88
34297,0.86,28.76
23337,1.27,18.88
45739,2.14,12.1
46516,1.1,22.31
6485,1.69,17.59
337,1.64,25.75
41837,2.82,15.4
25588,2.1,17.87
29120,2.04,37.36
22695,0.13,23.32
14499,1.0,29.24
7719,1.86,23.79
9779,2.38,19.92
19261,1.46,7.17
49282,3.4,29.26
12540,,72.76
22551,0.76,28.62
1526,2.43,25.14
9705,13.74,20.98
36166,1.45,13.6
47524,1.43,20.24
39710,1.46,24.75
35148,,17.87
7431,2.38,11.68
34206,1.17,13.3
12164,1.55,13.5
196,4.14,15.35
17357,0.91,15.7
41491,0.92,25.14
37871,1.27,22.75
28082,2.12,9.37
3173,1.01,
17240,0.97,
10356,1.43,
12971,1.98,16.64
23012,0.78,17.69
33849,0.65,22.94
23011,2.0,33.08
30829,1.01,33.86
37022,0.7,20.53
5205,23.52,18.0
23080,1.4,10.23
34589,4.84,84.11
10806,0.98,25.19
28843,1.44,30.77
48699,0.31,19.56
22004,1.87,22.81
25543,0.68,32.03
28262,2.69,39.47
2251,2.62,26.86
381,1.85,25.59
3360,0.63,10.84
33593,4.59,83.47
48678,2.17,23.61
48624,1.76,27.82
1192,4.03,18.44
6908,1.29,
26521,,22.4
45067,1.3,35.69
24084,,4.6
15948,4.68,14.47
14619,0.69,27.74
384,,29.05
12568,3.61,26.26
29619,1.03,24.43
9224,0.95,27.04
39821,1.9,
928,1.41,18.39
35709,1.55,22.65
16983,2.01,17.54
28092,2.18,24.19
20587,2.01,27.88
28226,,28.48
19875,0.56,30.1
6707,3.42,40.03
5731,0.68,14.63
17060,1.14,12.04
48695,1.7,15.78
29163,1.77,-15.1
42268,1.22,18.72
42781,1.2,29.89
44896,0.77,14.34
16434,2.7,19.92
3566,1.0,22.22
7093,2.16,26.9
36875,6.36,85.13
13147,1.08,
21963,1.68,24.47
39018,4.46,17.37
27451,0.55,19.15
4306,1.61,34.08
18609,,18.54
22527,1.63,17.24
25319,0.59,8.13
9732,3.21,26.13
47120,,31.31
49880,1.45,35.9
47270,1.22,21.19
32318,0.47,18.88
47850,3.88,96.37
9678,1.9,14.59
44669,1.92,29.5
47488,3.71,17.15
42641,0.86,18.55
16458,0.43,4.35
228,4.21,30.2
40631,0.55,23.62
28876,2.65,19.07
13674,1.54,17.83
8733,1.64,26.35
6610,2.5,17.42
29960,1.02,12.68
16521,0.89,20.35
19012,0.7,17.1
16885,0.51,13.77
30015,2.21,25.93
13752,1.69,23.07
46374,0.07,35.24
28096,0.24,10.25
313,0.91,19.17
29009,2.62,21.3
12437,2.59,9.54
39855,1.76,13.38
13509,0.77,23.95
34333,0.46,19.21
7170,0.8,16.99
8657,0.75,22.85
26454,0.95,27.74
17304,2.01,9.81
40259,2.11,19.07
1252,,11.52
6292,1.38,17.53
39889,1.85,7.02
33470,4.4,73.15
42016,2.8,32.15
37864,0.57,9.77
2081,1.7,17.78
9162,0.86,18.02
49448,4.06,23.81
4062,2.4,30.84
16934,2.69,15.49
6102,1.71,11.85
4220,1.52,15.91
39579,2.36,22.22
37713,1.55,25.89
33203,3.27,15.06
49094,1.91,12.77
22866,1.77,24.38
16740,1.47,
26004,3.99,26.43
37491,0.78,21.6
29445,0.49,27.47
7889,,14.25
5794,2.44,20.0
16126,1.75,13.78
3751,2.48,12.55
49691,3.81,30.77
7450,,27.64
20010,2.03,27.68
25747,2.51,17.0
30805,5.21,22.04
32365,0.81,
15890,1.13,
34894,1.25,
45440,3.09,95.4
14239,3.36,19.31
23180,1.36,19.48
32235,0.9,23.03
4921,0.55,27.43
10447,2.89,17.51
25086,2.04,25.82
23821,3.22,40.96
41465,2.66,79.5
27158,1.4,28.85
38639,0.68,9.96
9152,2.85,14.71
11344,1.93,27.95
28673,0.83,13.12
23127,2.85,40.29
20486,1.33,14.45
32009,1.25,5.28
35682,2.51,28.64
8132,4.45,80.32
34153,2.27,18.49
30009,2.39,83.69
4967,4.6,32.6
43827,3.92,11.97
22383,0.92,30.22
28620,1.22,21.68
14370,0.91,25.04
38044,3.45,27.02
43251,1.36,25.95
38296,2.02,
24877,1.28,25.39
20463,0.77,32.46
19740,1.15,20.16
45953,4.62,22.99
23213,1.42,11.48
31454,0.5,35.89
17935,1.43,25.25
2265,,24.98
34935,0.68,34.66
22834,2.53,19.11
6455,1.01,29.57
19766,1.67,19.3
33647,2.08,25.56
39229,0.48,28.85
3047,2.16,27.44
43571,4.09,23.51
5180,4.31,24.94
9447,1.13,17.47
32630,1.18,28.22
15073,1.06,46.0
49149,4.13,16.49
26827,4.08,18.23
7398,1.42,10.97
41277,3.34,22.27
9254,0.88,0.0
27076,1.55,17.81
20183,1.63,
41254,0.84,32.27
30247,1.83,24.48
32472,1.25,16.7
4794,1.91,6.75
46630,0.97,27.71
40905,0.67,16.11
23062,5.21,95.48
41843,0.73,16.12
27796,3.16,10.07
20255,2.37,16.28
38060,0.88,
4093,2.26,15.61
21994,3.34,16.68
15675,3.61,89.02
11641,3.31,14.79
41986,5.52,17.35
28626,1.02,32.05
1809,3.29,100.0
19481,1.52,31.63
47453,1.34,14.88
11748,13.14,65.9
41091,6.58,78.93
45607,1.68,23.0
40408,2.69,25.63
39976,1.95,
6861,1.93,27.92
15065,2.44,11.79
45609,9.18,74.09
27029,1.4,21.75
17408,1.3,17.82
2806,1.62,
19293,1.66,15.66
48211,1.93,24.49
29642,2.61,34.11
43780,3.44,83.09
18017,1.54,27.82
13373,1.46,33.88
20206,0.33,22.85
34334,2.75,28.18
16028,1.4,32.78
3610,4.73,80.41
44579,2.37,53.09
38917,3.04,29.45
43074,0.54,17.99
40715,0.51,18.58
19193,0.58,19.44
47979,0.41,12.75
25558,1.06,43.62
29588,2.38,29.59
33886,1.97,14.05
8910,1.82,23.06
9339,1.14,22.92
37175,1.85,
19915,4.14,78.37
35856,0.77,20.33
44035,0.15,13.92
16663,1.7,20.3
44856,1.65,5.18
2973,0.5,35.17
45785,4.43,26.06
27660,4.17,87.97
8820,1.09,26.64
16550,17.580000000000002,
39009,1.32,26.42
32329,0.29,14.53
9858,1.23,18.53
20052,0.5,23.1
36753,7.01,85.82
7063,2.27,
14374,1.2,19.81
47829,1.33,25.79
41597,1.17,25.79
7857,3.38,72.5
40538,1.43,16.52
29082,1.56,17.1
47589,1.75,23.79
11519,1.72,9.64
21739,1.31,15.0
7592,1.8,
2983,3.24,25.06
11892,2.04,26.71
44464,1.27,20.92
20099,2.05,22.82
22877,1.8,5.1
23323,1.94,14.0
15037,1.9,14.53
32939,2.43,8.59
49937,2.36,
25031,11.97,79.23
21267,3.49,11.84
46215,3.2,24.27
5974,1.25,33.42
9733,1.18,13.06
44333,3.37,87.63
38573,1.7,34.82
3239,3.71,28.53
34911,1.05,21.82
15534,0.98,10.25
47130,4.46,71.76
2529,1.14,25.39
6685,1.88,27.56
46460,1.49,22.25
49563,4.12,25.47
22599,1.15,21.03
5060,,10.53
33702,1.73,35.28
21226,0.98,20.16
4381,,26.3
27550,6.6,74.18
17269,1.26,21.24
4860,4.72,79.76
25856,1.53,21.65
41802,3.57,85.55
40772,2.39,
14006,1.47,31.03
13608,2.08,15.86
38013,2.37,22.23
27036,0.49,26.56
319,1.28,20.39
13380,1.05,25.47
45516,2.03,37.61
2678,0.71,4.15
42993,4.09,28.28
2224,0.65,20.1
25528,0.74,25.07
30497,0.23,29.09
673,1.25,27.56
31747,2.63,21.45
1038,,-22.32
18151,1.16,11.89
29981,1.45,18.66
940,0.99,30.4
39175,2.48,14.88
45592,0.31,22.56
21069,1.36,26.94
34060,1.2,9.41
16531,1.32,16.14
24992,1.35,31.99
19928,0.35,16.1
32132,0.77,13.42
3713,0.83,17.19
31885,2.97,6.14
1556,3.24,16.78
5430,1.2,29.89
43607,0.92,25.82
49321,0.88,31.95
18402,,17.97
7885,6.79,83.11
16703,0.35,25.1
12377,4.99,87.57
3207,1.57,15.87
7831,1.47,24.79
12181,3.05,17.33
48864,,23.62
30195,1.68,9.71
16497,2.46,22.49
35902,0.31,30.68
42554,1.02,13.02
34724,0.51,17.09
15540,0.84,14.84
23385,0.18,24.06
27574,1.04,38.55
3433,2.76,7.19
3953,2.98,25.92
23032,1.1,13.89
37628,1.93,25.54
41241,2.78,18.39
43395,1.09,24.31
42874,2.15,78.6
49913,1.5,16.45
31165,1.66,5.77
7768,1.76,15.11
36243,1.58,88.29
7744,3.58,29.08
44525,4.18,39.05
26065,0.59,21.9
16346,21.72,22.04
42939,2.61,15.03
35679,0.48,28.7
32739,1.89,22.8
24800,0.85,15.62
9728,0.63,21.3
4938,0.75,26.47
28530,1.88,28.44
28068,4.01,26.47
29096,0.44,19.61
44708,3.5,16.57
44078,,26.31
32926,2.64,27.82
14217,0.46,22.06
13199,4.28,82.73
32499,3.07,17.07
18326,2.14,4.22
33106,0.79,25.23
28527,2.21,9.85
3674,0.85,22.93
48910,1.09,23.99
21217,1.98,19.33
26061,6.15,76.69
6873,6.64,87.22
48777,0.78,21.7
38810,0.49,17.81
2197,1.01,14.65
29577,0.38,29.64
14654,0.79,37.27
36477,2.2,73.34
11589,1.46,11.67
45074,6.11,100.0
40002,1.04,23.08
17906,0.93,34.84
23992,1.47,34.75
40651,0.94,29.56
5143,1.28,28.91
1440,1.83,14.77
20937,,29.49
1957,1.2,
24528,1.14,20.59
29878,1.04,21.3
23522,0.73,29.42
11307,0.51,23.69
46548,2.14,16.23
39428,,21.42
35739,1.41,13.22
15854,2.0,17.93
941,2.08,19.04
44748,0.3,33.91
40855,1.38,46.25
21334,0.75,21.65
49932,,6.3
37441,2.15,19.92
32296,1.37,17.31
4807,0.75,32.17
29020,1.35,25.13
37297,3.68,34.37
2555,,36.36
5823,0.53,24.01
28532,1.98,12.46
28665,3.03,31.03
32543,4.39,27.73
25475,1.26,31.28
9451,1.55,22.14
20261,1.99,16.4
624,0.54,17.86
18250,,28.73
16656,0.39,15.51
43299,1.35,9.82
47199,5.03,83.08
7310,1.03,29.67
12243,2.46,17.29
2617,2.0,
49239,2.43,17.65
48380,3.33,30.75
27043,1.08,23.75
21231,0.95,27.28
25238,2.29,21.48
8180,1.37,31.59
33047,,14.11
2916,1.16,
33921,0.34,23.32
39379,2.69,21.57
16326,0.5,28.68
27100,1.85,30.06
184,1.83,29.2
12626,3.01,23.45
43023,3.38,27.62
40535,1.41,18.49
5057,1.96,33.83
14116,0.94,25.86
20567,0.88,20.22
37888,1.67,21.68
5207,2.3,15.14
32492,0.42,14.97
34579,1.34,19.28
44036,2.76,19.49
24924,1.29,33.29
3811,0.27,31.87
3055,1.71,
5842,2.06,67.69999999999999
17584,1.61,24.29
11928,1.44,18.96
15192,1.96,15.81
21421,2.25,31.39
35226,0.37,26.8
29419,2.08,8.92
34606,0.53,20.43
23319,1.96,8.22
20397,,24.08
43257,3.14,32.55
15671,0.71,31.28
30648,3.46,18.35
39619,0.66,11.8
41714,1.4,19.56
28683,1.11,20.34
15430,2.07,19.65
7039,1.58,34.15
25256,1.75,16.44
302,,11.58
18391,2.01,26.18
11072,1.2,9.0
14606,3.25,
17945,0.54,33.33
41089,1.72,30.62
37187,1.92,
23788,0.82,
30590,4.44,80.42
14444,,24.54
13601,2.23,29.98
44055,0.75,14.52
18905,1.99,10.62
33478,2.1,34.04
19411,1.73,22.8
18206,0.86,26.8
30410,0.29,15.07
18306,1.42,
12614,1.86,15.92
26357,1.64,12.54
13757,0.63,11.34
10419,2.62,24.13
20979,3.08,22.47
48785,1.48,
42619,1.58,15.99
39432,0.74,3.76
25189,1.47,6.0
46568,0.72,15.35
6641,1.59,28.83
36145,1.38,7.73
14385,3.17,0.0
33773,2.73,27.79
35611,2.68,42.59
29,0.7,6.2
45420,0.98,22.16
39067,2.87,14.66
13321,1.11,38.16
2922,1.99,
2360,4.59,84.59
33251,0.34,20.42
28577,0.99,24.06
3302,0.45,
45712,0.75,19.9
36930,5.76,87.46
40635,3.85,85.83
37988,2.61,7.96
30063,0.86,-29.52
47632,4.37,18.82
15080,0.76,27.91
40222,0.68,22.99
42182,1.05,27.98
4816,0.19,22.62
45678,1.34,23.86
1539,0.85,26.1
18386,3.25,
44250,,25.0
24334,2.44,23.24
13505,2.08,31.26
44024,0.42,32.3
1322,0.85,26.79
40548,3.54,20.9
5849,0.92,37.55
4762,1.82,28.11
44113,0.51,23.38
23661,0.18,16.03
14253,1.05,34.13
11212,0.86,39.65
16247,5.4,100.0
48342,0.46,38.83
36442,2.63,21.45
5683,2.37,18.61
40442,0.57,1.91
14725,3.74,24.3
28139,1.98,8.32
19320,0.83,29.97
47174,3.06,21.81
45685,1.69,16.92
47657,2.74,21.16
14710,7.97,80.1
1166,2.61,21.61
29518,1.11,26.18
31857,6.87,70.31
42899,1.75,
30013,3.15,19.68
31870,3.52,25.33
27141,1.41,22.52
27368,2.62,73.5
16517,0.92,19.68
19041,0.47,16.53
10772,2.47,18.05
31303,0.48,28.85
1098,2.2,27.87
31263,2.95,23.48
26911,4.68,13.12
15511,1.44,30.32
5760,6.79,88.88
1544,3.18,
11899,3.76,20.11
40634,1.3,25.94
40003,2.03,14.69
29102,5.47,
15445,3.06,13.85
29591,1.04,21.77
9258,2.04,78.37
994,1.07,34.3
21890,0.28,20.56
46744,0.34,21.18
46239,1.21,25.48
10141,0.45,27.81
17300,0.41,27.22
36001,1.33,13.49
23057,0.51,23.61
13543,0.76,12.63
47600,1.0,28.05
44713,3.18,18.68
41476,2.03,72.68
31920,1.58,26.34
11121,0.99,34.2
24292,1.23,29.59
28175,3.13,23.02
46243,1.25,33.39
5904,0.88,30.56
22499,1.36,23.88
15564,2.5,
41455,3.7,
17310,1.5,35.16
2295,1.67,19.62
20443,2.42,35.05
49473,1.01,22.62
43284,1.88,
40626,0.67,15.49
45244,0.68,21.0
8948,1.82,24.09
46101,3.4,28.15
49570,1.18,14.5
49824,2.01,26.47
36472,,30.46
26557,2.04,28.2
16321,1.36,36.9
12438,5.34,19.99
26671,1.48,24.93
8726,0.57,27.72
31916,,25.42
7179,,10.62
2211,2.28,
20962,2.61,7.39
29622,3.14,27.01
24405,1.9,27.43
21627,1.9,24.83
38557,0.56,10.87
11367,1.87,31.2
46530,1.54,19.04
6268,1.87,89.72
42755,1.23,27.82
6849,3.5,77.1
4819,2.43,15.72
1325,1.57,35.46
31283,0.65,29.47
38927,1.04,18.44
36683,2.82,10.41
15306,1.67,20.65
27258,2.99,13.35
37976,1.61,11.03
39504,0.62,18.45
6726,1.29,25.81
44689,1.96,19.19
16493,1.27,25.68
39382,0.73,13.8
14362,0.4,27.5
47466,6.45,77.73
37918,1.42,18.2
9564,1.55,12.77
42162,0.87,31.78
46337,,20.12
24177,3.25,12.68
48334,1.93,13.72
29137,2.25,74.7
39289,1.6,21.09
27500,1.23,19.71
22478,3.84,95.51
15418,1.39,
25821,2.64,15.31
49375,4.23,16.34
25219,4.7,72.0
30961,0.79,17.84
42847,4.57,38.13
42014,2.55,
7925,0.65,25.4
34020,0.96,27.4
45698,2.11,8.35
1801,0.64,33.27
16334,1.51,16.39
36043,1.92,13.7
3109,2.7,87.96
46074,2.36,13.19
23267,2.46,18.94
13995,1.65,15.45
22865,1.78,23.83
3423,0.63,38.22
37732,2.28,13.68
6661,2.69,38.07
44130,0.57,15.41
11837,1.84,23.03
31274,0.83,26.37
37684,1.34,37.33
32172,2.77,7.37
33657,1.45,17.79
15059,1.18,15.44
45916,2.5,18.6
3289,4.31,64.52
28461,1.23,27.57
26088,1.63,25.19
2599,0.81,57.800000000000004
49708,2.68,9.22
20067,1.69,29.56
36727,0.44,25.25
36193,0.91,23.07
1908,0.76,22.67
6868,5.5,85.41
3827,0.63,11.93
12933,3.44,24.0
4307,1.9,34.03
34484,7.07,83.51
42852,1.17,8.28
37648,1.53,14.1
25756,1.63,61.1
39680,2.14,17.23
33104,0.36,
49678,3.73,27.24
24332,2.47,71.24
42322,1.24,43.81
31629,1.51,25.64
47085,0.77,10.19
3194,3.34,19.53
37751,1.21,
23103,1.49,1.08
12236,7.02,31.76
34566,4.68,83.33
44703,3.89,21.12
22793,1.09,17.78
43701,0.48,17.43
16947,2.73,28.04
46017,0.78,22.75
44225,1.96,36.09
48791,0.59,17.97
30512,3.47,71.5
11384,2.56,10.95
42070,1.33,8.78
16074,1.83,19.92
28634,0.17,13.79
1758,1.87,19.59
35463,4.05,20.23
32670,1.06,26.84
21883,1.49,30.31
13255,1.33,20.8
24453,0.28,30.96
42094,0.32,41.31
46024,1.54,18.62
14032,2.13,16.47
2162,0.99,24.83
34751,2.79,82.46
7426,2.37,12.1
46740,1.95,8.52
30650,2.17,32.26
30207,1.28,21.62
40829,2.43,30.59
48390,1.06,26.1
34971,1.92,
40831,2.3,14.87
29786,1.46,18.89
38239,7.92,12.4
28340,1.04,23.5
18049,1.11,7.45
14353,2.93,80.52
39354,0.46,20.7
41762,4.92,17.56
7037,2.59,33.96
22232,2.53,15.96
31776,2.13,18.02
967,1.23,19.46
26977,0.53,12.69
35058,0.54,33.59
19250,3.06,36.58
41263,2.86,27.34
44802,1.59,29.94
29321,2.12,10.73
5804,2.94,17.14
40547,1.28,10.87
14518,2.1,
31666,3.26,20.32
22500,2.1,18.75
23313,2.78,10.66
16673,3.38,81.4
20243,0.72,26.26
30387,0.46,21.11
8126,1.38,3.09
5203,1.26,30.77
10807,0.89,24.6
1593,1.47,25.13
16829,1.34,19.18
26902,2.05,24.87
49827,0.48,17.25
12153,2.42,28.22
43540,3.02,17.73
34643,4.59,86.83
12714,1.25,12.95
9628,0.84,35.72
17128,6.82,83.55
14300,2.26,11.94
12179,0.37,13.0
2452,0.58,22.34
22368,2.12,21.73
5239,2.52,12.39
4630,0.23,19.86
9208,2.75,
4443,0.38,19.27
48660,,30.09
35133,1.28,27.55
7356,2.47,22.0
16899,2.11,20.79
7038,2.01,23.11
947,1.42,25.94
29999,0.32,27.17
704,0.6,27.09
41380,1.42,23.09
11800,0.81,35.06
27612,9.91,91.89
8340,2.35,17.79
5908,4.44,71.72
37552,1.72,36.57
28302,2.01,14.81
46880,3.38,80.88
31818,1.51,11.04
29691,0.69,21.11
21486,2.24,11.25
42833,0.77,22.31
17254,2.05,28.51
35832,1.1,14.64
38528,0.58,23.24
47696,1.13,33.64
11409,2.93,17.24
28157,4.54,28.21
4508,2.03,25.06
6576,4.28,28.45
13700,1.38,20.73
19543,1.74,12.01
32966,1.98,27.36
740,2.14,32.6
16991,,27.21
29654,1.71,26.06
1133,2.63,24.38
16424,0.48,32.43
22452,1.07,35.19
34491,,33.65
43750,4.87,100.0
445,7.15,80.3
37622,6.48,78.07
38481,1.93,24.57
30916,1.12,12.47
36881,1.27,17.02
20971,2.17,30.42
44140,1.84,
17338,1.9,35.37
5814,0.75,25.01
4739,0.9,24.31
19472,1.95,12.92
9930,0.63,25.86
10081,1.89,33.86
49768,0.58,11.22
24736,0.65,22.4
46897,1.09,20.37
3071,0.52,17.1
21327,1.2,12.15
34607,1.95,31.91
34553,0.56,19.17
19469,1.23,17.43
15647,1.45,18.87
37367,1.72,
13908,0.27,22.14
23254,1.03,25.38
34027,3.53,69.55
25842,0.26,11.78
45528,3.66,9.12
5898,2.24,18.35
44961,,75.32
16628,0.32,
5946,1.54,26.31
29787,0.91,30.18
43427,2.19,23.08
28951,3.13,14.3
45689,1.25,11.89
23099,2.01,15.45
42678,,33.66
19075,1.78,27.12
24202,3.73,26.15
23315,1.05,26.89
11306,0.72,32.42
34519,0.4,35.57
30405,,30.29
5294,2.27,21.27
37670,1.08,26.79
5062,,
47749,2.24,33.69
20400,2.66,18.07
23044,1.24,28.45
5302,1.18,25.94
2499,2.7,10.7
17447,3.38,18.56
20794,2.22,27.39
17009,1.85,21.51
28436,1.75,14.84
29674,3.84,12.88
9438,3.62,91.88
37813,2.37,32.21
4681,5.88,23.88
1365,0.96,25.3
48133,1.9,29.0
47913,2.23,20.06
8597,0.67,
34863,1.05,28.6
22114,0.67,27.85
3650,1.04,26.89
31678,0.89,9.81
43075,1.11,20.09
6003,1.3,32.77
1641,1.24,
391,1.11,18.96
6470,0.91,10.07
39591,1.14,12.5
49606,3.22,24.13
4753,3.88,27.92
48293,1.25,36.5
21904,,33.25
25467,0.48,11.08
45380,1.62,27.87
37444,1.41,32.3
24938,2.88,79.4
6894,1.16,8.09
37369,1.56,30.77
22694,1.25,
14762,0.37,29.26
10482,0.64,27.2
4246,1.47,29.1
11434,2.71,24.72
31664,1.3,20.28
1077,1.65,24.6
14128,1.51,33.69
39744,3.36,68.01
37644,0.65,5.26
40299,1.39,26.55
7883,0.94,11.79
36381,1.76,25.52
21695,3.51,25.06
29330,1.58,24.19
21258,0.61,14.39
36080,1.27,18.0
1135,1.51,20.48
40389,2.38,12.52
20646,2.72,93.02
23275,1.97,20.87
27989,3.08,86.08
12514,3.75,13.45
3256,1.78,29.37
38654,1.47,79.15
17409,3.63,75.76
17985,1.32,19.24
44167,,21.42
3665,7.27,87.23
46987,1.01,15.53
2480,2.18,32.54
23366,0.67,12.56
42670,2.44,16.07
34598,1.58,21.93
15819,1.34,8.08
23769,1.0,24.15
26792,3.17,19.91
35202,2.22,14.47
29443,2.24,28.43
12526,1.48,24.96
15146,2.96,82.4
32213,3.37,12.41
26835,3.61,29.17
28969,1.0,20.46
18106,0.85,15.32
21379,2.09,25.19
3928,3.85,20.06
6365,1.36,33.9
21601,0.45,25.96
5450,1.84,17.6
29450,0.42,15.67
40521,3.17,
31117,1.37,34.55
13912,2.29,24.34
42596,3.51,21.65
1779,1.34,36.05
23443,2.5,36.47
36939,1.03,20.67
32684,1.4,35.23
25527,4.34,2.53
31667,3.74,42.88
16368,1.27,39.52
49093,1.03,11.74
47873,4.74,19.27
17571,0.76,23.78
42482,2.77,76.77
34103,1.26,20.57
5548,1.15,19.37
21858,5.06,91.31
25997,2.45,22.62
48094,1.2,14.72
21073,2.1,27.73
9762,1.76,10.06
6921,0.33,19.55
24988,0.68,27.94
18501,2.97,29.03
25089,3.02,40.11
36154,0.41,21.76
7842,2.48,16.4
25062,0.73,22.53
12523,6.02,89.89
27273,2.24,84.16
33665,2.0,21.2
30907,1.01,10.82
15247,3.4,17.56
3305,0.42,16.93
2021,2.25,24.99
28282,1.06,
10613,1.21,28.28
41583,1.43,29.24
27919,1.47,16.9
398,1.1,26.14
32649,,18.67
23203,1.0,22.38
2073,5.14,79.04
37643,0.55,28.69
48419,,6.25
31623,1.85,23.4
11898,1.8,20.45
17130,1.26,21.48
40853,0.7,15.51
43542,2.04,
21350,0.41,12.62
22842,3.07,16.22
49126,,10.07
44889,1.41,19.39
21976,1.6,22.04
42750,1.39,5.39
45044,1.07,13.05
48235,0.81,22.08
9473,2.1,7.16
6559,1.36,16.28
25105,2.76,19.95
9945,0.84,23.43
22163,1.83,33.46
2780,6.34,94.5
23262,0.85,17.02
6011,,100.0
22670,1.25,41.28
49907,2.0,6.45
11942,1.02,15.46
32481,0.81,26.82
44610,2.22,26.75
10574,0.79,22.42
6645,,82.76
15038,2.18,29.93
8566,1.48,23.15
40215,1.09,33.35
16044,2.03,22.66
21465,,26.72
40687,0.4,28.96
19702,0.49,28.3
3484,1.31,
33411,1.34,29.97
46471,3.33,15.68
21101,0.73,23.7
5425,2.18,17.32
6184,1.15,19.88
42714,0.67,27.43
46587,2.39,19.34
46525,1.8,16.56
48266,2.03,
47569,,19.5
2418,2.27,9.19
35594,1.69,14.47
49656,1.87,23.49
12527,0.87,27.86
36863,,32.2
17273,,22.59
17808,1.3,17.28
12652,5.05,26.96
9059,1.41,
43081,1.1,26.67
23872,1.06,
19570,1.01,14.77
4195,1.77,9.66
24648,0.81,8.15
46921,1.58,
45583,1.67,2.17
35115,1.12,30.31
4444,,25.9
26610,0.67,21.7
7272,2.83,39.82
23052,0.42,25.37
45524,2.05,19.63
9446,1.62,10.25
14757,2.19,28.42
17848,1.63,27.65
25095,21.84,22.25
15996,1.92,20.55
44061,3.49,
49491,1.1,24.6
9820,1.73,20.98
7599,0.84,20.27
15244,0.62,26.34
25255,4.97,74.52
7385,0.73,12.15
3073,4.94,73.62
28909,0.8,32.66
36672,0.31,20.15
30116,1.84,24.82
20915,0.5,17.19
20237,0.66,26.67
34259,1.85,69.62
3459,1.66,27.05
26879,0.8,30.81
30518,2.39,26.94
15289,1.07,13.99
43638,0.62,26.85
7138,0.5,
36631,1.62,27.91
7108,0.94,38.59
21023,2.06,25.64
20758,1.62,18.66
23827,1.63,28.57
41856,2.05,32.56
48822,2.51,81.76
14427,0.76,29.56
15165,0.86,12.11
35951,1.18,14.42
33731,,25.92
34093,1.63,25.12
22920,1.88,12.34
1065,2.09,22.74
13648,2.68,25.22
43803,2.57,28.27
43959,1.96,24.86
35652,0.99,
24295,0.98,7.09
18575,0.66,16.71
16623,2.18,17.6
8982,1.5,24.86
36901,3.2,18.34
13391,0.82,19.92
47108,0.05,22.91
11893,1.8,23.7
13610,,27.97
37460,1.55,35.01
47431,2.29,21.35
38520,0.54,26.88
37056,0.9,35.03
43909,1.32,17.27
33011,0.68,29.92
27837,0.35,
2522,2.92,80.47
4187,1.01,31.61
38101,8.36,86.79
13979,6.45,78.18
33664,0.35,17.57
12994,4.08,13.22
10105,1.23,12.25
20103,4.31,79.3
4516,1.69,22.27
6390,0.87,37.29
15654,2.23,20.35
33273,1.01,22.62
33458,1.11,26.75
3585,0.67,24.85
11050,2.05,26.26
43056,1.03,27.76
39663,1.34,26.51
17262,2.09,20.71
4053,0.83,21.81
39466,2.3,14.71
2561,1.76,13.9
6191,2.39,18.84
24370,4.03,70.96
16629,18.6,33.94
7241,0.87,31.44
36279,0.51,9.45
1314,4.21,84.37
42644,0.75,32.19
2093,8.399999999999999,39.69
44095,0.85,
42660,,11.59
14284,1.13,25.19
10404,0.38,15.85
1865,2.74,19.33
43581,4.19,26.19
36522,1.1,27.78
42522,4.16,76.94
31917,1.02,25.17
2556,3.01,5.07
14075,7.14,89.51
28208,0.94,24.68
17250,0.15,24.88
1839,2.0,14.24
7353,2.28,13.96
5056,2.81,19.83
15637,1.98,67.21
19804,1.8,7.04
17225,2.27,91.67
35330,1.09,24.73
49237,1.71,27.26
640,1.4,12.6
32817,1.45,27.39
7544,2.43,27.59
22726,3.43,22.92
32428,3.02,17.13
43095,3.43,
15545,0.49,20.44
25082,2.32,30.45
11885,9.78,20.87
649,3.27,22.93
32496,0.65,
21718,2.24,26.66
25803,,21.23
30018,1.08,9.39
57,0.18,12.03
28724,1.84,20.25
7489,0.61,24.31
18559,1.27,9.74
26787,0.82,24.16
36141,1.57,16.43
45654,1.68,16.84
43460,1.34,30.95
7935,,22.32
42785,1.22,14.56
41822,4.03,22.12
11239,2.08,27.7
43830,2.96,13.63
7820,1.4,24.01
23301,0.65,23.34
25903,1.99,30.87
1443,1.62,17.95
22672,1.37,5.48
20908,1.87,9.67
46788,0.82,11.9
19150,1.61,31.7
38392,2.72,25.96
32252,2.29,26.07
706,3.94,16.29
5112,3.78,24.22
5160,2.03,13.21
15603,0.6,18.83
13330,1.25,66.425
21195,2.45,83.93
37633,1.43,12.15
33096,2.78,16.54
4568,0.72,33.06
36667,1.64,28.38
19059,0.29,19.55
25622,2.1,7.3
15885,6.51,91.65
6343,1.35,24.05
36995,,16.39
38057,2.28,13.78
23684,0.1,
34157,1.88,20.11
39203,3.29,15.54
31696,1.95,11.21
15699,2.87,34.87
47907,1.1,16.05
21115,6.43,82.54
6778,0.72,17.75
17751,3.25,26.17
6517,1.01,14.16
14356,0.57,17.34
17770,0.35,14.52
8079,4.6,98.34
10910,1.19,28.33
30834,1.26,25.3
17737,1.3,27.4
213,1.14,25.0
46926,1.0,34.53
33268,1.95,22.6
27990,4.1,89.61
4308,0.69,20.44
49697,2.03,26.62
47494,3.36,14.42
18247,1.22,24.89
1605,,64.24
12587,2.59,
47730,0.4,15.44
9787,1.0,30.99
40012,2.4,77.39
35311,1.5,
6777,0.96,26.43
11803,2.78,28.87
22326,1.58,19.72
33776,1.91,32.68
28076,1.95,15.49
23602,3.54,26.7
42825,1.51,28.49
2857,1.56,17.06
21109,2.48,83.7
18669,0.37,17.72
7940,,21.41
17125,2.1,81.55
4549,5.56,83.73
43484,1.75,22.63
1951,2.22,14.97
32943,1.82,16.48
2548,0.7,29.64
26969,1.24,12.45
17624,1.48,14.3
42405,,
3303,6.69,95.19
47486,1.45,24.22
21177,2.6,23.27
30273,0.65,25.14
29821,1.79,22.69
31789,0.4,25.08
38064,1.21,5.57
32513,0.98,6.4
33007,1.24,24.36
17989,0.75,25.26
21678,0.86,23.89
47539,2.01,24.29
1082,1.34,15.93
23797,2.51,18.12
31817,1.91,12.32
13924,1.11,21.57
40366,0.25,27.28
46759,1.17,24.75
34109,1.15,29.23
22911,0.79,24.5
31935,0.77,18.87
23400,4.55,100.0
33404,2.03,15.27
48594,0.73,15.0
29932,1.05,
40430,0.53,28.48
10801,1.21,15.53
1693,1.74,36.62
30240,0.88,16.35
20384,0.89,24.17
6421,3.06,14.17
28925,2.64,70.5
25123,0.34,21.01
12550,1.68,20.91
26723,0.85,19.1
948,1.86,
4918,0.63,18.54
41750,0.92,18.36
49615,2.72,14.84
35678,0.97,31.77
15455,1.58,18.22
42949,0.99,
46384,1.67,11.92
12159,1.94,17.33
3467,1.27,15.35
49944,3.53,24.95
46807,1.07,15.38
5117,1.31,6.01
35430,1.95,2.73
28589,1.34,26.79
7022,1.28,12.83
19208,1.51,16.85
30884,1.5,18.37
22479,0.78,12.1
14272,0.38,31.37
2214,3.9,10.47
47078,1.91,4.34
44074,0.79,14.93
4825,4.41,84.66
13101,1.67,18.37
23407,0.88,23.08
6795,2.56,77.16
26480,1.04,38.06
4254,0.93,23.88
13514,2.65,10.82
4179,,
15984,0.46,
42231,0.65,21.04
41373,2.36,
36324,1.62,
19230,2.56,18.66
40552,1.93,33.28
49816,2.85,27.22
32620,2.84,27.28
46102,2.68,25.39
41492,1.18,24.21
4387,1.29,29.76
5788,2.67,23.57
49809,6.9,72.87
31265,2.48,16.4
16553,1.04,17.78
42075,1.34,11.28
32807,1.16,17.92
21416,5.2,89.29
30350,2.32,29.13
46614,1.27,22.42
15451,1.06,23.68
34854,0.4,33.68
33833,1.97,26.77
19455,1.23,5.94
17528,0.38,32.33
2902,0.59,8.91
24097,,34.84
14678,0.73,14.14
40096,2.58,17.5
1665,1.57,10.21
47375,1.6,28.67
9546,,
29171,1.21,25.82
43244,1.95,
42025,1.95,26.66
694,2.74,23.47
6909,0.64,35.49
29708,2.69,18.3
18719,1.28,16.94
22632,0.42,19.67
13007,2.49,23.45
25427,2.66,14.54
48951,1.66,30.51
46762,4.16,34.22
32840,4.31,97.85
28371,5.1,82.97
10604,1.42,6.39
34517,2.99,33.39
41162,0.78,20.9
41420,1.14,
21071,0.42,20.17
15302,0.78,10.73
24342,1.61,27.11
39981,1.78,18.36
40481,15.36,28.68
49078,1.75,4.17
4415,2.58,21.46
5497,1.19,23.16
27250,3.53,2.33
30080,6.17,72.7
34765,1.44,12.88
12797,,10.08
24747,2.6,24.06
8317,1.26,27.13
13525,1.85,25.69
22276,1.1,32.58
32664,3.69,11.96
21062,2.81,
31196,1.06,29.63
12401,1.11,17.15
45000,0.62,
12,0.84,31.85
9969,4.29,31.68
16112,1.09,16.46
24841,1.35,19.45
9592,0.32,
46077,2.54,88.27
36681,2.12,11.84
49305,0.69,23.6
30873,,36.42
22117,1.61,17.02
13850,0.44,22.76
12250,2.3,20.45
41801,1.29,33.95
25439,4.21,71.2
21460,1.33,21.58
3000,2.12,15.55
5512,4.84,69.39
29394,1.68,14.62
35377,0.06,12.67
47751,1.14,31.35
21659,,12.34
32086,1.2,29.23
47172,2.64,4.82
5556,2.87,24.58
27766,1.92,28.66
5911,2.3,26.04
25474,6.62,76.78
25140,0.7,45.35
39578,0.49,30.6
43913,1.84,31.14
10599,4.13,21.61
21523,1.29,36.06
4660,,11.46
28560,1.15,33.08
34164,6.17,87.43
11588,0.15,28.72
25433,0.6,14.74
19644,0.77,27.02
12773,0.62,14.75
45719,3.4,27.73
2185,3.42,10.13
30538,1.01,23.21
14690,0.65,34.77
36231,2.63,18.06
12916,4.77,69.05
30874,,24.77
49636,1.52,12.23
45046,1.08,32.46
12256,3.17,15.65
33782,0.84,18.19
48422,,21.78
24898,0.9,23.64
20273,1.08,29.86
9714,2.76,75.85
39291,,32.34
39776,1.3,89.41
8060,0.34,20.52
42323,4.64,77.58
1055,1.56,17.64
23074,2.02,11.93
44124,1.04,27.53
44673,1.53,9.05
17153,2.86,28.52
13539,,74.36
1330,5.22,71.29
1392,3.4,80.55
15641,0.9,22.7
49826,0.37,34.68
27027,0.39,24.06
40206,0.58,37.77
14329,2.92,16.22
8511,0.95,14.33
20696,1.7,85.26
9259,,
37894,0.6,19.88
14461,14.28,32.26
19790,2.83,18.88
22105,0.95,16.68
24931,0.33,
37355,1.42,17.79
46929,2.02,39.775
39031,2.62,16.83
41408,1.94,29.37
28277,2.41,
32398,1.49,22.48
37075,1.05,14.05
37033,2.48,14.62
42979,3.77,85.2
13837,0.88,29.45
3125,2.06,51.5
33654,2.33,5.01
23851,1.89,28.34
22196,5.27,70.0
26175,0.22,22.14
7209,1.6,31.11
32277,1.09,20.7
45972,9.41,94.68
49631,0.7,6.43
5134,1.13,14.25
3641,0.66,22.88
661,2.27,23.22
39902,1.73,20.1
22405,0.5,
48174,4.35,88.84
2779,0.76,22.44
12927,2.21,8.92
4274,0.89,30.74
46747,0.27,18.05
46942,4.32,
34339,1.88,16.37
22667,,29.0
19722,0.51,30.52
25728,1.78,16.71
2579,2.96,12.43
34370,2.46,28.81
24675,1.57,32.01
1598,3.2,25.01
16442,,80.81
24762,1.52,30.09
17299,6.47,70.74
11521,0.97,10.04
26096,2.57,33.37
7729,3.47,25.32
9147,2.39,12.6
1939,2.61,12.77
5010,1.27,26.44
43242,0.95,41.22
45083,0.61,21.02
21792,2.83,12.88
9562,,19.84
12197,0.25,27.91
13342,8.38,77.75
3560,0.54,1.37
17190,1.77,28.93
33859,2.1,32.31
11638,5.12,77.79
43008,0.86,
26673,1.0,28.21
41782,1.27,26.47
44780,2.09,24.57
13604,0.68,20.52
43404,1.97,14.77
24250,0.69,29.49
29241,1.65,25.89
16190,1.4,18.01
34083,1.41,
41539,0.52,4.54
5778,1.06,16.52
5398,,87.01
19689,2.29,76.89
20644,2.0,74.91
13203,0.49,25.92
46034,1.45,18.45
23533,0.53,24.52
13977,1.43,0.0
4147,0.82,28.65
2513,1.06,19.15
43061,1.91,83.61
21888,1.76,26.68
36675,1.09,
9128,1.83,19.05
19988,1.0,19.36
38772,1.03,17.81
49559,1.4,33.87
48633,1.29,16.22
16844,2.1,28.0
7233,0.97,8.95
17075,1.15,
29586,1.15,28.28
37243,0.7,27.59
37312,2.28,22.64
6260,0.43,
16571,1.25,21.18
21313,1.48,14.1
1360,0.49,33.21
41121,1.28,26.99
4781,0.48,19.66
40489,10.03,92.61
48973,3.05,
8221,1.26,12.33
37979,1.3,13.33
48806,3.71,78.66
38582,0.8,18.59
5701,2.47,15.46
5223,2.15,26.59
2475,4.44,81.07
25071,1.43,22.9
37621,4.66,
41558,1.9,24.61
10579,3.78,79.79
21274,1.37,30.72
12213,3.69,92.33
21099,2.1,17.66
1707,0.93,30.79
33279,2.25,13.53
6488,1.3,10.48
33701,0.64,26.71
16408,0.26,9.2
16443,0.77,16.41
10900,2.35,27.72
28922,0.78,
7817,1.44,13.92
4189,1.2,23.2
6185,1.48,26.26
42234,3.14,77.28
41444,1.89,22.64
49586,0.95,22.19
21731,2.55,22.14
49049,1.98,
47881,1.56,15.94
34047,1.29,
24827,0.57,21.63
12668,0.9,24.84
32600,1.24,28.29
38233,1.15,3.49
10161,0.58,27.66
38425,1.21,19.7
31825,1.28,33.36
7007,1.61,35.52
41579,1.37,23.54
25004,3.58,94.76
47525,3.42,23.71
30814,3.65,
41336,1.49,16.38
2142,1.31,
39202,0.32,7.25
36408,0.89,15.23
48688,1.16,15.03
10435,1.97,31.15
34241,1.52,29.96
45388,3.6,60.64
10853,3.15,24.02
24063,1.61,30.85
38626,0.24,15.98
6858,2.92,
37010,,30.14
36065,2.09,18.47
45526,2.43,0.34
34040,1.09,26.06
28200,1.28,10.97
24467,1.17,37.25
9275,0.65,14.28
14364,1.58,37.98
43434,1.06,21.58
5172,2.04,22.26
97,0.78,14.83
26627,2.19,21.9
26370,1.08,28.57
40516,2.44,34.01
25058,0.72,14.26
41494,2.05,27.43
42233,1.11,20.34
14358,1.64,
22830,2.16,25.85
1233,1.12,25.51
1326,3.55,27.97
2697,3.09,27.88
39603,1.96,38.15
8299,0.49,23.96
22680,3.33,27.11
45653,0.84,11.49
27195,3.65,86.54
33214,2.13,16.36
1574,0.55,13.88
27032,11.399999999999999,43.650000000000006
31376,4.23,88.94
30457,0.27,37.66
29883,1.52,21.44
25971,2.41,14.23
49542,6.39,71.8
19773,1.64,18.09
1317,1.41,21.48
2183,2.45,19.39
34778,0.44,26.47
10580,1.46,34.21
23510,2.6,34.83
22036,1.73,17.53
42158,2.64,25.67
5352,1.14,28.41
37141,2.74,16.92
28861,2.4,89.3
17136,4.89,21.37
46094,2.78,19.07
45301,2.28,30.3
27486,1.6,28.89
9831,2.82,28.98
38932,1.1,27.49
45199,2.17,23.47
27018,1.58,16.57
38804,0.74,26.33
32521,1.61,18.15
44231,1.5,29.74
41114,0.93,20.35
31234,1.48,17.51
48251,2.45,12.23
39366,0.98,10.65
6697,1.04,30.57
9623,1.39,26.5
22998,2.3,30.83
22765,0.87,21.15
19781,1.42,34.85
6825,0.3,17.02
20883,3.62,21.38
5261,0.78,13.37
42374,0.87,32.97
23310,3.65,89.78
49667,0.45,16.04
13207,0.44,25.28
9660,1.87,31.08
34388,11.040000000000001,92.03
1107,0.21,
16956,12.84,20.46
31873,3.08,27.61
21799,1.27,9.44
8082,2.64,26.98
15408,1.79,19.38
24589,0.63,11.33
28856,1.03,26.93
10311,0.72,11.06
47758,2.85,18.16
9404,1.19,28.18
39777,,69.87
1620,3.39,94.67
3541,1.0,33.86
23191,7.29,86.64
28751,4.47,
27323,1.52,23.41
47769,,20.09
21537,1.79,30.3
22259,2.11,
39624,2.58,28.71
29953,1.56,32.19
15574,1.86,33.25
6182,3.82,82.87
34612,0.28,20.37
10611,3.33,32.16
18419,0.58,22.9
19183,3.03,28.89
9038,1.63,21.37
40993,1.45,27.71
3488,0.95,19.15
34327,0.6,35.78
46453,3.18,86.16
5065,1.0,9.97
1778,,34.36
34403,0.67,25.16
16352,1.56,23.9
33909,0.56,6.48
33818,1.47,13.36
37606,0.83,15.17
16231,2.45,15.44
8374,0.89,26.2
36950,1.23,13.64
38442,2.93,31.24
45252,0.46,29.96
43552,1.86,13.65
2423,2.26,19.12
27629,5.9,94.68
12024,1.55,32.24
11142,1.1,16.1
18120,2.27,
27528,1.22,31.85
7603,0.5,22.73
34256,0.89,14.74
27559,1.78,22.44
13014,0.55,0.0
22373,3.35,
34531,1.44,85.6
45722,1.54,23.33
30308,5.03,78.73
7474,2.83,15.33
36768,1.38,31.09
46411,3.81,94.53
37731,2.62,31.38
25087,3.27,29.91
39555,1.73,29.69
48082,1.8,23.87
39639,0.67,23.83
105,3.56,11.33
30986,1.47,12.26
32987,1.54,40.03
9278,,11.56
139,,28.87
9902,0.18,20.37
16156,2.05,15.82
22628,1.9,16.51
1078,4.41,98.96
32882,1.47,29.31
27932,1.15,18.83
8787,2.41,18.68
7451,8.12,80.34
23708,1.91,11.28
46390,1.48,26.79
21837,1.23,22.02
14146,2.93,22.3
19019,3.83,16.05
25498,0.85,7.63
12359,2.2,29.13
3826,1.22,14.06
13665,1.24,34.59
32065,2.28,5.59
22894,4.94,63.42
20232,4.95,61.68
44558,1.96,8.17
36402,0.6,30.48
29921,2.51,19.91
29025,1.64,10.24
9905,0.98,12.95
33129,1.78,23.6
45709,3.21,32.74
19314,1.88,24.46
9921,0.63,24.99
43375,0.97,32.69
12411,1.12,16.83
10542,1.03,23.13
22638,2.76,24.56
13253,0.77,12.98
47717,3.96,23.53
1366,5.27,93.75
24261,0.63,26.32
32117,2.22,
39414,0.96,39.93
11185,9.3,29.79
27518,0.22,22.13
27828,2.21,19.88
40643,,12.63
11577,1.83,20.23
7382,0.6,23.59
39651,0.34,13.19
6628,1.88,34.59
46251,,37.29
33843,0.74,27.95
14515,1.87,24.32
33931,2.38,36.65
14541,1.23,23.42
19409,1.31,20.3
24646,3.0,21.76
36627,1.06,26.37
46932,0.83,12.05
44506,1.81,17.77
15971,5.71,20.3
5120,2.2,21.55
7727,5.02,95.28
24449,3.08,22.57
18780,1.43,19.75
48754,3.01,20.57
47724,1.06,26.03
17186,1.54,13.16
49869,0.56,3.02
42452,3.72,88.16
38324,,27.81
42479,1.08,18.41
8278,1.3,
23875,3.8,24.93
13540,1.0,30.72
21485,1.79,26.11
5268,0.61,21.76
46163,1.27,26.0
1623,1.33,12.72
4518,1.06,29.72
10979,2.01,19.88
36044,1.11,17.81
29032,1.43,26.34
11166,2.64,6.25
48969,6.17,72.4
44200,1.14,20.35
21619,3.55,37.64
22415,1.25,22.78
19181,2.57,20.73
27898,0.55,23.05
41921,2.01,8.04
26412,2.45,8.93
7051,4.37,24.39
35580,1.87,21.56
45571,7.71,65.08
24659,2.28,27.21
15144,0.62,8.2
27542,1.96,35.23
12644,0.49,6.55
39582,2.35,13.68
47452,1.29,14.62
5586,0.42,14.79
6290,1.5,17.68
15985,0.6,26.65
3323,1.56,1.7
26696,2.01,28.09
28515,0.56,26.57
11994,1.6,20.46
12985,1.41,28.59
22857,2.07,28.01
41610,1.16,27.3
45929,2.04,22.02
10525,1.91,13.65
3441,2.65,19.04
19600,2.14,
29442,3.44,
44054,2.46,36.63
3501,1.63,21.26
22482,0.96,
11524,1.65,21.79
41388,1.56,25.91
43089,1.22,7.33
13577,1.86,23.21
19255,1.39,17.31
31516,1.17,37.33
29230,1.61,24.57
12880,3.43,23.86
48601,1.37,26.98
26715,3.37,87.48
16796,2.09,
1390,0.28,27.65
9424,1.06,24.2
14905,2.35,19.33
19376,1.49,35.57
4020,2.92,26.33
31414,1.24,27.61
23645,0.69,30.13
26231,1.52,37.63
35240,1.38,18.05
18590,0.61,13.09
13385,3.56,92.8
45356,0.77,31.36
9652,2.97,32.0
19025,1.27,16.83
15332,2.11,31.47
5838,0.72,19.88
30160,1.24,-17.65
43631,4.07,69.68
20093,4.13,88.95
35461,3.54,17.68
7931,0.84,24.38
41450,0.43,23.72
41989,0.85,35.92
5415,2.59,33.02
33264,1.43,22.68
25338,0.72,20.69
2008,1.37,25.36
8188,2.0,40.32
23009,2.68,42.59
4776,2.97,
11435,1.02,17.85
37391,0.97,17.31
2644,1.79,18.4
39004,0.92,21.78
49109,0.6,27.62
25925,1.86,22.82
2629,1.06,15.27
7206,4.3,80.5
28118,0.54,17.55
19532,1.44,64.78
48929,6.41,85.02
586,1.06,22.15
14053,2.0,28.12
12930,2.63,27.7
21711,1.65,10.6
34627,1.16,19.26
4987,1.28,20.14
45246,0.55,26.9
15581,1.38,28.21
40321,1.85,12.21
26458,2.24,25.91
14163,2.15,13.08
4012,1.25,18.22
14759,0.91,32.35
47542,2.15,12.76
48169,3.71,21.38
41246,0.84,20.4
41519,1.42,25.49
35252,3.45,25.12
9679,1.99,30.08
37403,1.81,30.61
24777,0.54,0.0
33490,,23.33
5079,2.27,39.36
13630,1.83,11.58
1349,1.27,22.04
1170,4.71,89.83
39418,0.16,26.6
31580,1.03,25.66
31688,2.57,30.37
34486,1.65,22.06
32339,1.5,32.64
15076,3.41,75.63
39102,0.47,13.46
12607,1.01,
8381,,22.77
30000,1.48,14.22
28124,2.81,17.03
39785,1.6,30.74
27490,2.61,5.26
19348,0.96,37.2
1039,1.44,31.1
12609,1.87,21.15
43768,2.18,6.3
21860,5.19,13.01
27959,0.49,16.07
37907,3.09,8.21
2583,1.72,34.41
28987,0.75,26.55
27009,1.07,35.78
40159,1.62,18.02
18076,1.5,8.15
44183,3.82,32.12
39221,0.81,17.34
43746,1.3,40.66
44424,0.81,17.79
36542,1.55,17.69
47343,1.82,10.11
28176,1.08,21.71
42285,1.86,
41839,1.9,22.11
16597,2.86,3.01
9520,2.71,17.13
29670,2.89,85.9
26984,0.59,26.22
19906,2.23,33.86
21178,2.5,77.92
32691,2.16,18.71
16075,2.37,35.63
22550,2.0,31.28
49461,1.67,21.08
30832,1.97,28.76
37987,0.85,34.19
45878,1.83,16.7
14389,0.97,16.02
41506,1.03,
35754,,21.18
11082,3.53,23.11
6476,1.79,
34064,2.9,24.71
12835,1.48,
12273,10.8,18.03
33435,2.14,30.03
4115,1.19,15.1
14228,,25.61
25878,2.3,26.78
13982,1.52,18.97
8097,2.57,18.54
23041,0.99,8.98
2912,0.33,19.45
26537,1.31,
26688,1.94,21.44
1870,0.53,27.07
47002,1.22,26.31
29573,2.23,12.01
45231,2.01,34.75
1287,2.79,34.2
18343,1.6,16.2
35576,3.5,37.72
38472,1.81,21.33
18260,1.76,15.97
39761,1.06,14.86
18296,1.73,
39423,2.74,
46885,1.09,16.0
7763,0.73,17.59
1452,2.54,23.58
44310,0.17,0.0
45232,1.8,31.71
17002,5.46,87.8
48619,8.08,81.63
4021,0.94,24.54
41188,1.24,12.2
1946,0.72,37.55
9975,1.48,27.16
45864,9.06,67.36
4425,1.48,23.47
5482,5.14,68.4
12342,0.87,23.33
23276,0.26,28.14
29584,2.28,23.84
32396,1.57,30.31
43730,1.31,24.2
19280,1.85,-22.56
27873,1.18,21.11
8662,0.93,20.91
23318,2.95,21.98
3201,2.49,24.73
34800,0.19,8.92
8605,2.15,16.52
9,2.38,23.35
3922,1.16,36.28
30322,2.06,22.09
18003,1.72,9.64
1970,2.53,19.17
10872,0.67,4.3
4005,2.48,29.17
23446,6.28,83.09
38000,2.64,77.84
42813,0.98,20.55
10980,0.39,26.03
39280,2.81,18.01
7602,2.08,95.6
4761,2.42,27.17
13251,1.48,18.8
13915,1.21,25.36
39292,0.24,6.46
12948,1.77,27.15
12533,1.2,21.41
45010,4.06,
21980,0.73,14.81
9478,1.48,16.01
39545,2.22,7.43
24846,1.16,75.15
12291,4.3,2.23
28316,2.21,24.13
28218,2.07,24.55
20030,0.96,10.6
17482,0.85,16.72
37679,1.43,12.06
18345,1.19,11.3
19720,1.55,4.29
22728,2.29,22.66
5476,3.14,85.27
11378,1.04,31.0
6009,2.21,
26395,2.21,31.1
37389,,6.12
44291,0.95,17.73
29652,1.15,18.28
15747,1.18,89.52
17915,4.33,82.34
47082,15.78,16.51
13486,1.52,26.06
42943,0.79,16.32
48299,1.56,30.18
20693,1.01,25.95
791,0.76,31.41
36601,0.43,16.34
10528,1.42,24.38
45459,1.21,29.63
18114,1.39,13.61
3245,1.92,20.09
13134,1.42,18.6
28937,3.53,32.36
39340,1.25,20.76
44910,0.77,25.08
41969,4.23,13.75
44206,1.14,28.41
16852,1.69,23.41
41679,1.44,21.26
1297,2.2,28.82
49455,0.69,26.22
9129,1.02,23.54
22359,1.21,29.8
6513,0.54,33.98
29918,0.81,25.29
25643,1.7,30.03
37810,0.93,25.97
5151,1.68,29.12
42274,5.29,29.82
39990,3.89,7.43
36426,0.37,23.07
33808,1.12,12.2
27479,0.52,31.72
19951,0.63,16.46
22150,1.63,15.13
49157,3.65,20.24
49965,1.91,25.39
5486,0.22,14.18
21341,,27.5
17663,1.15,40.12
26640,1.05,22.77
20703,1.72,28.9
26247,4.33,82.06
27287,2.56,26.96
24178,1.14,8.11
28236,1.12,15.94
29912,0.69,22.83
43851,0.47,25.49
15728,2.24,12.2
3329,4.61,87.87
44559,0.22,28.32
22097,1.66,67.375
34007,0.89,19.4
12847,5.9399999999999995,4.09
17756,3.67,100.0
24745,1.16,
20780,,17.49
6644,1.4,15.69
13734,6.62,74.83
15197,3.59,18.93
19679,2.16,13.16
11946,0.22,16.61
31544,,17.12
8944,3.68,16.78
49303,2.04,30.74
15696,5.75,64.8
46607,2.72,21.3
45848,1.55,22.66
6220,1.23,23.67
28533,3.04,19.35
27232,1.32,19.59
9612,1.05,49.325
6657,1.75,16.24
8676,2.17,0.0
3417,1.49,21.06
30864,2.08,
13805,3.38,11.94
23107,1.08,19.55
29558,1.03,14.53
44726,2.02,30.28
48799,1.34,16.84
39301,5.01,80.05
42408,1.12,19.41
47877,1.32,26.96
10916,2.0,29.94
14802,2.61,21.28
33983,7.64,66.13
4426,1.9,12.19
2339,0.61,28.16
22160,0.47,32.49
27510,0.6,23.18
21936,6.24,77.07
21942,1.14,16.32
17689,1.09,34.91
9145,1.54,12.47
5142,0.56,17.43
10955,3.09,18.93
16980,2.0,24.53
19585,0.67,35.73
31244,2.62,16.63
31783,0.84,22.66
23006,2.79,29.68
27381,1.35,12.61
48976,8.58,
34590,0.69,18.89
32436,1.14,
10107,,37.01
24168,1.93,
40805,0.84,19.47
3248,4.3,14.89
20194,7.35,100.0
23780,1.57,67.275
26493,3.57,22.29
21769,,21.59
24018,0.95,38.74
33109,0.44,29.79
47512,1.69,28.74
9069,1.19,24.86
42511,1.91,29.33
27725,0.44,25.16
37513,8.2,93.19
39786,2.71,33.29
44190,0.61,17.0
13639,0.86,21.16
24085,2.16,26.33
49274,,18.03
42598,4.49,28.72
13797,1.06,16.73
29851,2.37,22.96
17230,4.77,80.35
27850,1.17,31.0
26614,1.33,23.84
42080,2.13,27.96
7234,1.95,17.04
36537,0.57,10.21
11043,1.48,15.22
4027,1.58,33.65
48802,1.87,17.62
11586,1.64,34.35
31450,1.32,23.38
22704,0.69,25.86
238,3.94,22.52
40172,1.85,25.57
7588,0.92,24.52
44101,,24.72
43082,1.97,12.32
38421,0.95,17.12
30692,1.16,22.63
49298,3.89,17.06
5438,2.9,20.8
24810,2.87,23.0
28954,0.67,
23785,1.2,30.89
44242,0.84,14.8
47807,2.15,27.33
4149,2.95,86.5
10781,4.42,22.91
24730,1.76,
21027,0.56,22.93
29857,4.17,86.63
37508,3.18,20.46
48470,2.85,78.34
29493,2.33,16.95
16870,0.76,31.11
5214,1.64,23.01
24260,1.39,23.04
44494,2.59,83.52
33089,1.83,20.43
13529,3.2,40.79
200,0.36,17.92
37409,1.58,23.7
10411,1.16,21.35
8728,2.68,
20991,6.05,28.32
37608,2.5,31.43
48343,0.54,29.63
25101,0.75,29.14
14489,2.32,18.74
12417,5.47,87.67
26853,0.65,15.51
47745,2.16,22.29
20208,33.72,84.5
5861,1.54,19.0
6579,2.21,
49520,0.59,17.64
470,1.89,26.22
49887,1.02,9.11
25998,2.36,19.29
20716,1.79,20.08
33650,1.36,26.48
14195,3.79,80.39
21914,1.47,38.57
32712,0.83,25.17
29968,2.16,26.24
43371,1.41,16.76
7571,4.42,70.32
48585,2.13,16.4
32391,1.32,19.43
1321,1.86,18.13
9697,1.26,17.72
25402,1.08,11.95
28859,1.16,15.52
10700,1.29,25.11
4129,,12.5
386,1.14,6.88
5292,1.91,28.11
6801,0.39,18.92
32561,6.01,69.92
8938,2.52,13.43
5930,3.25,0.0
3725,1.16,
24608,1.86,19.11
35791,0.68,25.02
6739,3.01,22.67
12414,5.04,
21208,3.11,14.0
32689,1.45,
17049,1.61,21.36
8694,0.95,19.82
22355,3.77,84.05
9830,0.88,28.41
39918,2.93,16.44
35669,1.31,28.37
31656,2.96,100.0
29621,1.61,21.96
39143,1.15,24.91
47726,1.48,10.35
42822,1.84,32.18
29834,1.34,-32.21
9638,0.97,28.52
26162,1.03,2.69
25561,2.15,22.74
15674,2.56,20.44
23069,,25.47
10236,2.11,22.7
30729,0.26,20.68
37373,0.9,27.12
31627,3.39,40.38
27572,0.34,22.19
12961,1.85,18.72
24434,5.35,92.18
6635,1.12,26.93
8640,2.79,88.94999999999999
19267,0.95,25.71
35807,2.04,22.24
6440,,
14607,2.79,21.73
34581,1.1,24.84
27011,4.26,14.64
1797,1.0,22.85
6203,1.58,22.52
9802,2.12,19.98
30192,7.71,81.23
29138,1.29,6.95
10237,0.66,26.0
7047,6.56,79.88
41894,1.95,10.83
28095,3.37,20.6
29037,0.25,21.82
2506,,40.48
38516,1.5,20.79
29733,1.24,13.22
6622,2.83,21.72
35157,1.25,
35319,2.65,26.83
34573,1.28,20.96
36589,3.06,36.38
12257,1.9,17.22
42582,1.56,32.01
15803,3.34,77.64
33852,0.43,29.09
43625,2.12,34.92
17827,2.32,20.37
1313,1.39,30.57
14057,1.4,21.51
34030,2.99,19.27
5706,0.41,
20810,1.62,24.06
22135,1.04,24.09
25938,0.67,17.23
16742,2.95,82.94
28192,4.5,84.24
31975,1.2,26.34
36366,0.81,28.44
32597,0.9,26.84
20814,0.38,29.36
48336,0.77,29.66
28813,1.16,13.55
31752,1.38,8.83
32983,4.96,89.75
7536,4.57,79.45
46640,2.0,22.98
20739,5.42,93.01
14409,2.04,28.56
6289,1.68,22.89
42004,1.04,19.39
7307,1.55,3.32
33585,1.57,36.1
28574,2.36,15.54
42327,2.12,18.64
42531,2.87,14.67
39907,,32.45
27991,1.58,22.82
37400,,75.46
38420,1.36,23.73
27631,0.99,23.02
17608,0.22,30.74
20246,3.12,9.85
14376,1.23,29.54
16332,0.86,
21103,3.85,8.09
45914,0.54,14.06
6992,1.75,
14955,1.73,31.42
36509,2.15,16.76
27690,3.2,30.94
17595,0.81,11.89
27954,1.49,
27435,0.83,20.77
27598,3.87,19.31
20070,2.67,
4883,1.43,29.25
33879,2.57,18.01
27860,2.48,21.4
36717,2.88,22.5
7922,3.63,35.36
8698,1.63,20.88
20356,,25.12
10171,1.97,22.56
31261,1.7,29.12
42609,0.54,23.73
7344,0.87,13.22
16349,1.4,17.71
21892,8.63,86.63
48296,1.04,14.96
17730,0.91,19.24
14808,1.52,32.75
36511,1.17,15.74
4511,1.28,19.96
7381,0.49,
24891,0.42,21.18
47472,0.35,18.17
8453,2.12,22.67
14963,2.95,32.46
30997,1.86,11.86
25757,2.13,24.75
40796,2.81,83.69
28382,2.81,40.19
18217,1.97,35.4
16848,6.57,86.38
25249,1.12,28.49
31909,,29.0
16230,2.57,9.6
42713,2.02,80.8
13694,0.82,20.43
21667,0.72,40.44
17683,0.62,
7743,1.52,32.15
43892,2.12,17.67
2018,0.83,34.62
1290,3.37,23.76
46660,1.4,25.08
7282,0.91,23.28
12018,3.98,22.22
15403,1.0,63.75
4779,2.67,7.13
42966,2.64,25.77
8586,6.38,81.56
48351,1.19,23.92
20401,1.97,5.25
5307,1.0,30.8
36427,3.98,86.81
47656,,12.85
19299,1.74,16.84
13335,5.2,
13515,2.96,85.21
3258,0.68,13.49
36256,1.12,26.06
12336,1.51,12.71
27969,1.5,34.64
16781,2.54,25.98
14790,0.63,16.83
13347,3.5,15.47
36196,0.98,10.95
8103,1.44,11.94
29383,,-24.24
37519,1.3,33.28
25799,1.18,13.29
31099,1.57,18.85
11783,1.05,44.85
34630,3.83,81.44
39910,3.77,81.05
6618,1.27,25.57
37807,1.17,13.8
1196,4.63,100.0
27114,0.83,14.71
23133,2.1,19.86
18620,3.85,88.79
30106,1.25,23.2
22832,3.99,81.45
30055,1.04,16.62
27094,1.01,
37627,1.64,22.11
29587,0.97,29.57
46512,1.94,16.49
28993,1.48,31.24
45728,2.61,24.0
6666,0.39,27.82
36898,1.27,33.09
12345,0.93,20.64
12178,0.8,16.83
34535,1.2,7.49
11363,1.08,13.43
27866,2.02,35.13
14420,1.25,15.41
35114,3.71,32.82
14621,5.9,81.95
11446,2.66,73.86
31260,4.2,19.46
45127,0.83,19.75
35788,4.09,68.2
38931,0.95,33.03
11395,0.63,16.77
32287,0.39,19.09
4641,1.67,10.13
41753,1.96,11.93
21031,1.52,15.59
39417,3.32,12.92
11075,0.85,27.5
25301,3.28,80.53
49689,15.48,30.36
34419,2.22,17.53
4233,4.16,99.88
40917,0.64,23.0
19478,5.4,73.67
8393,3.6,58.9
35206,8.95,90.7
24748,2.46,19.11
10995,,22.43
34875,0.81,24.26
42208,3.94,86.02
44533,2.08,25.21
31362,,4.7
41133,1.34,13.76
12905,1.63,35.96
26659,0.54,20.69
11326,1.05,10.83
38093,5.97,
47805,0.08,12.28
35262,0.94,34.44
26097,2.58,40.03
10559,0.79,14.27
3787,7.22,83.73
18724,1.08,40.02
46800,6.49,80.36
23284,3.06,19.24
35728,6.56,72.32
33324,2.16,40.59
16860,1.19,16.25
11998,1.2,10.67
31679,2.4,28.52
24980,3.22,28.87
11555,3.9,21.4
40893,1.55,23.34
42051,1.62,31.89
3504,1.05,17.78
28624,7.56,76.49
11705,0.51,27.44
15507,1.82,14.91
13621,4.52,
27858,0.47,14.81
42989,2.08,4.61
41996,2.85,16.03
8366,7.23,
30464,1.18,31.33
6836,1.79,25.61
2996,1.26,17.75
31079,0.74,
36267,0.6,19.47
42889,1.91,27.82
28490,0.92,18.49
28810,1.18,19.28
41758,3.02,14.12
15804,0.89,16.84
46673,,32.18
20063,2.11,20.94
6473,1.56,23.61
38441,2.44,34.6
12611,1.85,13.98
6270,0.24,9.66
1716,0.35,25.38
22731,13.799999999999999,22.76
40736,2.81,40.49
19601,0.98,21.04
39305,3.56,18.95
34118,0.53,24.64
27012,2.29,24.42
37437,1.82,19.56
30444,3.22,13.07
4096,6.59,73.42
41706,0.59,17.37
36959,1.22,30.0
14245,0.71,21.07
9060,,17.72
1263,2.39,16.83
34000,1.49,9.67
34316,1.78,14.02
38550,6.12,18.28
9947,4.9,63.76
20217,1.99,24.93
46068,1.92,16.11
18353,2.52,23.53
9025,0.25,10.92
13201,1.54,26.25
25299,2.85,37.34
11169,0.25,6.28
43962,4.33,100.0
16371,1.48,31.4
25836,1.43,47.15
10866,,21.43
3388,2.24,26.17
18082,2.65,20.46
42695,0.94,27.48
14650,0.8,34.57
3407,0.44,25.01
36399,0.45,20.13
12477,2.01,25.52
31655,0.52,22.92
25428,1.8,36.25
48099,1.37,14.13
37461,1.53,
2759,5.32,78.37
7258,1.29,29.16
35714,0.72,32.21
18128,3.44,12.42
2431,0.62,22.77
20100,3.74,24.33
33128,,15.5
153,5.2,86.6
42684,1.51,25.27
26943,1.97,12.95
324,7.58,90.86
45247,0.72,34.81
35502,2.61,30.52
4545,0.87,20.32
17758,0.95,12.58
16965,1.07,19.65
8400,1.06,14.05
4962,0.97,26.25
31861,3.06,20.1
5157,0.5,26.01
18607,2.58,27.26
3765,2.14,36.57
34511,0.84,13.97
30118,0.73,15.33
47077,0.85,28.76
6224,1.65,22.51
4025,,16.48
1533,1.38,16.46
8614,2.19,24.47
20974,,43.75
46418,1.09,15.05
38104,1.43,25.72
20504,0.98,17.74
13339,2.33,12.97
10336,2.81,
31459,1.17,17.59
31942,19.38,16.2
38732,2.69,21.39
3561,3.6,81.62
27266,2.05,31.72
8981,,29.94
15440,,20.81
29043,2.28,13.97
40894,1.69,28.98
47392,2.0,26.52
17554,6.32,75.49
11676,3.26,12.59
27261,2.1,52.775
10242,1.51,33.36
19346,3.4,66.52
16524,0.94,18.77
40391,0.57,21.68
15781,0.83,34.7
26964,0.99,17.58
19414,0.53,40.51
2557,4.22,26.17
10740,0.81,18.49
24791,4.89,26.87
30008,,24.76
34467,,20.68
43445,1.12,12.32
21684,3.01,7.74
43784,19.86,24.32
24643,2.52,23.21
36424,2.9,27.61
10785,0.78,34.45
5220,2.5,16.54
14405,2.99,
16787,1.75,19.96
3950,0.73,
17859,0.95,15.81
18536,2.51,30.55
29059,5.45,90.76
10012,1.25,26.07
7728,3.6,34.49
23388,1.85,25.56
17882,1.82,26.8
12816,2.1,23.75
24921,1.41,28.84
30528,2.0,9.95
30762,2.86,4.91
31590,1.83,21.96
3910,1.85,31.1
44637,2.26,
12430,1.01,15.73
44653,3.61,67.77
8257,0.45,11.23
36651,0.94,36.65
36914,1.78,24.44
33422,2.06,8.19
35877,4.55,22.34
5917,2.33,21.17
1341,1.48,28.0
8104,1.04,29.47
38023,2.12,24.54
32007,2.14,19.45
14878,0.53,16.79
14758,1.57,33.24
11764,1.85,
22071,2.14,33.14
42916,1.04,30.52
42689,1.11,35.46
23179,3.78,25.0
26914,0.38,
15324,3.53,74.23
27827,2.46,17.96
10959,1.01,28.72
30474,2.38,5.02
4601,1.77,20.65
23854,1.89,
40676,0.47,25.22
24176,1.77,24.1
38524,1.19,28.8
15235,0.64,11.43
38823,0.59,
33452,1.86,14.32
33287,0.23,0.28
33922,2.77,34.65
18619,2.41,29.42
27703,3.4,29.65
13562,0.56,20.12
6312,7.5,18.19
15659,1.62,33.29
20253,0.36,23.16
8327,1.65,28.87
29942,0.88,20.11
20624,1.21,
40914,1.12,33.87
1703,0.77,13.08
26166,1.73,25.62
20834,2.26,27.57
32693,1.83,23.64
42084,7.38,75.04
240,3.14,87.23
335,2.4,11.39
19851,2.16,33.37
4533,2.61,
9532,0.91,32.2
16686,0.39,20.29
24267,4.32,85.25
27929,1.5,14.82
26508,1.03,20.18
29752,0.77,27.93
38537,2.37,27.39
9116,1.4,33.36
47001,0.67,11.13
10734,2.79,37.23
26234,0.76,34.82
16283,0.64,19.51
2301,0.76,11.15
5100,3.1,21.39
26571,2.49,26.24
775,1.21,29.35
16557,3.34,24.86
49612,0.26,18.45
32015,0.69,31.37
49833,0.95,
31872,1.65,17.51
2586,1.01,
36918,1.88,27.62
22126,0.41,27.35
24445,3.04,13.8
26084,3.01,16.28
2001,0.62,36.14
19941,1.55,62.18
27831,2.72,83.12
29031,0.58,21.1
29571,0.58,21.27
7569,0.57,30.56
1105,4.89,78.98
29070,1.23,
26006,0.68,
39152,3.56,92.9
5978,,21.11
26291,3.27,0.0
3697,2.31,18.56
30516,1.1,45.57
2787,2.28,26.93
19415,2.91,21.9
43806,0.6,7.09
15541,1.62,23.29
8668,5.91,37.97
1920,1.0,13.58
5530,2.78,26.86
39087,1.35,24.89
42109,2.94,12.12
35562,0.21,28.36
8378,2.16,25.8
20230,1.39,19.76
48550,2.5,23.83
48703,1.06,27.25
35170,0.51,24.51
32025,0.32,14.58
38773,1.35,13.62
35164,0.52,25.84
10476,0.43,16.67
36455,1.54,24.03
13706,2.61,10.13
37637,2.61,22.95
28322,4.25,22.5
46276,1.91,37.15
29035,1.17,23.16
47597,1.47,25.03
42040,1.47,29.16
6529,2.54,12.86
27066,0.89,36.36
6322,2.0,18.62
10118,1.14,16.57
707,0.82,22.01
10,0.6,35.6
46368,0.62,15.4
46621,1.36,23.13
23260,1.31,14.75
14036,2.78,0.0
18435,1.62,21.03
43748,1.27,3.59
22566,1.08,23.68
46818,0.9,27.04
25420,1.32,31.19
9089,0.91,19.09
16154,1.26,21.76
6116,2.16,13.27
404,1.08,31.5
15406,2.94,17.35
15422,0.49,14.75
39892,2.12,11.46
42147,1.3,15.82
31802,0.6,28.3
12631,4.18,
11153,1.46,18.84
18480,1.59,
14020,0.73,15.91
13431,0.63,24.43
22904,0.47,23.1
26525,1.79,25.4
1411,2.09,28.68
13150,1.81,37.68
18067,,14.94
24123,2.73,19.27
13314,0.73,
9667,2.08,16.46
32797,0.57,20.67
42181,2.85,85.18
21381,0.89,19.61
18091,2.29,20.19
8800,0.92,26.14
32593,1.26,32.23
29286,1.66,23.55
27681,1.85,17.58
33374,3.07,28.08
2989,,91.59
15358,0.68,13.72
42527,2.37,16.46
42224,0.89,19.59
23155,1.54,16.64
44936,4.39,85.12
4498,1.45,22.95
26854,0.77,31.25
28801,1.49,26.49
44453,2.53,16.09
16837,1.61,79.07
45961,0.54,22.83
20532,3.62,21.33
8481,1.26,
8227,0.87,42.77
48306,1.44,18.25
10228,1.01,1.0
4013,1.38,32.42
33572,2.04,39.56
30089,1.83,22.67
18945,15.120000000000001,24.79
26091,3.6,18.76
4566,0.89,19.01
41653,3.23,12.05
541,1.96,25.44
26582,1.52,20.24
48001,1.39,40.71
21877,2.09,
3845,,28.39
27711,7.06,74.88
24706,0.56,32.36
24352,1.23,30.07
48707,,29.32
7642,1.0,22.4
28521,1.17,29.14
43268,1.18,21.38
43968,0.65,34.58
39790,2.81,27.67
16778,2.96,33.13
23411,1.5,28.81
30039,2.82,13.88
18686,3.05,75.15
12521,1.18,22.41
21335,1.05,19.69
2192,1.99,16.43
23669,1.16,23.24
45550,1.15,20.44
13226,,3.8
46537,3.83,25.24
10507,2.46,25.27
24442,0.66,24.68
34759,1.83,31.93
18745,2.12,21.27
19506,4.29,67.75
37797,4.91,79.42
15374,0.56,27.29
3078,2.93,90.52
45297,,13.4
9047,3.49,26.78
4374,1.39,31.59
40708,0.13,34.6
42967,1.55,19.225
44132,1.32,21.79
26299,1.12,21.65
34662,2.34,8.14
48137,0.5,15.09
22075,0.39,25.04
8124,0.57,40.97
2872,2.52,
31565,0.55,32.98
19973,4.61,71.88
35492,3.84,27.89
39962,2.08,14.97
34824,1.76,15.74
33165,1.86,23.01
22747,1.27,37.33
34121,3.3,80.37
21141,2.69,13.94
7776,1.62,12.63
26657,2.06,31.04
40883,1.79,38.74
45398,4.33,80.24
41283,2.25,41.25
19809,1.37,
48363,1.85,19.37
42675,0.95,16.24
23761,2.36,
45390,4.33,86.54
2839,2.67,27.6
37560,1.01,26.66
24709,2.75,
27609,0.92,20.96
12328,4.88,100.0
22558,4.4,21.09
29695,1.56,19.53
13806,0.48,33.08
9103,0.41,21.52
8633,0.43,15.57
428,4.86,81.66
47327,0.99,18.33
5835,1.83,11.32
9480,1.42,27.78
14613,2.84,23.68
26344,3.46,74.56
27512,1.38,32.08
41167,1.61,30.63
30614,4.58,23.52
18941,2.62,38.97
20549,1.21,18.74
32669,0.78,11.36
1352,0.53,27.85
42304,0.55,28.96
43116,2.72,34.36
42739,5.03,19.21
25415,3.01,24.95
33083,2.18,
710,1.33,30.19
25075,1.62,24.35
36338,1.25,16.95
2792,1.71,27.71
29590,1.67,100.0
24465,0.99,26.87
8724,0.88,23.73
43321,2.51,19.675
39006,1.33,22.22
20673,0.69,25.47
8831,0.85,19.51
46639,0.31,22.74
11305,0.63,24.49
27461,0.93,13.44
35985,0.89,22.61
48769,0.98,
8454,0.89,17.04
33041,0.61,29.7
5349,,72.91
3977,1.65,14.19
265,5.19,17.87
37146,1.12,
42777,4.39,9.22
908,2.07,18.57
8406,1.07,10.56
34399,2.96,25.82
9428,1.98,19.54
39895,2.87,14.37
34882,1.72,27.02
24672,3.07,25.38
35852,1.78,31.76
42764,,26.77
6283,,45.375
31198,2.69,82.58
17285,2.36,31.11
47975,0.77,30.59
41332,1.39,23.4
11503,1.57,95.2
14635,1.22,3.93
45669,2.84,19.32
45125,1.84,14.68
7411,0.9,17.17
11599,4.53,23.24
19584,2.07,34.84
10896,1.22,26.65
19202,1.25,14.47
42881,6.73,25.49
22206,0.87,16.23
23491,0.97,43.94
42122,1.07,30.54
27965,0.95,1.57
43969,0.76,10.75
47127,0.63,18.98
7930,1.68,23.71
217,1.13,16.59
27289,1.09,
32534,0.54,33.57
22362,1.29,17.52
24793,1.74,16.86
29868,0.36,14.68
45532,1.11,30.25
10282,1.82,17.91
40230,0.58,27.13
420,1.69,25.82
29962,1.24,6.92
46052,0.97,25.66
24602,5.16,89.19
25646,0.55,33.2
30823,2.57,27.01
40637,2.35,25.82
8158,1.08,5.83
26142,1.41,21.99
38671,1.69,16.89
42221,1.52,29.96
11856,3.21,82.4
42024,1.35,19.19
39116,2.41,26.26
45161,0.5,33.94
6984,0.85,14.53
3602,0.61,16.21
15942,1.8,14.48
8700,2.88,37.64
31389,0.84,29.03
23283,1.41,40.35
8445,10.73,82.89
36783,3.56,78.69
23401,0.98,19.32
29738,3.67,71.47
11301,2.63,14.19
20590,2.23,31.21
29578,0.95,34.57
36213,1.46,24.96
32145,0.85,17.68
14629,0.52,30.84
35762,2.95,22.67
12979,2.05,20.03
11233,0.78,19.0
46489,1.4,20.26
16591,2.76,25.96
5897,0.39,45.29
39376,0.99,38.1
2980,3.29,30.62
2647,1.66,25.34
128,3.37,
42373,1.91,20.76
9900,0.83,22.09
38252,1.16,29.07
11463,1.6,24.44
17282,1.45,13.99
6020,5.04,84.57
41736,0.68,25.41
45158,0.37,16.62
16931,1.23,20.08
49357,1.24,13.52
23978,1.37,23.42
13969,1.13,
24254,1.37,30.72
20675,,8.82
14153,1.2,23.44
44217,1.84,92.48
325,2.6,14.89
2404,0.77,27.26
32705,1.4,11.56
32925,2.27,20.86
32954,1.78,14.79
4944,2.4,29.52
2627,1.99,28.56
27072,10.21,70.03
5578,0.68,23.64
21851,3.54,
2575,1.51,20.24
27555,0.81,18.24
4658,0.46,19.17
23926,2.31,22.65
11226,0.91,27.34
28836,2.98,87.05
18223,0.58,28.52
18599,3.0,23.3
1230,3.02,14.5
24802,3.85,84.51
901,1.39,32.22
15962,1.95,30.69
27973,1.09,23.8
45992,0.74,36.07
29410,1.8,29.35
26394,0.74,28.54
28283,1.45,16.7
39000,1.51,7.31
44547,1.81,12.1
24502,2.53,38.24
10331,1.75,16.26
12339,0.72,20.76
32902,0.96,19.76
27848,0.35,
13110,1.03,11.37
44945,2.02,78.7
1786,1.89,12.72
8001,2.67,33.14
22913,0.84,24.91
28311,1.38,21.48
35658,2.83,21.91
36879,1.32,-27.04
29054,0.66,25.26
14982,6.79,32.78
30707,1.78,33.51
38274,2.12,80.03
1146,1.53,16.74
26243,1.54,15.62
48862,1.47,11.93
32702,1.65,37.24
145,1.68,36.25
6890,0.93,17.09
49290,1.32,29.3
20371,0.51,15.9
22323,2.42,86.27499999999999
3970,1.33,33.5
48025,1.62,22.62
22976,0.67,22.14
44276,2.79,9.64
1205,0.98,29.49
47378,0.93,30.42
3424,1.49,20.97
38346,1.35,28.08
4971,1.06,30.46
7558,0.75,11.29
25532,,28.56
39896,3.23,30.44
42256,2.95,80.15
4459,0.37,21.3
4986,2.63,41.51
13996,1.36,33.47
14379,2.09,81.33
47537,0.37,17.39
23753,3.01,71.5
4097,0.58,
46813,1.14,12.44
11001,2.37,17.04
4947,1.03,28.69
46591,0.9,24.74
23243,0.77,31.79
29008,5.56,89.14
16574,1.34,17.36
4138,2.01,86.34
22535,2.06,12.9
37659,1.42,27.93
18070,1.24,39.99
27270,1.86,46.35
21113,3.3,12.524999999999999
38502,0.43,22.22
32608,0.47,4.65
41213,0.8,33.55
34443,1.14,26.18
9137,1.65,25.1
27275,0.88,15.6
43764,0.69,22.36
49717,1.42,18.21
388,,14.45
32698,1.92,38.53
28999,4.08,65.77499999999999
34498,3.09,26.94
38640,3.05,25.9
41433,2.61,22.61
18062,1.17,21.51
38687,1.05,38.82
24461,4.4,16.0
25462,1.19,27.95
22972,2.24,25.56
14886,2.14,14.75
3717,1.38,22.25
12249,1.65,13.45
40070,1.59,10.76
35506,2.64,25.62
7858,2.03,14.19
30748,0.69,6.93
44252,2.18,31.13
6278,0.95,17.02
32211,0.85,25.51
32236,1.3,29.28
29771,0.27,29.87
33328,1.58,19.53
6783,2.86,33.62
19595,3.25,
24969,,31.66
8641,1.04,25.37
41082,2.01,16.32
46556,1.82,28.1
4087,2.52,22.56
39444,1.94,28.37
7264,1.68,12.38
33541,3.37,25.33
36356,8.07,203.0
6104,2.76,11.15
8229,2.03,24.23
43725,2.72,14.6
25092,1.51,14.35
1102,1.53,34.22
26218,1.84,
9711,0.38,23.0
3614,1.86,15.55
21596,1.53,12.57
24447,2.37,27.63
36632,5.29,81.68
1571,1.25,42.09
24934,0.38,34.86
26996,1.81,19.73
42568,3.02,72.77
15595,1.97,
23481,1.4,
17792,1.06,24.51
5953,2.07,42.49
6035,1.03,26.19
8978,2.02,9.86
16375,0.5,21.23
26236,4.52,
16823,2.7,3.29
9604,0.58,35.96
6137,1.23,13.97
39025,4.25,19.2
23186,2.56,25.12
5521,1.58,26.58
21610,3.19,19.63
2946,0.39,30.49
6568,0.52,22.42
4833,3.4,77.83
30277,2.79,15.4
18400,1.42,23.53
48578,0.78,14.12
4953,12.36,26.68
25883,3.07,72.66
42984,4.42,74.17
49996,0.68,19.39
7515,0.92,86.6
24808,2.59,23.83
12598,3.37,94.0
10225,2.15,11.0
49658,0.83,25.94
25977,6.0,
28015,1.2,
7890,,
30238,1.48,9.23
16688,,15.45
22377,0.45,25.57
48760,0.43,18.02
18717,2.13,30.7
19625,1.45,30.96
10868,1.5,22.57
6977,2.64,88.1
35566,1.39,27.99
5847,1.6,20.55
21956,1.62,17.16
48776,2.3,23.76
14970,3.81,10.05
10383,1.57,30.96
1354,4.03,90.85
11701,1.19,27.71
30610,0.78,26.09
23877,1.12,24.65
46154,0.37,41.3
26918,0.72,36.25
22456,4.47,91.2
4052,1.46,16.86
29086,3.2,13.12
29004,2.04,20.95
43786,3.53,14.34
18828,4.43,57.28
1320,2.06,33.85
40196,1.57,26.4
44500,1.37,22.78
5350,0.27,27.28
33201,2.61,25.36
16215,0.95,20.21
29093,,10.88
3267,2.0,22.68
34783,1.04,28.88
49474,2.48,30.39
7556,0.86,39.14
9814,,
37974,0.32,18.23
25955,1.04,26.94
6167,1.7,21.14
39352,0.95,33.68
3405,8.82,22.12
14553,2.73,68.71
18162,0.33,
34658,2.07,
47568,1.69,8.8
29620,0.86,23.0
19426,2.92,36.86
29470,1.84,17.28
41050,,40.94
4628,,13.74
36033,3.5,35.61
25166,1.71,21.55
38484,0.35,23.94
9573,1.43,39.47
2965,2.91,-6.4
8675,3.39,
6153,3.26,20.58
45256,1.93,23.73
25483,1.2,19.11
3134,0.7,21.09
32443,,16.16
9347,0.73,25.31
2133,1.33,25.6
9187,3.26,85.52
26441,1.18,10.6
46312,3.12,19.03
11103,1.43,18.45
24004,2.17,23.46
22926,0.45,18.07
31768,0.92,9.12
11620,23.88,16.36
20803,2.27,5.72
8196,1.37,25.02
44707,2.22,20.69
42770,1.97,11.46
29189,2.72,18.87
47399,3.43,38.82
31148,1.65,25.3
35719,0.64,13.13
48278,0.88,13.86
15295,0.16,25.0
8390,,1.59
40860,6.22,60.67
21040,0.89,22.9
10834,3.01,30.1
27904,1.92,14.09
23482,0.67,22.68
33068,0.89,
17889,0.19,14.48
26885,2.3,19.87
23441,2.27,
11329,0.61,19.96
8352,1.28,18.28
47414,,22.34
33488,2.75,15.17
28099,1.58,19.7
47727,1.87,34.06
23312,1.02,15.36
21025,0.71,17.13
31758,1.16,21.46
20980,1.52,19.36
44993,1.18,19.65
11292,1.82,15.23
19678,1.81,
454,2.15,12.94
46560,0.85,20.47
26439,0.98,26.05
33064,1.42,20.3
6119,0.29,28.38
33049,2.76,18.02
29041,2.02,25.11
40621,0.86,18.28
27271,0.86,33.63
21287,1.1,14.06
31077,0.94,26.51
10835,1.52,30.65
43252,1.22,16.25
16575,0.58,32.63
41790,1.3,21.66
39856,1.0,21.77
47920,0.67,21.36
32753,0.77,7.35
37109,0.76,34.53
40744,5.99,98.43
4615,1.69,28.87
47044,1.4,
45264,1.0,26.64
25523,1.2,24.46
34787,2.39,16.25
41468,9.24,21.55
39475,,11.81
30747,1.92,11.48
31533,2.08,22.6
19297,0.93,36.01
47812,,0.0
26868,1.42,16.5
14442,2.77,27.85
35888,1.62,31.53
44766,1.0,26.86
12865,1.43,27.79
15856,1.87,15.2
46950,3.24,100.0
19627,1.69,32.29
10334,1.54,25.89
29444,1.34,25.06
2657,0.23,13.26
46683,2.91,23.51
44496,0.69,20.9
21489,1.17,33.11
16466,1.0,28.25
43556,0.41,28.06
37402,1.44,23.37
30079,2.92,28.36
42528,6.51,86.83
3189,1.89,20.55
39595,1.82,29.4
5989,,18.65
13482,1.38,20.42
41658,1.27,27.69
11812,1.67,33.95
25583,1.27,21.04
13376,1.77,1.33
48021,0.72,28.28
43555,6.1,100.0
36368,0.52,36.99
2811,1.28,21.45
32071,1.87,27.1
28488,0.49,22.77
6629,2.45,19.68
25794,2.26,25.14
20314,1.63,25.89
44013,1.29,21.8
6049,5.699999999999999,18.59
2364,1.79,14.52
5406,2.56,12.51
37183,0.76,5.59
29064,0.77,25.64
15307,3.27,85.23
28584,0.77,15.72
28933,1.87,20.0
5740,0.48,-27.25
39984,0.52,23.77
43588,4.43,17.77
39373,0.99,24.64
22002,1.1,18.62
1938,1.79,27.3
10634,1.02,15.88
14656,2.52,38.51
46484,0.73,22.74
13865,0.62,27.65
33880,3.58,22.18
49301,2.06,20.58
10983,6.33,82.78
17014,2.14,
6247,3.06,5.42
41683,20.4,76.73
47693,1.16,25.42
11615,2.37,33.94
20859,1.05,15.94
32098,1.02,33.51
47700,2.33,21.38
33026,7.79,97.08
3693,0.76,19.07
12936,1.45,7.39
44581,0.96,34.16
30583,3.63,87.78
24075,0.99,16.64
865,3.35,29.46
39002,0.99,15.89
11509,0.96,17.63
26075,1.03,23.84
38600,0.53,16.5
3468,2.98,28.39
11804,1.42,34.46
30637,,20.51
15678,1.47,12.42
28774,0.78,2.38
18606,2.39,25.5
9391,1.27,28.58
329,1.07,13.88
48320,0.89,38.92
43589,0.81,21.9
44304,2.38,24.27
33125,2.8,89.7
13412,2.98,4.34
28253,1.41,15.99
43084,0.41,13.01
20727,1.24,11.9
8553,0.75,12.24
47209,1.81,23.34
4884,2.43,23.77
47046,1.23,34.44
33913,1.36,23.84
49394,2.76,
14794,1.26,13.98
24213,1.88,30.24
24981,3.99,22.57
15322,3.13,24.47
32864,0.26,14.96
16894,1.95,24.7
44620,0.42,39.68
38596,1.46,23.96
19650,0.9,19.25
27716,0.83,24.25
46139,1.74,24.34
2014,1.35,19.58
25934,4.21,90.11
23631,3.95,99.42
1417,2.17,18.74
22568,1.46,14.3
25612,1.85,31.52
23620,0.7,23.5
8361,2.1,20.17
39523,0.99,23.1
1847,2.07,23.77
20353,2.07,20.83
38270,2.09,16.35
30413,0.83,19.9
47661,1.01,17.43
1337,2.36,-7.4
11289,0.61,17.97
47674,0.89,11.83
4391,1.71,19.38
10350,2.92,23.19
45397,1.38,28.9
32539,0.76,13.73
12475,1.31,18.3
14601,2.19,0.0
16707,2.01,30.56
8762,1.91,22.19
26781,1.11,27.72
46488,1.48,27.62
10351,1.85,10.49
48116,0.66,22.37
28658,2.1,24.49
49400,2.52,31.55
10876,4.62,98.78
46400,,28.07
45804,1.21,17.62
7169,1.55,15.33
24784,1.13,16.95
23450,0.82,19.68
42801,2.69,14.01
12435,0.83,-17.14
48058,1.48,34.7
10914,,21.97
48600,1.29,33.48
21549,0.48,
3705,1.31,26.37
30704,0.8,18.62
10386,6.03,86.8
35830,0.96,17.66
28097,1.07,27.99
85,0.42,32.42
49935,1.01,26.14
47884,1.5,20.16
17658,7.08,79.53
19955,0.82,25.11
26931,1.2,30.75
13623,2.09,53.724999999999994
20747,2.15,17.35
850,2.54,13.95
33724,2.06,27.9
23335,2.98,33.7
33485,0.84,17.41
20197,0.49,19.09
28358,1.54,15.69
19439,2.4,23.62
27744,2.43,23.81
16694,0.84,23.02
7824,1.32,34.67
43873,2.39,15.61
49662,2.91,21.11
46605,1.64,25.99
19500,1.06,11.92
21562,3.0,15.42
18462,0.67,17.22
28130,2.85,3.56
12034,2.42,39.91
23680,1.05,15.35
16468,3.0,15.41
15688,3.23,84.65
39201,,16.96
48753,4.72,89.22
48778,0.3,33.08
37372,0.32,31.44
33912,0.81,31.73
19957,2.08,27.38
30626,2.45,25.05
12537,2.2,28.34
11840,5.69,
32030,2.44,17.47
37366,2.96,33.07
21394,0.85,23.41
32324,1.24,18.24
8949,2.86,14.23
26128,1.36,21.3
25659,1.49,25.25
44864,2.77,25.14
17119,4.71,92.05
48161,1.83,11.36
732,0.64,32.37
49680,0.98,7.4
13495,0.63,24.79
48332,4.42,
36565,1.53,33.24
24381,0.88,17.06
14958,2.78,19.6
29215,3.53,22.35
44959,1.02,18.54
38315,3.12,7.55
12035,1.81,24.8
13132,0.51,26.12
29327,4.24,30.31
9760,,26.33
31249,1.45,15.3
15829,3.2,20.82
6523,4.79,21.96
27263,1.43,13.78
20548,3.28,77.4
45060,2.0,22.77
27291,1.24,28.12
35641,2.62,29.12
23940,2.08,7.75
12229,1.82,34.71
31189,1.05,21.34
28458,0.72,28.56
22882,2.05,20.2
9570,1.19,13.02
2993,0.87,19.57
44511,4.8,34.33
36633,2.61,19.66
7342,0.91,15.79
26122,2.98,14.84
46403,4.18,205.65
10937,3.66,65.68
40385,1.96,26.91
33815,0.92,22.45
42745,0.86,15.72
26733,0.57,9.98
6249,1.59,
8971,0.63,12.67
18280,0.65,28.41
47844,2.45,19.84
48968,3.18,
16946,1.11,2.56
21867,0.86,13.3
25494,1.28,30.5
23741,1.06,28.36
39269,0.96,15.66
43533,0.93,69.24
6481,0.59,43.17
46263,2.89,17.14
32965,0.56,29.45
842,1.47,26.38
9551,2.21,1.39
18770,2.34,31.06
47777,3.55,22.29
3316,0.75,29.97
49920,1.17,20.89
8066,0.3,29.6
17138,2.44,2.89
11726,0.7,21.82
31984,0.57,22.21
30138,1.49,18.49
34723,0.75,7.19
2489,3.58,23.27
23924,1.85,34.32
22144,1.08,32.0
29217,0.93,13.8
16136,2.43,18.74
37249,2.03,17.83
47590,2.48,73.55
12143,1.0,20.64
23065,5.13,
5078,2.37,86.89
20641,5.26,88.74
30056,0.98,15.32
8336,1.46,25.83
21487,2.07,25.49
28172,3.04,24.4
29218,2.69,3.6
18647,0.7,34.79
24331,1.17,41.76
23546,1.95,26.04
34320,1.51,35.86
6311,1.17,20.49
20857,4.31,82.57
41797,1.08,32.52
30848,2.03,15.95
40212,1.56,26.8
27530,3.16,17.12
42136,0.39,18.83
9492,1.88,
38338,2.82,86.64
29854,5.26,67.73
26156,3.08,15.85
22799,1.53,26.14
9837,1.57,27.79
17666,1.96,
49609,3.09,23.91
32300,0.81,22.37
3241,1.29,27.3
30356,2.06,17.11
11032,0.84,13.9
40873,1.13,24.22
35684,3.27,22.32
7218,0.53,19.79
47155,0.99,24.71
29820,1.2,19.15
36030,0.88,87.07499999999999
45408,0.58,
4526,1.95,28.21
16645,2.93,22.68
33219,3.23,76.59
4142,0.6,15.73
23445,,23.4
45947,2.72,27.62
25734,3.67,18.61
39168,1.48,16.52
39274,,18.93
27892,3.52,37.31
25672,,15.06
19887,2.24,
42375,1.06,0.0
36822,0.55,30.88
20326,2.12,25.57
35511,4.91,41.99
46726,1.79,22.59
1700,1.42,25.63
34853,4.79,20.74
30680,2.8,20.67
16068,0.92,7.22
38863,1.37,27.02
11901,1.41,21.55
31429,4.05,30.7
14393,0.6,30.67
31380,1.52,20.97
27194,0.73,
30102,4.14,31.41
32421,1.74,21.8
49635,0.63,31.25
10026,3.18,24.01
22814,0.75,23.87
16449,1.09,36.01
10792,1.01,13.09
43751,,31.69
24251,7.05,74.26
33532,5.2,74.02
27070,0.54,
24641,2.53,15.64
24577,1.19,26.26
963,1.44,28.1
5222,4.47,24.67
42346,,25.05
41293,1.43,22.46
3895,,15.92
46891,1.09,22.61
33193,5.23,14.71
20181,2.74,19.74
39332,3.63,
14248,1.73,24.53
7178,1.38,47.599999999999994
26286,0.07,17.77
2705,0.65,26.23
29346,0.8,9.57
5145,2.81,21.68
19256,0.53,7.43
21831,2.01,16.38
13171,0.58,11.32
9365,4.45,67.59
30686,1.47,30.49
6689,3.3,27.4
43541,1.67,23.0
6933,1.06,16.01
44154,1.4,-17.14
14266,3.15,88.53
19540,1.0,4.3
36855,4.12,26.47
22831,2.7,
32679,1.28,12.07
34936,0.67,7.4
31593,1.31,36.93
7874,2.2,13.7
32794,1.09,0.0
7951,,31.57
10099,3.05,15.26
31078,2.26,20.7
32323,4.07,77.71
1396,0.61,32.81
3213,2.25,77.94
10722,4.26,17.64
23355,5.16,94.63
16234,0.82,39.11
19033,1.06,21.92
16125,0.97,29.36
21984,2.73,19.68
13553,0.14,10.06
15190,1.84,19.46
44386,1.4,20.78
22244,2.97,25.79
22174,1.76,9.17
43600,0.74,0.0
2461,1.15,12.2
49147,2.36,28.3
9864,2.35,17.39
1557,0.55,38.53
48853,0.88,9.71
47638,14.64,23.13
14967,,
37464,0.65,21.74
8983,1.09,20.36
43078,1.21,12.03
24066,2.37,
904,1.31,28.68
18408,0.94,30.74
41892,3.03,26.7
40561,1.11,11.76
34943,0.87,24.27
40202,2.62,77.52
47372,0.9,24.38
42418,0.97,21.97
31027,2.13,17.66
34413,0.75,
37276,0.66,4.68
2956,1.2,13.98
18494,0.89,23.3
12648,0.74,27.65
25619,0.88,
47670,0.93,24.29
48716,1.53,21.57
5800,2.3,24.71
18788,1.89,13.49
13657,0.85,23.15
31824,0.68,19.81
10018,1.81,20.89
16023,,31.38
42367,1.86,16.73
35616,1.55,30.36
49569,0.58,13.32
5030,1.29,7.95
16400,0.11,20.65
40836,0.46,21.76
27585,0.3,37.15
48069,5.01,81.27
14203,3.15,22.18
14037,1.4,35.08
12815,1.77,30.78
5162,2.69,21.33
49445,1.54,16.9
33155,4.19,
16090,1.85,30.52
20432,2.43,23.18
27655,0.28,25.34
3543,1.33,8.31
39585,1.24,26.4
1286,2.32,27.54
19884,4.95,78.31
49918,7.87,83.13
22063,1.15,12.17
31526,2.43,13.92
1501,8.100000000000001,
12371,0.9,28.59
21308,2.16,23.27
11869,2.69,90.63
15432,1.21,29.94
25136,2.55,11.91
25458,2.14,19.15
26648,2.92,24.42
32110,0.59,35.38
3563,1.0,17.62
48300,1.2,13.44
47351,3.13,30.69
18969,3.15,
43350,2.82,19.1
9143,3.48,95.2
43523,4.9,63.91
17265,1.64,14.83
31612,1.4,33.62
40620,1.84,24.03
34303,2.05,9.96
45224,3.09,18.89
14354,1.7,15.86
20031,1.85,20.18
46977,,15.41
29976,0.89,33.19
40685,0.74,30.82
15484,3.53,-23.27
13598,3.1,76.38
2906,1.23,22.46
36849,1.53,32.57
36492,0.8,36.12
34898,3.48,26.41
9013,0.93,15.81
17537,1.98,19.91
10131,0.96,17.51
10325,2.6,88.73
39781,1.94,23.62
8520,1.88,37.21
45460,3.68,21.08
9398,1.32,12.82
17074,0.76,30.22
3526,2.98,16.83
14119,0.98,28.18
46984,3.94,24.99
22635,,
13477,2.6,81.3
40567,1.9,36.49
44853,0.73,38.75
9345,1.25,74.51
41576,,19.94
1578,0.89,10.31
485,1.6,19.51
23141,3.8,23.27
40467,2.86,20.84
32062,6.51,28.52
37687,5.02,77.94
35945,1.18,33.57
38926,2.69,18.84
21552,1.92,5.29
23289,1.25,18.74
49892,1.6,27.62
5907,2.13,37.3
25119,3.36,81.9
32796,1.18,29.63
15382,6.82,92.39
12301,1.77,23.58
24436,1.5,24.54
8743,1.02,24.3
32545,1.58,16.14
29179,1.51,20.26
28897,1.36,17.97
8469,0.79,26.1
42587,0.99,30.85
36704,0.29,14.35
14694,3.22,16.47
8318,1.01,9.38
6304,4.32,73.54
19437,0.73,
10412,0.65,23.4
2413,2.87,28.32
49144,1.35,13.3
7672,0.69,24.92
3290,0.44,11.13
4004,1.69,14.48
13747,1.63,24.33
46665,2.48,15.23
12290,1.0,28.21
15018,5.84,12.64
46896,2.59,37.19
14793,2.55,15.01
37579,7.29,81.6
247,1.76,30.31
31972,9.0,12.67
15160,3.42,79.79
37472,0.41,22.82
12030,1.16,29.18
19381,1.88,24.21
24221,3.6,93.45
32509,1.82,32.27
31631,0.69,19.32
19771,1.77,21.48
21126,2.55,32.38
30453,3.9,35.48
1268,,36.91
13106,0.95,-18.45
14959,2.8,25.14
1594,2.7,23.82
7174,2.28,27.4
40262,7.01,76.35
6402,2.82,16.15
44264,2.07,31.25
24632,1.02,0.0
39223,1.16,22.55
24317,1.31,25.93
31019,1.06,21.65
34282,1.41,40.21
38071,1.61,22.45
6425,2.5,17.47
19196,1.47,19.47
13046,2.64,
11782,1.22,20.44
1562,,19.03
39361,2.23,0.0
24088,0.87,35.81
8567,37.44,53.07
8127,0.49,
46023,1.8,32.19
9724,2.11,27.47
8560,,20.82
38503,2.64,71.41
14084,1.31,19.88
18497,1.87,
11398,2.15,25.23
32928,2.85,29.2
36383,1.83,32.37
16413,0.72,38.62
38269,,39.79
25061,1.23,29.52
48576,1.83,28.81
48653,0.64,27.04
28219,0.83,26.87
5342,6.540000000000001,28.94
11348,0.42,20.93
44335,4.44,26.8
3658,1.1,19.74
32451,2.11,22.2
31111,1.07,32.22
37117,0.51,
40061,1.82,23.32
4521,1.76,14.54
14861,2.88,14.05
23621,3.48,18.7
32488,3.49,73.59
44237,0.98,31.12
38244,1.08,26.55
13313,0.99,26.39
23452,2.03,16.26
29371,0.56,22.91
31827,3.06,83.24
25307,1.51,28.05
39945,2.87,14.25
34542,1.45,60.15
15339,1.52,31.14
32991,2.96,15.35
23343,1.87,7.84
36892,1.64,16.87
14930,0.24,36.89
34043,2.25,15.61
49547,4.41,70.78
42697,1.2,6.94
7709,1.2,5.83
43421,0.55,17.69
30681,3.12,
11767,1.41,29.76
34776,,17.5
46031,1.28,16.57
45811,0.7,18.25
47814,0.55,29.77
27350,1.38,25.95
49784,1.64,17.16
4475,4.62,21.83
26037,2.09,9.12
31153,1.35,17.86
12897,4.16,77.93
3549,1.14,43.26
39625,0.69,29.24
46417,1.75,16.53
16000,1.09,9.36
29789,0.86,16.63
36512,1.11,33.4
25239,1.8,11.25
29165,1.79,20.66
12079,1.23,24.86
44944,1.78,16.98
3283,1.48,28.67
12026,1.92,16.43
46167,2.78,77.61
2177,1.9,15.18
35476,1.61,22.03
3805,0.93,32.17
39121,0.68,16.94
31090,2.17,29.04
31726,0.54,28.15
29807,2.14,18.97
22217,0.95,
45310,2.12,10.14
9327,1.29,25.01
36984,2.93,84.36
13175,1.06,20.68
24318,1.52,17.77
9427,1.29,34.92
43339,1.33,15.16
4236,4.33,
1838,1.23,26.7
14981,4.04,97.33
7366,1.63,
47665,3.93,26.6
37111,3.5,15.42
14542,1.43,20.0
12365,1.63,31.45
23836,1.96,26.51
26398,0.81,22.75
13596,2.57,17.97
17569,1.23,16.93
37346,0.61,9.84
45485,4.09,90.74
36975,3.84,89.11
1165,2.91,23.06
12420,0.54,28.93
4760,4.41,89.89
7791,1.12,32.4
10889,0.99,25.62
6212,0.43,4.21
15588,1.58,13.72
39022,1.77,28.42
26716,0.31,11.57
30315,3.68,26.28
14173,1.85,20.69
133,1.21,15.64
40650,1.45,13.9
44548,0.68,
48013,3.64,15.28
39662,1.63,39.49
48386,3.37,92.32
40741,1.23,85.34
3043,0.56,26.47
33692,5.3,92.25
39208,2.92,10.58
34861,2.04,25.04
4743,2.81,80.6
1671,1.51,29.76
20849,1.22,25.42
33672,0.54,24.01
48563,2.11,22.23
15749,2.4,34.44
45507,1.56,14.52
26160,7.68,83.17
43464,1.27,41.2
9166,0.71,
17905,0.37,32.42
35767,1.69,15.56
15591,1.73,24.79
35175,1.24,25.18
15494,1.71,25.45
9459,0.27,17.67
35601,1.69,18.02
19589,2.02,10.67
33067,1.83,17.82
47056,2.06,15.25
39746,2.32,2.04
48388,1.59,17.77
5022,1.15,29.6
15344,2.84,16.78
49384,2.29,19.11
29177,1.45,22.04
17687,1.9,21.31
15810,4.7,88.96
26785,4.1,85.46
41140,0.95,26.07
42046,1.31,37.0
29846,2.31,27.01
9954,1.77,29.62
42851,3.18,17.98
9405,1.16,22.44
12893,7.37,19.68
10981,0.86,7.45
12586,1.34,17.15
9096,2.54,25.52
3072,3.18,37.44
10915,1.54,23.51
43925,1.44,26.66
44784,2.87,84.73
31226,1.31,14.2
4872,2.57,17.74
1845,0.37,20.49
30642,2.59,29.22
20354,1.8,24.57
48800,2.32,18.52
1834,0.53,25.28
4114,1.19,28.1
34873,2.14,29.25
33698,3.59,15.18
33157,1.28,30.46
45662,0.88,27.63
39925,0.92,28.2
2479,2.39,9.64
49806,2.25,20.46
26151,0.69,19.99
6603,0.87,11.72
9995,4.5,41.06
38230,0.75,7.4
13899,0.47,17.74
14334,2.31,20.45
35823,3.76,16.57
44241,2.53,23.13
20339,0.87,23.46
6602,0.33,18.07
26049,1.0,34.31
38620,6.7,76.17
28850,,27.32
5105,3.11,83.3
23108,1.11,79.72
5963,4.15,97.9
35333,3.51,24.48
48054,1.11,
10484,0.17,35.37
28994,1.55,27.26
4718,1.18,17.79
29205,0.87,20.1
28131,0.69,16.21
5096,1.44,
42632,1.58,18.96
31317,1.79,19.42
19189,3.2,13.37
24151,1.78,14.43
29100,4.89,20.31
35136,2.78,18.29
5177,1.19,32.73
2827,3.5,18.8
16535,1.99,17.0
35131,1.83,26.15
11559,1.01,21.02
17112,1.77,8.99
27202,4.97,66.46
5635,1.02,25.39
22172,1.92,29.37
915,1.71,
20891,1.74,20.1
41976,7.09,212.425
41549,1.37,30.38
13889,1.05,
6500,2.19,30.61
36242,1.44,19.09
10124,1.25,13.35
30606,1.45,33.05
18854,1.17,28.44
32408,2.45,22.31
35771,1.6,10.19
40053,1.5,40.06
16203,2.8,24.85
32599,1.66,12.58
4410,3.28,82.67
33418,0.83,24.13
47735,2.98,24.08
15936,1.97,20.35
3062,1.57,29.09
44027,3.27,
24873,2.68,33.97
10235,0.97,11.79
46468,1.57,29.43
35331,1.93,35.4
37875,1.79,18.31
22031,0.99,18.44
39079,3.86,20.64
5221,3.15,26.84
2104,1.6,15.04
32673,9.82,95.76
28978,5.47,-81.47
28707,2.68,30.62
20177,0.95,26.43
23395,4.29,80.8
20150,0.88,30.23
48463,0.85,26.35
31923,0.56,24.58
35324,,0.0
19134,1.08,29.17
27240,1.0,25.65
26360,2.4,18.31
31843,6.15,74.14
24044,8.52,27.97
24985,2.48,29.67
21155,2.46,15.71
36889,1.61,20.44
48873,1.88,95.64
43038,1.84,11.72
11534,1.85,19.18
15976,0.21,20.03
16240,1.67,24.08
27213,1.48,12.49
24103,0.55,25.07
20220,1.14,
39357,0.8,27.84
46498,2.04,0.6
11416,9.24,71.55
6426,2.63,17.86
4598,2.29,27.86
8029,1.12,14.67
26816,0.85,22.62
19089,1.29,18.48
16603,2.68,17.24
42719,2.05,
1985,0.98,20.24
36087,1.96,19.21
13155,1.35,16.06
39268,3.16,18.66
26215,2.28,22.85
37070,1.19,27.46
41953,1.09,
23042,0.76,13.04
40533,0.91,11.35
18981,1.44,29.83
5539,1.78,24.34
38276,2.99,28.97
37525,1.05,32.8
4723,2.14,23.65
13535,2.03,9.54
18796,1.91,24.97
47314,0.55,31.67
39553,2.17,20.95
6605,1.3,39.42
4991,0.57,22.88
9780,0.76,23.68
35368,3.03,
31823,2.98,14.76
34379,3.85,87.21
17562,2.04,30.39
40662,0.34,20.27
18297,1.13,25.59
32949,2.12,9.44
44134,0.52,27.26
45905,,22.22
28263,1.05,11.55
13555,1.7,
35638,0.53,22.72
32390,1.97,82.81
23573,2.17,24.7
49082,2.92,
27893,2.22,12.51
34183,1.35,10.75
18627,0.29,17.22
19422,2.55,16.03
30827,3.33,11.32
9302,3.55,24.36
21951,1.81,26.51
41237,0.39,16.26
30179,2.82,26.07
31300,1.2,24.09
43402,0.82,26.97
5099,1.29,40.64
5589,0.8,25.22
45189,3.93,31.69
38554,0.64,
3292,1.34,20.38
48509,1.13,24.42
21108,4.21,17.22
48592,2.19,13.75
8884,1.65,10.3
47626,0.38,24.31
18919,0.65,23.41
13897,1.92,38.47
11543,2.1,93.42
18382,0.83,25.06
29507,1.58,28.42
767,0.41,22.43
39520,1.16,15.19
12166,0.79,23.14
31353,0.95,27.47
34528,2.01,28.22
28306,1.46,34.44
13090,3.08,13.03
15556,5.4,69.67
49450,1.96,17.77
1833,7.02,96.36
8962,0.89,30.93
2715,1.09,19.97
45711,0.9,20.37
47976,2.73,69.87
46293,1.52,16.02
39427,1.05,6.44
31742,0.77,
25059,1.04,
9523,2.39,5.17
40780,1.98,23.69
37036,1.0,37.82
7944,0.8,20.81
28971,1.4,
6324,1.34,17.41
47719,0.76,16.4
34806,2.24,21.57
26944,,27.99
28960,1.9,24.51
15909,1.09,31.32
32195,2.35,40.32
5295,2.48,26.79
11163,0.4,2.55
6045,1.99,12.22
41984,1.19,
42498,3.33,66.73
13144,2.01,13.46
18974,0.83,18.3
28485,3.27,13.07
44433,6.23,75.6
6705,0.52,23.88
36445,1.03,21.17
8763,1.24,19.64
39887,1.15,26.55
12186,2.92,26.99
23309,8.48,99.64
12722,1.56,25.84
2253,1.73,19.51
37332,6.41,88.49
33392,1.4,23.36
47599,2.22,17.53
39395,0.98,11.59
8747,,19.18
7447,1.03,24.5
979,2.65,18.12
35666,2.62,19.7
1111,1.51,26.58
34057,3.99,79.74
15817,1.31,13.03
9505,0.66,26.85
10759,2.68,28.0
14158,1.28,21.37
6544,2.58,33.88
29817,1.6,20.0
45593,1.45,18.0
26057,2.07,24.87
27575,1.14,25.22
13720,0.52,23.26
46710,,19.62
11487,3.12,29.06
38587,0.67,32.73
14796,3.69,12.95
45391,6.49,70.14
25008,3.77,11.78
44834,0.82,17.23
48224,4.91,19.2
47334,0.91,29.23
36924,0.99,36.18
2626,1.7,23.88
16750,1.01,23.81
3233,1.41,18.24
14829,2.71,21.93
33099,1.13,34.1
49419,0.98,20.9
43856,2.79,25.55
13980,1.41,18.22
28787,0.7,25.19
21404,1.31,20.49
2854,5.23,81.73
15840,0.72,18.96
13773,0.99,31.47
19801,0.45,26.59
45192,2.05,22.22
42477,1.99,29.78
47825,0.3,30.37
23751,0.88,24.64
262,3.1,26.44
32530,3.53,18.95
47456,2.94,22.27
47796,1.16,15.21
7694,2.04,29.88
24307,1.36,23.54
14712,0.85,25.61
32377,1.84,18.55
4579,,10.21
47731,1.34,23.68
11717,0.66,32.92
42687,0.74,28.18
36331,1.31,28.59
46220,1.48,21.56
22001,2.06,31.13
7443,2.06,29.24
35467,2.2,23.86
1469,0.83,21.74
21872,2.32,16.43
48206,0.17,23.1
20323,3.63,20.26
9188,1.05,16.63
8211,0.85,8.72
32596,2.82,24.73
6149,1.29,18.32
33661,1.76,20.85
48248,1.66,24.21
26288,0.68,28.98
1097,1.06,14.0
34323,0.41,21.2
42132,3.24,
25272,1.28,13.98
3748,1.15,23.8
5322,0.69,17.4
44934,0.3,23.78
41616,3.93,20.06
33447,0.75,15.32
11070,2.29,
13956,3.73,84.43
3377,1.16,
26976,0.41,
45716,0.52,18.52
20896,3.86,21.4
30894,2.29,20.78
32875,,22.46
6613,1.15,20.34
2107,0.57,33.88
46569,1.1,22.22
3044,0.22,56.475
3133,1.03,27.24
38455,0.72,
4759,1.8,31.88
34436,2.12,91.14
32937,1.31,
4191,1.82,20.33
40140,2.15,
3923,1.35,6.15
15521,,26.29
39256,1.0,37.74
2096,2.86,19.69
27055,0.75,15.61
40624,1.65,33.56
2597,2.42,23.11
40488,1.66,31.02
10301,1.06,18.01
41012,0.09,31.1
11940,4.93,78.57
34881,0.51,27.58
23212,2.47,12.34
4572,2.2,23.8
36103,1.57,25.42
38641,2.66,85.78
37311,0.4,26.49
13022,0.87,22.85
39463,1.72,27.75
41169,1.83,29.4
37901,1.99,18.1
2391,0.58,28.34
15625,0.53,27.29
42359,1.4,9.91
21131,0.78,33.69
16762,0.56,30.09
23956,0.91,10.75
35288,0.53,21.15
44209,0.77,10.11
37696,0.58,12.7
42468,1.89,20.54
16921,4.29,76.02
43881,0.67,29.28
1398,0.73,28.86
36573,0.36,
28678,0.85,17.43
30042,1.52,28.52
41105,1.66,23.47
45172,2.26,88.68
29065,1.61,
40208,0.58,21.2
13490,3.29,-74.63
38632,2.23,30.25
49589,5.0,88.9
4011,0.65,18.96
16620,1.74,9.67
8914,0.86,24.21
17593,3.22,36.23
7718,2.94,25.25
3322,3.44,23.52
30174,1.38,11.04
49220,0.93,7.11
44232,1.97,15.68
29434,2.37,19.85
15906,2.11,
14919,,27.97
33703,1.07,19.46
44398,0.49,61.25
37649,1.46,30.78
10821,8.71,78.2
25330,2.01,3.6
35786,1.11,27.7
23311,0.83,22.31
21399,6.49,68.62
21228,0.96,16.51
19182,3.38,27.12
37892,3.35,18.71
27402,0.2,18.06
42804,0.94,9.86
16563,1.27,18.15
46429,2.41,15.1
21887,1.67,43.71
43820,0.83,-23.41
11824,1.2,28.57
13392,2.34,18.28
24828,1.97,23.86
43557,0.64,10.02
48018,1.13,32.93
44900,0.77,7.41
33173,0.83,19.85
21252,0.36,31.82
7469,2.07,22.48
28164,2.11,8.2
42114,1.36,19.73
11118,2.52,83.22
23321,4.16,
8969,0.75,16.73
26813,,
4121,1.52,19.57
24214,2.77,29.96
43070,5.11,94.3
7371,1.99,17.26
46347,2.43,27.55
34910,0.67,
18302,1.95,20.97
23084,0.48,30.37
10773,2.52,35.63
33394,2.43,14.98
49108,4.25,81.81
199,2.21,39.86
6192,1.36,19.57
46053,1.27,32.23
44623,1.85,23.38
11345,0.81,28.36
12972,0.38,32.69
10192,2.29,7.43
31720,1.79,26.15
28030,0.89,16.34
41866,1.06,18.55
8440,1.4,19.95
17636,2.05,23.52
3139,4.54,24.34
33023,2.02,13.58
20004,0.61,14.21
7105,2.4,25.54
236,0.87,29.01
15213,0.7,16.81
4100,2.34,22.67
23903,3.01,19.84
42911,3.87,
29890,3.73,34.2
32342,1.21,21.62
26419,3.52,0.48
8646,1.58,18.99
29669,2.97,10.42
48346,0.93,26.92
38089,1.24,
20096,0.26,18.21
48696,2.81,26.46
23639,0.82,16.29
24309,1.55,19.52
495,0.4,27.91
6499,1.45,23.39
32017,,24.95
35876,1.18,32.76
26435,1.21,19.24
9460,3.39,20.41
37836,1.39,23.02
20141,0.2,22.53
13906,1.85,32.45
14517,1.23,36.93
44845,0.85,10.12
47036,1.39,27.48
1456,3.7800000000000002,6.7
33998,1.92,14.07
2174,1.18,19.24
14595,2.35,
2023,0.73,32.14
36943,2.88,17.35
2686,,31.15
45630,0.86,22.38
49979,5.01,23.89
19486,1.25,36.16
25742,1.88,25.14
38956,0.98,40.31
36365,2.77,84.04
219,2.05,25.79
48823,2.47,18.45
13685,,13.68
46694,0.35,18.62
45655,1.36,22.26
4213,2.47,0.88
4463,2.58,17.54
34773,1.5,29.56
37562,2.51,15.96
39062,1.2,15.7
47211,2.47,15.61
41038,3.26,12.57
5173,1.73,12.24
34374,0.91,16.99
3320,1.12,8.22
6652,1.95,13.1
38307,1.08,34.94
24017,0.61,20.82
43017,3.77,30.09
30784,0.54,34.71
37328,2.08,9.89
32372,4.76,100.0
42146,1.39,16.13
15910,0.97,30.08
3153,1.72,22.27
20056,1.26,17.35
6842,2.81,
35350,0.66,22.61
24281,3.3,27.27
49153,3.49,12.36
2006,0.43,23.35
8856,0.98,25.67
33658,3.21,8.74
49863,2.87,27.84
40522,1.71,80.69
16227,,20.59
18415,3.12,31.95
46413,0.46,18.39
44887,1.54,27.57
26503,0.55,22.25
12161,1.18,18.21
47233,1.81,22.13
21222,1.67,39.17
34409,0.42,
48780,2.2,20.55
27594,2.43,32.04
33102,0.77,17.53
32853,1.6,24.82
32562,2.58,18.23
37837,3.42,73.07
21453,1.98,21.35
22969,0.5,67.875
2082,0.86,10.3
13165,3.59,10.2
2377,1.11,19.99
11310,0.67,16.56
4351,6.26,86.43
35082,2.67,22.76
42614,1.21,8.98
37693,2.09,78.81
21154,0.8,20.29
22949,1.87,15.11
6374,2.37,23.16
34056,7.19,77.22
25266,3.58,
13591,5.98,76.63
7662,1.65,12.52
27495,0.92,21.64
25109,1.83,25.37
11304,1.87,85.35
43393,0.94,23.39
36032,,15.33
46586,1.8,14.83
17691,1.74,13.25
31350,1.75,20.81
34978,,28.74
19563,1.66,16.42
18171,0.61,18.47
2079,2.19,18.3
41435,4.06,15.88
8246,0.94,29.62
10804,1.01,10.83
5587,1.4,21.36
7203,1.95,31.52
6288,,14.44
38374,2.03,10.34
39276,,15.24
43450,1.19,25.94
40588,0.85,13.57
27103,3.14,23.66
9442,1.32,17.46
37680,3.24,24.97
46578,1.43,23.28
839,1.76,23.04
27818,1.8,24.44
4319,1.36,27.52
3135,2.6,15.09
42677,1.42,15.16
13315,3.78,23.78
10456,3.05,30.62
47942,2.16,13.43
34728,0.82,22.36
37449,1.56,25.61
25722,0.69,23.48
3434,2.19,14.56
42476,3.46,72.56
28051,1.14,14.61
40019,2.27,36.66
5707,1.53,36.4
22068,2.82,19.65
42794,,16.15
11201,2.71,19.02
16181,5.36,94.95
42352,2.34,25.21
47192,0.38,9.92
46534,1.79,20.24
22283,2.7,42.48
40444,0.55,25.21
3820,2.6,
23731,1.0,36.41
3147,2.99,28.66
48575,0.77,4.31
18923,0.47,32.75
32733,1.52,32.03
8281,0.91,12.19
1369,0.82,14.24
35640,0.68,14.76
33622,32.519999999999996,33.38
39267,2.18,19.34
38983,1.29,19.98
36137,0.39,18.83
13075,0.9,7.18
11079,0.44,40.33
3732,3.34,26.25
13501,2.91,12.55
38214,2.28,14.78
29392,0.27,23.04
19665,1.31,21.01
38934,1.46,26.89
8216,,19.64
18367,0.27,21.6
41269,,20.81
8054,2.32,90.72
17628,3.57,76.77
18186,0.19,19.73
35610,2.87,21.56
15345,3.14,
48072,,71.67
28858,3.85,75.17
28449,2.97,29.76
3595,1.35,31.47
14049,3.47,11.39
16050,0.45,23.28
21478,0.59,10.5
48095,3.34,28.4
47234,0.35,7.3
37904,3.43,61.31
42838,1.63,12.39
18975,1.2,3.17
12821,2.44,13.17
40216,4.26,82.4
13088,0.39,14.1
40173,0.71,24.5
34017,6.71,79.91
16618,2.17,17.04
37263,0.33,20.62
5972,1.26,25.69
4788,7.04,57.52
39388,1.53,27.98
22742,3.48,74.54
44772,4.37,14.89
27186,0.75,17.18
19947,6.77,77.4
13334,0.99,16.91
24690,2.45,77.44
32969,2.6,28.04
719,1.05,15.95
33057,,27.3
9384,1.13,36.33
27663,1.23,25.91
6521,1.58,28.13
40919,2.59,21.62
44031,0.82,28.93
6391,1.06,23.39
33964,0.68,22.36
48750,2.63,17.19
34965,0.53,29.37
36519,1.52,24.17
45590,1.62,26.19
15442,5.22,92.39
20084,0.91,12.14
28098,0.88,
753,1.0,32.7
7416,2.31,20.47
2502,1.11,16.59
23582,0.77,15.67
12594,1.22,22.65
11930,2.92,25.22
23151,2.03,11.17
12051,1.46,32.66
5478,3.21,37.12
38901,1.82,27.78
38527,,23.19
46674,1.03,30.48
147,2.07,20.13
31052,0.48,24.2
45111,0.82,18.43
39035,2.44,35.04
3737,2.44,29.18
11816,0.47,12.36
29575,1.97,14.69
3780,0.88,36.65
19171,1.25,23.11
29866,2.87,89.51
47914,0.72,24.9
45294,1.57,19.03
31006,0.3,30.05
32356,4.51,80.96
47981,5.01,93.09
26146,2.4,42.66
16250,1.38,16.55
8076,2.53,74.23
41026,0.33,17.08
11695,3.23,93.28
5558,1.28,27.99
10625,0.89,53.224999999999994
48671,1.55,26.76
3793,1.51,27.4
40550,1.55,14.81
23614,1.05,22.17
39406,0.72,8.08
1035,,28.25
6480,4.76,11.27
26447,1.05,13.4
49807,1.18,11.47
43649,0.58,16.95
41804,2.95,25.85
49469,0.69,8.1
12571,2.25,28.6
30433,7.95,90.09
27606,0.95,23.85
8277,0.89,14.47
10194,1.25,84.43
37911,1.2,24.09
17204,1.3,22.99
895,,12.57
35155,4.41,
10316,1.21,
14625,0.77,28.78
10057,0.03,23.36
3236,1.02,
15565,2.04,75.71
8036,3.76,18.04
42987,2.09,10.99
1159,2.77,32.68
30218,0.88,28.41
23550,1.12,17.64
27238,1.5,35.87
34415,0.92,11.16
11962,3.59,98.19
13465,0.62,6.17
42567,1.09,22.44
24753,1.3,22.15
3403,0.37,31.66
32710,1.88,12.9
14509,0.43,30.1
18376,1.58,27.72
5555,0.87,10.94
4327,2.74,
7977,,26.87
43269,2.84,32.95
10208,1.71,13.86
25513,1.13,24.15
30947,1.1,38.31
26244,0.13,17.22
44659,2.17,31.16
22758,0.8,28.9
2979,6.04,23.44
28211,1.51,
17871,1.69,23.33
17965,1.39,18.74
20855,,24.51
33020,4.27,81.67
33791,0.54,8.2
33166,2.44,33.99
33334,0.81,16.32
48448,0.55,20.87
9415,5.84,20.72
19417,0.69,10.41
15313,1.21,25.75
18990,1.08,-16.45
40553,1.88,32.48
17963,2.97,19.44
34049,2.12,29.71
23394,1.36,23.8
10618,1.9,20.69
861,3.19,83.55
20787,2.54,22.48
6624,0.39,28.74
17270,0.81,5.42
16339,0.84,16.6
46704,2.24,0.32
43658,1.53,86.26
3217,2.82,30.25
23770,1.39,39.35
6611,0.85,20.09
3097,3.08,30.61
10051,,12.37
21800,0.79,21.78
23911,0.77,
15937,0.79,22.53
42665,0.86,28.61
33318,4.11,
21759,1.71,24.88
13020,3.95,26.01
23261,1.03,14.93
40225,1.91,
47382,1.46,22.4
31659,0.94,14.05
28529,2.97,27.08
5919,,18.39
19279,1.59,33.44
11649,1.14,8.3
607,1.92,27.17
8683,2.42,27.74
8549,5.76,86.1
3567,1.68,20.02
25849,,9.82
480,1.24,22.63
28594,0.73,28.4
8790,3.77,90.4
14005,3.62,18.59
42049,,
48582,2.21,21.66
41575,3.21,30.34
46945,1.75,26.3
44302,0.97,39.05
726,0.3,19.54
11709,1.78,66.43
37638,4.46,27.88
43444,1.91,28.01
34095,0.86,28.58
23606,0.85,
741,0.8,31.79
23136,1.74,33.69
45741,1.9,30.18
43305,4.06,22.63
17086,5.86,73.01
5461,1.59,
18908,1.79,18.59
40235,1.73,28.14
14402,3.57,94.58
17396,0.43,29.08
15726,0.94,22.31
4812,1.68,15.01
23072,2.85,22.32
19242,1.3,11.1
10851,1.15,25.37
35901,1.19,10.76
4384,2.94,30.67
3654,3.31,66.91
24412,1.0,25.11
2240,1.89,18.1
30065,2.34,24.91
29265,3.57,29.44
11969,1.73,26.32
43726,0.75,74.65
10527,6.05,70.52
36645,1.72,22.25
31038,5.61,
49702,6.27,87.34
41907,0.83,20.35
844,4.22,77.68
27356,3.08,18.81
4910,3.93,17.43
11063,1.65,26.71
11436,1.69,27.57
24831,5.97,68.85
32227,3.16,27.83
1070,2.19,9.51
25012,1.17,6.47
29221,1.36,12.34
47366,0.33,7.47
21509,3.45,15.86
27468,0.88,17.75
24993,,24.2
21821,0.88,15.42
16236,3.25,32.21
29358,,20.39
41261,1.56,13.93
11580,0.8,30.73
29672,1.05,-15.29
7784,2.51,39.08
27140,1.78,91.32
19710,2.09,21.63
21088,1.17,17.94
36164,0.69,13.31
25290,1.33,12.65
33246,1.08,37.38
13713,2.26,
43071,0.71,19.31
23670,5.17,90.01
16035,3.48,
43702,1.52,18.23
18512,2.33,15.11
2051,2.37,15.72
15239,2.98,16.34
18834,2.5,20.58
8818,1.28,23.81
45619,1.1,18.18
25262,1.6,20.59
5819,1.18,
33805,0.62,28.2
24548,1.66,
5182,,16.43
15782,2.99,73.69
5130,,25.41
2075,0.61,12.24
25656,1.12,21.39
47344,0.48,14.98
45304,1.37,9.01
37866,1.89,18.54
25040,3.53,28.75
49565,3.02,
36301,3.2,44.22
42020,2.04,12.42
36650,1.99,34.27
47552,2.91,
46786,2.57,18.77
15017,5.68,79.96
9583,0.29,13.8
43546,2.41,22.62
16758,2.08,19.31
47464,1.55,12.32
31548,1.91,30.72
34283,1.59,28.95
17977,0.73,18.17
26440,2.47,25.98
6193,3.1,31.72
26150,3.06,26.15
9688,2.03,
48630,1.22,23.85
39321,0.37,18.66
38268,4.44,81.26
26396,1.99,26.45
3707,1.47,19.86
10857,1.84,14.57
15036,1.28,19.62
32681,1.07,
28256,1.37,31.14
19186,0.99,23.1
11268,1.42,18.97
27798,1.44,27.27
39947,0.96,18.84
29667,3.61,92.15
17763,,19.45
47655,0.57,26.08
13070,2.45,22.09
28169,0.82,23.82
19358,1.49,28.02
22526,1.19,17.11
15538,,81.56
33794,1.87,14.55
8556,1.44,24.23
2988,2.53,27.12
44408,2.04,25.45
16095,1.1,28.57
28842,1.28,13.18
13004,0.15,16.72
41916,3.56,60.28
8731,1.62,9.93
37184,1.22,16.82
3523,1.59,9.0
3091,2.38,34.97
12363,1.18,21.08
21191,2.48,13.55
8241,6.04,82.26
20769,1.15,
22438,1.16,29.89
44459,2.46,10.0
39064,2.65,27.39
10011,3.18,82.74
24053,4.23,11.82
41731,2.63,21.89
31461,0.58,16.76
41122,1.55,18.39
47516,1.41,14.1
14113,1.17,24.38
16162,1.57,33.29
21406,0.88,5.98
32577,1.98,21.57
4904,1.0,34.0
49057,2.24,22.21
15320,1.1,34.94
27138,8.16,83.22
2169,0.94,25.38
461,0.98,27.56
7155,1.03,12.44
15712,1.38,21.8
41000,0.22,30.53
42396,2.69,59.47
9851,1.97,19.02
46055,1.58,12.6
23870,,27.08
17616,2.0,17.91
17175,0.92,33.05
21539,1.44,17.4
19684,1.88,18.56
30591,,21.95
35928,1.33,25.8
843,2.26,16.87
16897,1.63,6.88
42052,1.08,28.31
33140,0.93,12.5
32877,1.47,12.67
46064,1.3,37.99
5779,1.27,
6840,2.09,38.89
46329,1.7,20.68
14742,1.38,23.17
48536,4.15,93.26
20343,2.83,20.93
31499,1.7,11.53
29130,1.42,21.75
41201,0.85,7.88
41830,1.16,10.38
467,2.48,29.86
557,4.73,16.58
26972,1.21,31.8
23066,3.36,24.84
43879,3.31,21.64
6950,0.4,25.96
12524,1.2,21.96
5691,,13.69
2218,0.85,23.88
47429,4.47,91.57
45048,1.33,12.55
1351,1.19,30.8
17261,2.69,21.59
40037,1.31,18.3
806,4.51,23.4
34472,2.41,25.2
37203,2.41,30.13
13676,1.61,14.85
39176,1.45,14.45
30782,1.52,19.85
25691,,71.86
3480,2.22,13.9
683,5.62,63.55
16767,0.98,16.45
15873,3.27,46.25
25362,0.34,19.25
42809,0.75,20.38
15379,2.68,30.87
35344,5.33,82.79
25608,1.62,31.76
48552,1.33,
18190,1.98,77.44
14179,0.71,23.62
26709,1.95,17.77
12601,1.02,33.93
45399,1.45,28.15
31194,2.12,25.76
16547,2.53,29.75
16005,1.37,27.49
3275,1.04,24.87
11528,2.88,19.69
35307,1.26,11.47
4003,1.23,32.42
40706,3.84,35.73
34803,2.61,26.03
40415,1.83,22.41
12688,0.32,27.03
7582,2.64,84.47
5590,0.49,21.64
25308,1.68,11.0
23498,0.96,30.1
2999,1.82,12.85
4750,1.99,24.68
39664,1.4,24.3
8569,1.56,27.96
18631,4.22,100.0
24049,1.73,28.83
15754,1.27,18.06
31777,4.24,36.2
41042,1.16,20.03
12633,0.54,40.24
26900,2.52,18.14
44617,0.37,25.78
35411,1.19,14.19
27483,0.9,23.3
17053,,23.35
35338,2.05,14.7
3571,1.49,16.99
45793,2.14,22.84
15978,3.32,21.23
40490,2.17,13.14
28275,1.47,23.47
47282,2.53,15.39
6648,2.5,13.55
5020,0.75,20.37
7605,1.1,26.29
24414,2.29,18.79
10774,4.22,26.26
39117,1.51,13.95
17835,2.39,46.51
10328,1.36,0.0
27441,1.22,20.9
39629,0.63,7.87
22688,1.71,9.9
29598,1.38,25.87
5052,2.23,23.18
14193,2.0,22.54
43396,2.44,34.69
20240,0.58,13.23
31276,3.01,23.42
41395,2.16,16.78
30998,2.55,15.7
7745,0.79,19.29
7837,2.57,82.72
18959,4.32,86.57
6671,0.93,11.62
36088,1.33,4.72
15539,1.27,19.57
1037,1.33,17.33
26961,1.02,15.42
8237,1.45,30.81
23541,1.55,14.49
32022,1.52,16.54
12128,0.92,21.8
25334,0.47,35.65
8957,,22.8
19078,3.34,5.08
38501,8.28,16.17
342,1.72,
18318,0.72,19.85
10375,1.14,29.14
30492,6.09,81.13
14918,2.66,4.44
8293,1.12,8.64
11244,3.33,37.09
42249,0.74,43.96
26666,1.45,24.17
12653,3.55,23.91
36935,1.36,12.44
13703,1.85,7.14
36674,2.98,18.82
48867,1.91,14.41
27599,0.6,19.74
20851,2.62,9.27
32883,1.58,25.57
45061,0.74,29.34
20732,1.95,33.94
33890,2.61,32.51
13128,1.04,27.99
37238,0.55,23.27
49432,2.94,44.974999999999994
37661,2.68,22.96
47260,,89.01
28392,0.97,37.84
34641,0.2,17.52
30407,3.09,4.83
10922,1.06,33.55
43158,5.96,82.0
7016,1.0,28.58
42092,3.32,94.1
21777,1.98,20.19
38840,3.64,35.09
24951,0.36,24.51
10546,3.36,22.47
36303,2.77,33.78
33723,1.78,22.65
11147,2.34,23.5
43686,4.46,88.67
35975,0.68,29.52
22310,2.86,87.91
38912,1.51,16.38
39792,0.77,34.13
8154,1.0,6.49
29899,1.05,33.54
19817,2.14,23.23
12268,2.09,16.68
8452,0.91,12.22
11651,1.35,25.47
47264,3.18,
11738,3.35,33.66
49805,1.95,15.03
46833,1.76,17.62
35520,2.16,12.16
11716,1.17,24.9
7011,2.22,29.98
11604,0.24,33.99
37235,1.82,19.28
22768,5.65,82.44
37327,0.58,11.12
25724,2.95,19.3
20112,1.19,25.76
18633,3.14,20.75
17675,5.51,
48648,1.59,22.98
39255,0.42,91.0
46062,3.26,33.72
42597,1.46,27.7
7153,1.81,21.13
34654,6.55,84.38
45836,1.13,13.37
5774,2.09,23.22
5333,0.85,16.25
16445,2.75,18.59
41748,1.17,14.71
6166,0.63,26.41
43016,1.37,13.05
3095,,11.18
31375,0.72,31.6
5434,0.65,25.75
1410,1.4,33.65
31653,0.56,19.51
36910,1.11,32.56
39535,0.52,24.08
20172,3.82,16.18
43850,0.88,7.94
48700,2.34,28.7
47506,0.95,26.48
43496,3.97,99.71
38960,,14.68
23129,6.13,84.16
16719,1.77,35.8
11890,1.23,13.98
5432,0.47,16.52
30220,2.08,22.23
17565,2.11,18.77
32515,0.77,20.67
45946,1.52,23.99
19222,0.79,22.11
41074,1.56,39.27
33415,0.76,20.0
46473,0.99,37.09
36588,3.59,21.6
29228,6.720000000000001,24.24
43485,0.76,16.34
39012,0.96,27.85
18097,1.61,35.89
23920,0.74,9.12
33474,1.62,34.65
39949,0.43,31.64
44087,0.47,14.03
34820,1.0,24.59
36754,8.2,87.51
29678,1.68,22.83
3739,4.73,85.48
9437,1.3,10.62
42910,2.57,31.23
6379,1.53,7.15
43880,0.96,26.6
1640,1.33,13.68
34151,1.77,34.2
7900,4.22,71.43
32874,,0.0
14523,1.44,22.23
725,0.71,15.0
9049,1.75,13.67
491,1.88,22.46
5639,2.16,30.25
6457,1.21,26.84
11746,1.74,18.86
6662,0.42,12.18
43052,1.48,5.22
16114,1.74,16.75
18775,2.54,-24.57
11532,3.03,28.03
9423,3.36,
11133,2.2,19.24
40189,3.0,82.53
44069,3.36,41.75
14031,1.49,22.86
3687,0.95,
13962,2.24,29.83
23846,2.84,27.34
44174,1.24,17.43
22606,0.27,21.91
34127,1.61,33.23
9100,44.160000000000004,85.37
17887,1.63,23.93
12725,1.7,33.48
36973,1.02,22.26
224,1.6,3.61
5385,3.0,81.36
38719,0.85,23.91
15580,1.83,22.39
22089,0.95,20.03
45270,1.34,6.59
42026,,20.18
11679,3.22,15.95
6257,2.74,20.17
37387,2.47,41.6
15765,1.87,14.44
18249,3.54,11.89
37216,1.2,37.4
45018,3.72,16.95
9304,1.99,
12859,2.03,16.28
194,6.21,64.98
47222,1.94,22.87
40774,0.65,20.74
12895,1.22,32.01
17430,0.75,18.25
24943,2.76,22.05
43560,0.53,28.19
2264,2.21,31.07
25465,1.81,19.33
46099,0.63,30.94
28581,2.75,75.96
22556,1.04,22.85
10245,2.79,15.98
8684,0.1,9.08
16764,2.17,23.41
39592,1.34,26.52
31147,0.94,
20305,,78.11
44556,5.97,17.89
35137,1.01,24.04
25201,0.42,38.91
47321,0.31,15.96
9431,2.01,8.97
9075,1.93,29.02
43752,0.22,17.0
43345,,21.17
46907,1.28,14.45
19736,2.25,7.55
42039,4.21,69.05
47559,0.83,12.56
45387,1.2,36.63
40139,1.96,15.63
38755,1.19,17.28
6553,1.35,23.0
48986,2.13,19.8
11710,0.75,28.47
2215,2.45,81.36
23493,0.71,37.16
5983,0.38,29.25
9838,3.16,13.43
370,0.37,17.78
5452,2.13,
24892,1.43,-31.21
7637,0.62,11.76
22274,2.57,17.42
46494,2.48,26.01
18988,0.92,19.13
44805,1.77,31.58
5657,1.28,24.81
10502,2.48,28.09
35135,1.54,36.21
43397,1.96,9.46
22675,0.75,22.73
29319,0.84,19.59
37571,5.12,9.99
16791,0.21,20.8
14197,0.26,9.02
11451,0.77,24.91
11088,3.89,23.24
48744,1.61,26.61
31182,0.34,27.26
23100,1.06,25.56
48474,3.34,
2405,1.49,84.77
38716,4.36,77.28
40007,4.1,27.57
6651,2.29,
24415,0.77,25.27
42390,2.6,25.51
11458,0.82,18.14
29971,0.66,
19611,0.66,16.91
46040,1.82,
35968,0.42,9.63
44213,0.81,
4685,2.02,44.45
24603,2.29,11.77
36936,1.4,15.88
47969,1.62,21.28
48634,2.84,31.33
48155,1.32,28.46
14083,1.87,7.26
41341,1.25,22.54
16600,5.97,78.41
31138,0.79,8.93
6466,2.07,3.76
4798,1.91,25.72
43164,5.61,84.12
3719,1.66,29.91
49353,1.22,13.26
29277,2.56,14.91
9390,20.16,29.25
30757,1.89,24.74
47550,2.55,74.19
9569,1.81,15.0
6608,0.99,16.39
124,2.65,15.85
28814,1.65,58.8
17196,2.18,15.45
43952,6.71,78.15
37558,1.6,28.57
19942,1.08,26.08
20848,2.29,36.16
49879,0.39,
47977,0.92,6.93
46542,,22.43
43264,3.52,80.67
45233,1.03,14.0
35113,1.0,10.38
27069,1.6,19.33
40915,0.57,28.95
49698,4.59,80.4
35904,1.51,22.51
3776,1.14,26.62
46236,0.79,15.64
32816,0.95,19.54
29246,6.41,
511,3.49,98.06
5297,0.2,
48583,2.29,21.23
21093,3.23,83.11
14151,0.88,16.84
24751,7.4,67.99
7855,1.41,29.52
48947,4.92,62.94
4432,0.77,35.8
42104,0.99,17.21
24286,2.74,
8133,3.57,23.51
33902,0.62,24.5
18783,2.14,19.75
26505,3.58,19.24
37777,0.89,16.03
34341,0.9,21.13
1494,1.02,16.4
2920,2.31,41.5
17334,1.76,20.65
6001,3.12,92.08
7338,1.17,25.69
2736,,14.06
39611,2.27,24.02
37254,2.06,29.91
13494,8.100000000000001,28.75
38995,1.72,31.53
42446,2.18,28.4
31319,0.96,18.29
5097,0.3,16.93
49025,0.66,27.29
35183,1.43,10.44
36851,1.21,25.56
11271,0.52,30.11
32232,2.36,20.38
31908,0.81,32.11
35246,2.95,29.19
48209,1.96,7.06
43698,4.32,9.88
38165,6.13,66.28
1416,1.23,35.36
36253,2.12,31.77
42954,2.9,11.8
41377,1.74,21.85
49127,1.14,19.4
46129,0.4,32.96
44841,0.89,34.98
39509,1.58,17.92
34193,2.3,17.51
36357,1.47,24.74
32896,1.95,26.78
29244,1.15,30.24
29309,1.4,15.44
12220,0.71,39.95
32190,1.49,24.13
27090,0.96,31.3
38453,1.33,31.17
25695,0.61,
16939,0.96,34.6
25432,7.28,73.73
40581,,16.52
2305,0.84,28.41
4639,0.54,26.15
3199,1.05,5.46
46823,0.76,10.88
2504,0.36,23.56
28596,,25.28
41086,1.58,28.29
4699,4.39,17.82
878,1.81,17.04
31496,2.32,
46051,0.55,2.98
33035,1.89,67.92
47457,1.62,19.29
1982,1.65,18.1
26494,4.07,32.5
15646,1.75,17.51
43162,3.53,19.96
18044,,22.23
16650,1.06,25.94
17931,2.67,60.68
29788,1.14,18.79
26801,1.19,38.01
29893,1.37,9.65
10286,0.63,21.05
25621,1.07,13.74
771,1.52,21.85
3230,1.27,51.349999999999994
22398,0.43,26.41
37105,0.91,22.01
38906,2.01,34.78
36700,2.8,21.43
46126,2.67,12.51
13794,1.04,23.07
20752,1.69,22.21
46125,,31.94
5668,16.02,17.35
28476,2.38,22.73
29675,1.27,11.24
34360,1.61,19.65
14548,1.21,12.19
32602,1.4,24.32
33463,2.2,16.41
5137,5.98,
28487,4.13,74.19
6373,1.54,12.2
26527,1.11,16.2
7167,1.68,17.81
47442,5.95,85.35
20575,0.9,25.86
14971,0.93,19.43
42667,3.78,83.11
42155,0.33,30.99
15805,1.8,
44438,3.28,17.4
45821,,32.62
12319,1.11,31.72
36877,3.1,23.15
9794,1.11,10.58
12068,2.3,14.24
46622,2.01,16.13
47301,3.76,25.62
30271,2.86,2.49
20041,4.31,18.44
20006,4.45,28.62
48918,2.31,23.14
25886,0.86,15.32
36321,1.34,23.78
36843,1.36,23.11
42625,1.98,24.71
18319,1.49,11.56
38451,0.88,20.86
20743,2.85,84.91
42414,1.63,17.61
39204,1.75,24.33
11952,1.85,24.5
48642,0.54,17.01
42351,2.5,27.81
13189,2.94,17.74
23175,1.31,20.54
28733,1.1,
13370,0.52,27.13
47249,1.47,16.98
46060,6.04,81.84
18026,0.47,16.53
22260,1.15,22.13
29988,,17.91
47684,0.2,14.92
39519,0.68,25.81
32295,1.62,24.43
29797,1.66,19.79
31070,1.31,22.05
40455,0.83,12.01
41209,1.34,19.29
29167,2.21,35.81
5211,2.17,19.05
18098,0.13,9.83
20600,1.29,39.6
13187,1.19,19.17
12412,1.65,29.2
46787,1.42,4.04
39843,1.97,7.58
17093,0.85,33.84
25367,0.86,16.91
7522,,22.11
16698,1.04,22.02
17806,1.37,33.82
43420,0.83,21.86
35427,0.87,8.6
25933,0.89,37.84
13346,1.77,17.66
19363,1.79,25.83
10978,1.21,25.06
20193,1.25,13.98
3130,1.46,35.38
17805,2.47,14.94
20723,2.24,13.27
3208,1.48,
26791,0.78,18.6
33895,,11.41
42068,2.88,17.08
6612,21.12,21.58
12442,2.47,27.56
22028,2.24,92.45
12565,1.85,19.71
38767,1.07,25.8
2767,1.74,26.96
34758,0.75,19.16
15916,1.06,8.36
48704,0.27,17.17
26699,1.81,20.46
22650,0.4,21.82
46441,2.83,12.75
15578,1.89,26.23
33419,0.52,
15596,1.12,31.47
26591,,87.91
1161,1.73,26.33
29730,1.09,12.24
28949,1.21,14.55
45919,0.54,25.9
28766,4.98,82.8
44227,1.67,
48093,1.38,7.68
10396,1.05,22.78
12786,2.79,75.02
39411,0.39,19.88
45313,1.86,14.8
42617,1.48,14.2
25389,0.65,27.16
32171,0.92,37.9
17435,1.78,
55,1.81,17.51
40456,1.61,22.61
2901,3.45,81.77
44895,2.86,32.08
10762,,29.06
10691,1.73,18.04
16906,3.41,27.3
15337,1.19,22.85
6332,5.98,84.64
26878,,13.94
31050,0.81,46.07
4352,1.56,32.67
27321,1.02,29.44
28022,2.52,31.45
26482,2.53,24.77
6834,0.99,12.72
15251,1.21,24.58
38875,3.16,17.25
5984,3.0,100.0
31770,1.48,27.03
49498,1.07,20.58
7475,9.24,37.17
14792,,23.8
16388,6.33,70.55
288,1.15,23.66
25935,2.41,
38987,1.51,28.05
39886,6.32,83.52
11076,4.09,21.29
39380,1.76,24.63
47134,1.59,14.75
21324,1.05,29.88
34625,0.82,34.3
38362,,26.7
13,1.54,20.06
12053,3.9,94.08
22193,4.05,24.22
11735,1.13,28.31
22299,2.56,23.16
29680,1.33,14.39
14622,0.93,27.19
43435,0.72,30.77
43361,4.86,
49033,1.55,10.97
15877,0.97,22.78
44048,0.99,22.98
41834,0.87,13.33
19215,,18.12
10426,0.67,30.52
34782,0.88,20.86
34946,2.61,5.31
30978,7.38,84.58
45901,5.89,74.62
5780,1.45,12.48
29017,1.38,18.81
20422,4.1,27.21
32185,2.47,86.61
13853,3.12,25.94
46485,2.19,15.33
42636,,22.59
5513,2.36,14.03
19085,1.48,39.44
3375,2.64,19.26
2564,2.31,31.24
15838,0.71,33.77
5419,3.36,19.46
21778,1.3,21.32
34864,0.67,28.87
28654,0.74,24.32
43787,1.57,18.58
22855,6.85,74.98
47867,1.04,28.25
41397,1.42,19.93
44844,1.17,19.75
27328,1.27,28.95
3854,0.96,33.38
43145,2.75,84.07
7591,1.81,20.85
2625,1.06,14.24
5310,1.55,27.77
6094,0.39,
38263,3.84,21.52
23442,4.99,63.51
1009,2.54,23.34
9722,5.84,82.34
30066,1.46,28.23
6341,2.66,29.84
49970,2.88,15.64
4726,0.63,17.59
35258,2.78,85.72
616,4.77,77.05
28446,2.06,30.98
79,0.52,28.81
18142,3.45,24.22
28338,1.37,30.56
25595,5.3,73.83
37792,2.34,21.22
31168,2.54,17.58
33178,3.18,15.7
9704,3.33,
4166,1.24,1.78
49201,0.67,24.88
40921,1.16,19.12
24130,2.16,22.19
1289,0.83,24.55
33618,1.23,26.33
34116,1.08,10.62
48529,,21.65
3499,0.76,26.24
23347,0.79,15.04
28703,0.68,28.78
42520,2.7,63.66
23623,1.51,27.47
31828,1.2,18.1
39683,2.39,22.72
23112,1.48,
47402,3.07,27.37
46799,2.16,23.29
45806,1.11,28.01
35325,3.15,24.11
26876,0.68,25.15
36456,2.02,23.27
33506,1.27,8.37
35369,0.89,27.09
37123,2.46,80.75
31616,5.92,74.46
42563,0.76,28.98
9104,2.18,32.21
24818,1.76,27.63
11026,1.2,27.04
1731,0.74,5.39
47939,0.96,29.65
3905,2.18,30.1
17804,3.31,18.39
15164,2.22,29.13
24340,1.15,21.09
33820,2.26,17.05
33149,0.34,19.75
9121,1.55,24.96
31729,1.67,2.59
5636,4.65,89.75
1821,0.83,27.4
14965,1.13,32.87
42263,2.11,27.43
47688,3.24,35.61
18123,3.92,29.48
2382,2.19,23.78
6901,0.85,34.12
131,7.86,72.17
37463,2.31,11.35
5676,0.45,30.79
13180,2.71,28.85
21494,1.59,11.1
1492,0.91,15.49
27401,1.83,22.64
2968,2.95,26.22
47054,1.5,31.95
49729,,7.63
24400,1.28,16.94
1899,2.29,25.03
36740,0.55,31.89
406,1.59,20.16
14891,4.87,92.5
620,4.95,80.68
2103,2.43,
695,1.18,
48636,0.88,16.97
30744,1.62,27.29
23904,2.62,13.3
47699,1.33,16.54
22925,0.82,36.34
27797,1.08,32.92
23834,,15.21
808,1.08,27.88
27088,3.13,13.22
9531,1.74,9.51
33361,2.34,16.06
46500,1.29,26.82
19155,1.63,20.99
33811,3.06,27.3
31871,2.17,18.22
35340,,24.35
31673,1.45,17.56
1729,4.24,85.45
30378,3.01,95.38
44065,1.43,22.68
25473,0.77,
44358,1.54,20.99
45382,2.89,17.14
16756,1.72,17.36
20958,1.13,
43182,3.0,37.75
7263,2.72,23.86
5045,1.28,32.07
2676,0.84,25.47
19499,0.73,22.64
34397,3.08,
49115,2.69,30.15
43878,2.56,25.41
7594,0.99,36.07
4548,2.21,42.75
22518,1.09,60.375
36499,5.08,13.54
22591,2.37,28.2
23902,1.97,28.99
42113,3.66,89.03
35222,2.7,21.18
24419,1.6,29.49
44066,1.45,1.65
24373,1.86,
2635,4.77,88.07
49812,2.67,25.02
6678,0.17,19.06
23067,1.37,21.63
38135,6.51,82.7
6073,1.05,30.24
13719,1.43,18.26
29332,1.14,19.55
44032,1.38,19.88
23150,1.95,
25142,1.89,18.42
46536,2.1,23.64
5185,1.22,23.89
16802,0.88,
6779,1.92,22.96
48428,1.69,16.67
44133,1.0,19.56
49490,3.45,85.53
10373,0.37,21.27
35690,,23.99
44514,1.24,27.2
24620,1.28,38.16
31163,1.14,24.59
14112,1.67,27.7
48742,0.96,26.85
49224,4.05,77.01
9726,0.86,8.05
506,2.93,7.91
3013,1.13,18.96
34125,0.74,17.57
27951,2.16,27.93
49217,1.19,
5949,1.91,35.17
44364,1.08,17.77
37578,1.19,13.54
38636,1.05,16.88
12107,4.26,22.34
2494,6.6000000000000005,23.37
43202,0.36,0.0
18523,5.67,79.54
31715,5.29,37.86
25067,0.6,27.2
12454,1.96,26.02
48790,4.84,27.96
16739,1.16,15.88
11433,1.83,22.42
47987,2.63,
18238,2.75,30.59
34248,2.83,38.51
7836,1.51,19.58
42252,2.04,30.94
3841,2.22,92.52
26736,0.92,28.46
18677,1.7,18.53
25617,1.04,32.46
46377,1.15,21.85
23050,5.96,78.66
18513,4.46,21.99
49647,2.8,25.87
13375,,18.91
3469,0.87,23.29
12445,1.63,15.61
17084,0.45,6.37
29328,0.84,
21961,1.06,30.82
25910,2.89,26.51
29732,2.3,28.53
33935,0.89,20.38
10742,0.91,24.5
33558,1.84,14.26
13489,2.09,14.89
12275,1.83,17.02
3696,1.71,17.91
4123,0.74,35.074999999999996
33511,6.44,72.14
17879,2.53,23.31
39450,2.47,16.09
49263,4.88,26.47
26124,4.09,82.3
26663,2.65,17.98
9409,1.46,
26220,1.04,
12267,3.72,27.39
16467,1.0,21.47
25809,2.27,-8.78
41857,1.53,14.39
42710,4.72,7.76
44355,1.56,25.55
42518,2.03,12.4
8274,0.71,26.31
44257,3.82,96.16
9452,1.19,34.12
37150,3.56,14.84
41499,0.46,19.67
24110,3.58,250.0
22798,1.07,20.84
17849,0.16,23.0
45561,2.49,16.34
44612,1.76,20.37
39288,2.19,16.32
37665,0.81,7.07
23200,1.08,30.93
23709,1.36,17.7
31847,2.11,29.78
22080,0.88,14.45
18451,1.08,30.61
25767,1.12,21.45
21249,3.56,34.12
39632,1.63,35.08
22852,1.97,30.39
14474,1.76,22.95
36165,1.45,
26763,1.78,21.6
44543,0.99,15.2
47220,0.94,32.54
20200,1.65,10.24
8508,1.27,10.99
21481,3.02,24.22
29735,3.27,17.19
42484,1.42,22.4
46435,0.57,19.65
24235,,21.89
46479,0.73,24.45
19406,2.67,30.06
18371,,19.34
41920,0.72,18.43
41068,1.19,13.97
957,2.13,19.42
10827,2.39,28.99
1022,1.77,12.61
9889,,33.46
30918,0.51,14.45
43282,,14.62
14696,1.14,27.34
23336,2.56,77.9
43887,1.3,23.01
46690,3.06,38.43
47961,2.4,82.99
24964,1.09,27.26
26025,2.82,21.5
28831,2.73,28.98
12019,3.44,14.4
4079,1.52,24.42
13209,2.48,91.8
1931,0.67,13.53
37076,,22.61
8669,1.02,31.01
46082,2.86,31.28
40153,2.93,19.25
43713,2.44,26.44
46966,1.57,22.43
17822,2.68,24.75
30522,2.16,25.92
3184,2.74,17.11
15694,0.97,16.33
39702,1.62,19.52
35890,3.02,18.27
4668,1.91,11.49
40701,,15.81
18047,0.97,15.2
20478,3.12,11.71
32748,2.52,16.85
21250,1.61,21.51
5464,5.35,21.5
31184,1.54,28.52
12750,0.97,35.31
22587,1.96,20.15
31718,2.25,20.77
17837,3.01,25.53
2880,,23.89
23271,0.77,24.73
25043,1.31,
15309,1.67,21.99
32043,2.32,21.45
2755,1.36,24.04
46879,0.84,28.25
34237,0.86,
24600,1.5,19.02
49960,1.69,11.23
29941,1.15,23.78
49189,1.97,15.4
39848,2.14,27.72
11288,4.36,26.96
11064,1.84,
39448,1.77,27.1
15011,0.62,17.52
32819,,27.74
3498,2.98,23.7
24220,3.6,14.46
10793,1.26,16.34
41557,1.78,28.36
18363,0.93,22.24
21339,2.2,
5845,2.4,24.29
15249,4.99,76.08
1972,1.59,
46667,3.84,91.13
25806,3.55,15.44
34507,5.39,77.94
43727,0.71,25.08
33997,3.01,22.0
41014,0.64,13.71
21972,0.81,24.42
21631,3.48,22.33
1331,2.61,23.06
14876,,
49674,2.7,27.91
30713,3.52,14.21
37354,3.82,89.04
33303,1.5,48.4
8261,0.29,30.49
13801,1.38,17.83
40515,1.87,19.57
23738,1.53,36.29
45407,1.5,
17219,1.11,21.09
12150,1.01,28.03
13127,1.29,13.58
30134,1.1,10.57
24821,2.19,17.59
25973,2.1,66.55
48665,2.97,88.55
33059,0.52,15.69
33917,1.76,29.71
15003,1.86,24.18
40058,1.68,18.49
32273,0.32,6.09
21344,2.4,82.2
15624,1.24,30.18
37089,1.2,11.0
24551,2.3,23.3
19173,1.88,
14562,1.94,13.47
22396,,16.0
1030,2.68,29.44
47041,,20.38
14661,1.9,
36104,0.56,7.54
39036,0.57,15.15
20265,1.19,18.66
32112,0.93,25.94
6785,1.9,14.34
17867,2.43,31.62
2235,2.17,16.13
40564,3.04,11.15
38791,1.46,0.0
4414,1.37,25.92
21206,3.1,66.65
9252,2.0,34.74
4815,,25.22
1517,0.75,29.09
49007,2.68,19.69
27216,0.58,12.73
5421,0.46,28.98
3840,1.47,17.1
48077,0.27,25.48
5990,,16.86
5900,,35.64
48656,2.81,26.75
49625,0.65,0.9
5116,1.92,25.43
12681,1.86,1.51
49810,,27.7
32789,3.83,69.91
41820,2.08,22.86
11112,2.9,39.62
28390,6.25,
26072,1.84,17.55
300,,25.88
45700,2.34,38.95
625,2.5,30.34
41609,2.13,17.94
10970,0.68,19.1
30374,2.23,20.41
13791,2.46,20.06
26864,4.12,79.89
32149,4.9,80.54
27354,3.01,67.21
1202,2.49,20.71
44409,2.48,
22447,1.94,32.95
47964,2.49,25.83
41807,0.35,7.17
10176,0.59,19.13
11880,1.76,16.91
37757,1.75,20.58
16706,2.46,30.4
26038,0.07,27.8
21266,3.83,80.95
3099,6.17,89.16
14296,3.27,31.57
4930,0.1,35.88
17481,1.04,23.75
41959,4.37,28.54
14237,2.92,
46983,0.66,
44314,0.2,14.29
33110,2.44,25.81
25116,1.41,31.75
47370,5.3,79.53
9888,1.06,18.07
12084,1.97,32.84
6491,1.99,15.46
28886,1.05,28.09
15743,4.17,23.36
27458,1.83,16.66
42712,1.6,23.19
8995,0.45,9.24
46448,2.63,27.98
49040,2.31,20.31
37699,1.76,
1877,0.88,18.46
25070,3.33,28.28
39561,2.03,20.88
1404,4.04,14.54
16582,,20.1
29684,3.01,20.42
1867,2.59,
26251,1.1,17.06
20044,1.21,10.5
32039,1.47,7.13
7390,1.63,22.4
38061,1.69,13.33
42553,0.82,35.19
216,0.75,
35790,31.14,26.76
49062,2.34,35.59
28055,2.24,74.99
22487,2.34,15.03
2182,0.95,20.05
16397,0.97,30.25
14240,1.1,15.86
15155,0.48,10.73
16421,2.26,20.54
28637,1.66,17.67
49406,6.63,84.68
19344,1.02,31.45
4497,1.94,30.49
10565,1.61,28.67
20806,1.31,28.76
40101,2.86,30.93
19686,0.88,17.13
13154,,11.85
9898,3.68,78.37
45372,1.93,25.68
16640,0.39,23.12
44377,1.37,22.12
18643,1.14,4.32
29104,2.57,83.5
42248,1.29,25.77
49524,,19.35
22937,2.01,18.95
34277,3.42,5.29
29161,2.17,16.0
10005,1.88,
26180,1.02,35.91
49643,1.01,39.08
31959,4.75,15.9
23950,1.65,13.84
7336,1.35,22.08
24210,2.6,18.42
48456,1.39,24.54
36397,1.6,31.86
6063,1.09,26.03
10424,0.65,29.38
36464,0.82,25.61
9567,,
24582,0.66,23.9
35537,6.62,76.84
35352,2.34,7.88
3030,1.25,
14323,2.23,30.69
6922,2.46,10.39
39027,1.37,15.72
7703,0.6,31.05
33763,2.62,26.95
19509,4.21,79.29
9388,0.86,6.99
43654,0.23,30.41
22084,0.2,30.33
21343,1.08,23.44
20871,2.99,24.4
4899,0.75,23.94
6804,1.05,21.2
24156,2.97,32.16
8033,1.16,36.14
16774,0.77,26.28
13116,0.97,27.07
27447,,32.78
35185,0.81,33.99
4529,3.17,
23140,2.84,
48427,1.49,19.51
9586,3.02,17.2
18083,3.53,23.62
35851,2.16,18.4
3486,1.5,19.44
46672,5.81,86.55
26338,1.43,
13647,4.75,88.9
8682,3.44,84.51
42538,2.11,33.0
36358,1.03,27.77
39703,1.43,25.81
49620,1.11,34.39
6252,5.86,95.36
20574,1.76,52.975
2885,0.76,17.62
46283,1.73,18.49
33950,1.87,23.41
41851,2.2,
40541,2.12,
43998,4.15,9.44
26380,2.28,18.66
46290,0.83,24.97
44986,0.48,18.09
12528,2.05,35.14
40881,1.83,
9807,2.98,78.55
40428,1.85,19.89
15742,0.47,26.41
28178,1.11,6.78
32890,,21.06
47685,1.22,20.54
16280,0.81,23.19
23817,,18.88
14561,2.79,80.52
4591,,30.0
23349,1.52,17.26
25485,5.61,71.76
340,0.85,18.71
2539,0.45,30.16
39613,1.57,11.92
38334,0.65,26.3
35121,0.6,22.79
41703,1.63,16.42
13935,1.33,14.25
47471,1.07,19.79
24534,1.84,16.89
31841,0.3,32.04
848,0.85,20.18
36090,1.6,30.26
16873,0.65,24.9
44137,1.77,-41.7
5853,1.4,22.65
40587,2.82,32.21
11967,3.18,68.26
34058,1.17,20.28
37555,1.58,24.35
10515,1.42,30.48
48922,1.63,11.78
21330,5.88,86.71
8810,0.74,25.08
36038,1.45,33.9
42280,1.35,17.62
32612,6.18,
9738,1.66,25.42
30652,1.68,45.06
17702,0.47,36.43
7060,2.97,31.7
45959,1.74,19.65
49422,0.89,34.54
36,4.15,9.55
33390,1.56,22.73
45884,0.63,35.92
36353,1.62,19.83
34618,1.58,11.98
3591,2.29,34.52
48691,1.41,29.23
34492,1.73,16.3
44474,0.75,24.4
38915,1.83,31.47
36283,1.3,17.68
16723,1.8,21.76
12170,3.96,74.7
49964,2.64,31.57
43491,0.45,18.54
19541,1.3,20.76
8806,1.09,
21059,1.41,35.52
15186,0.6,16.42
10074,2.95,20.58
2622,1.81,21.53
44745,1.72,25.61
4398,1.91,22.14
24302,2.46,43.52
31395,1.19,12.58
29724,0.78,
41919,3.13,16.05
33320,0.85,26.89
24732,1.41,26.01
31457,1.25,30.14
15158,2.05,20.82
6959,2.02,21.43
13984,2.01,30.48
23206,1.8,10.12
7907,0.87,31.77
8750,1.95,15.81
11343,2.03,35.31
44003,2.1,29.77
43679,0.66,6.19
3192,1.44,27.14
40953,2.04,
47989,2.44,19.59
29790,3.12,28.03
23288,1.48,23.36
49336,3.69,
42,1.33,29.96
9007,1.12,23.11
48724,2.2,25.13
5181,0.55,17.61
28333,0.56,6.89
26157,2.07,22.94
33373,1.41,13.44
16373,3.62,78.48
9328,2.05,29.45
49241,0.79,31.22
28400,3.5,19.67
32623,2.7,35.04
44330,4.02,85.04
44806,0.32,40.21
43988,1.19,18.74
37008,4.09,12.86
3132,0.83,29.31
48524,1.15,20.33
6859,0.42,0.0
5467,0.42,28.99
17856,1.22,21.24
5032,0.31,27.16
49102,1.02,91.4
6028,0.43,25.13
35510,1.44,14.63
27667,1.61,22.52
18312,3.54,23.24
24511,2.27,74.34
24656,1.91,32.99
3107,0.86,25.05
22841,1.97,249.925
49685,2.86,23.92
16064,1.58,8.09
9651,3.55,7.87
6590,5.06,95.38
36642,4.24,82.09
29617,0.92,17.86
20235,0.75,16.32
17513,3.53,19.7
24990,0.76,31.26
2862,0.82,24.73
46048,0.77,14.26
26410,1.05,27.5
27966,1.71,16.08
2875,3.03,25.38
12852,1.31,15.59
29541,6.84,74.42
14935,2.65,21.94
12999,0.92,-8.19
43609,15.78,21.26
20647,2.85,20.36
21273,2.87,20.9
45982,4.87,89.64
5390,3.05,26.6
32891,1.52,21.52
47073,3.02,66.24
30906,0.87,19.08
16297,0.54,17.23
22436,1.6,21.74
41650,2.25,12.13
34713,3.9,74.84
29972,0.7,14.78
13600,1.07,29.01
20556,0.66,30.31
5546,1.2,13.88
20645,1.85,19.32
38005,1.08,18.51
37703,,16.75
43349,3.33,28.78
8334,1.02,17.33
32455,0.53,33.5
38080,,17.93
28939,0.76,21.81
35306,4.59,68.11
29555,1.73,20.15
20781,1.08,
14532,1.87,35.65
39642,0.46,16.34
45334,4.27,13.21
36804,1.04,24.2
40672,1.99,16.22
42868,0.62,14.47
15174,3.7,36.63
27187,1.17,22.8
44644,1.23,24.86
21286,1.13,21.2
630,0.84,26.11
33738,,20.05
43980,1.07,26.13
5948,2.07,25.84
9470,1.5,9.15
47449,0.74,18.69
39693,3.29,24.52
35863,0.53,24.03
37916,0.73,36.61
28321,2.22,26.97
2080,1.69,30.71
33399,0.23,19.33
39157,,23.55
13043,4.11,72.42
7485,1.64,30.29
26523,1.66,16.13
23696,3.33,24.9
42071,2.79,18.21
19718,0.19,19.61
45208,2.24,31.21
36037,3.43,82.5
26476,0.71,26.09
19102,1.61,12.24
22381,1.84,28.52
22530,0.63,30.79
30690,1.43,13.81
39032,1.18,34.81
37112,2.18,27.65
19487,4.47,24.07
42277,1.16,20.96
11567,0.78,16.69
15959,0.62,
18448,1.66,25.89
33152,3.31,30.37
3398,1.83,16.18
31086,1.02,23.22
34832,0.73,
47410,0.99,45.68
47197,0.37,9.22
16669,4.71,94.34
7045,0.24,21.73
28492,0.66,21.75
46619,1.09,33.39
31523,1.24,18.27
22215,0.41,28.98
6272,1.18,23.58
49272,1.72,24.63
49908,3.93,25.47
19737,1.35,30.29
37356,,12.51
13654,1.41,19.08
14492,1.27,20.19
2566,1.34,20.38
17903,3.99,79.78
6530,8.67,87.52
41580,1.07,26.73
14544,0.75,26.38
18630,1.03,12.05
25251,2.12,23.95
47413,4.72,88.29
4990,4.97,88.94
35236,5.65,81.01
24310,1.73,13.38
7154,2.19,28.88
48229,0.44,29.78
25214,2.15,23.41
39074,6.96,74.93
3978,1.47,17.17
27610,1.64,31.77
3835,1.07,22.81
2434,1.59,20.55
40528,1.52,20.69
30539,,
30107,2.09,16.02
20782,1.22,26.88
30101,1.69,24.8
6575,0.98,7.58
12334,0.54,12.36
16009,1.39,4.65
16299,0.98,11.2
33327,1.03,18.23
38381,1.48,21.26
269,4.83,89.37
14007,0.52,23.17
7126,1.24,31.96
43536,6.87,87.85
28437,2.69,34.65
25705,4.84,36.86
35192,1.54,32.53
16046,0.59,23.52
40822,1.04,22.26
25909,5.5,77.69
38136,1.22,40.4
31191,2.49,15.45
12842,2.89,25.79
7066,3.12,18.48
24865,1.05,14.42
42341,1.12,14.75
27325,4.0,25.68
3599,0.55,6.83
11237,2.93,35.71
25584,2.22,
29083,4.95,84.95
49395,1.71,84.47
45034,0.29,32.05
2794,0.83,
1660,7.11,83.16
8409,6.8,69.23
49000,2.28,
27269,1.86,32.3
49253,3.11,97.45
13708,1.65,23.08
260,1.38,12.12
6387,3.07,74.06
27558,3.61,17.11
29920,1.66,11.37
33016,1.23,33.23
24908,0.76,21.97
42372,1.85,21.95
25918,1.1,23.43
7097,1.7,19.7
23138,1.61,29.79
28396,0.74,27.69
23534,2.55,23.41
19386,1.94,17.33
29257,2.1,
41309,1.61,31.63
37958,0.22,5.41
37631,0.24,
42877,1.96,74.4
47316,1.01,29.52
30812,1.51,28.19
46226,3.37,6.66
10514,0.58,68.15
23818,2.11,31.97
10809,1.46,22.48
21459,1.76,23.66
13534,1.3,12.89
22146,1.91,
13930,0.63,26.17
4509,1.46,24.92
11520,2.15,22.41
44062,1.37,17.86
45675,3.07,13.13
41248,1.19,33.08
12654,,16.15
36216,2.13,11.75
49853,1.95,27.58
2022,0.47,
12409,3.14,28.82
17502,1.45,27.34
46517,2.99,28.58
16700,2.19,25.55
39518,2.53,21.89
23183,1.34,22.09
11811,0.94,
35400,1.8,
37651,1.81,16.94
12180,1.44,22.39
7010,0.82,29.54
8771,6.959999999999999,33.01
35736,0.8,19.61
45971,0.87,20.24
26518,0.42,12.39
36280,1.59,33.32
27098,2.02,19.85
4875,1.34,24.23
21964,1.47,27.75
39833,1.17,
34304,1.75,83.9
2598,0.87,32.81
8509,7.39,84.65
8648,2.14,21.52
15645,2.58,20.7
18479,1.76,24.18
33300,1.56,19.98
47504,0.72,29.23
36433,1.84,16.76
16103,0.47,27.36
32486,1.21,33.78
12713,3.06,28.28
34908,5.05,
43891,0.74,34.32
28726,0.51,23.06
4621,0.11,24.03
34311,1.72,19.46
35912,,79.13
27591,1.09,60.575
4663,0.95,18.4
45800,0.2,22.68
10703,2.64,20.6
14572,1.11,17.94
49286,1.45,24.36
12998,5.66,82.21
9549,0.24,17.77
22559,1.53,20.59
9903,1.44,13.06
33194,1.55,20.18
8176,2.05,24.94
10833,2.42,18.6
13188,0.79,30.18
4395,1.3,22.89
38097,2.16,21.04
23494,1.16,15.06
5413,1.15,17.45
16953,2.18,24.67
14156,0.95,23.93
31365,0.94,30.09
28628,0.88,0.0
3659,2.4,
10668,,23.67
20677,1.42,15.53
17779,2.21,25.74
28824,0.68,33.07
15277,3.46,89.79
48673,2.68,22.26
39080,0.72,34.0
25832,1.6,19.86
34037,2.56,12.04
47775,4.35,81.47
19661,0.22,35.15
22300,1.76,15.39
12687,1.6,29.56
19877,1.7,19.05
45482,0.6,9.32
49003,1.19,15.71
19592,1.4,25.08
21597,2.3,27.05
20777,1.26,23.9
35604,2.4,25.42
28021,1.19,
7627,0.38,27.77
34977,1.39,29.89
28387,0.59,10.09
10013,0.88,22.13
20714,1.43,21.55
40435,0.55,24.28
16302,1.23,27.55
31498,1.95,19.9
22336,1.36,17.0
27941,2.02,26.15
13416,0.98,15.95
14608,3.69,29.94
25784,2.93,
10183,1.23,12.7
15210,0.71,27.85
23382,3.6,11.7
945,1.76,19.8
13857,4.0,74.69
38642,0.87,35.02
3028,0.52,30.225
736,6.27,80.87
25283,1.38,17.92
1182,3.72,28.31
36484,3.33,36.46
35957,1.17,28.39
6667,0.68,15.1
5564,0.35,23.76
28940,1.21,6.76
24967,0.82,10.15
40928,0.79,19.2
3442,3.35,73.64
28439,1.5,21.6
7141,5.51,81.88
44942,,38.33
32648,2.03,13.9
26423,1.09,19.22
33297,0.55,4.13
16067,1.15,27.16
21321,1.88,25.21
34168,1.86,19.97
3464,0.94,35.52
8166,3.8,84.53
47374,0.65,23.8
40056,1.34,8.4
30380,1.48,14.6
16560,5.43,9.04
39721,1.39,18.96
35421,1.92,33.02
4304,6.64,84.0
34809,0.92,24.78
3711,1.11,16.16
7634,1.86,19.76
16759,1.99,17.21
19313,1.71,4.42
33136,3.17,
45348,1.08,28.86
44447,1.96,30.72
37635,2.35,22.79
32052,3.51,35.67
18027,2.64,76.9
8738,2.11,20.81
42401,1.4,24.49
23075,0.85,10.86
25159,0.84,27.78
1117,1.07,28.21
4256,2.26,24.97
20094,6.21,76.96
28334,13.98,74.84
46075,1.84,19.17
28386,2.56,33.6
28854,1.28,10.5
4889,2.81,17.13
21656,2.92,30.31
42564,4.83,81.56
13678,1.0,19.21
46956,0.93,32.85
11976,7.52,89.05
12350,1.08,26.31
42566,1.5,23.81
1253,1.26,21.6
8888,1.16,29.21
15956,2.18,87.9
28186,0.88,16.31
26938,0.17,18.37
9323,1.15,8.74
11264,,17.0
18101,1.11,19.28
46280,2.22,29.53
34966,2.6,17.3
23555,5.26,92.72
44479,0.87,6.58
15513,2.97,24.34
46573,1.75,12.68
47331,0.61,32.53
26888,3.79,98.41
48764,,14.3
41554,1.1,30.23
10984,1.08,27.01
13830,1.42,19.79
47200,,41.18
21534,1.17,25.69
47196,1.42,18.07
28493,0.48,15.46
9590,3.11,30.57
32113,3.69,10.03
46797,0.86,17.77
45923,2.63,20.08
42278,0.73,30.93
11252,2.41,
8135,1.25,21.46
42266,1.52,23.8
47319,3.52,19.89
11269,2.31,20.65
31570,1.6,
13275,1.86,
525,1.26,16.65
17582,1.36,27.17
17329,0.68,19.32
40426,3.79,20.82
41428,1.4,20.32
1932,0.71,13.19
42957,3.19,23.83
45147,1.25,28.23
40773,0.54,29.87
17383,2.39,22.39
45587,1.24,22.98
38156,1.6,25.44
49857,3.41,19.23
36106,2.29,31.22
12066,3.26,74.75
47462,2.55,19.04
31800,2.51,18.09
36974,1.51,10.11
9042,2.82,5.12
23363,1.47,37.69
17354,2.72,27.46
41081,2.22,33.92
35829,0.35,25.0
31675,2.95,18.91
46385,1.94,28.01
34204,1.06,30.07
20036,1.22,40.59
10409,2.13,24.09
17425,1.12,27.57
11068,,25.3
3196,2.34,-22.55
6758,,18.77
39842,,15.76
8084,0.79,21.74
3170,0.74,21.21
2550,1.48,22.31
6240,1.4,14.53
11683,,32.49
25085,1.97,17.65
8610,2.18,26.64
14458,1.32,9.78
36814,4.84,20.69
7121,0.32,28.73
47594,3.11,
15173,1.58,21.99
711,1.34,9.42
9703,0.38,30.64
28730,1.6,8.9
30463,7.36,91.22
25804,0.85,16.94
42106,8.96,
48265,1.22,8.52
45663,0.89,25.95
38803,1.16,2.48
43696,0.17,84.25
43838,2.86,
16613,0.52,20.54
22939,5.75,93.72
27351,2.43,21.06
43622,1.75,27.76
10137,4.82,
46069,0.37,5.89
35805,3.29,14.31
31203,1.64,20.91
17647,0.72,23.53
18673,3.34,19.29
15923,4.07,83.77
395,3.92,14.9
447,1.32,20.92
30724,1.1,28.88
32909,1.64,10.2
3127,1.76,33.44
42447,2.1,24.38
42029,0.84,16.16
1073,2.55,85.88
30099,1.14,10.38
16150,3.0,18.04
1500,1.71,15.41
33697,1.54,22.85
41323,0.51,11.98
3156,1.14,14.09
38464,1.4,17.72
43233,1.81,15.05
13138,1.54,27.13
16409,0.51,20.99
41227,0.47,26.61
33189,0.62,14.33
7106,5.4,100.0
23737,0.52,16.0
19652,1.94,31.99
3727,1.94,35.8
44199,1.24,30.91
37065,0.39,12.86
11938,2.4,22.28
18509,1.09,26.29
19393,0.69,29.36
3779,0.82,
36233,1.28,27.67
31296,0.62,14.05
40818,2.61,28.93
44004,0.85,36.37
11266,1.39,22.8
45853,0.72,27.23
481,6.11,82.1
34761,1.59,34.92
44583,2.4,9.96
37347,1.87,26.97
8780,0.73,6.29
40669,19.44,22.88
14026,0.82,28.94
4085,1.77,27.74
37180,2.08,11.85
18711,2.02,17.48
46336,2.05,16.41
178,0.71,23.21
43788,1.57,8.83
11194,3.64,20.99
24071,1.93,28.09
15323,,17.34
22459,0.54,23.95
13846,0.36,19.3
47065,1.21,31.54
25041,1.14,
23114,2.6,21.35
28676,1.32,19.32
22828,2.36,90.77
7229,2.84,31.0
47206,1.16,25.54
48102,2.48,29.49
35176,,22.88
25315,0.73,22.05
34732,1.5,23.97
23360,0.45,30.05
708,1.8,30.2
2864,0.87,24.03
47538,,32.06
24298,3.87,53.33
38151,1.24,16.52
6632,0.19,
12450,1.09,22.54
22189,2.33,7.94
12048,5.69,23.09
36952,,
3538,1.98,19.63
10126,,14.0
31370,0.73,12.95
33319,0.94,25.68
9977,0.52,19.57
44997,1.23,35.83
43740,3.11,21.56
25097,1.06,24.65
38431,2.52,6.19
24724,1.57,
19337,1.25,25.19
48179,1.5,19.83
41654,0.74,32.26
37334,1.12,20.22
34393,0.44,12.92
38854,2.07,23.02
21648,1.7,11.74
1536,3.1,22.11
1554,4.56,22.58
3575,1.92,21.9
5379,5.7,66.26
36693,1.39,22.82
7216,3.08,30.93
36190,2.15,20.42
26177,1.38,
34423,0.69,
13003,2.13,35.75
49420,0.6,31.97
31007,1.11,23.14
16057,1.96,23.16
21054,1.09,30.33
27537,2.1,
22835,1.58,16.6
18791,2.47,32.68
10149,2.41,43.675
30966,1.84,17.8
24588,2.51,19.92
21881,2.39,8.23
26967,2.19,12.98
266,0.96,31.26
48162,0.46,29.18
17953,1.26,24.05
1653,1.04,17.37
32402,1.32,32.68
48890,0.64,14.3
14883,3.95,74.32
2109,2.62,22.79
12105,4.25,12.52
24208,1.27,25.67
2962,1.03,26.15
16842,0.94,25.24
46796,0.39,32.92
17527,3.06,1.22
4542,2.56,23.95
30076,1.22,18.22
33339,3.18,71.24
31515,0.47,20.38
41685,3.07,7.32
27877,3.59,16.76
30483,2.42,18.48
24718,0.69,24.21
41488,1.47,14.39
28047,2.58,19.68
14902,1.59,30.04
20542,,31.74
35201,0.81,37.12
26910,0.98,34.81
611,1.84,11.14
18342,1.93,16.21
44771,0.97,6.88
46518,0.75,36.95
15825,1.26,
5782,0.89,25.66
40712,5.17,76.44
1096,1.48,25.46
28457,3.16,23.47
7020,3.0,28.16
7955,0.85,20.02
20749,,19.82
47295,5.18,71.23
42995,1.33,30.11
30711,21.18,16.16
6054,0.74,35.36
9843,2.8,23.89
193,4.03,87.73
22717,2.26,21.01
34036,2.55,25.64
39026,2.16,24.83
28796,0.93,19.02
11317,1.12,33.37
34368,1.82,22.94
6742,1.45,31.42
48717,1.07,25.91
28853,1.18,23.04
48038,2.99,8.91
4864,1.29,32.32
40069,1.64,18.55
22600,2.16,24.74
41819,1.46,12.42
41914,1.56,13.91
28234,0.57,31.19
41298,0.66,26.57
34420,,7.55
39765,0.45,21.34
45834,1.78,17.78
40465,0.63,25.91
46826,1.79,16.63
26253,3.84,
13186,1.83,6.18
45282,1.73,17.35
9421,1.46,16.82
7914,1.71,14.5
28716,3.2,76.36
36962,1.3,18.47
25145,1.65,9.76
40501,0.61,31.18
41456,0.43,13.62
40573,0.59,12.61
8634,3.1,16.94
41100,1.11,21.42
8748,0.95,19.97
31292,2.91,35.65
28077,1.45,12.2
5249,0.89,
32967,0.81,23.99
45740,2.41,19.19
28223,0.43,32.59
40636,1.15,11.91
40305,4.32,80.1
19340,0.9,11.83
19138,10.98,
18776,0.67,18.11
23438,1.45,11.37
37295,1.05,16.24
21929,1.81,12.83
49481,0.24,6.39
3021,,21.14
40989,2.01,84.25
34665,,21.59
14628,0.61,20.14
42894,0.98,32.31
14632,1.22,10.01
27800,2.2,29.31
4454,1.6,29.32
23726,0.91,14.15
27508,2.09,23.12
25111,1.86,26.76
37611,0.95,23.12
41072,1.42,4.32
38299,1.18,13.89
24953,0.88,8.56
46175,0.77,19.71
29460,1.48,27.54
11826,3.28,23.06
43380,2.08,20.68
4763,1.03,9.44
10858,2.65,
38834,0.76,15.75
21902,0.61,19.82
37250,1.99,10.69
47075,0.85,14.44
38946,3.44,74.77
5822,2.0,41.06
18387,0.72,21.87
45370,1.6,40.54
49987,2.17,21.41
38756,3.6,11.11
34989,3.91,73.1
29805,5.12,79.33
38593,1.59,19.56
4640,1.72,
23423,2.29,27.7
1538,1.39,33.12
20470,0.64,19.87
16300,2.1,15.25
34547,2.97,25.93
48345,4.63,72.66
3019,2.6,15.93
32625,1.54,17.99
27666,0.9,34.2
6286,,26.97
409,1.32,20.7
1592,,25.88
11138,1.06,18.24
38753,1.83,17.11
38613,6.19,76.94
49378,1.16,34.09
27324,0.83,83.925
38894,0.68,23.99
41904,0.42,29.01
12255,0.26,13.4
36809,0.71,21.93
10347,0.29,14.55
40512,1.46,17.58
47755,1.35,7.33
1397,2.05,22.5
38090,0.98,21.64
28489,0.63,24.28
17575,1.29,18.29
34029,2.46,72.83
19210,,26.36
23750,0.3,19.52
10102,0.87,21.4
5034,1.42,11.56
28535,1.11,15.57
2984,2.01,24.69
12622,1.3,
40092,4.52,85.41
43020,3.06,26.74
35917,1.38,19.98
25592,2.75,12.16
17755,1.04,15.78
2689,1.38,26.12
5722,1.24,17.58
41641,1.43,11.88
29343,5.66,82.5
10771,0.68,11.75
256,1.71,21.29
13842,2.1,17.81
18422,1.55,15.75
29073,2.65,19.33
46043,5.04,
47926,1.07,25.26
1115,2.06,21.11
21946,1.66,19.26
12175,0.81,28.1
46890,1.73,32.08
14335,0.94,21.15
39763,1.26,31.33
39284,1.35,24.41
42265,2.69,25.89
29698,0.7,30.6
6875,,81.94
23538,1.39,39.62
26407,1.71,26.61
30953,,25.48
25892,1.43,
40256,1.77,18.99
28062,2.13,15.66
38512,3.37,25.37
13329,2.23,26.78
13918,0.99,13.7
40240,2.07,26.59
31511,3.1,75.8
11078,1.36,22.31
39866,0.34,24.01
15594,2.14,
42123,4.08,69.72
4622,1.44,16.91
45649,4.93,92.47
25624,1.53,16.65
14136,1.75,25.61
44549,6.99,87.66
19580,1.43,21.37
35487,3.4,42.14
47513,2.08,18.12
29446,1.32,18.59
49086,13.86,26.22
37498,4.34,0.0
27115,3.19,40.13
42242,1.17,21.36
23855,1.59,25.25
46225,1.3,23.82
24494,4.59,31.91
9640,0.99,21.81
26203,1.93,7.23
3129,1.87,49.07
10401,0.92,29.39
28058,0.55,16.05
35310,0.68,13.54
4457,1.18,16.42
44541,0.82,29.98
45453,1.26,21.43
36332,2.62,38.52
14432,5.09,
30269,1.2,28.64
30448,2.27,54.625
22455,0.55,28.17
43926,0.74,15.89
21616,1.18,19.12
3656,0.98,26.34
16793,1.41,51.64
2693,4.89,64.11
38049,7.37,68.47
40016,0.54,
40358,1.2,24.4
23931,2.14,32.5
7693,1.14,32.85
1639,1.7,3.11
17268,0.79,21.24
45960,1.62,15.34
9370,0.95,6.33
15820,1.18,
28728,2.43,15.04
42532,0.63,20.41
35864,1.83,27.15
13803,2.0,17.1
18797,,80.98
33551,2.45,28.1
47461,2.78,29.02
31433,0.49,34.76
32922,1.16,35.05
16472,0.7,18.9
30563,1.13,
38138,2.51,20.29
45448,2.59,22.95
15891,0.9,16.07
3382,1.45,25.57
14514,1.45,12.28
45975,3.59,23.8
13228,14.16,13.74
30716,1.0,29.66
21776,1.0,18.94
35230,0.96,18.18
49238,0.47,19.45
10819,1.31,24.6
32645,0.93,44.625
39793,1.21,26.12
17374,1.21,19.28
42736,0.64,9.51
9454,0.73,21.77
15716,1.48,17.37
15548,1.37,17.03
17826,2.38,19.77
49688,5.05,87.12
24778,1.07,20.19
28887,2.36,29.33
17137,1.51,27.5
37788,,28.5
16084,0.91,11.24
22692,1.3,27.43
47878,1.94,17.54
553,2.35,22.41
12252,2.3,21.85
19142,2.29,20.96
33937,2.69,65.15
33693,1.71,20.8
43453,0.43,25.43
2788,5.81,77.07
24194,0.58,30.93
12799,0.88,13.95
42664,0.32,3.92
3365,1.66,
12782,1.86,38.86
26858,1.83,19.33
42922,1.72,23.57
38166,0.42,0.0
11884,1.92,33.04
14797,1.07,29.75
41944,1.16,28.92
2742,3.21,71.67
2437,0.6,31.7
9509,2.65,29.78
43072,3.08,27.62
12453,1.22,32.04
5824,,37.35
33556,3.33,8.45
38498,0.13,24.76
11167,0.51,4.28
18340,1.51,
1495,1.68,20.12
24359,0.9,-26.95
24413,1.44,25.62
10387,1.32,4.89
7886,2.56,2.33
5964,1.04,9.17
47747,0.79,23.71
9247,0.6,22.09
2917,3.61,21.02
28773,1.6,30.37
49733,1.55,
33417,1.96,11.68
33594,1.57,26.18
30651,1.11,
41803,0.78,15.91
12232,2.38,33.19
12869,0.52,7.14
29720,3.24,12.5
22058,1.58,33.88
36086,3.24,
35472,3.07,26.67
12932,,
15304,1.4,
36782,1.13,20.89
39231,0.66,
2049,1.25,10.09
41413,0.83,28.88
7391,1.84,26.99
49722,1.49,28.32
33326,1.66,
32607,2.52,3.79
40062,2.12,73.02
2702,1.68,25.05
10904,1.44,29.89
25455,1.4,21.74
37859,,77.74
34422,1.27,72.97500000000001
23997,0.65,30.0
46409,3.88,24.55
41686,1.5,23.7
21836,0.82,9.14
28501,0.43,23.13
42297,1.83,17.21
21389,1.97,16.37
9144,1.37,28.31
29372,7.28,68.67
10600,3.95,30.9
44775,4.73,24.25
48933,1.34,28.22
8863,1.69,20.88
29677,2.12,27.2
1879,4.98,9.41
7422,3.56,81.73
44859,2.46,19.85
23857,0.92,19.91
32720,2.87,33.26
12783,2.63,
37475,1.5,23.24
4702,0.49,
11017,5.49,
46549,0.31,6.81
48393,1.5,19.12
28961,1.29,22.62
15958,1.52,
25948,1.84,17.04
14182,4.46,-88.44
11613,3.77,14.59
17992,1.31,32.76
2376,2.64,17.85
27001,0.91,13.28
47240,3.18,20.16
889,6.48,17.25
16097,0.52,28.84
16031,2.79,100.0
31458,0.73,17.9
36521,1.3,24.26
20085,1.74,9.45
29245,,24.49
3915,1.87,35.28
38157,0.63,13.74
4877,2.1,31.55
47579,1.47,29.92
19349,0.87,24.15
46585,1.43,20.55
11335,3.93,
11127,2.57,28.14
25808,0.68,24.68
8628,1.26,22.46
34564,,19.13
22553,3.51,24.45
21809,3.17,80.0
49067,0.94,30.4
3315,2.62,31.87
27748,2.43,26.0
3222,1.07,27.95
26735,2.0,21.27
14290,0.76,12.53
43524,0.18,27.38
9690,2.04,18.94
22985,1.39,39.44
23455,0.69,22.82
25396,0.9,12.44
10323,1.8,26.18
10096,3.53,93.29
23245,2.4,65.175
17941,6.58,83.14
15719,,34.65
23658,1.08,23.36
10185,0.81,22.14
13625,1.27,38.51
31604,0.98,21.35
47349,3.27,25.55
10457,0.18,19.12
47483,2.46,8.68
28225,3.33,19.31
9363,1.52,18.4
43166,1.9,24.54
1911,1.0,21.39
40876,1.67,28.4
11984,1.3,18.2
37814,1.74,23.75
30436,2.07,11.77
39378,1.3,19.41
42933,2.47,12.52
28753,1.54,10.35
20309,0.53,21.09
12761,1.8,21.29
49508,0.86,29.68
40579,0.96,28.18
26842,0.59,17.55
3652,1.6,35.33
46464,3.06,14.12
30816,1.24,18.15
43410,1.54,14.48
48064,2.83,
16932,1.26,18.45
14586,2.05,24.45
12907,1.99,30.93
21981,3.34,36.52
10129,,75.07
40863,0.81,23.43
23164,1.19,14.2
28542,2.97,15.97
27902,1.84,16.62
10077,0.26,23.92
41900,1.0,36.71
24857,2.46,17.15
30935,1.87,19.22
24779,0.88,13.75
10630,0.83,
29914,9.0,42.95
19211,4.92,23.4
21953,1.32,31.23
42775,8.52,70.78
9817,1.63,
6534,0.7,-23.68
32425,1.55,19.9
13164,0.73,24.15
9836,1.8,15.11
43673,2.54,33.01
4686,2.26,16.32
24372,1.63,14.31
44169,2.28,19.55
49242,1.62,20.24
9462,2.35,19.1
21682,1.18,10.67
28523,0.75,21.98
17016,,17.0
49526,3.56,30.69
20413,,27.52
30154,2.37,21.4
25117,0.74,29.95
15630,0.56,16.56
21048,10.85,83.97
11847,1.94,29.45
10721,0.71,28.09
23633,2.33,13.29
6658,,25.66
49966,,6.69
7965,2.37,20.39
18518,1.32,18.36
22928,3.85,82.05
35032,1.08,22.1
17405,0.88,
15560,1.7,29.16
21307,6.64,90.23
33018,0.55,10.08
33352,4.14,13.64
42077,1.7,29.11
4772,0.17,18.72
20105,0.82,9.06
2694,1.25,12.88
20713,2.08,17.33
38532,3.09,24.78
23387,0.43,15.83
35151,2.0,33.82
30003,5.1,84.55
1753,1.82,26.87
37169,1.39,
49897,1.05,25.29
15708,2.79,81.1
36991,2.26,38.92
40918,1.11,27.11
6198,0.75,1.63
17800,0.21,10.21
18696,1.41,24.6
12989,1.36,24.4
26810,0.6,15.86
36403,3.73,30.82
21498,2.37,20.62
45899,1.17,28.85
34050,2.01,32.35
7770,1.09,14.85
17144,0.46,18.44
870,1.57,14.89
12615,0.33,18.93
13876,1.74,32.6
20152,0.85,23.87
39246,1.89,14.83
36635,2.01,
14042,,17.99
8279,2.35,
24090,1.84,27.34
43705,1.5,20.15
29889,1.69,19.64
45552,1.01,23.63
4173,,27.98
26237,4.76,89.81
29316,3.79,13.52
42469,2.63,14.12
36389,3.14,14.63
48315,1.49,32.84
7064,0.37,12.5
28185,3.34,31.37
16193,2.44,24.1
18757,0.9,15.13
17498,1.07,27.28
43941,1.04,11.81
44299,1.01,23.74
40828,3.02,39.38
49694,,19.91
7897,1.19,23.56
5059,1.35,27.91
35935,1.39,
19924,,29.32
13790,2.68,19.93
4869,11.17,87.45
2230,1.89,23.17
13389,1.49,33.12
15057,1.67,21.78
29232,2.31,30.81
49940,1.25,15.32
31587,0.85,18.93
191,0.19,18.56
45043,4.68,30.39
19201,2.25,24.35
18547,3.41,35.0
33345,0.84,30.68
25073,2.11,24.3
49193,2.49,22.7
10408,1.59,21.87
9483,0.79,14.09
19017,5.9,21.13
40698,0.57,30.61
27909,1.83,22.93
38643,0.87,34.27
27813,1.26,20.88
24116,0.8,37.32
946,4.37,79.53
16893,4.32,23.72
421,0.96,10.44
35992,1.38,17.35
26759,5.15,90.25
31750,1.05,13.81
23949,1.55,11.66
44012,1.25,9.45
23221,1.25,31.84
21401,1.06,45.73
22764,2.03,30.02
37914,1.47,32.14
31571,1.03,17.35
25000,2.28,30.4
26621,1.85,
42773,0.3,20.64
24704,2.54,23.67
27492,4.96,8.19
16107,1.46,31.85
39293,0.49,40.21
23113,1.11,23.8
20327,1.92,38.39
38445,2.33,21.27
13235,1.76,20.44
36805,1.03,7.2
19125,1.93,37.83
36669,2.03,19.93
17886,3.06,16.66
2799,1.49,22.52
3742,4.17,27.14
2826,1.2,26.28
17411,4.18,8.26
45138,,87.9
23607,1.68,5.57
2843,0.61,5.51
33822,0.61,25.09
20392,0.6,17.3
39286,0.5,28.42
16246,1.18,7.23
6158,3.42,38.94
35817,2.47,
39066,1.61,10.84
4024,1.34,12.75
47070,1.61,21.44
28595,2.02,13.81
19587,2.21,23.08
16790,2.49,34.99
19082,1.52,31.29
29275,1.16,24.1
27777,0.41,23.44
3873,2.69,34.9
38356,2.09,15.89
40130,2.27,82.55
23298,5.06,74.0
48506,4.56,77.33
29804,1.54,24.55
1866,0.46,16.61
40723,0.73,9.17
37653,5.42,74.21
25770,0.77,21.7
3709,7.87,78.95
5114,2.59,15.47
21660,2.81,33.19
4326,7.66,82.74
40001,1.07,25.39
29389,1.15,19.86
1292,2.02,8.56
12078,1.8,12.92
45706,1.07,32.82
16785,0.91,21.52
10390,2.14,17.1
35793,0.54,
42937,2.4,22.46
42504,1.46,18.74
6951,1.22,52.375
38454,0.49,22.62
32787,1.97,23.46
45781,0.36,10.28
2613,1.67,18.08
15478,3.19,22.99
43979,4.54,26.37
5027,1.96,18.74
26200,1.9,16.17
14798,0.95,23.2
21871,3.43,26.28
44793,,24.94
44014,1.37,15.36
45489,0.69,27.6
18389,0.24,15.8
27784,6.0,14.93
46262,1.65,25.27
32802,2.84,19.14
10595,5.41,86.82
1733,1.77,29.61
46195,3.83,72.01
33169,1.06,17.85
35101,,90.22
24401,1.02,23.77
10153,5.14,9.12
25544,1.26,12.24
9717,7.8,81.26
25858,1.28,
10758,2.84,9.42
17455,1.54,11.37
253,0.6,16.68
40819,0.67,13.86
35648,2.43,40.62
14422,2.53,10.14
44880,0.55,15.22
5238,1.11,15.32
969,1.6,21.97
41130,2.3,
11985,1.48,27.8
11156,1.27,
19675,4.57,79.67
44315,1.64,14.67
2395,1.06,
18584,3.49,
20285,2.9,29.37
6812,1.01,18.23
18204,0.84,43.07
10246,1.08,29.69
47245,0.94,28.79
3067,4.26,79.46
40354,2.34,26.55
45852,0.69,25.99
48288,0.92,30.28
36533,1.4,17.94
20179,1.75,21.57
19913,1.25,22.15
34615,2.26,83.19
29550,1.55,13.56
12529,2.51,22.56
2748,1.35,2.13
39101,8.56,80.43
26529,2.43,16.64
18516,0.68,32.02
24598,0.27,28.06
45865,1.25,27.44
13762,1.83,33.3
45940,0.79,19.46
49777,1.03,32.02
24613,1.15,31.44
9221,1.27,34.54
44836,0.57,31.81
14652,1.93,22.72
19849,3.86,92.06
3850,2.38,26.11
21665,0.68,22.75
45441,3.59,23.79
1376,1.01,18.36
19310,1.47,21.76
41398,2.86,69.2
45033,2.62,18.87
6872,0.8,21.74
3381,1.39,29.8
24325,1.1,23.59
32090,2.31,24.49
13245,1.75,30.73
18108,1.11,22.61
3529,0.46,31.12
4161,0.53,14.27
34876,3.54,88.62
38977,6.91,90.88
28882,1.36,35.85
46946,1.18,30.2
37853,1.62,27.75
807,2.92,20.83
8531,0.96,19.78
49898,5.53,77.78
49345,0.53,22.54
33499,8.47,84.89
8419,0.87,19.7
6981,2.93,77.01
12447,3.94,14.06
2071,1.25,26.07
27485,1.52,47.375
7954,1.14,
13893,,25.61
38579,0.92,22.16
29296,2.42,20.0
48083,,0.0
8842,2.56,10.54
34596,1.46,21.29
33294,1.12,15.42
30619,3.71,91.55
20151,1.78,
31773,2.33,9.24
43758,2.12,22.48
38556,0.8,11.43
29546,1.69,21.04
13137,2.31,15.04
22892,2.37,22.48
36351,1.33,21.5
11515,2.67,86.41
36140,0.63,10.6
42975,2.07,20.65
28721,1.3,22.32
24722,2.21,24.29
32810,2.01,27.73
16585,1.87,16.78
16179,0.81,
42199,1.48,25.94
40520,1.71,19.88
1435,2.21,15.32
34804,6.0,31.98
42891,1.25,23.58
21145,1.3,
46644,1.63,21.64
35055,1.91,15.4
46159,1.04,20.98
10763,2.76,28.01
22125,1.74,30.44
19272,0.73,24.55
26665,1.49,22.09
27365,3.81,75.49
32281,1.36,7.47
46688,1.56,23.05
6751,1.45,31.93
15952,0.74,32.6
43245,0.89,17.05
9034,1.27,14.56
570,1.46,7.8
8533,2.21,39.66
218,2.47,10.56
25944,0.42,21.26
46840,1.18,13.62
4334,0.77,12.68
23837,4.98,
13276,0.95,29.25
28547,0.42,22.34
22275,3.14,25.69
46405,1.6,15.42
32606,0.66,19.8
42076,1.19,25.26
19160,1.43,29.65
36355,11.94,-27.76
6355,1.84,14.61
42658,1.79,21.99
3798,3.79,69.03
4731,5.26,84.64
36637,4.15,16.47
31663,2.54,21.31
21733,1.13,20.14
20847,1.03,19.81
42073,6.98,81.63
20656,1.79,17.99
18459,1.29,16.16
6096,0.53,0.0
41235,1.91,20.9
15847,2.33,
26107,1.12,13.42
42376,0.77,28.27
45807,0.49,16.46
22733,1.28,
9943,0.99,20.41
20428,3.63,100.0
40527,1.5,22.44
43917,2.52,14.97
8375,1.04,15.61
18734,,
47584,2.6,32.64
26214,2.38,26.11
15610,0.73,22.12
25635,1.38,25.34
15791,3.57,97.9
42116,0.8,37.1
48053,2.5,
18057,7.34,71.89
7960,1.46,16.89
22584,0.99,10.9
46801,1.96,58.875
44996,0.77,26.53
41340,4.17,86.39
30695,0.65,16.61
11010,0.6,23.36
9475,0.54,26.89
40286,3.65,8.63
6749,0.19,29.81
42173,0.61,22.2
35776,2.44,36.87
22682,2.28,11.94
23462,0.7,22.39
20828,2.53,20.12
35079,1.29,13.49
25862,2.85,29.17
26898,0.58,19.6
3427,0.52,14.96
24514,0.7,23.96
36421,1.29,20.86
29006,1.8,
28667,0.91,18.56
28190,2.06,35.02
11612,0.11,14.85
2252,0.91,23.47
13692,1.12,5.43
25962,1.62,29.77
17170,3.69,16.44
11777,0.77,7.71
15351,5.01,27.64
31630,0.82,
41738,,25.91
38436,1.98,30.36
8346,1.46,15.59
11359,1.57,18.28
49428,0.72,8.16
47687,5.7,26.92
6266,0.27,62.699999999999996
38217,3.63,87.71
6155,15.78,10.93
23038,3.11,81.83
3452,2.05,47.75
27199,3.31,
42555,0.82,15.46
34735,2.54,16.05
32827,1.16,17.99
41829,0.43,34.49
43900,1.07,25.19
17973,6.88,91.11
27821,2.67,9.78
6663,0.7,25.64
9699,1.72,21.9
15475,2.49,20.59
5123,3.02,
46058,3.61,94.2
40800,1.67,
35203,2.62,12.84
28684,2.24,18.23
26509,1.66,15.58
26186,1.72,28.5
33969,0.61,29.69
19879,1.01,42.82
46701,1.72,22.99
25024,3.65,28.12
19319,3.65,29.95
8845,1.03,23.3
17956,,18.13
39086,,13.23
21952,2.19,86.86
5837,0.78,30.37
22205,1.19,10.73
26222,2.14,22.42
43086,2.73,21.13
35977,2.36,26.82
22492,1.47,87.67
41138,2.08,30.13
16638,0.9,
30980,1.63,13.78
10150,1.66,28.44
43327,2.32,23.04
11448,2.18,20.41
24124,2.01,32.12
43742,2.25,33.03
14365,,0.22
42913,1.41,28.61
12707,,81.92
8387,1.12,16.65
35759,2.54,21.23
24612,1.32,35.6
18110,1.98,16.37
40427,1.64,23.09
16724,1.55,26.53
44171,0.73,15.91
26807,3.81,30.89
49176,1.44,16.97
6815,1.86,15.83
37996,6.15,70.51
18209,3.45,
13645,1.91,16.86
346,,80.64
49198,1.01,7.58
29792,1.04,31.02
144,2.7,19.69
25359,1.83,15.69
25009,0.57,1.72
42671,0.96,35.61
7800,,17.01
24399,1.27,28.12
43168,0.99,27.26
4717,2.4,15.61
20355,1.37,18.71
7724,24.18,23.56
48109,1.24,34.09
44904,,26.6
9465,1.23,31.64
18520,2.38,26.0
45365,1.52,22.54
41419,2.01,33.06
28442,2.94,13.55
41991,2.25,29.14
15990,,3.15
26114,3.71,17.91
27284,2.03,22.72
6404,1.81,15.62
22404,2.1,33.56
34100,0.52,22.67
35251,4.11,77.84
49874,1.71,23.44
20238,2.05,12.73
21782,0.37,33.92
28898,1.72,23.53
31505,0.51,3.77
21694,,12.11
43024,1.88,9.35
36878,0.73,35.01
25077,4.06,23.34
19369,3.09,18.77
35685,2.17,19.78
10222,1.71,19.26
9213,2.26,14.21
44938,2.38,86.26
33423,1.27,21.86
43619,1.34,24.77
41813,3.48,11.63
1824,1.52,14.02
37991,4.45,90.86
31258,0.58,18.33
35256,2.41,71.19
18672,3.81,
12891,1.37,
9646,1.33,14.51
12929,3.6,20.93
26233,1.17,10.82
24492,1.12,
47042,1.21,35.92
28708,,29.9
20931,1.64,28.27
40930,0.44,12.87
7801,1.46,19.42
24833,1.63,33.99
22997,0.79,20.32
28145,1.9,13.55
831,1.93,20.21
985,1.53,20.48
9479,1.33,17.89
34616,3.94,219.4
44015,2.96,13.81
1045,1.81,27.42
10929,1.27,25.75
8650,1.4,27.51
29489,0.9,18.49
10140,1.24,18.75
12106,2.16,3.46
10062,1.56,22.28
32813,1.49,13.63
11594,2.81,31.33
593,1.66,35.6
10458,1.7,27.71
37149,3.14,29.36
21237,0.87,32.72
15650,1.41,30.23
45717,2.74,6.08
29886,3.07,1.28
16602,3.9,99.12
32775,0.97,13.12
10677,2.43,22.05
4895,1.22,0.0
39697,0.32,33.84
33406,3.11,12.69
23899,0.83,10.02
42161,1.52,19.33
20555,0.39,22.61
46948,1.61,12.82
44527,0.78,25.38
28989,2.58,26.26
30051,7.02,100.0
7938,0.4,39.7
26708,1.85,30.86
44475,0.59,25.65
28025,1.58,25.27
4281,2.02,33.1
23478,3.51,27.62
14371,2.14,23.94
32825,0.8,22.19
16745,1.98,24.49
1193,0.88,21.59
5664,1.01,24.66
42996,1.5,20.38
16801,1.94,32.79
42766,1.05,30.12
18741,2.41,5.15
41452,1.96,24.18
18164,2.11,22.78
26841,0.69,23.83
37846,1.45,35.04
23405,3.57,85.5
4131,1.44,25.97
9194,2.04,22.57
12516,1.6,
24135,2.09,77.79
17821,2.65,10.69
15002,1.38,16.26
34207,3.2,12.84
5475,1.57,37.19
12322,1.14,11.68
40438,1.25,35.27
23651,0.41,28.84
30323,0.55,18.12
26795,0.76,38.93
24593,3.34,79.92
44468,0.26,16.0
886,1.8,13.09
8040,1.48,25.91
42069,0.73,35.05
33385,2.97,27.3
31264,0.37,35.18
39742,,28.8
45424,1.42,9.64
15986,0.71,7.28
3962,0.91,19.06
26788,2.48,32.53
25601,2.26,
20369,1.95,
33391,1.58,39.2
1152,1.8,22.26
16777,0.8,21.65
34694,2.08,21.65
45514,1.1,14.41
11406,1.5,9.22
36126,,20.88
49017,1.75,12.59
15145,1.45,10.95
2493,2.24,3.71
24696,1.65,24.97
40060,,20.46
31285,1.42,32.35
41896,0.79,7.71
34014,2.19,8.84
42097,1.1,37.7
5799,1.25,32.32
13576,4.19,31.41
4822,1.08,30.96
36709,0.86,27.69
18624,2.04,29.77
14682,1.93,
13013,1.96,16.74
26839,3.29,17.03
9987,0.92,16.8
4365,0.66,17.92
44850,1.92,29.22
39607,0.76,22.51
5576,2.21,19.14
18962,2.09,18.07
27633,3.45,9.9
38952,2.14,16.66
11303,0.49,20.2
14812,0.43,
6888,1.14,16.66
40574,3.82,81.63
3558,1.95,18.31
8283,,22.05
34267,0.98,23.46
18058,1.71,8.59
6477,1.74,
29922,1.57,24.14
45809,1.82,29.98
9273,0.63,29.68
42153,1.74,24.19
432,0.51,32.03
19588,1.83,29.78
31710,1.75,16.71
6699,0.41,12.95
20676,2.0,41.57
15950,0.38,22.68
18445,3.25,-75.13
36481,2.99,32.73
26605,1.27,25.08
43275,0.52,7.94
29987,6.29,84.89
45920,0.69,18.4
41657,0.88,18.63
22136,1.94,25.92
23384,0.88,9.21
29455,2.51,16.39
12351,1.74,31.5
11634,,28.9
10216,4.36,27.52
36400,3.78,18.86
14791,2.75,21.22
35689,1.79,26.46
13664,7.14,
7288,1.25,21.85
4661,0.98,14.48
48399,0.89,35.01
19413,1.46,17.25
17082,1.02,16.12
3838,0.82,25.85
8215,2.19,22.35
49961,0.4,23.9
36561,1.44,30.02
4633,0.42,39.67
44125,1.04,12.16
15850,1.72,28.58
42912,0.66,16.46
30085,9.42,23.5
23743,2.4000000000000004,32.9
46249,1.41,10.39
5815,0.87,19.82
18065,0.53,28.42
18936,2.1,11.08
375,1.79,7.23
8881,6.37,77.17
48084,7.54,74.08
47585,2.34,
2994,1.51,12.86
21433,0.77,7.0
18840,1.02,25.51
24805,0.22,25.22
15775,1.57,27.01
14569,0.86,20.34
5098,0.45,9.55
10339,0.7,18.45
32678,1.4,19.8
24949,1.47,24.14
21501,3.05,19.91
29955,0.55,27.74
44286,1.33,5.18
19239,0.5,16.58
7684,1.38,
28134,1.34,29.79
27390,1.55,9.95
5487,3.15,29.07
40956,3.07,91.93
5394,0.53,27.2
24200,2.57,19.45
28024,2.56,77.74
28356,0.86,15.03
2056,0.96,29.56
30638,1.4,14.13
33086,0.31,21.17
48061,1.62,11.22
49267,1.24,34.02
43105,3.17,20.78
13325,1.43,15.47
25683,0.93,14.3
43661,1.14,35.09
46116,1.97,22.91
3339,0.27,32.91
21825,0.88,
31137,1.66,
24323,1.46,23.76
1488,1.41,22.26
11394,3.18,12.59
17640,0.74,23.67
44509,1.94,23.41
17913,1.35,
27253,1.31,30.66
38125,1.94,23.56
21198,1.88,35.09
45021,1.85,12.78
7821,3.36,17.95
5776,0.68,24.78
21760,1.75,23.73
44103,2.05,26.51
32341,0.94,10.08
32471,2.7,23.59
48574,2.17,74.68
22643,2.81,66.62
2667,,19.23
22868,0.99,24.94
32314,1.49,26.0
15602,1.14,21.7
9648,3.89,30.09
30800,0.27,19.275
37686,3.67,26.27
4392,2.77,84.15
3706,1.63,18.22
48720,1.47,14.79
9269,1.05,23.9
36532,2.04,29.5
35737,1.19,20.29
82,6.23,25.43
10932,1.63,14.12
8736,2.98,27.38
16015,3.16,30.69
6910,0.91,10.93
47647,2.34,6.24
14269,2.99,10.08
19283,2.6,33.48
5435,6.75,85.29
19508,1.93,26.77
24942,1.84,35.5
29098,0.94,12.21
4237,1.86,13.97
34785,3.07,22.07
26030,1.71,10.39
27682,1.76,17.13
38141,1.67,
22781,0.81,25.07
27749,1.25,38.69
35434,2.57,16.28
18255,0.71,13.39
32743,1.44,37.52
12829,2.49,16.28
46267,0.57,26.61
15215,1.85,28.27
46200,2.15,19.87
15537,5.55,53.7
24749,,33.32
45560,2.96,3.37
22524,0.58,24.25
43585,1.61,10.99
6535,,19.72
46677,1.58,-21.57
8014,2.35,24.87
9815,0.82,27.39
22988,1.91,41.09
32778,0.69,20.72
3203,5.85,76.28
16967,1.84,9.5
24476,4.23,75.7
23091,0.8,14.97
26041,0.97,
28875,3.0,20.37
47565,0.34,20.8
31233,0.66,19.07
8388,3.88,20.63
38789,3.13,78.5
38817,1.99,91.48
32192,1.87,
951,,34.82
43996,0.83,34.12
13627,2.3,20.83
26903,1.29,25.08
29404,1.2,28.69
1615,1.5,20.16
3357,2.87,22.75
22545,,23.75
32491,1.28,
28784,1.16,20.71
34346,0.94,32.7
34681,1.33,13.98
26255,2.71,20.42
39803,1.04,17.35
32405,1.09,26.82
17961,1.83,13.03
30187,3.25,19.98
48767,1.19,20.03
41339,4.21,83.11
49850,1.03,23.86
2886,2.24,23.11
1187,,13.49
47337,0.91,21.19
30703,1.49,23.4
249,1.91,16.86
27411,2.08,27.87
13811,1.02,25.77
26054,2.97,21.23
19131,0.67,18.35
5970,2.61,25.74
26349,10.39,98.65
19428,0.79,29.04
3058,2.14,18.02
21697,0.63,25.56
9036,7.39,69.55
44049,,90.65
31521,4.58,32.89
16655,1.38,12.82
10162,1.23,
48685,1.07,21.54
20506,,23.04
9542,1.35,
23252,2.07,
49410,1.77,12.78
258,0.83,27.53
21045,1.32,45.05
35014,1.48,26.47
9411,1.29,17.63
48027,0.55,18.98
653,3.46,74.55
9951,1.75,24.52
27044,3.34,
959,1.52,31.62
8095,0.61,23.86
350,0.56,23.8
10340,1.58,23.51
39941,2.83,28.99
1496,1.11,21.49
2921,0.59,21.08
45932,0.95,51.66
7506,0.5,15.62
43157,2.22,13.45
15045,1.54,29.97
7355,4.1,12.54
16564,4.85,76.33
47784,1.44,30.86
32821,2.59,18.76
25202,1.33,10.63
16770,2.35,35.65
23577,2.16,19.43
11585,3.09,27.7
29281,1.73,23.95
15126,1.7,88.39
14634,2.09,36.64
34887,0.81,12.17
31335,2.21,31.02
3037,3.5,79.12
16871,1.81,26.68
38118,1.88,17.44
46825,2.24,11.72
44779,0.95,27.7
36969,1.77,25.02
38160,0.37,19.97
43520,,24.08
1952,,10.44
12512,2.46,20.8
11535,0.95,17.99
31860,6.06,78.67
28365,1.87,27.82
32905,2.09,22.08
38617,0.61,37.35
9126,1.28,
2414,0.24,34.49
28445,3.58,22.87
23849,1.01,19.12
14552,2.07,23.39
31636,1.04,21.54
30793,1.51,8.19
45509,2.7,26.58
48452,2.5,24.14
9440,2.05,12.09
36379,3.99,18.53
20911,1.34,22.13
29796,1.83,41.12
38961,1.46,23.5
38262,1.25,23.27
22253,0.93,30.4
7482,3.16,14.81
21802,2.75,7.08
34186,1.22,31.21
4026,1.31,20.35
39633,1.25,30.26
36966,1.05,22.99
4517,1.89,10.87
10083,1.7,16.82
2092,1.8,30.12
6907,0.7,23.71
27884,1.71,18.33
25311,2.01,21.58
37351,1.5,32.99
8711,2.59,15.83
14707,3.79,82.64
14187,1.08,34.21
41031,0.96,14.43
39261,1.36,10.34
17040,1.14,23.18
12498,3.17,19.97
21525,0.47,54.800000000000004
28884,1.95,31.09
34742,0.95,24.69
19668,0.33,10.08
910,0.68,8.71
17134,1.35,20.71
25372,1.02,29.12
11721,1.76,23.11
10145,0.69,29.22
40752,2.55,23.86
14943,1.62,30.19
23230,1.8,27.57
35905,1.31,25.66
2385,1.44,24.6
5489,1.73,23.18
43191,2.67,25.7
8110,1.52,
4659,2.25,8.36
306,1.18,30.94
12636,1.24,20.06
23063,0.8,14.32
12502,1.45,20.58
23885,2.62,11.55
22956,1.01,22.46
31035,0.85,27.75
2735,2.52,23.82
7404,1.91,9.61
1633,1.53,22.12
9133,1.19,
39835,0.26,19.31
21070,2.13,22.18
42205,,36.98
10871,1.06,23.55
15380,0.56,26.42
45185,1.17,13.71
38650,3.67,25.57
40500,0.69,20.81
32199,2.76,
44422,1.24,24.33
12288,0.87,21.83
1522,0.68,7.28
44297,0.49,24.28
31637,1.2,20.72
29341,0.9,20.55
25755,,17.33
27696,1.18,
2058,1.97,
39623,1.5,12.84
46033,2.91,97.49
39871,0.64,15.11
34407,1.2,4.64
9179,0.63,34.07
43154,0.96,12.14
19482,2.17,71.6
40600,0.68,17.94
12141,1.84,33.7
2531,2.13,27.74
39095,1.36,20.48
18348,7.54,67.87
20082,0.67,
7690,1.47,30.64
13741,,41.33
34096,1.52,21.61
34161,1.07,4.52
15871,0.56,25.17
37452,1.24,18.33
16141,1.21,11.6
35597,4.18,15.52
38766,2.21,26.8
8183,2.71,11.13
26421,3.2,81.71
32188,0.34,13.31
27280,2.02,26.0
29862,2.95,30.06
12287,1.41,24.52
42548,2.45,32.35
40720,1.55,26.59
46113,1.4,26.17
15191,1.75,21.79
18517,0.99,22.76
14779,0.99,10.91
39904,2.14,27.71
43032,,
10704,,20.22
38115,,89.07
38665,1.18,8.48
10186,3.52,86.81
8868,0.48,
45639,1.04,27.67
3993,3.84,91.78
35213,1.02,10.28
48035,1.58,21.87
33503,4.94,75.77
13537,1.94,22.18
10949,2.41,87.87
42090,1.98,32.27
31658,2.39,9.84
49061,0.89,24.69
36345,,16.31
9016,1.93,31.54
6235,3.29,83.87
45054,1.41,15.57
49181,2.86,9.13
22769,0.88,31.34
8601,3.19,22.56
20386,1.87,8.96
3716,0.72,21.2
24347,1.51,19.67
43514,0.75,28.88
2810,1.38,29.65
48290,0.49,23.87
6213,4.91,87.5
42747,0.81,16.46
23524,0.42,13.9
9157,2.1,15.34
6372,1.53,22.92
2462,3.45,
27645,1.27,30.65
17437,0.67,17.88
4703,0.42,19.81
29850,2.73,13.75
8785,2.18,
16769,1.58,28.17
25682,2.21,9.22
42858,2.66,9.41
38250,2.91,9.75
4177,1.89,
14243,1.56,21.63
29567,1.43,21.1
2928,1.27,18.06
48765,2.03,7.67
6927,0.7,20.58
2403,2.09,19.79
43874,1.65,13.92
41943,3.34,87.08
29107,1.22,17.73
3020,2.33,22.35
15062,,20.81
25426,2.39,38.28
1542,1.38,20.15
1878,2.15,10.14
30781,3.08,
12005,0.89,30.07
30608,2.24,26.62
44370,3.08,10.19
40937,2.62,39.4
46617,5.13,18.28
45455,1.43,18.81
18118,0.8,24.89
13398,2.33,24.4
17620,0.29,
24356,0.16,17.99
3996,0.7,28.12
23427,3.75,32.93
39490,1.55,18.27
24803,0.24,29.25
32153,,34.9
22915,2.41,23.69
6330,1.09,5.58
48543,0.68,20.04
47770,1.71,21.43
9090,0.91,14.05
774,3.01,21.44
22899,1.75,
7511,2.27,
34404,3.56,23.98
12646,1.83,35.21
37258,1.32,32.51
7910,2.58,15.05
6364,1.67,30.04
35541,2.81,42.83
22863,3.4,27.5
3456,1.92,22.43
3545,1.18,
13484,0.47,13.62
7799,1.2,15.15
21674,0.68,33.5
46776,0.73,12.36
40900,0.59,18.27
21159,2.17,38.49
40297,2.73,97.06
38232,0.7,28.62
40586,4.01,24.93
1293,1.51,11.93
45250,4.72,71.55
34160,1.63,31.5
48743,2.9,78.64
25181,0.75,27.87
23068,2.9,25.37
35001,2.07,27.58
37889,2.68,6.88
13814,1.18,3.09
15570,1.38,14.84
28748,3.36,15.16
48654,0.55,25.45
6308,2.11,28.73
19235,1.97,20.15
24729,1.35,16.83
3255,2.0,12.18
45686,0.4,35.06
3311,2.38,91.79
12428,1.82,32.71
9317,5.39,12.14
6926,2.72,23.74
40845,2.02,9.03
18779,1.07,24.15
41935,1.16,21.26
8308,5.19,83.71
15321,0.64,19.59
16646,1.17,14.56
11745,,22.35
40413,1.51,20.71
28151,2.17,31.09
35204,0.98,24.55
29261,5.17,10.12
42707,3.84,21.06
19052,1.82,10.58
47931,1.54,12.86
33774,1.81,10.74
21754,0.28,7.04
34021,2.73,40.46
37285,1.12,29.91
31344,4.06,13.23
1061,1.16,33.07
18858,4.67,39.6
18068,0.42,27.29
9739,1.66,21.12
38155,2.26,
18084,1.18,17.46
9160,0.51,25.71
10786,1.96,21.1
25615,1.85,19.82
26161,0.82,44.06
23380,,22.08
14589,0.98,21.09
27173,0.67,28.87
9429,1.6,27.28
18992,3.24,95.22
11297,1.68,23.57
12694,2.16,26.68
27781,,18.32
28452,1.35,11.17
1919,0.46,31.42
968,1.85,12.63
33426,2.08,22.73
24848,1.99,18.95
42835,2.34,31.39
18621,1.18,11.4
48304,1.33,25.91
25190,0.79,18.44
41299,0.77,14.91
5340,2.17,10.24
10053,,8.82
9929,0.22,26.09
821,0.3,18.44
1959,1.43,41.81
14949,1.79,27.95
45818,0.37,31.61
14760,,17.04
2619,9.5,80.53
29112,1.89,7.48
48308,0.84,41.4
36419,3.74,77.47
30754,4.25,88.31
25609,0.98,23.03
30732,2.39,18.83
10796,2.9,23.26
42829,2.15,16.1
23856,,21.89
9065,3.27,24.23
39645,,21.07
7171,0.59,31.17
24713,0.6,24.97
10678,,14.42
31384,1.16,18.06
6136,1.8,12.49
6670,2.68,29.12
11789,2.45,36.76
41565,2.27,8.15
23496,1.64,34.56
47827,0.46,22.69
7834,1.07,21.15
10512,1.39,7.81
1811,2.95,16.81
1468,1.33,
28083,1.27,10.24
19695,0.85,31.33
4207,1.6,35.93
7222,1.74,25.02
15579,0.66,16.27
9860,0.65,14.92
26019,1.39,30.89
31088,1.06,22.1
30506,2.04,23.65
37539,1.93,23.15
21736,4.06,89.34
45314,1.82,29.16
24039,1.91,6.05
17912,2.03,32.78
43369,1.5,13.57
49591,4.53,84.87
23061,1.91,10.82
33560,2.07,8.2
13239,0.85,9.75
31091,0.89,18.91
37101,1.56,33.1
35232,0.51,18.1
20763,1.1,16.66
35410,0.68,24.18
21230,0.64,
10623,0.62,24.5
6607,,27.66
35512,0.57,17.84
8363,4.55,17.71
30788,0.8,24.51
304,6.36,68.09
42654,0.17,34.23
31951,0.69,25.49
45816,5.5,100.0
16826,1.05,13.57
18394,1.08,41.19
12389,0.46,27.24
48556,5.78,32.48
23339,1.85,21.34
43207,1.61,30.91
49030,,27.01
25546,1.64,11.69
16731,0.71,16.14
48967,,18.31
33979,7.25,
39220,2.06,23.05
49122,3.76,69.48
23706,5.59,79.82
14665,1.79,
31243,1.03,26.95
8099,0.52,6.55
9805,0.81,35.62
15396,1.03,25.33
48705,5.2,22.84
36549,4.07,22.89
2858,,14.06
31803,1.04,28.48
46679,0.7,23.93
8016,1.39,11.33
32094,0.93,15.33
36513,1.12,17.78
27852,13.919999999999998,
2680,1.09,16.04
29122,1.6,77.97500000000001
26364,,10.84
48110,3.27,6.54
3179,0.79,27.5
21,2.17,28.13
13292,1.21,17.13
11119,1.9,17.97
16102,1.68,26.92
32297,0.32,22.33
3262,3.27,20.32
29270,0.89,13.16
9543,3.17,18.37
2446,2.2,15.18
417,1.54,34.26
37725,0.95,22.7
35964,1.1,7.81
35008,1.69,20.49
8758,0.49,27.62
14431,,16.2
48285,1.06,30.69
23935,0.26,18.38
14893,1.17,20.85
47092,1.53,1.26
12841,1.76,
36891,1.87,3.7
5892,1.11,25.13
25529,,18.12
19799,0.61,11.38
14316,0.81,27.16
20115,,18.08
20190,0.53,17.99
2749,1.78,28.17
8411,1.55,17.52
8798,5.61,74.26
34473,1.95,17.02
21407,2.96,26.47
3386,1.64,19.38
9474,2.86,68.7
7847,4.74,78.57
11846,1.21,24.8
22957,7.23,86.12
32992,0.73,34.6
4227,0.78,20.11
36089,0.89,14.43
29454,4.77,96.11
27448,2.58,4.1
27434,1.11,
6055,7.199999999999999,25.44
38993,2.47,6.37
1622,1.66,74.41
45603,4.05,87.88
18986,0.94,
40764,0.46,24.3
1558,4.65,14.2
9582,1.71,7.86
47396,1.09,22.57
9840,1.55,37.56
26661,0.67,8.53
42500,1.47,14.49
19503,1.35,40.79
22256,1.48,31.07
1883,3.97,23.34
5927,,
27423,8.92,79.03
47960,0.27,34.63
4092,0.96,12.56
33754,2.37,30.85
7311,1.55,18.16
27205,0.75,
26916,1.36,23.63
29249,1.98,15.85
5716,2.98,16.24
17028,1.2,11.84
11744,5.37,82.32
41522,1.09,28.11
27602,1.29,26.35
48454,1.99,21.43
27367,1.88,12.03
41291,1.92,25.55
40116,0.65,25.59
10711,7.09,72.46
24701,2.39,35.78
36240,0.77,18.52
36417,0.28,22.89
45100,1.65,6.85
23139,1.79,
31992,1.06,19.79
8429,4.29,87.27
35184,0.54,30.83
21891,1.1,7.06
23707,0.4,
31528,1.18,30.33
27016,1.81,21.17
15138,1.53,12.37
21445,1.74,19.04
21944,1.49,16.5
24404,1.56,15.28
29214,2.28,26.16
12584,0.97,21.62
46643,1.92,18.71
27747,2.33,22.43
23702,1.23,18.65
33881,3.07,38.11
42855,0.84,13.62
3767,2.87,
41766,3.31,73.63
29381,1.96,26.61
46141,0.57,16.62
44116,0.91,27.63
7024,8.79,
33051,3.34,46.04
8075,1.01,
45597,2.42,93.62
39397,1.26,24.39
6168,1.53,36.1
24167,0.96,28.22
32646,1.04,12.92
2106,0.62,16.17
20492,0.37,14.1
23739,1.49,20.07
48297,2.32,75.81
30897,2.24,30.78
48019,1.71,26.24
38777,6.3,77.6
33823,1.8,26.79
34949,,14.36
15131,1.85,80.78
8861,1.8,26.92
34929,6.08,80.92
24941,0.87,21.32
33562,1.53,24.1
21584,1.58,27.41
39129,2.2,18.22
45641,1.14,32.5
25032,0.39,7.86
49779,1.79,17.62
32239,2.42,29.89
13508,0.52,24.23
49870,0.63,16.48
36993,1.6,15.28
12248,1.79,1.73
4243,1.1,25.73
25975,1.36,15.86
46746,1.4,20.79
19388,1.09,22.15
20075,1.0,20.06
31206,5.07,97.49
2931,2.2,18.21
19667,1.83,30.98
25931,1.12,32.15
25353,3.09,
45921,0.45,16.33
2421,3.5,28.03
17350,3.07,23.47
43387,1.51,29.04
2699,0.57,27.24
12748,0.18,17.93
29476,0.86,28.37
34240,1.13,25.59
22603,1.28,8.56
22048,2.8,17.53
33158,3.05,82.24
10330,1.55,11.9
23843,2.27,18.12
46046,1.42,17.78
24256,0.88,11.1
43136,1.55,27.66
33756,,19.22
43112,0.4,17.45
13084,1.72,22.7
27455,3.58,27.59
6578,0.54,
6516,2.74,19.71
7516,0.76,18.98
25209,4.45,85.24
47011,1.05,25.8
45005,1.04,29.93
37234,1.77,28.19
40499,0.54,22.1
23094,3.23,34.4
1007,3.09,11.85
15157,1.3,8.86
30543,1.83,
16981,0.32,16.88
43287,1.05,19.89
35501,1.39,38.51
30052,1.74,15.41
18657,0.39,27.19
30421,1.95,29.88
19296,0.58,18.77
4377,1.57,15.04
43443,1.6,17.79
2833,1.08,23.3
49823,1.17,26.01
1860,2.34,22.17
2889,3.53,25.42
20901,3.03,19.6
2709,0.94,15.88
32434,2.47,21.88
37291,1.43,
35059,1.51,31.14
14191,0.75,29.22
32429,1.69,15.55
10000,0.51,10.92
36734,2.05,85.87
17152,0.75,6.96
12086,1.1,
18330,1.13,28.79
8398,2.46,16.92
27568,2.92,15.56
36775,,18.57
42668,3.78,73.66
38434,3.32,30.06
6900,2.69,17.29
35889,1.4,
25296,0.66,
4687,1.7,11.1
24420,3.5,73.08
35519,4.7,24.42
8182,2.7600000000000002,23.59
24630,2.29,
13293,1.91,15.48
31588,1.27,10.52
20484,2.15,9.34
1208,1.77,22.43
678,,34.27
41538,0.75,18.68
19109,2.97,22.14
28981,3.53,25.94
3490,2.38,26.35
8554,1.51,23.12
28383,4.05,4.96
24595,1.89,10.41
24660,0.34,11.84
46382,0.29,12.46
14470,,27.72
39667,3.05,22.29
7245,2.53,30.25
4029,0.76,32.27
42980,1.31,20.27
26540,2.57,19.94
30404,0.67,31.18
48337,1.13,14.04
26714,0.4,23.57
41463,,22.86
9294,1.55,33.43
32668,4.69,14.35
26904,,19.41
36398,0.84,24.53
46646,1.1,13.84
9418,0.79,19.79
44854,3.23,77.32
46631,2.25,24.36
20963,4.17,82.65
37971,1.1,26.34
23469,2.37,18.97
19271,1.05,
35419,2.12,13.38
30388,2.31,7.02
22387,1.19,26.81
24272,0.73,
36870,1.96,19.11
23122,4.33,96.84
41005,1.53,22.24
6854,1.05,31.39
45508,1.29,13.52
27816,1.87,16.32
25580,0.58,19.94
8939,0.44,7.45
37380,1.96,15.45
37493,0.69,19.48
25107,0.87,14.51
43092,1.76,26.39
14854,0.8,14.92
26818,3.24,31.8
11805,1.07,37.95
37053,,16.07
7137,4.22,
13605,1.08,14.5
42646,1.23,28.48
16528,2.97,18.63
41284,2.19,12.01
1897,3.0,91.26
6936,1.16,16.03
30166,0.74,18.79
45209,1.03,35.3
18503,0.94,24.74
14230,2.88,28.39
15435,0.72,27.02
5262,1.51,6.64
40753,1.88,22.42
26438,,22.34
36008,1.15,27.93
46168,3.35,23.81
9702,1.39,27.53
18051,5.95,19.97
18602,0.5,21.65
24661,,12.84
27480,4.41,94.09
9528,2.87,14.81
40748,1.32,18.76
41401,1.05,12.82
2128,1.51,18.24
46832,2.4,27.55
1066,1.49,27.46
46010,1.88,21.1
137,,30.72
46719,2.45,29.51
28182,0.56,20.61
18014,0.84,41.41
11793,,
18088,1.83,17.76
2257,4.98,73.73
10230,1.25,31.31
32525,1.02,26.0
4182,0.22,14.09
29557,2.71,30.56
21130,1.15,16.88
14557,2.14,24.41
30033,2.66,14.73
25562,7.6,92.14
41729,0.42,29.06
48260,,13.48
31703,2.89,13.64
45730,0.64,31.43
36273,0.82,14.04
36951,0.87,17.51
25632,2.25,25.24
18542,1.69,13.03
43409,1.65,19.65
37259,0.48,24.24
33247,1.52,29.35
17083,2.22,12.56
37935,2.93,18.27
47417,2.21,11.04
30301,0.61,
41523,4.49,86.39
19324,9.06,98.46
35991,0.82,23.04
5994,27.54,81.8
9422,2.07,17.93
18412,3.75,62.15
39514,0.22,25.85
20725,22.200000000000003,14.22
41787,0.59,22.24
22759,1.5,28.48
2836,0.62,17.65
38041,0.4,19.71
5275,1.59,10.86
24311,0.55,20.28
8784,4.12,86.16
23224,3.12,16.09
42124,,19.34
1988,1.65,18.21
39686,0.96,30.76
19741,0.61,5.53
22285,2.04,22.88
38236,10.58,87.94
33486,0.47,26.09
34883,1.48,40.04
44752,2.69,29.07
48964,1.54,13.9
35774,1.66,
10249,2.51,97.26
38855,0.52,36.35
30372,,18.08
5834,,29.45
31761,1.68,35.55
46443,2.29,30.45
27588,2.27,20.79
22316,2.85,19.83
21928,1.29,20.52
40041,3.25,23.35
1545,1.2,17.21
13067,0.8,14.74
44292,3.4,21.2
14086,1.65,15.49
38602,0.9,11.85
691,1.41,8.17
21713,1.22,18.23
1183,3.36,25.24
28087,3.47,23.76
38829,0.92,23.6
10224,1.26,27.22
25169,1.46,29.72
4917,,15.75
1998,1.41,3.54
19440,1.6,13.08
15895,2.17,36.55
44988,,23.46
26765,1.91,
26319,0.73,
43310,1.04,6.76
5199,0.66,26.11
17001,0.81,28.43
22099,1.92,23.27
48188,3.46,24.61
12871,1.47,14.06
37801,0.44,8.8
17975,2.26,17.8
14092,1.41,19.94
9264,0.67,21.3
22961,1.04,15.59
39540,3.17,23.34
25333,2.27,15.42
33519,,13.17
33584,1.76,22.01
44267,3.16,32.13
3911,1.25,17.47
34905,1.03,20.66
34483,0.31,27.03
36110,2.51,37.13
36053,2.57,22.94
9695,1.71,1.86
28212,1.16,22.25
36776,1.39,30.17
23499,2.18,39.39
16170,1.29,29.78
46919,0.94,
26303,1.48,19.83
15883,0.71,17.15
22234,0.72,14.13
20412,0.69,24.52
13387,0.71,11.81
37561,2.57,12.84
39626,2.17,27.05
16928,1.19,9.28
16855,1.77,10.04
30153,1.94,26.05
32879,0.76,21.59
10672,1.18,16.9
32757,1.83,20.99
4719,1.54,24.16
7628,0.67,21.87
6531,2.64,86.01
38907,1.02,37.63
39412,0.38,
49834,0.54,33.48
37878,1.14,
27049,3.07,25.37
2526,2.59,22.44
42358,1.78,34.81
39094,1.5,18.85
46136,1.42,19.86
6251,2.37,14.25
43212,1.18,24.0
22485,1.34,27.0
25737,1.01,6.78
10673,1.91,8.23
9770,2.2,26.31
2835,1.93,30.79
3973,1.38,34.42
15140,,32.27
4888,,30.99
7518,3.86,
29951,1.06,28.28
21734,1.29,21.52
513,2.36,23.24
2415,0.35,8.29
25818,1.56,30.47
32708,1.07,24.58
28410,2.35,95.15
25620,0.62,23.33
333,3.15,26.3
30513,22.259999999999998,78.89
35993,10.52,88.29
26212,2.5,34.89
14980,,30.97
38943,0.63,19.9
12004,0.86,25.21
40907,2.41,27.98
49034,2.82,8.9
5954,1.09,27.0
39959,,22.2
37034,0.61,20.61
40811,2.77,20.18
17039,1.22,23.31
19154,1.42,17.89
1822,2.0,79.89
24477,2.81,21.15
40593,1.43,15.48
37256,1.92,32.87
21977,1.63,27.37
25801,6.47,71.71
42331,0.7,33.4
45386,3.03,30.5
10207,1.66,22.6
5004,1.59,19.58
28805,1.97,26.47
20394,3.32,69.59
600,0.66,31.16
24320,0.55,27.16
42398,1.23,27.61
773,1.28,29.87
48240,5.62,80.22
49493,2.35,
39100,0.72,21.96
49838,1.59,28.02
44594,0.94,30.61
17389,0.9,12.56
25613,1.26,30.38
26766,2.51,29.17
1929,0.67,15.04
29312,1.42,4.97
12992,1.38,
29210,1.89,11.16
20738,1.74,14.9
38510,1.43,26.36
49646,1.15,22.39
16866,2.11,13.51
23627,1.16,23.94
49701,1.57,11.59
30768,1.74,24.85
34691,1.73,80.66
49683,2.9,28.26
45320,0.93,17.43
7464,1.97,19.31
27790,3.41,16.14
28078,2.48,17.67
10999,0.68,29.25
14750,1.92,81.59
19309,1.81,-2.1
5076,0.69,13.27
1900,2.0,11.24
37826,1.2,18.77
19404,1.13,22.53
44941,2.27,14.95
12789,2.19,14.32
15615,5.44,84.16
45648,1.86,20.87
27992,0.74,24.52
44450,1.66,25.67
13215,1.26,19.83
23489,1.84,34.13
9522,9.86,72.34
22978,2.02,19.43
49014,1.25,16.8
32604,1.09,6.33
32564,2.1,27.68
48005,2.96,19.57
39191,4.54,17.27
360,0.8,18.27
7033,1.09,15.52
18272,2.46,20.69
21241,2.6,10.83
24293,0.53,12.36
21600,2.45,32.82
35426,2.0,21.22
41688,0.36,25.2
39583,0.52,23.76
36569,1.46,31.82
44368,1.59,25.82
3415,1.2,27.13
2542,0.57,33.07
45492,1.71,28.51
31810,3.98,
48501,0.85,16.0
15977,2.33,22.84
10901,1.34,31.55
14340,1.76,33.23
15751,1.73,19.6
2126,26.160000000000004,79.38
19597,1.15,16.52
5553,1.5,7.41
48598,5.48,80.11
35708,1.53,17.29
18939,0.79,20.15
23281,0.83,37.93
43238,0.24,17.51
45357,1.69,21.27
28111,0.77,19.4
37827,1.15,5.93
22425,2.16,15.71
3400,1.18,19.22
20609,2.13,32.09
12484,1.69,21.31
30176,0.93,72.12
32307,1.02,9.01
44985,1.42,16.17
39766,4.06,82.81
14242,2.74,7.66
3314,1.58,14.3
6720,3.24,87.18
30288,1.19,7.55
19123,1.23,
792,2.48,23.65
355,2.6,19.45
43724,2.42,29.11
38629,2.18,37.12
6120,0.42,20.19
26974,4.19,91.4
43812,0.56,26.98
35842,2.12,23.03
44029,1.59,6.96
8797,1.08,
44462,3.3,23.58
10280,7.14,73.61
35654,0.47,22.81
46502,2.65,38.72
8048,0.43,21.12
46715,1.68,25.1
42669,2.65,18.58
30140,1.95,19.57
14969,,21.36
22207,1.14,10.57
45939,3.46,15.68
3328,4.64,22.27
3007,1.95,
39809,2.31,14.48
36698,2.15,18.78
32400,3.26,72.31
47322,0.95,17.73
9367,2.52,24.34
18567,1.38,13.95
10172,0.98,12.79
4247,1.5,25.34
1808,0.47,22.32
25585,2.14,30.99
23521,1.01,18.17
42534,1.67,24.78
21998,0.99,
12582,3.5,24.75
6704,1.98,20.39
9031,2.35,20.28
33678,2.96,21.29
3172,4.16,37.48
3536,2.27,24.94
48023,1.35,35.22
25270,3.89,12.73
11071,1.25,27.24
29063,2.2,33.12
13572,2.67,31.04
24022,2.74,24.94
10337,2.07,13.02
13443,1.41,3.5
347,0.83,16.68
17566,2.46,23.69
4039,0.98,9.01
46829,1.69,
28161,0.81,33.93
38448,0.59,32.61
18649,2.62,34.69
30046,1.4,
33467,,28.74
16765,2.49,13.18
22430,4.62,91.9
39265,0.95,27.21
18207,,14.32
24568,0.72,19.45
42771,5.18,-87.19
15156,1.1,11.94
9062,1.22,10.2
26140,1.21,21.19
21483,0.68,
3743,0.74,14.36
6190,0.64,34.84
46424,0.89,18.74
41160,2.35,4.0
34904,1.93,16.04
21387,0.76,14.49
34999,0.82,
3893,0.46,25.57
43898,0.81,8.17
28502,1.93,26.0
43185,8.94,22.98
45295,1.69,19.07
181,0.87,20.1
26565,3.66,21.84
27262,1.07,17.76
9043,1.04,23.35
15316,3.54,16.88
2072,0.85,23.45
12466,1.62,72.02
32930,1.14,27.41
42848,0.97,13.99
11452,0.73,42.77
35270,0.95,30.69
30011,1.3,17.9
6968,0.94,22.57
45325,2.24,20.4
31136,1.23,12.23
29256,2.88,24.71
23542,1.62,31.06
34430,0.89,25.26
15081,1.66,15.73
38967,1.8,22.92
28207,1.15,33.74
39738,1.33,33.04
40526,1.42,12.53
24339,1.02,22.98
1826,3.17,31.53
29114,1.11,19.2
6672,,41.18
32828,0.82,27.96
8034,0.87,25.04
1761,0.69,7.84
18554,2.82,82.65
2651,1.12,1.48
36729,1.12,23.46
43920,,8.32
24859,1.77,34.03
28540,2.94,21.55
18454,0.84,9.65
41957,0.56,27.79
134,1.83,24.17
48234,,76.91
17402,1.97,38.01
28197,2.43,17.8
22589,2.17,22.82
10718,1.4,16.85
43855,0.52,15.05
47020,0.39,25.29
39979,2.23,25.58
33942,2.85,13.53
3324,2.09,29.98
46223,0.4,21.94
696,3.52,18.0
48361,4.31,77.82
2354,0.6,23.55
1466,3.17,91.28
31321,6.16,100.0
37521,3.05,21.6
2389,2.01,22.04
2262,0.83,25.11
23791,0.93,22.5
36205,1.45,29.56
38037,,24.13
26427,0.55,7.02
45027,1.46,43.72
9734,1.25,24.49
8402,,17.95
5939,1.38,17.58
25139,2.14,37.66
4469,3.84,29.21
29375,2.12,34.94
30905,0.4,22.12
32344,1.34,30.41
13659,0.96,29.44
46510,2.05,17.93
36587,5.8,74.8
31919,0.9,18.37
20823,0.59,16.97
27037,1.07,21.88
16159,3.66,18.29
4777,1.23,28.85
22442,1.82,9.86
49142,1.67,32.07
45245,1.16,27.64
37994,2.87,31.61
17653,1.85,13.02
34722,,13.51
31640,1.18,12.37
38711,3.22,15.65
44339,0.5,23.17
45284,1.04,12.05
9963,1.61,31.71
44251,0.73,25.8
6314,6.87,
1367,0.73,25.36
27207,0.56,23.47
18836,2.11,12.18
20233,,26.96
31495,1.62,37.01
8264,0.65,23.06
9045,0.78,
17476,1.06,39.29
10399,0.67,17.09
8450,2.25,27.86
45166,1.64,29.23
34026,1.5,29.91
16551,4.22,69.75
3692,1.63,4.76
2802,10.08,88.06
39214,0.74,9.49
8310,,26.94
43558,2.0,23.83
14617,1.39,22.59
18449,1.46,22.27
37309,1.89,19.37
18953,2.98,0.0
30348,1.82,29.83
48958,0.84,33.96
44652,0.61,44.53
32974,1.42,28.77
43319,1.51,23.91
15551,2.81,87.84
10135,2.45,
24599,1.79,17.03
6023,4.06,27.09
47683,1.12,20.48
44740,1.82,18.73
23895,3.06,
14653,1.52,13.4
22989,2.55,
4551,,31.26
4439,1.37,8.68
32321,1.34,23.19
26379,0.27,17.4
17400,0.97,24.75
15055,2.26,25.59
11388,1.75,88.2
25870,1.06,24.83
4754,1.44,25.43
6794,0.32,20.21
43381,0.94,20.25
30630,0.67,51.849999999999994
17302,3.84,6.11
41345,3.05,20.92
47031,1.28,30.74
18278,1.27,78.74
2719,0.57,11.48
34513,1.44,30.63
47940,2.69,33.34
3195,0.65,17.12
22699,0.97,23.56
47820,1.07,19.26
28079,1.17,28.25
13083,1.64,25.66
14055,1.02,16.52
40233,0.58,16.23
8198,0.72,28.43
17255,1.33,29.26
13008,0.54,16.94
4347,5.13,72.5
47021,4.93,77.75
3683,3.01,24.72
7714,1.66,26.66
49681,2.21,14.6
383,4.58,18.96
44372,0.73,10.54
47973,2.58,13.72
18234,,21.21
46394,1.7,17.79
33363,2.5,32.04
11860,1.09,25.02
5712,3.41,19.8
4689,4.26,75.13
45888,2.0,20.33
1243,3.21,82.28
40022,1.61,23.22
19628,0.77,22.11
28869,1.48,16.46
40386,,26.92
24190,1.84,30.93
6059,1.63,
2108,1.9,24.63
12362,0.28,26.88
6932,0.66,19.99
5314,0.38,23.16
10743,0.96,14.21
42501,2.69,31.63
1042,3.42,
23585,15.66,7.31
34101,1.7,18.4
2718,1.45,17.68
39464,3.1,14.94
32982,1.15,20.89
20712,,12.21
46791,2.39,16.58
20169,1.91,27.18
39772,1.92,19.58
32115,1.43,12.02
6792,2.93,12.17
36349,0.35,24.79
971,0.82,26.54
8344,2.67,21.4
33331,3.62,9.88
26101,0.94,28.92
6407,1.99,27.125
20697,2.95,93.3
22529,18.6,33.1
14160,2.11,31.12
48494,1.14,17.99
35075,0.55,34.75
21499,1.13,34.4
32548,1.27,14.26
8637,1.73,30.03
5702,0.97,12.52
28867,1.2,25.5
37895,0.95,38.83
37600,0.72,22.45
41426,1.0,21.63
18102,2.38,4.97
31785,3.17,23.88
4345,2.42,24.43
42105,,17.7
33266,,19.78
14923,2.5,
12369,0.7,17.83
24787,1.76,22.63
42370,2.22,20.84
40657,1.7,7.09
46146,0.91,17.78
2447,,25.49
49296,1.68,20.99
13686,1.61,22.22
19919,1.26,16.58
33581,1.17,16.77
49283,1.64,20.4
45694,2.56,13.61
9218,1.71,23.35
14224,0.29,7.03
12185,1.19,22.87
47059,1.25,26.44
41481,2.01,21.54
20628,2.12,29.13
13672,1.27,28.72
20563,6.32,93.09
44452,3.09,21.44
35373,0.55,28.24
43915,0.97,35.94
19539,1.07,28.49
10890,1.18,9.1
26490,3.16,23.08
39057,0.58,31.5
15257,6.8,80.39
5520,1.15,12.33
37474,1.16,22.1
27453,0.96,
14510,2.1,16.66
34192,1.46,17.34
49715,2.88,11.02
33930,1.6,26.01
19136,7.38,74.26
46357,2.24,30.58
38279,0.38,33.11
45667,0.71,27.49
31172,4.41,83.86
15056,2.19,
35380,,11.85
2938,0.88,25.64
13904,1.62,41.85
49985,1.34,19.9
12798,0.62,21.55
36520,2.19,18.19
20662,1.47,19.6
32085,2.55,37.19
29623,2.66,23.97
3191,1.59,26.91
2399,1.42,0.25
18737,1.17,17.59
47339,0.41,38.11
18976,2.42,27.92
23188,2.52,33.91
48453,0.28,
6216,2.65,86.51
27412,7.77,79.15
38783,1.46,11.05
26651,1.11,15.8
48718,1.42,
39943,2.4,14.98
9647,0.82,19.54
45832,1.66,12.37
14674,2.16,23.86
28453,1.63,
44573,2.26,3.69
49661,3.08,24.54
39826,6.49,77.76
39456,0.57,13.87
38440,2.58,
6142,0.9,17.7
48458,0.33,19.96
9984,4.19,34.6
49383,2.7,25.71
47711,1.6,27.31
47356,4.49,91.76
26632,2.6,19.61
31024,1.79,14.04
35696,4.35,77.41
34674,1.36,23.36
30363,1.37,31.54
48643,1.89,27.73
19769,0.91,11.48
45019,1.45,12.93
6261,1.2,26.04
12140,1.08,28.25
35022,1.32,25.55
22155,1.92,18.65
35895,0.35,19.44
22927,1.69,26.43
15012,2.86,29.56
16691,5.05,84.5
650,0.42,26.37
43040,1.03,16.82
4408,4.33,31.22
25677,0.73,25.03
31216,0.38,15.38
2272,,28.4
18583,1.0,16.43
28100,2.86,24.4
22076,0.88,31.48
3733,0.61,20.35
6085,1.73,15.51
13415,2.47,25.76
10658,1.16,-23.6
37886,1.72,14.03
28160,1.51,16.53
22549,1.72,
43487,0.61,34.4
17552,2.37,24.11
41351,2.04,15.07
34126,0.82,34.69
42842,2.35,21.92
48970,0.47,28.43
31995,6.57,84.04
47692,0.66,82.675
8172,3.38,30.71
10829,1.73,10.99
40950,0.78,20.125
48980,2.04,18.87
9240,1.07,32.34
17861,2.15,67.52
27981,2.08,16.99
44966,1.29,25.98
26356,3.38,15.09
7839,1.39,32.14
37531,3.18,26.6
15448,0.86,21.25
34418,7.89,12.33
14998,0.91,25.72
20519,0.52,17.19
614,2.39,19.1
33646,2.64,12.69
45786,0.81,9.94
31128,1.61,22.56
39160,1.58,18.31
11081,2.66,13.41
33191,1.61,17.33
11741,0.52,
24507,3.19,22.57
36342,0.19,22.4
2698,1.29,28.57
1028,7.56,70.39
32579,1.73,
49583,2.96,15.97
28551,0.79,26.62
28847,1.55,31.36
16319,1.69,14.57
34265,0.53,13.45
6375,1.78,23.42
4751,1.07,14.8
20586,0.86,18.88
19568,2.77,27.95
19666,1.88,29.48
36127,1.81,24.07
34956,0.67,30.37
2373,1.64,21.04
44649,0.62,27.34
30478,1.06,39.23
47304,2.22,22.37
45625,2.41,87.65
21346,0.71,16.22
4041,1.81,15.75
18240,1.27,21.29
12307,0.53,0.0
26884,0.59,20.99
9968,2.89,
43308,2.23,16.36
47086,0.93,
32469,1.94,17.43
18447,0.64,27.76
3491,2.46,25.26
1026,1.42,23.8
17097,2.26,
2977,2.35,15.36
41627,1.7,81.04
31042,1.16,15.39
24871,1.79,14.62
4298,2.26,28.13
11055,1.49,24.55
27170,1.52,27.67
5095,5.91,79.78
29453,0.36,28.67
26276,0.36,26.2
32163,2.05,26.13
1306,5.58,17.0
22112,3.67,22.2
38190,1.84,29.61
17713,1.44,4.92
2832,1.3,35.99
23548,1.37,12.65
6021,1.31,84.76
1961,2.59,14.65
15980,1.89,24.48
48435,1.66,13.09
6775,1.08,12.27
18336,3.25,88.1
35547,0.53,28.3
43683,0.78,33.75
43910,1.25,20.95
46089,1.1,26.94
48303,1.7,22.66
5687,2.89,30.21
15547,1.62,23.73
7542,4.78,83.02
12156,2.42,16.2
48050,0.83,20.35
30040,1.25,20.55
1114,1.76,60.575
45858,0.94,16.28
22020,,
44555,,21.99
16667,3.41,24.43
34220,0.47,14.76
3363,1.58,16.21
6511,0.39,22.8
17004,1.63,18.21
48555,1.56,
7782,4.59,76.94
22426,1.12,18.58
939,2.26,23.74
28389,2.58,32.02
42350,2.81,28.79
44463,1.41,28.34
35207,0.58,23.97
31372,4.76,74.05
48670,5.29,
14954,1.91,23.26
28233,0.78,20.55
36278,0.83,16.93
22673,0.44,17.96
48522,1.69,20.19
21449,1.3,9.74
3710,2.07,83.15
49339,0.53,20.09
35077,2.71,19.79
8315,1.26,29.12
29871,2.59,3.43
33074,1.56,24.26
9763,1.11,11.22
41611,1.84,19.07
31377,2.24,26.06
28525,0.76,
43254,2.66,82.46
16714,0.73,17.94
31345,1.12,26.15
4510,1.55,27.71
13650,2.2,7.73
34747,1.11,12.85
28668,1.11,20.99
2615,2.26,19.0
33599,0.5,20.47
19203,2.61,33.31
30586,1.98,21.61
34173,2.12,20.65
35712,1.03,
26068,4.24,22.1
20702,1.31,22.88
21204,3.03,15.88
44736,2.45,16.81
13594,2.55,11.46
6339,1.0,21.17
8210,0.39,
14666,0.74,25.11
26235,4.14,33.96
42536,0.75,33.45
17734,1.37,29.42
37820,0.8,22.84
23786,1.52,19.32
25630,,25.84
31364,,27.67
16820,1.13,22.07
31101,0.53,35.87
18417,4.39,25.65
10936,1.35,11.81
30945,0.51,26.9
31122,0.76,10.85
29513,2.69,28.37
39179,2.92,19.66
33055,1.2,16.4
28043,0.76,19.92
29355,0.89,17.91
47904,2.78,57.53
34707,,36.53
19837,1.67,26.72
26309,2.15,39.04
6469,2.05,32.71
49310,2.57,30.46
4502,2.26,30.87
29473,4.18,17.51
8365,,32.68
1627,1.02,20.39
30596,0.71,16.16
45464,0.93,1.06
21582,0.59,20.92
24627,1.03,29.08
10218,0.78,39.28
20106,2.43,15.41
6832,6.21,
8583,1.71,8.99
45604,0.24,
2503,3.1,21.06
47549,0.65,20.67
27662,2.6,20.63
28686,0.38,36.37
47053,1.07,20.51
46264,1.1,5.48
34444,0.65,35.85
46444,1.4,19.84
6383,2.3,
33146,1.33,20.35
46447,5.95,76.24
37800,1.4,20.86
13184,4.94,83.31
42981,,20.27
32478,0.92,21.51
37236,2.33,17.68
34196,3.97,28.59
31368,2.57,74.52
23717,,36.17
6615,0.63,8.91
13955,2.96,22.91
30698,0.94,21.84
8887,1.09,8.97
31447,1.68,22.0
32814,0.99,25.02
32876,1.4,28.21
24886,1.66,30.85
49260,2.58,25.86
16969,0.66,
21868,1.45,27.2
29784,1.73,
12578,9.22,82.77
742,1.17,18.38
20925,1.61,26.73
3607,2.01,21.01
23374,1.53,9.43
45087,1.71,22.1
46659,2.55,29.04
40109,4.42,86.74
29250,2.14,21.69
9749,0.55,44.66
48335,1.37,38.51
18013,1.41,17.52
45266,2.31,19.04
34102,7.5600000000000005,14.91
20296,2.54,23.43
21652,1.7,23.62
22233,1.38,21.28
36401,1.08,22.95
26987,2.29,26.01
29612,2.81,31.51
26320,3.88,19.6
35564,1.3,31.41
31301,2.16,90.14
24650,8.94,8.5
22414,0.72,13.25
37856,4.06,79.61
5086,1.7,20.63
20202,0.72,16.83
16766,1.44,25.51
27318,3.68,20.79
6335,7.07,63.31
39317,2.68,
25047,3.46,92.6
20051,0.87,29.4
689,1.17,7.21
28017,0.9,
35108,3.38,22.2
12824,1.25,29.39
23640,0.37,23.2
3908,0.33,23.18
42620,1.63,
41571,1.27,13.32
47840,1.14,14.37
32709,1.08,16.96
10894,7.66,79.64
8719,,75.7
32706,6.85,87.9
8953,3.65,75.5
11973,1.45,13.37
459,1.58,24.41
10400,1.6,13.2
13297,1.57,19.52
11249,1.9,0.0
17123,,16.87
4030,2.54,28.82
27408,1.28,27.95
35040,1.84,14.07
15481,1.4,30.35
21348,0.87,18.89
33602,1.13,3.78
46003,5.95,23.36
31922,2.09,23.01
27008,2.29,
35044,1.38,32.85
1112,1.02,69.94
18601,2.73,15.21
7803,1.07,27.85
47377,4.81,79.79
14538,2.19,30.1
8473,1.44,29.38
34733,1.49,31.52
23587,1.4,32.6
31013,5.49,98.49
41019,0.41,28.5
15280,2.4,26.77
24546,1.29,28.73
26209,1.93,22.85
15633,1.86,81.78
8795,1.91,27.03
19793,1.42,17.3
70,1.6,29.73
8932,2.97,26.12
3171,5.46,26.75
44962,0.45,30.18
42365,1.09,24.91
29415,2.77,
48835,1.27,11.24
4974,1.91,14.2
15887,1.95,28.93
1569,1.3,18.75
44402,0.79,32.64
43884,3.37,73.21
45775,1.24,20.84
13978,0.78,21.28
48387,3.07,16.75
25916,1.05,
45326,0.86,11.51
31784,2.53,37.94
16818,1.09,13.8
33143,4.56,97.55
5051,1.2,20.73
49725,1.85,19.14
30132,3.47,22.72
14107,0.66,30.54
13618,1.18,14.62
14229,1.29,33.37
11648,5.33,88.41
21332,4.07,81.79
11910,1.04,32.35
45791,1.57,14.65
14233,1.94,15.59
25700,0.8,
5923,1.79,20.98
38476,2.57,13.78
23829,1.53,18.43
40136,3.41,100.0
18772,2.48,20.42
89,0.4,18.09
1896,3.87,23.72
18800,2.31,19.71
12501,3.67,88.25
16225,0.94,21.05
47761,1.03,20.4
158,3.64,81.83
46121,0.62,22.65
40170,1.62,14.43
22792,3.11,13.31
16471,5.96,88.72
42869,,27.38
550,1.89,17.24
35416,2.32,24.78
30171,1.44,
8260,1.94,18.93
17066,0.12,28.23
43836,2.14,20.47
41126,2.34,30.85
19152,1.21,6.32
1127,,11.74
9497,0.53,19.87
25124,3.9,-93.65
36064,1.15,21.5
44824,3.58,23.75
11389,0.93,19.54
22703,,30.2
17491,1.91,26.46
11740,6.04,76.33
42397,2.12,16.64
7632,2.47,
23989,2.27,22.66
37468,1.81,25.9
34470,0.64,18.88
41889,1.79,31.88
10843,2.46,18.77
12331,2.01,21.77
40534,1.2,24.26
30526,8.19,80.4
28013,1.22,34.88
41639,3.41,14.2
5289,0.69,23.25
36831,0.74,24.63
41288,0.69,37.1
19244,7.77,87.63
49709,0.9,28.52
27750,2.27,18.97
27607,0.38,26.94
41676,1.25,19.82
10196,1.74,28.57
12292,0.94,41.025
39413,1.19,23.8
10642,0.46,28.68
3518,1.44,19.99
34821,0.55,
30158,1.12,23.33
30723,5.24,
8883,1.33,21.51
12305,2.43,23.27
35205,1.2,27.62
19791,1.3,20.26
10670,1.58,21.27
42261,1.82,21.66
19940,0.63,7.5
16056,4.21,84.94
28005,1.88,33.68
9063,2.63,81.16
44978,3.63,20.92
9859,0.76,31.56
48205,0.5,16.37
38366,3.77,87.58
7189,1.12,12.68
1502,1.26,29.95
15091,0.65,32.87
34948,3.42,16.78
43490,4.09,24.13
49788,3.51,26.35
4265,0.85,19.08
6199,0.81,19.78
36011,3.44,35.01
26232,1.4,21.76
15187,3.1,36.96
39635,3.21,8.18
10052,1.31,23.39
29077,1.39,16.56
32961,1.68,13.25
25413,1.81,15.39
16039,1.05,40.46
37217,2.4,33.09
34456,2.25,27.71
47764,1.08,18.83
18885,2.06,19.42
27684,1.75,0.0
39524,1.65,21.69
17390,1.44,18.77
2867,1.31,34.32
42140,1.51,18.03
33002,1.18,30.26
38365,2.05,30.91
24954,1.95,14.76
45141,1.33,29.63
31427,0.56,27.77
13374,2.01,21.31
6519,0.24,20.77
37877,1.86,7.43
14488,1.17,10.4
11073,1.33,21.34
30081,1.69,36.64
45063,2.17,17.13
18811,0.17,22.65
46501,3.18,25.75
16599,,13.47
18384,4.19,13.58
20453,2.24,34.17
3300,6.13,86.19
8111,1.75,19.68
11152,2.78,24.2
705,2.04,21.05
32895,1.95,10.71
9348,1.59,7.5
30327,1.42,35.3
5458,2.38,18.09
8702,2.04,21.6
8276,0.95,9.77
26445,1.03,28.27
41477,1.41,22.56
1858,1.65,18.97
37490,2.5,25.93
29810,2.66,11.31
15447,3.43,
6784,2.0,14.58
13247,0.79,17.88
36649,1.5,16.8
30216,0.39,37.72
15512,2.07,17.86
30761,7.82,77.95
14983,1.46,19.27
34500,0.56,9.74
30094,0.94,31.51
27856,2.62,15.01
20016,1.25,32.73
8667,0.78,14.17
32432,1.33,30.96
32868,1.79,23.95
13383,1.95,34.23
22008,1.62,22.82
29801,1.07,7.18
43132,2.5,27.35
40859,4.62,12.92
16533,1.17,15.01
48587,,74.27
28663,0.77,17.42
26046,1.4,30.22
5257,1.88,33.99
17707,1.88,22.79
18116,0.83,16.35
2050,0.59,27.53
7186,,26.21
40228,10.26,14.07
5737,1.43,13.6
3344,0.55,16.03
1762,,37.26
26210,2.26,25.09
35955,3.24,23.56
15519,0.34,27.53
3533,1.04,29.14
10808,2.82,19.75
13401,1.31,10.98
43837,1.1,
19225,1.31,20.73
49022,1.24,27.73
5660,3.2,31.95
46539,0.46,13.96
19596,1.76,32.04
20062,0.62,21.06
35254,0.62,22.52
30623,1.79,23.73
11780,1.88,25.48
14162,3.43,8.72
7115,1.66,35.24
7188,1.05,
26116,4.77,64.57
7505,6.54,79.27
32736,0.42,15.51
20419,1.75,27.67
48436,0.09,28.53
38035,3.14,21.57
9993,2.39,17.53
16649,3.24,82.64
6835,1.98,27.12
8254,3.17,31.06
46261,2.02,30.38
18298,1.3,25.75
1482,2.33,
12909,2.25,
21133,2.14,23.31
46218,0.98,22.09
48282,1.92,30.7
2593,0.56,23.55
35011,2.16,33.01
37821,1.86,28.53
46098,0.51,7.77
23453,,
41445,2.65,78.69
9165,1.73,23.16
14564,,13.72
13267,1.54,29.29
35962,0.96,6.92
16278,0.86,18.98
11003,0.7,25.06
11174,1.51,14.4
5745,0.7,31.66
4573,2.05,19.65
40388,1.65,25.48
47149,0.92,16.84
43362,0.93,13.54
38383,1.37,13.7
24517,2.44,14.08
37392,2.4,38.27
10933,0.63,22.92
35118,0.97,22.66
35282,1.06,28.82
41792,1.96,26.81
24746,1.35,23.82
9756,,37.37
3995,2.17,31.4
21412,7.65,85.6
26578,1.87,37.53
33919,2.93,14.52
10822,1.81,24.89
17068,1.82,24.8
36374,1.63,22.51
2343,0.37,24.25
6976,2.08,29.91
36639,0.63,
21842,,73.71
9942,1.11,20.62
32128,0.68,22.71
7320,2.35,25.43
17313,1.35,36.26
21279,,
3426,2.71,33.26
1441,1.3,21.9
49641,1.08,22.81
22823,2.39,14.01
47818,1.05,26.14
14781,,20.25
17936,0.6,19.43
32107,1.1,27.45
7903,2.36,15.18
7735,0.82,3.59
33641,3.55,17.39
9417,0.82,6.39
26655,2.13,86.1
19408,0.42,23.69
43809,1.33,19.61
11753,0.84,22.35
33916,1.22,23.18
33267,3.77,13.4
28719,6.98,81.6
29552,1.43,19.86
30016,2.49,24.08
38495,3.08,19.64
41634,1.18,20.56
39431,1.35,9.54
37673,0.84,26.03
20605,1.12,31.26
18100,2.61,26.62
43500,2.9,24.57
41632,1.28,7.65
10397,1.15,26.53
9170,1.24,20.73
20269,1.28,19.44
33959,0.31,36.55
3672,0.49,35.65
18392,2.14,18.31
32913,2.81,21.16
23512,0.33,29.43
2812,1.99,30.3
43774,1.38,
35900,1.16,31.21
8512,0.56,33.17
43273,2.06,27.72
41272,1.2,16.33
14318,6.86,90.24
34449,3.38,87.28
17457,0.8,18.51
32795,1.55,16.57
32268,2.78,25.57
12949,2.42,16.53
10341,4.64,33.95
33626,1.35,22.04
23890,2.58,22.58
44397,1.95,21.87
6299,2.57,26.45
16747,3.6,9.82
24592,2.26,23.78
14279,,20.12
3183,0.39,14.84
38787,1.21,23.95
571,1.54,17.69
26921,,33.68
44540,4.63,
19062,2.16,16.96
42974,3.17,7.21
27498,1.06,21.22
46781,2.04,21.51
16149,0.45,15.5
21546,1.4,29.67
8922,2.35,19.95
9173,0.71,6.9
27489,3.0,72.11
20302,1.12,24.53
40725,1.39,11.12
44098,1.41,26.09
46440,0.62,26.37
14972,3.4,25.21
45766,1.11,11.36
22184,2.91,23.18
23459,3.46,83.1
2334,0.83,12.91
1796,0.93,19.54
22118,2.72,84.99
39537,1.15,21.69
33996,5.07,82.36
6291,1.7,0.0
25435,1.11,11.81
28328,2.42,27.51
23634,0.24,17.79
41743,5.49,78.84
24257,2.03,23.65
4546,4.88,85.98
42064,0.37,21.1
13133,2.86,21.11
44249,2.14,13.04
36015,0.39,
21229,0.94,12.95
18576,1.84,28.63
16927,1.44,26.71
41466,1.19,22.31
49364,0.83,18.84
25783,3.46,72.49
25168,2.07,-30.82
12064,2.85,11.79
7168,3.39,35.7
7564,0.63,27.47
39598,1.37,20.2
20239,1.29,24.02
45278,2.22,28.11
47772,2.21,27.84
8919,1.08,
7445,2.13,21.81
5638,2.49,79.33
38490,5.82,24.0
31846,4.68,86.63
10425,1.11,-18.64
37299,2.25,34.48
21737,1.15,3.37
9271,1.41,27.15
8980,0.9,19.86
43651,1.27,24.1
35160,1.57,
41811,3.01,16.35
4733,1.13,36.38
26512,1.22,32.48
3165,3.44,
10300,6.59,83.85
19197,3.92,26.84
6405,2.3,21.65
5608,1.64,
3808,4.08,22.82
45724,0.75,14.72
29755,1.9,11.61
19857,1.12,19.33
44697,1.1,19.97
27733,0.82,9.06
14558,1.58,6.59
2443,,20.69
26230,1.29,21.18
1682,0.49,18.75
2869,1.27,19.39
15859,2.06,
32459,0.7,19.7
41286,3.95,31.39
33420,1.08,17.49
37927,1.87,26.51
38368,,23.87
47903,0.52,34.93
37066,1.33,19.59
2393,,20.13
7691,0.89,24.33
33639,1.13,27.41
343,4.58,37.92
43462,3.5,29.41
49783,4.13,100.0
27814,1.38,24.65
33867,1.3,22.28
32,4.88,66.71
11061,2.51,23.49
44744,2.06,80.53
40044,1.53,18.55
45487,2.08,11.37
4009,1.91,19.4
13666,0.75,23.34
30682,0.76,10.23
3353,1.56,23.73
19786,0.68,20.42
44724,5.8,78.74
31638,1.38,18.61
4919,0.83,9.66
15043,1.83,17.56
16945,1.76,34.33
36615,2.09,17.03
21136,2.71,10.69
5828,1.99,6.26
16699,1.43,39.36
37317,0.93,
3899,3.22,17.94
18666,21.48,13.45
27267,1.76,23.04
30447,1.96,21.52
15212,0.82,24.73
14210,2.24,7.31
40045,4.82,
13450,1.32,32.88
44099,1.35,25.09
214,1.32,31.71
11190,2.34,22.25
38704,0.46,12.21
32158,2.76,31.9
18368,,15.6
39044,2.49,82.44
34574,1.07,9.76
175,3.46,24.94
28997,1.93,8.11
27026,1.26,29.96
14103,2.11,7.92
18334,1.2,19.91
33322,3.79,19.17
15941,0.92,18.59
32299,1.96,62.02
6878,1.68,33.84
4289,0.67,22.99
16800,2.13,72.4
33384,4.61,25.37
10030,1.08,23.46
45498,0.57,28.98
4355,2.62,
10205,2.65,21.02
2631,0.71,29.66
20882,6.32,88.1
42355,1.16,27.51
33460,2.24,31.63
19796,1.93,35.2
16792,0.99,24.62
18781,1.89,27.2
19912,1.47,38.28
45839,0.73,12.41
23144,4.67,83.63
3931,1.9,35.35
3390,1.3,33.76
46211,1.62,18.95
17794,1.27,25.98
49821,4.25,16.49
16963,0.72,11.79
31805,1.55,39.69
32084,2.57,19.53
26391,1.71,22.41
43808,0.42,30.29
6323,3.46,73.7
18568,0.28,32.73
19825,2.14,27.9
2717,3.34,29.45
10685,1.41,18.54
932,4.04,25.0
27121,1.07,25.92
11165,1.24,
13360,3.6,13.43
49739,1.41,
45173,,16.91
30661,1.09,15.47
26337,4.16,28.39
3699,4.45,32.74
6358,0.61,19.61
11517,0.87,15.31
4535,0.98,32.04
29535,0.64,25.54
21617,1.79,10.69
16653,0.76,19.69
14330,1.84,6.13
27166,2.44,21.63
8186,2.25,20.01
30725,2.55,29.11
45286,1.26,23.68
48411,0.62,29.44
2304,1.42,21.82
5743,0.38,18.01
20785,1.78,79.92
11752,2.94,11.0
2083,1.66,15.03
47514,1.49,40.33
10587,0.64,24.53
36921,1.66,37.58
38959,0.18,24.91
17615,1.05,22.39
10533,1.95,12.9
15454,2.16,29.94
44162,2.03,15.57
29990,0.78,35.37
31179,3.01,15.6
34038,0.98,15.48
26526,0.65,10.68
27761,3.18,21.41
28714,1.77,21.83
23134,1.7,19.06
3856,5.12,71.3
39139,1.99,
10297,0.25,24.57
4311,1.85,23.17
33379,0.78,29.81
397,2.45,5.86
14304,0.97,18.25
29311,0.71,24.65
5063,1.59,18.07
15222,1.35,
49499,1.54,10.88
18485,1.25,25.69
20822,,31.54
21008,16.44,18.01
18613,1.48,25.01
44619,3.92,20.73
39320,0.59,-23.47
41515,1.26,14.08
11101,1.06,20.21
18966,1.09,29.35
2458,1.74,18.25
23292,0.82,14.74
25442,1.85,19.93
20813,2.15,23.08
16753,0.91,23.41
29399,4.12,70.72
36377,3.12,31.31
14280,4.11,30.46
23766,1.34,18.63
24363,2.16,22.98
6183,1.46,14.95
14222,1.65,15.92
27554,2.14,
16908,2.39,20.25
23299,0.45,21.1
45404,1.43,29.18
34421,1.55,11.54
39216,5.26,22.32
43481,1.93,
48801,1.97,
27109,4.93,17.33
23637,,18.19
44876,1.08,38.4
8499,1.4,68.78
10388,0.4,30.05
1053,2.11,14.68
537,0.94,33.55
4420,1.15,20.65
31684,0.93,98.01
12210,1.23,17.01
16954,1.22,
28715,1.22,27.71
27156,0.49,28.69
23799,4.0,12.83
35860,1.72,34.32
12227,0.9,29.57
29734,1.49,27.22
48804,0.7,24.48
802,1.94,14.18
45979,2.56,12.32
36665,2.89,17.1
25429,0.85,26.61
45801,5.21,89.15
15561,0.81,25.14
48479,0.36,35.95
49346,1.43,26.73
44830,10.74,21.24
794,0.78,
30973,0.68,11.99
27917,1.64,28.63
2208,1.24,29.47
47662,0.02,15.71
43526,,32.87
28138,,26.47
23918,4.44,29.79
31014,1.75,16.17
47294,0.35,25.0
28066,0.79,42.300000000000004
20543,0.76,21.43
20938,0.16,9.56
1129,2.0,19.4
9687,1.86,15.42
13954,0.62,20.86
19039,3.34,34.68
3049,0.8,26.54
16220,1.11,18.31
12104,0.37,33.72
44916,2.55,22.47
931,0.88,36.42
6107,3.64,94.98
44201,2.23,16.02
32782,0.41,18.87
38197,1.08,14.93
30064,2.33,81.15
29961,1.57,26.48
48842,1.4,
8940,1.58,13.17
10307,1.77,18.76
9337,1.45,36.76
7030,0.75,28.98
16219,0.7,23.56
31946,0.58,
14856,1.41,24.29
22858,1.65,19.25
11443,0.72,
36109,1.11,21.66
10882,1.3,16.91
17926,1.9,8.34
16923,2.1,30.38
38265,0.79,20.03
11279,1.91,28.83
38457,2.94,80.4
38234,0.82,31.99
49389,1.41,94.6
5070,0.69,12.58
9410,2.47,41.73
22038,7.08,
6434,2.64,19.8
28255,2.89,32.35
32590,3.99,11.95
7786,0.76,23.14
25877,1.4,
21905,1.18,14.13
8609,1.64,11.08
11808,1.57,17.32
31692,2.21,28.75
7541,0.77,22.59
11040,0.74,10.05
22064,1.76,25.26
17391,0.95,20.0
32845,2.95,20.9
35193,2.52,27.16
25484,0.76,22.32
42272,1.57,14.07
19945,4.94,84.61
32044,0.74,18.84
35250,1.18,26.54
3060,3.02,9.52
35733,1.85,15.93
5574,2.55,18.08
9185,0.77,24.91
6563,3.2,84.45
8306,1.08,31.96
14646,1.3,35.01
45978,1.24,13.71
17831,0.85,4.97
40338,,24.97
1134,4.26,80.11
16462,2.22,13.41
46143,3.92,88.33
27997,,20.42
1084,7.05,
20774,1.13,33.26
16061,0.54,21.93
10701,0.93,18.83
21034,2.15,33.02
509,1.1,23.6
17535,,27.52
19124,1.21,
24893,0.43,
12293,0.88,26.5
45258,2.21,20.8
16720,0.41,32.26
31572,2.4,25.84
21646,1.71,8.81
20623,2.93,18.17
45968,0.83,14.78
32091,0.58,19.36
29521,1.04,23.65
17441,4.53,82.28
30616,0.84,39.26
42279,2.1,22.65
37729,1.1,29.42
32011,1.76,41.84
21120,0.93,20.63
42524,0.68,7.84
47838,1.28,9.03
27809,6.08,78.89
10452,5.49,95.65
26905,1.15,27.41
15427,2.16,26.86
20289,2.62,26.91
27225,1.44,31.06
47014,2.81,28.98
21988,0.27,28.08
39257,1.0,
15787,1.69,27.05
47582,2.83,13.63
44334,1.65,23.81
41276,2.48,38.58
30646,1.52,38.62
37383,1.87,16.85
4201,3.01,96.99
45614,1.95,42.93
16970,2.09,27.65
39468,2.2,17.52
24073,3.99,70.07
9873,1.27,28.13
13470,5.31,84.13
25035,1.92,29.91
8055,0.32,29.22
32842,0.43,19.57
22716,2.67,33.53
30349,2.44,11.87
8843,1.62,0.15
4438,1.34,27.31
7287,1.73,22.53
32359,1.02,26.74
43429,1.21,4.24
494,0.44,25.44
33160,0.57,23.75
1859,2.77,28.25
39780,3.09,32.04
12569,0.48,30.79
24795,1.49,10.34
25749,1.03,9.67
1163,1.68,16.82
32069,1.23,23.55
20589,0.15,31.33
23850,1.02,16.09
27658,1.31,18.14
40987,1.71,28.31
39862,0.92,12.67
28249,1.46,29.3
32663,,15.39
42580,2.41,70.41
38624,11.13,96.51
12038,1.49,19.53
33565,9.19,78.29
23718,1.44,14.88
27282,5.82,18.3
13426,2.75,18.95
49590,1.21,26.34
34534,2.53,11.69
31251,1.85,82.91
27299,1.71,20.46
1696,1.34,11.98
3235,0.28,
20241,0.63,28.59
37970,2.05,22.87
40737,3.6,68.39
8250,0.7,30.4
26273,1.64,21.77
42557,0.57,7.62
10524,0.83,24.01
3226,1.04,11.48
31759,1.09,22.63
41615,1.92,30.64
49906,1.13,9.73
20222,3.63,86.14
48510,2.15,11.31
2055,0.41,18.07
36435,1.15,24.58
32422,,43.85
30993,2.17,22.46
401,0.73,18.88
32867,1.12,16.56
29713,,18.02
32131,1.4,23.31
6468,0.78,23.66
40537,3.22,
48672,1.83,9.35
42127,2.64,18.01
3685,1.81,13.58
41333,1.14,36.57
2498,4.59,7.84
13234,0.93,23.17
22822,1.51,25.34
21188,2.02,17.94
1654,0.99,25.32
41301,3.88,29.67
39240,2.96,199.89999999999998
43813,3.31,32.92
9097,2.02,19.23
4844,2.9,22.21
8987,1.15,24.86
23537,3.56,76.76
46593,0.38,33.07
33182,1.86,25.71
33559,2.19,31.83
40178,2.08,30.48
9030,,7.28
48962,1.96,40.53
28849,1.79,12.24
3045,4.2,24.41
34324,1.78,23.5
18549,0.76,34.25
34270,3.42,18.59
31567,2.91,31.55
1145,2.13,24.04
35029,0.8,22.49
35586,1.21,17.29
45181,0.99,23.27
47722,2.04,9.04
31221,0.98,18.8
5326,2.17,21.29
42320,0.79,23.34
35757,2.09,18.64
23197,2.46,21.1
12109,0.61,28.18
5448,1.49,
35558,0.52,25.05
18786,9.899999999999999,29.13
48457,1.08,18.45
7313,3.42,85.61
25184,1.33,21.98
22039,0.81,26.88
15930,0.51,24.64
43749,1.21,14.68
30371,2.7600000000000002,0.0
35581,0.95,29.15
10355,2.84,24.81
13441,0.18,22.88
28229,2.43,24.01
10590,3.16,83.57
42887,3.71,13.75
46282,1.05,29.22
27857,1.15,21.26
40793,,12.83
22261,0.49,18.25
4905,1.39,26.82
17064,1.56,15.65
29369,7.08,
38122,0.67,25.08
21521,2.78,28.83
13028,2.17,10.53
12544,1.31,24.06
48773,0.58,24.91
32352,4.13,26.48
6157,1.19,9.46
20627,1.05,13.62
27876,2.16,25.73
11235,2.06,13.63
6580,3.33,20.59
38173,0.74,21.37
2714,2.04,12.0
572,0.69,5.38
35587,3.46,37.72
24815,0.26,24.97
14073,0.49,20.77
47641,2.09,15.4
33438,1.3,27.46
30574,1.56,39.74
26552,2.12,23.28
30890,,24.62
38595,2.01,11.48
527,1.01,32.15
42369,0.72,22.73
15082,1.4,15.41
12563,1.82,12.52
39770,1.29,15.69
21301,1.1,17.33
33217,0.81,19.69
16120,0.23,
8177,1.92,9.32
31493,0.7,20.95
32523,2.44,
18214,2.34,33.71
15961,2.26,30.44
15256,2.03,15.96
19536,1.48,24.93
23629,0.79,33.93
11941,0.5,23.71
8000,2.07,20.66
11988,0.94,19.62
46779,2.26,15.68
110,1.46,24.52
15757,2.77,
20967,1.4,17.44
11466,,31.94
40180,4.23,26.07
22007,0.47,28.59
34617,1.66,14.27
19838,2.96,17.48
10816,2.41,14.81
17939,1.79,27.77
14081,0.92,21.24
33259,0.65,25.72
46455,,23.28
41816,1.44,15.75
37314,0.29,28.43
12888,4.0,29.78
10440,1.11,18.0
14093,0.8,19.14
26189,1.74,30.46
18489,1.55,23.79
38838,4.42,99.77
19020,1.46,24.72
10405,0.6,18.38
34583,1.25,12.05
31561,,12.81
38702,1.29,16.3
27788,0.42,
20943,0.76,37.71
10122,3.87,9.27
25419,2.0,18.76
17249,2.2,12.85
16816,0.54,
4323,2.11,15.88
42608,0.61,1.64
40549,1.65,13.01
9051,3.34,26.76
47484,0.77,16.68
19351,,87.83
21979,1.77,18.17
17522,0.49,17.1
29105,0.34,56.275000000000006
46998,2.31,25.56
8325,1.93,28.14
36940,1.6,30.1
17382,1.8,26.4
33274,0.78,25.65
12015,2.47,33.63
28977,2.05,22.98
47129,5.01,86.27
4766,0.44,31.78
1103,3.37,62.8
44890,1.21,18.65
15319,1.06,32.78
14065,1.49,21.97
44614,4.62,94.4
29781,0.72,15.28
46049,2.79,3.66
2226,0.94,35.59
42096,0.96,14.45
19450,1.51,24.54
9312,0.28,2.56
2589,3.75,79.03
49091,1.88,
32781,1.67,14.68
28587,1.61,21.03
17203,2.52,35.6
38161,0.57,27.95
1370,0.84,33.92
18266,1.09,12.45
2450,1.72,8.26
21468,0.98,33.94
29867,2.33,16.09
6565,2.67,
6222,5.37,73.17
19093,1.14,-11.13
12851,1.22,0.43
26263,1.01,21.31
25354,1.51,23.61
35695,1.73,12.38
15828,3.5,25.06
18436,0.39,27.25
36462,2.0,23.32
20146,0.69,30.58
14590,2.71,14.87
37170,4.05,75.69
7722,3.77,43.09
3151,1.72,28.57
37872,2.61,
48002,2.85,29.1
20874,0.92,27.31
19862,15.18,29.27
35869,5.37,89.62
16135,1.03,25.41
33172,0.92,10.88
23921,2.91,11.6
44827,1.73,9.9
24664,4.34,
23390,2.52,18.26
11682,2.29,24.25
39740,1.66,21.63
41267,2.49,24.42
3052,,37.21
42805,2.39,74.73
4032,2.63,6.39
42037,10.1,75.62
21112,0.85,18.95
25917,0.9,21.54
39200,2.67,25.45
37439,3.05,27.0
1246,1.32,
27226,0.9,31.34
28499,0.93,30.07
49839,4.97,78.31
25718,2.05,88.26
47293,2.8,25.97
44011,2.29,21.77
23561,0.43,26.7
16835,0.47,8.99
39690,3.65,15.12
47013,1.61,7.7
31918,3.2,4.48
18401,2.82,17.3
26491,5.21,69.73
14095,3.88,19.77
234,7.47,94.89
13569,0.84,11.56
6991,1.02,19.1
40746,1.51,12.08
47480,4.05,20.45
9086,1.87,223.64999999999998
5204,2.71,23.11
40043,0.99,27.18
4584,2.21,23.95
9077,1.5,13.79
15874,0.85,25.67
47406,2.5,25.69
48965,1.34,23.01
2355,4.69,23.48
30932,1.14,19.54
49611,2.91,24.25
46272,2.62,
43983,1.26,32.05
11643,1.35,17.94
35582,1.25,22.73
9235,1.98,22.44
39178,3.86,76.42
14170,2.15,27.26
5580,1.12,20.03
15207,0.81,
40200,0.78,26.67
16506,1.56,20.41
46020,,8.55
39061,1.89,10.28
32261,1.99,29.67
16429,2.24,6.65
34119,1.48,22.86
15585,1.87,75.84
1433,3.42,19.45
5755,0.97,19.03
9819,2.86,
9923,4.72,80.29
36269,1.04,
19785,2.3,26.9
6077,1.38,23.2
31812,,
49885,2.11,19.07
21365,2.02,22.85
42512,2.51,37.67
35660,2.38,39.16
21156,1.82,28.23
24215,2.03,85.53
40530,2.3,20.95
30377,1.74,24.75
43747,1.73,32.93
26576,0.96,22.72
45733,1.28,18.19
11492,,17.1
24080,2.29,88.91
43342,2.11,28.7
9199,5.57,24.56
37720,4.92,18.08
40199,1.0,37.66
41872,3.76,79.27
15498,1.35,
45958,1.1,21.38
22357,1.61,21.25
19311,1.34,26.82
42569,3.07,15.95
44587,1.96,11.51
25914,1.65,
7548,1.31,10.69
11383,4.36,7.08
46773,6.34,85.09
26361,3.08,15.23
9112,1.79,25.94
13965,1.98,24.39
47570,0.45,27.72
29945,0.95,
36100,2.16,32.16
9496,0.25,16.04
1626,0.46,13.87
43857,4.06,86.1
12920,3.22,16.73
28811,1.42,36.14
21855,0.86,21.74
14491,3.66,38.48
11087,5.03,76.05
21559,1.51,12.69
21306,1.51,23.86
43189,2.99,30.01
22158,0.35,10.28
6741,1.66,19.8
30163,1.4,14.32
37139,1.3,20.38
15914,1.57,41.849999999999994
668,,12.44
13597,0.41,14.74
44564,1.36,24.95
5498,2.76,21.76
44077,2.72,
6958,6.24,76.93
31355,4.87,62.67
29498,1.58,
31589,0.52,11.27
10540,1.17,14.85
5783,1.41,30.96
44734,5.58,83.97
2451,1.49,24.13
47117,1.29,23.8
6939,0.62,24.64
6276,1.9,23.28
16960,2.38,14.78
18914,1.13,32.71
11276,1.16,12.42
41501,0.95,
30104,0.84,
9130,1.54,24.8
46338,1.2,17.61
39997,0.9,23.69
27424,0.81,27.17
41645,1.04,7.51
28507,2.59,79.14
45851,1.8,15.5
30666,1.33,22.15
18683,2.68,
46533,1.11,29.91
20438,1.59,29.98
27104,4.58,25.19
34028,1.05,32.79
12894,1.13,13.6
22170,0.58,31.73
20201,4.65,18.47
12318,,20.89
14232,2.47,23.88
4223,1.68,26.85
45329,2.8,27.4
15071,2.14,21.26
183,1.83,
74,2.02,21.78
3971,0.97,33.82
9811,1.31,1.23
49,1.92,6.98
33896,0.79,
23163,1.61,18.0
9292,3.54,83.64
2181,2.01,18.22
36468,2.3,16.15
16331,1.52,88.56
33257,3.13,24.87
28031,0.04,18.22
37426,0.88,22.7
11733,1.09,26.73
1407,1.11,21.52
4324,1.48,21.0
24882,2.19,25.73
44735,1.47,31.22
26304,1.13,16.39
40005,2.06,22.42
13496,0.37,37.44
17550,3.76,85.7
35280,,
1769,0.77,13.4
30265,0.37,19.32
13135,5.62,92.75
42716,4.26,92.39
16916,0.59,35.71
39198,2.3,17.29
4231,1.9,7.89
21715,1.87,17.71
23551,1.14,13.36
38589,2.29,2.67
24764,1.18,10.1
11596,0.94,31.27
17458,0.27,33.81
43567,,21.01
43893,1.04,0.0
11723,2.04,21.98
24862,2.15,12.43
4746,0.76,24.73
49379,2.82,24.12
697,1.46,28.39
31002,1.18,32.61
37043,,21.29
1582,0.87,33.77
3273,1.7,16.47
4684,0.44,17.08
33135,1.73,28.2
19576,1.2,18.29
8768,1.64,26.52
4791,2.79,15.6
5387,0.59,14.63
12573,1.02,29.07
33453,1.26,29.46
27552,1.11,15.76
9477,0.71,
41906,1.29,15.73
45177,4.22,
21507,1.97,14.72
20350,1.26,12.6
42749,1.64,22.03
37897,1.92,16.98
41520,2.59,14.79
42917,1.13,13.13
40263,1.02,
9210,2.54,
27553,3.59,14.05
36271,1.24,14.2
10067,1.85,16.29
31621,1.48,11.97
22318,0.71,25.32
41827,1.78,17.42
30155,4.66,68.07
49163,1.08,27.98
11366,0.59,30.38
38391,0.71,18.29
13178,2.1,
7685,1.35,36.44
9507,2.18,23.15
36081,0.51,16.46
31272,6.0,91.33
15437,2.45,23.5
10791,1.24,38.63
12647,0.76,27.05
49123,1.3,25.52
34838,0.94,5.93
21823,1.27,21.15
32243,1.21,15.94
5549,0.68,28.97
43315,0.93,29.46
44754,0.61,19.92
8006,0.97,34.71
43565,2.89,24.64
14677,2.09,26.16
7417,,21.48
10724,,19.38
7147,1.12,27.05
15503,1.91,30.04
44602,1.76,12.61
3306,3.34,11.65
19398,2.47,11.34
18578,1.52,19.11
10923,3.4,79.3
8109,0.99,
540,3.85,
11098,0.62,22.57
29495,2.08,68.37
26102,3.91,82.03
49221,0.72,26.05
49053,1.3,28.21
44893,0.89,21.51
15898,3.58,18.76
13012,0.62,17.01
149,0.54,12.19
35653,0.86,19.23
4995,3.03,
2552,2.2,82.15
29042,0.85,28.24
13042,1.99,9.32
18287,0.71,32.0
10035,2.28,20.28
9257,2.35,32.18
31413,1.72,26.47
2673,2.08,29.7
39829,1.25,15.14
34584,5.35,16.22
39532,3.0,76.58
35396,1.7,26.13
190,0.33,25.18
27477,3.75,27.25
27556,2.74,17.37
39749,0.94,23.5
21818,2.9,18.92
15130,0.56,13.55
35607,1.49,21.18
787,2.73,34.71
27111,3.44,30.06
7352,0.87,15.58
18113,1.87,17.36
35110,1.68,25.85
33607,1.67,15.18
2444,1.56,32.91
5935,4.92,65.32
36491,2.09,30.91
7697,2.43,14.66
5662,0.69,6.12
5266,2.54,78.31
11155,0.09,32.99
16002,1.23,15.6
42662,1.51,29.62
10545,1.19,
48620,0.71,17.42
12423,1.12,30.6
13905,0.46,17.03
11778,1.86,29.44
44790,0.79,26.48
15902,6.03,15.81
41010,3.14,24.47
46187,0.79,27.57
13118,2.7,2.16
14805,3.05,22.78
22773,3.96,85.76
47606,,21.76
15120,,29.06
16713,1.68,27.12
11548,,21.69
13959,3.86,35.1
14484,0.81,16.43
16518,3.13,32.33
36707,8.88,
32053,1.88,0.0
26285,1.94,32.1
923,0.44,4.7
33758,2.26,14.31
3615,1.49,0.1
8294,2.37,25.97
5903,2.64,14.7
7620,2.03,21.87
5168,,25.33
26346,3.39,70.35
10158,2.09,14.2
46976,0.43,20.56
26111,2.45,22.07
29516,6.36,14.18
31497,4.81,35.61
39053,1.72,27.01
30858,1.36,25.98
34653,2.86,79.99
18869,3.22,18.87
16522,0.24,26.15
7262,1.77,17.28
1669,2.3,23.95
39015,1.91,24.09
21411,2.78,21.37
15620,1.41,4.16
31769,1.69,26.37
16013,1.91,
17244,2.38,26.21
6691,1.6,
46908,0.32,24.16
27701,1.08,22.04
31725,4.69,32.91
42486,1.09,17.375
19177,0.52,10.87
48711,7.11,79.46
45316,2.59,30.73
4422,1.24,23.76
31245,4.97,26.02
48323,1.17,16.85
46784,0.78,19.37
41689,0.51,43.99
45333,1.34,23.15
48810,2.28,16.42
25081,0.97,24.0
8854,1.11,17.12
36340,1.64,36.24
9657,3.13,67.07
41879,0.78,4.26
7721,0.64,29.21
8138,0.83,17.5
5404,1.46,6.27
10414,1.92,24.47
24203,2.76,32.63
14017,4.28,80.25
22162,0.25,26.63
13261,2.29,15.59
18853,1.86,24.39
7343,1.08,31.5
31891,2.13,24.33
2569,0.64,33.62
44344,,22.43
12090,2.93,81.16
19276,2.94,88.94
36259,2.0,23.6
29339,22.740000000000002,27.79
45187,,18.86
14064,4.56,81.95
11408,1.86,35.2
36922,0.99,8.21
35840,0.7,23.14
18241,1.18,33.4
38028,0.73,33.02
21992,2.78,25.33
10530,2.19,11.89
18381,1.38,21.24
21290,0.84,13.74
23514,1.51,26.64
28768,,21.05
8165,2.89,34.31
28727,0.73,28.28
3694,2.17,22.73
48321,0.3,26.34
12820,3.72,97.31
21294,2.67,7.14
2621,0.42,16.99
15911,9.48,
33591,5.28,19.39
32638,3.13,32.75
1264,1.55,24.27
31063,1.17,24.77
19794,2.23,18.71
26190,2.42,16.24
13166,1.11,18.06
33168,1.6,19.28
14585,2.38,38.79
22461,3.6,78.8
27366,5.23,80.84
3188,1.18,
45970,1.8,15.23
27120,0.42,19.32
7765,0.96,25.57
1144,2.66,72.89
15093,3.1,25.59
26573,0.96,30.46
11820,1.84,21.26
1362,0.76,23.47
43382,3.6,82.81
46415,1.12,12.37
40213,1.73,14.07
15926,1.69,30.32
7909,2.43,25.51
15929,1.03,22.46
6682,1.32,32.26
33031,0.88,20.12
6549,0.61,30.78
44068,2.18,81.64
49204,0.82,20.81
19743,0.82,
13887,3.8,67.59
44160,1.67,20.15
45513,0.86,8.12
9070,0.87,22.64
45317,,24.57
35223,0.71,39.27
36917,2.19,4.78
22789,1.34,
22580,1.8,9.66
28661,6.16,83.84
46804,,19.76
10470,4.11,81.79
49676,0.85,33.4
47669,5.75,84.84
28585,1.59,34.15
39615,1.02,19.66
44767,4.37,15.21
30983,3.82,
13866,0.55,17.8
12137,1.29,22.3
2822,1.0,22.54
6796,0.98,28.41
7881,0.4,23.6
25242,3.69,45.82
44346,0.46,7.1
27127,0.65,
6274,1.12,33.05
24563,2.69,32.47
43906,1.96,37.08
28260,0.94,28.06
49110,1.09,22.32
9914,1.64,20.42
19410,2.42,13.84
9322,1.36,27.62
8608,1.19,26.89
15218,1.59,4.17
7361,3.23,91.6
5338,2.32,23.02
38683,4.22,21.22
23331,4.07,87.92
26606,2.04,22.08
21238,1.19,12.27
36260,0.85,18.67
20061,1.14,21.43
42138,2.8,34.11
12843,,20.5
40740,1.16,23.26
37954,3.7,8.26
2013,1.49,39.71
36872,1.71,19.06
26248,2.98,81.35
11584,5.69,12.02
35618,4.33,87.36
40545,1.62,26.49
16689,0.45,20.93
32215,2.46,28.55
24720,11.879999999999999,82.13
16404,2.5,36.64
27896,2.14,21.36
25552,0.49,38.06
19965,1.83,0.0
1928,2.6,-80.63
35370,3.03,
49924,3.13,70.01
8737,5.72,32.62
1530,2.98,23.46
23685,4.11,29.94
42295,0.95,32.28
34212,0.96,20.44
10934,1.22,29.93
49495,2.0,33.73
4585,0.72,15.81
5460,3.59,
6752,5.37,82.58
23513,2.13,31.31
416,,86.88
48877,4.13,17.98
8688,5.84,70.21
23055,0.92,13.15
39608,1.63,15.33
21833,1.7,35.73
25084,1.21,23.72
28264,1.55,12.37
20932,2.4,31.06
44670,1.66,10.78
29707,3.36,81.71
47165,1.95,25.82
39118,4.9799999999999995,21.3
35589,1.68,35.81
11114,,30.07
25241,1.95,17.59
20244,0.99,18.67
23763,1.48,
11936,1.93,20.82
41236,0.72,29.35
42507,1.58,20.61
42638,0.73,22.92
40510,3.48,69.58
8286,4.77,18.04
1356,4.79,82.43
23471,1.44,17.72
43039,2.76,21.32
46524,2.26,72.39
6755,1.37,8.11
40365,1.11,11.28
22612,2.49,10.93
12191,0.9,14.93
15143,2.81,22.64
7710,0.57,13.77
15077,2.77,88.91
19972,1.53,21.21
41681,2.08,20.23
9808,3.33,23.33
3864,0.56,20.31
9394,2.65,16.52
14457,3.62,67.64999999999999
8113,0.73,25.88
44551,1.11,29.02
22400,1.03,29.66
27210,0.4,36.15
49759,3.01,21.61
19834,1.33,10.7
42244,2.04,7.95
29727,2.85,16.29
2247,1.18,22.28
20585,4.36,79.78
4571,1.55,21.76
27723,0.3,22.23
42423,7.13,77.23
20838,2.08,19.35
18205,1.93,20.28
1361,1.23,11.52
8426,0.86,24.25
16052,0.77,
20163,2.18,27.19
42589,1.62,70.66
14624,1.83,29.29
29126,1.28,31.3
41927,1.06,31.06
39329,1.14,
3592,0.27,31.26
17292,1.05,27.76
2063,0.63,44.85
39814,1.09,7.21
10014,,24.81
43507,2.41,28.12
21705,1.71,85.57
44943,3.06,34.42
47266,3.03,12.79
46204,1.55,16.7
19040,0.74,32.76
21248,,13.72
16440,3.22,27.35
35278,3.48,26.97
30366,1.54,39.51
8253,2.01,28.37
23644,1.13,15.12
10508,5.62,82.58
33397,0.6,25.63
41749,1.44,
25648,2.81,13.11
38506,5.07,77.09
18921,2.45,16.15
46436,0.4,25.53
21227,3.42,72.6
5787,1.18,17.59
41139,1.36,19.9
34700,,20.01
14468,2.65,10.22
42639,0.75,14.92
13512,1.04,25.79
37535,1.68,34.65
11855,0.29,17.59
48127,3.86,64.71
42681,0.66,15.96
35504,2.28,13.55
19674,0.15,32.93
43901,2.6,
36590,2.32,30.84
43981,3.53,14.67
4190,1.99,23.61
46286,1.5,32.24
6022,1.0,16.32
26907,1.74,
14843,2.21,19.3
2554,0.31,0.84
5019,,
8433,1.41,14.44
11007,1.95,20.67
24594,3.57,16.2
6891,0.82,16.25
42645,2.3,29.93
37829,0.65,20.93
27967,2.08,25.92
41629,3.6,90.44
15294,1.38,4.76
37350,1.86,30.45
39528,0.64,22.42
1974,1.75,31.29
27527,0.48,29.17
4500,1.01,25.64
35723,1.51,20.96
9988,1.01,26.79
48817,5.01,33.53
49001,2.75,30.39
21553,1.8,
13381,1.44,22.35
45056,4.3,29.34
48944,0.71,27.66
36176,1.52,19.41
25323,1.24,9.07
20257,1.9,21.26
4850,1.52,30.92
37479,0.98,15.22
3155,2.53,12.6
46749,0.06,34.41
36155,2.24,17.67
38625,2.51,28.03
12065,2.45,21.05
27437,2.98,26.26
26316,2.0,15.16
10087,2.06,30.02
10723,1.05,36.18
26090,3.48,19.31
38227,1.29,17.75
15265,1.45,31.08
36486,5.82,82.62
19101,,18.74
9052,0.34,16.98
19651,2.49,21.93
48074,2.2,33.82
36335,3.75,26.71
4949,3.1,87.57
24050,8.62,82.63
2844,1.19,17.3
17854,0.54,28.02
26700,1.52,28.17
49072,2.97,27.27
48946,0.65,18.46
30699,0.81,17.77
22840,1.05,19.45
39088,0.94,19.07
38542,1.0,31.31
25186,2.4,37.95
33992,0.99,29.17
43499,0.92,16.7
14366,1.32,19.41
48874,4.24,25.99
888,0.91,21.25
8399,2.73,23.93
29538,2.8,23.17
45015,4.19,85.55
7466,0.66,19.86
41392,1.17,24.65
30545,1.17,19.82
34383,1.48,26.67
35662,0.32,27.4
36095,1.24,31.2
45606,1.63,11.47
39512,0.28,
18407,1.33,36.95
2738,1.97,16.83
17984,2.27,17.2
14837,0.41,23.59
45536,1.54,28.51
2325,1.38,16.76
16486,2.51,26.23
8116,2.67,34.06
35973,1.27,13.07
24727,0.38,27.86
10276,3.16,27.69
45254,1.04,33.59
23035,2.62,24.11
33682,5.63,60.98
48444,3.12,22.02
27938,1.1,32.88
38788,0.67,19.0
37014,1.46,
9262,0.85,25.67
452,0.95,27.76
44307,2.89,19.14
10751,2.52,27.91
6537,1.51,23.61
29595,5.02,79.48
17974,1.89,35.56
13151,1.97,34.26
29935,0.75,22.23
12173,1.06,24.96
39684,2.44,17.5
32750,1.34,22.8
9607,1.62,41.1
580,6.45,79.74
35470,2.04,33.96
11129,0.93,32.63
23578,1.85,24.03
27209,3.55,28.28
39541,1.53,22.27
21243,1.65,8.32
20634,1.79,13.94
24493,1.34,19.6
11168,2.4,18.02
30472,6.36,84.42
5245,1.84,3.72
1638,1.28,24.73
10690,1.01,
18364,1.11,12.54
1943,0.65,32.35
28635,1.52,18.16
501,2.32,15.55
29431,1.45,16.31
8602,0.86,30.37
7580,0.7,17.45
36696,1.58,15.57
17497,4.8,23.18
48826,1.47,93.19
27741,0.56,21.12
33401,1.7,11.21
26125,1.08,19.55
16100,0.61,22.43
6675,,17.15
26992,4.49,75.81
45486,1.09,36.51
34613,0.9,
13259,4.87,23.95
31287,1.9,29.47
23994,1.01,21.03
13220,1.86,31.97
43736,,80.91
27823,,31.95
28641,1.6,12.29
33804,,6.43
15815,0.47,29.49
16562,4.36,10.36
7545,,31.07
42186,0.23,21.56
5726,2.25,24.93
2929,1.99,26.35
20403,1.48,19.69
12583,1.61,24.44
27336,0.87,24.62
14668,1.57,27.13
18395,5.86,21.54
45774,5.81,83.55
27231,3.05,13.14
28526,2.94,28.21
35337,7.08,87.92
16730,0.36,10.59
8430,2.02,31.88
12752,0.55,
46160,1.77,19.24
18530,1.19,9.56
30712,2.82,28.43
26327,3.06,45.49
11874,,21.38
9893,1.92,15.07
7113,0.88,24.62
14094,1.03,12.72
42722,0.64,33.46
33022,0.82,28.04
11473,0.39,15.79
29198,2.57,16.28
15016,0.92,19.36
17187,1.35,21.4
25811,5.64,92.78
46324,1.19,26.73
6259,3.44,79.21
25411,1.61,19.91
18455,0.57,27.01
27760,6.42,77.52
33386,2.46,95.84
43010,3.52,22.97
26510,0.96,21.44
30825,1.33,23.02
49302,0.51,21.24
4468,3.06,72.68
25530,0.64,20.04
41677,1.6,14.3
49753,1.8,30.33
49864,1.11,12.84
5439,1.41,34.1
35119,1.17,29.47
33340,1.35,18.67
23187,2.7,88.25
13890,6.12,23.72
8298,0.96,27.0
744,2.89,27.13
10517,1.85,11.26
18698,1.42,7.34
33482,1.13,30.79
33745,7.14,21.8
30810,0.35,6.99
1307,1.2,21.26
5922,1.35,24.49
37677,2.41,
34939,7.16,
28339,13.5,16.8
7150,0.34,
21743,1.55,22.4
12724,3.41,35.06
9912,2.29,14.71
6942,0.71,20.6
43391,1.0,17.82
44046,1.43,11.53
31813,,14.44
1764,2.32,
29005,1.66,20.24
5124,1.28,9.16
34850,1.72,28.21
39,2.79,32.27
21685,3.26,92.24
48325,1.63,27.15
41958,3.49,16.39
11993,3.68,15.11
3551,,6.02
25893,2.56,33.47
35451,1.65,21.58
21649,2.11,28.98
13322,2.19,19.79
7055,2.85,0.78
10732,1.17,28.21
9015,1.7,2.54
21555,3.69,100.0
14190,,14.66
4657,1.49,20.79
28325,1.98,25.13
3597,0.78,19.26
1485,0.75,37.63
35094,0.4,14.04
3871,8.59,85.15
33205,0.51,20.42
16174,0.61,25.69
8389,1.44,8.1
31736,1.72,20.12
22741,0.46,31.93
31606,1.98,37.92
22061,1.27,13.25
42034,1.12,20.03
36629,2.66,25.41
28422,,13.39
1568,2.17,
36084,1.99,26.73
12368,2.16,30.65
21211,2.48,42.33
419,2.25,25.53
39658,1.06,18.47
22296,2.44,13.04
35130,3.31,27.51
8289,1.22,34.47
9682,2.12,14.5
40151,1.26,25.1
45963,0.57,
19042,0.67,1.79
35748,1.29,
37969,2.33,7.82
42363,1.97,20.9
22921,3.73,28.74
613,1.26,18.86
2057,1.11,18.78
12029,2.38,27.28
7984,,33.74
25618,1.62,26.07
22736,0.83,21.7
20262,1.67,39.55
43177,0.62,
47242,0.47,24.04
41581,1.68,
17644,4.02,82.18
1965,1.59,22.3
43135,0.79,27.52
14189,1.03,30.59
22648,3.28,81.26
6369,1.16,28.15
12174,2.77,59.23
29438,0.88,3.61
9485,2.45,10.67
41107,1.41,20.81
37537,2.04,27.24
16042,0.56,24.6
37488,0.43,39.71
49118,2.44,18.29
47900,1.09,15.17
16633,0.66,31.76
27869,1.48,91.59
46750,2.05,17.49
49371,0.31,28.83
6091,1.52,19.02
44186,2.79,20.96
40138,2.21,12.54
19396,1.36,30.04
25508,,25.45
42130,1.94,27.63
49258,0.98,38.59
35263,,13.37
23263,2.27,18.09
4941,1.29,25.85
4291,0.33,15.48
1379,1.28,21.43
83,1.08,17.86
6734,1.29,21.13
16924,1.49,20.59
899,1.11,
15046,0.85,15.11
14991,1.73,28.64
12434,1.66,21.16
45710,0.7,27.88
15577,1.2,8.71
28009,,22.01
4332,0.78,24.36
13972,2.39,97.77
30861,0.22,26.84
13612,1.74,31.55
37681,0.87,22.8
46493,0.98,33.44
19365,0.6,
18487,,25.72
41707,3.62,25.22
8415,1.91,28.52
34485,,34.52
19848,1.67,28.62
46199,1.58,
4389,3.33,16.88
5454,4.77,81.13
10563,0.99,34.1
18124,1.73,20.1
29687,3.19,86.39
22916,,20.57
5710,2.47,35.86
41136,2.55,6.07
36553,0.88,23.53
26152,1.13,11.03
20475,1.37,
6808,0.29,9.33
9389,0.29,28.12
41720,1.16,18.14
356,0.57,22.35
41739,1.59,28.17
39750,1.72,28.49
31065,0.79,21.94
31412,1.52,7.175000000000001
9748,0.43,19.96
4185,3.72,
40301,1.73,24.53
12222,0.91,13.93
31349,1.5,21.13
24111,0.23,32.58
610,1.33,26.36
3813,1.93,16.5
41239,2.38,20.53
38401,1.33,11.42
19902,1.58,29.1
19448,2.29,14.57
39040,1.96,23.53
35431,1.49,21.03
29919,3.84,18.63
43288,1.1,25.85
11258,3.29,84.6
3301,1.36,15.08
2323,2.42,11.39
1842,8.71,86.57
44915,1.75,35.42
25422,1.7,12.12
10262,2.45,15.54
44489,0.86,13.09
30324,1.07,5.04
33212,7.89,90.27
20635,,15.38
7705,3.33,32.68
41292,1.03,17.23
38463,,38.72
4540,4.94,69.14
15717,5.36,
13992,2.0,24.5
43848,0.75,25.61
11424,1.26,28.23
9413,2.32,23.59
19953,1.52,26.34
45210,4.21,13.78
33910,2.72,93.48
22238,2.32,16.14
45632,0.98,16.22
23272,3.97,78.21
1206,3.84,13.77
22241,1.96,88.12
46362,2.08,28.78
1147,,22.65
30588,1.01,10.77
4711,1.12,23.36
16200,2.73,22.62
16218,1.59,21.43
47380,3.22,14.99
1579,2.72,19.19
27573,1.9,23.78
7932,2.23,23.62
36913,1.37,22.5
6967,1.67,13.72
9656,4.03,
22298,0.75,
14723,3.33,18.07
4044,0.76,30.68
3904,0.95,27.78
29693,0.2,27.62
9003,1.15,38.99
25387,2.43,27.18
10733,1.45,20.78
42738,1.39,20.15
24688,4.45,24.86
5417,0.91,18.93
30635,1.06,3.69
33202,2.68,14.87
41430,3.83,21.01
29448,0.77,23.86
35661,0.64,28.93
1552,,4.65
46142,2.59,
48394,1.15,27.03
31859,0.41,23.81
34543,2.05,25.49
24913,2.26,14.05
563,,27.71
40470,1.74,17.97
33784,1.31,45.56
20049,1.46,
27854,2.98,29.18
35606,0.84,41.67
12517,0.8,31.52
10863,2.33,21.75
48189,0.75,16.48
43009,1.53,19.62
21602,1.47,20.0
38844,6.2,66.95
33465,1.98,26.29
9167,2.13,17.11
29123,4.6,85.7
43601,2.19,29.58
25594,2.05,27.29
11918,1.89,19.66
28271,0.28,7.28
47970,,19.55
22103,2.1,4.35
25331,1.76,20.17
18928,6.76,79.77
12313,1.23,
26104,2.65,30.59
20661,2.1,21.71
12649,2.22,13.07
16327,3.49,19.69
19133,1.36,21.62
44818,1.45,37.65
5003,0.35,19.64
305,2.49,19.71
12787,1.97,23.72
26925,1.77,18.17
46900,1.43,22.17
7583,3.72,27.27
42442,1.22,12.86
7680,1.65,25.86
1701,1.98,33.38
45931,3.98,92.01
40484,2.05,36.69
18316,2.23,36.15
36597,0.66,20.14
4283,1.18,21.87
22264,1.19,31.14
36147,2.45,42.3
17277,2.62,16.44
44360,,33.84
40895,1.34,27.39
27433,1.82,13.12
47780,1.03,27.57
23959,1.08,32.51
34284,2.15,
41898,0.9,19.7
25958,1.01,30.88
1994,0.41,6.99
3211,1.02,27.3
18018,2.31,19.07
22295,1.22,23.52
17919,0.73,29.75
18495,1.46,38.35
32367,0.84,25.55
5446,2.33,6.53
9178,0.59,22.86
27786,1.23,15.97
45718,2.81,9.41
42540,4.07,81.17
13879,0.92,25.72
13557,2.29,10.54
31699,1.71,
11582,1.88,32.9
48859,0.85,13.72
47519,,19.95
21875,,12.24
17864,3.25,28.74
4597,0.68,32.45
4556,2.21,
1226,1.37,
18526,1.97,16.45
7949,2.56,24.18
29365,0.89,29.24
22178,0.58,29.95
38280,4.83,32.3
3270,4.58,68.57
23729,2.24,32.22
19949,2.07,
39928,2.2,25.61
1328,0.99,15.77
19149,0.89,37.02
37641,2.88,18.92
45442,1.07,25.13
29148,,19.49
36396,1.8,23.51
9932,5.04,81.32
25392,1.22,10.87
23975,1.93,34.54
31554,0.78,30.76
9533,2.89,26.22
534,,25.09
15752,0.54,19.34
16069,1.15,26.28
47788,0.61,21.72
48803,2.38,23.21
2578,9.32,89.94
27590,1.47,18.89
32865,4.2,30.17
7813,3.18,87.35
4146,1.48,26.14
14033,2.05,6.47
17896,1.04,
25179,2.34,27.4
38427,1.09,28.65
35020,3.92,87.54
7625,2.14,17.05
16754,1.57,28.53
17577,2.18,8.65
16054,2.54,21.52
49535,1.46,21.19
3337,2.25,24.35
28976,1.49,21.69
37271,,27.95
10748,2.04,
31517,2.24,17.53
2296,1.01,25.15
3623,1.0,14.79
15943,0.41,21.31
41798,2.06,25.62
5243,2.47,21.14
24041,1.04,20.0
45626,0.72,19.92
45715,1.48,7.14
22541,7.91,72.64
43967,1.0,38.5
34372,1.02,15.78
26830,1.63,26.36
45339,0.71,26.16
39771,,20.26
27147,2.65,21.85
47564,1.85,24.77
46073,3.47,25.71
25471,2.02,85.28
49883,1.46,23.66
30243,,16.29
24045,0.1,19.84
17333,1.97,14.24
38211,2.19,2.06
44194,2.03,32.43
35833,2.12,25.41
7190,1.64,33.97
39042,1.15,21.46
8642,1.46,15.22
44328,3.53,6.3
30342,1.37,21.8
3660,2.26,27.35
8401,0.53,23.16
18140,1.99,27.58
2825,2.64,26.92
37999,1.24,9.37
27314,5.46,25.78
17877,2.0,19.93
9694,1.13,23.49
1603,5.06,26.35
19013,4.32,92.08
31405,0.87,11.43
39901,1.46,27.11
40789,1.68,25.55
28764,2.59,13.39
1747,0.69,16.9
40195,3.08,34.06
37482,0.59,9.15
11441,1.37,21.57
32439,2.16,30.66
1278,3.12,91.79
3842,2.22,25.43
47048,1.0,20.03
24558,1.06,26.92
25472,1.24,18.15
31073,0.86,17.64
38728,6.0,21.98
48513,1.86,31.3
8032,,24.57
11896,0.45,17.84
31956,0.63,
32207,0.37,12.71
11975,0.2,22.93
15135,2.6,27.61
19784,2.71,29.4
26295,1.15,19.35
48596,3.17,
31599,0.59,21.32
18087,2.48,39.18
26310,0.92,
5274,1.47,22.12
36680,1.76,22.42
565,1.31,19.59
11553,0.89,28.16
44389,0.78,27.9
20331,4.15,
47051,0.89,14.33
32924,1.74,17.88
48715,54.239999999999995,88.61
38387,1.14,27.64
5248,3.49,86.67
34059,0.4,16.26
29898,1.14,26.36
7778,1.97,17.86
24240,1.04,11.91
45574,1.63,28.99
34636,1.66,26.06
9675,2.69,11.03
43171,1.68,14.2
24459,0.88,16.4
9884,0.87,21.21
3999,1.09,29.36
20431,,23.9
13087,1.64,23.98
9799,1.97,15.97
14338,1.83,23.95
49458,1.76,9.55
16658,3.81,
9377,0.77,25.88
32048,2.14,32.06
10776,0.55,13.57
15893,0.94,35.74
78,2.04,16.06
22272,1.74,23.96
17917,4.33,79.12
17342,2.22,21.55
32122,1.34,23.08
29216,1.0,10.06
35403,1.14,30.76
3528,1.47,27.48
24371,0.84,12.54
13826,0.92,4.37
34865,0.4,12.93
15583,2.11,16.96
30582,0.33,21.38
43693,0.95,31.9
6319,2.55,21.91
13125,1.99,2.4
9227,2.03,15.37
3317,1.64,15.72
27438,0.91,11.55
42898,3.48,86.15
12413,1.48,26.21
21454,2.44,14.17
42705,1.02,15.67
39554,2.69,14.96
19513,3.83,20.89
5354,0.47,22.81
34570,0.8,13.36
2933,2.13,91.38
11557,1.73,15.91
28545,1.65,12.78
12162,0.32,24.49
40332,3.52,27.8
26436,,19.84
10737,1.09,18.42
17543,1.61,27.83
12352,2.39,19.14
36925,2.15,24.65
15232,1.31,25.48
13580,1.04,13.48
299,0.56,11.59
39422,2.21,22.66
23673,1.62,19.57
36801,0.82,15.74
46808,0.64,28.65
22375,1.42,28.56
31469,1.34,28.34
1424,1.06,29.03
17847,9.55,78.31
20521,3.7,84.15
31076,0.35,10.71
7139,0.68,33.96
42792,1.2,84.01
15311,2.43,33.53
21383,2.61,18.13
31971,1.16,18.94
17188,1.83,21.64
35995,1.04,20.99
16105,2.46,15.41
13227,0.49,11.62
9476,2.94,20.47
28470,,19.48
49618,0.35,23.37
14636,0.91,23.87
17717,2.63,17.02
46457,1.43,17.48
42696,6.89,
20657,1.18,24.51
34205,0.66,8.76
32247,1.36,14.42
33898,1.72,11.69
7978,1.87,58.5
13698,1.71,13.16
9430,1.35,30.82
12471,1.05,12.58
14851,6.2,79.56
6490,1.47,21.58
1101,3.28,17.65
21571,1.26,25.06
8088,3.91,9.81
5536,0.8,13.22
561,1.08,14.01
32644,,86.18
14487,1.02,31.7
48938,0.85,25.44
590,2.17,15.49
15612,2.75,80.25
1678,1.32,6.32
26704,5.17,79.58
5041,1.58,32.38
15964,0.26,7.8
22623,2.35,12.35
48952,0.96,27.11
30417,1.22,16.48
31739,2.32,27.86
29145,0.82,31.63
1099,1.85,28.7
6078,2.77,
31133,,15.0
19094,1.81,21.93
15709,1.29,13.94
49392,1.71,20.27
47992,0.46,32.17
45251,0.79,21.89
8772,3.71,22.76
2154,0.86,22.35
45548,,25.41
22715,11.399999999999999,24.61
25064,0.38,13.17
41461,0.73,30.52
5532,0.56,24.04
35565,0.93,25.75
19591,2.09,29.28
1794,1.31,23.24
18374,0.26,18.71
14000,2.77,84.71
30044,0.85,29.47
1074,3.29,94.98
6454,0.58,18.93
33938,0.95,21.99
14260,0.59,25.6
10392,2.25,69.6
36384,0.24,29.71
3485,1.07,17.9
41505,1.14,12.75
12483,4.89,20.44
1666,1.91,
32021,0.89,19.29
2298,2.83,87.78
27980,2.34,11.11
13709,1.56,23.33
36771,1.58,24.86
28246,1.22,12.01
15228,1.48,38.01
9869,2.18,93.51
44271,1.97,17.12
1359,2.43,19.44
6083,1.65,28.01
30149,0.7,23.92
38578,1.27,25.73
5050,4.71,19.17
37662,4.43,91.46
44518,1.69,34.38
31201,1.44,24.37
46004,2.73,26.38
42718,0.45,7.98
41518,1.27,24.56
30510,2.67,84.31
13016,2.29,82.58
16059,1.06,24.77
35970,0.11,16.23
21063,0.64,
39975,0.37,28.81
15599,1.85,19.91
34871,1.87,35.23
20916,4.66,22.18
7875,1.7,20.17
9236,0.48,27.18
9011,1.04,
48333,1.26,16.11
31369,2.81,26.12
33209,1.56,29.79
20845,2.33,30.14
3772,1.19,21.71
23247,1.14,16.69
24583,0.99,22.95
30964,5.39,21.77
48948,1.15,24.33
46422,4.89,84.59
32945,2.04,36.33
16950,4.0,15.74
44419,,19.13
45435,1.5,30.92
27353,3.28,
33845,2.34,32.49
13730,0.61,29.83
28904,1.43,13.68
7002,0.95,24.22
23193,0.91,33.91
21565,0.88,14.93
7596,1.83,18.99
210,,79.55
8220,1.59,24.64
29388,0.71,18.51
34178,1.34,10.32
42717,0.9,
23171,0.79,20.29
30041,0.9,34.62
28041,1.31,28.49
9715,2.25,8.81
12258,1.15,18.0
33087,0.73,29.39
36529,2.53,
28649,0.76,30.67
15559,1.53,
38989,0.45,31.12
30771,1.62,31.01
22345,1.63,15.85
46386,0.66,9.6
3093,3.12,36.87
2930,2.27,10.77
43374,,12.73
45094,3.68,31.05
10474,0.44,12.85
15206,,23.66
28945,0.93,34.85
441,0.88,29.3
36178,0.79,12.56
28855,0.56,23.23
6345,2.23,16.64
11958,1.92,29.76
10022,1.48,
14754,6.05,81.71
22402,2.12,24.92
11971,1.14,22.71
21340,1.84,6.1
5699,0.97,31.36
1891,1.87,30.37
9080,7.39,76.52
32942,3.11,
14598,1.41,19.94
43256,0.99,21.73
28268,0.58,19.39
14689,2.06,
22032,0.68,30.88
47026,1.9,19.94
19162,1.02,8.88
14708,2.77,33.35
29156,1.6,18.67
27369,,24.53
46927,1.19,30.82
456,4.03,65.54
19514,2.37,20.81
7661,3.89,14.02
34165,6.54,
2710,1.27,24.96
40031,1.39,10.89
9209,3.02,25.68
17463,1.03,13.18
44179,0.93,
9378,1.5,23.29
13936,0.78,24.01
30502,1.77,23.03
2112,1.12,29.04
24236,1.13,29.53
47335,3.59,25.09
34494,2.42,22.63
27331,2.19,
10617,1.31,
46526,1.36,26.04
48152,0.66,17.61
11159,1.16,13.65
12732,4.84,72.63
33836,0.89,32.72
2992,1.83,29.14
21798,1.66,25.92
40265,1.56,26.2
27002,1.12,38.74
35659,1.61,
45751,3.13,11.03
16212,0.96,23.66
10689,1.45,22.7
6095,1.77,
24797,1.11,20.66
37342,2.87,
32067,1.46,6.48
17512,1.96,
15826,0.96,18.71
47058,3.01,
46351,6.17,93.9
36172,0.59,19.33
16912,1.71,44.09
20672,0.46,22.92
26856,1.95,20.05
19317,2.04,14.75
45361,2.05,26.01
40817,1.52,31.6
31202,0.6,16.39
30034,1.12,
39516,3.11,21.38
47286,1.12,15.93
7528,0.15,27.08
33441,1.54,28.68
6382,0.26,25.89
19682,1.56,13.88
13076,2.55,
20421,1.23,23.65
33181,1.79,32.23
25001,1.55,15.29
42107,1.83,22.33
15884,1.73,23.88
37084,2.7,33.77
47925,1.17,27.0
14755,,70.31
427,1.53,19.82
16680,1.94,
1131,1.0,15.29
40387,0.75,0.0
37002,4.14,78.62
4784,1.01,10.75
20203,1.42,21.4
44660,1.28,27.53
42961,1.85,11.98
19979,2.18,20.8
14056,0.46,12.01
4515,1.86,29.64
10167,2.23,15.09
18333,2.11,15.12
25631,1.93,20.19
48518,1.88,22.32
29511,2.8,15.9
21139,0.3,15.43
48139,,26.2
37616,2.87,20.34
21082,2.78,17.77
21918,2.04,33.43
9566,0.36,36.24
28203,4.48,65.85
15407,2.64,12.16
37590,,10.85
46990,0.68,19.39
45078,1.91,35.47
21472,0.66,18.22
46592,1.18,15.79
38723,0.85,
9759,1.36,15.65
584,2.01,16.88
27183,0.72,25.41
8988,1.63,25.56
33364,1.65,
24019,2.31,14.21
23649,7.76,83.28
28482,0.71,31.43
35873,2.68,18.3
30663,1.76,16.23
34292,1.56,19.09
3740,2.53,15.15
42726,0.84,40.98
44222,1.97,14.69
47481,0.94,14.5
37759,1.33,17.98
31989,,
31041,0.49,4.64
2484,1.04,14.21
38437,2.88,16.6
38574,1.11,24.16
13644,1.84,12.86
47861,0.93,36.69
10213,1.38,11.87
49509,,
40394,6.19,79.31
5391,1.98,
41034,1.69,13.47
25310,1.9,14.39
30828,7.14,15.19
1478,1.08,24.03
46241,3.53,24.86
22571,1.6,32.18
12148,1.19,31.87
30830,2.62,31.03
6446,2.78,30.0
13871,0.24,26.0
24812,1.09,28.44
38673,1.02,19.59
36807,3.79,32.02
41078,0.37,21.42
45091,0.77,20.5
9792,5.3,88.52
5791,2.17,13.82
13402,1.06,28.24
12698,1.15,17.62
14618,2.72,20.11
2770,,31.26
49628,0.9,18.6
23448,0.91,11.83
42002,0.83,12.31
10782,2.84,21.43
30452,,29.67
29409,6.91,79.11
29560,0.73,
10128,3.57,0.0
30962,0.65,24.51
1695,2.1,21.44
29778,2.54,22.38
34699,,70.65
36687,0.71,33.48
2743,,23.09
973,1.09,
43584,3.07,31.53
26314,3.73,67.47
12591,0.92,3.47
36844,3.87,14.87
14497,0.36,21.41
17448,,16.28
37966,0.42,9.06
33362,1.47,28.09
49089,0.66,26.06
8012,2.08,24.06
9324,0.63,21.69
5469,2.17,20.3
35496,2.39,21.13
25339,7.14,28.49
11632,0.82,17.95
39399,2.98,74.16
10881,1.79,13.81
36664,0.43,
41498,2.12,12.27
2039,1.77,27.83
13696,0.5,17.96
31933,0.71,26.69
27825,1.33,10.69
13264,3.79,82.2
10884,0.72,28.8
15880,5.16,17.2
30450,5.16,80.43
28039,1.46,20.14
32119,3.99,
21955,3.48,14.45
33830,1.25,38.92
33076,3.28,
47052,1.36,24.37
24430,1.21,5.12
26461,0.81,15.77
11879,1.38,33.87
44146,1.81,20.31
22035,4.49,71.05
33513,2.73,12.2
11320,3.37,12.13
8725,0.53,21.87
36599,0.74,16.85
43356,1.4,32.3
2535,1.86,16.36
34438,1.57,-33.14
30159,1.83,18.32
44189,1.24,21.54
12152,0.57,12.35
13161,2.25,23.93
47852,1.11,16.65
5629,0.59,31.59
5965,1.45,11.53
31866,1.96,24.61
14992,0.91,
49092,2.84,99.15
10398,1.58,26.04
46972,3.03,28.6
13595,1.51,18.96
43473,0.61,13.85
35268,1.04,20.58
7864,0.99,28.66
10526,1.4,33.8
31387,2.93,25.47
39832,2.86,30.32
16275,0.85,
30509,1.26,18.92
43769,0.73,15.76
8951,1.2,25.13
1212,2.28,10.89
26453,4.34,36.59
28206,6.82,81.19
38430,3.25,73.78
16386,2.5,26.63
45179,1.75,18.77
19633,1.39,30.96
6438,1.6,21.17
7145,0.35,31.16
17612,1.2,23.3
11365,3.7,81.42
15794,2.56,14.47
41037,1.61,21.94
22188,0.63,21.125
47186,0.8,15.46
21492,3.4,13.75
11372,0.81,26.86
12520,0.31,35.59
42637,3.31,18.37
9880,1.2,14.03
41039,0.59,17.88
7652,4.3,89.35
7715,0.86,19.49
2756,1.3,22.72
47151,1.6,30.75
1704,0.8,12.57
1458,3.65,93.7
24629,0.41,16.85
23350,0.35,26.74
13520,1.95,17.14
45847,1.81,32.6
45383,0.97,43.44
18837,1.12,15.13
19390,2.53,20.52
40683,0.84,18.49
21763,0.66,12.72
31135,1.55,26.91
39034,3.53,22.79
765,2.26,31.53
49326,0.96,
12457,1.54,9.99
18341,8.74,85.62
37959,1.83,22.97
39637,0.67,17.27
36318,1.01,26.91
46217,0.11,15.36
13998,2.9,13.75
14807,1.36,1.17
5961,0.46,20.33
12482,1.89,19.11
32383,0.58,9.11
4127,2.48,27.13
40032,2.9,17.26
44084,1.41,
6256,0.88,14.43
33683,1.38,16.39
19213,0.52,17.18
7988,0.77,35.03
35069,0.1,22.07
15811,2.16,30.22
7251,2.03,24.34
32809,1.01,23.29
36247,1.25,
14001,0.67,36.37
15287,0.96,14.71
47029,1.95,24.74
392,0.31,2.44
14901,1.49,20.7
49028,2.14,23.95
12054,1.09,10.73
11263,2.79,33.59
40480,4.71,94.71
44524,1.85,11.57
21292,2.73,21.52
27670,1.12,37.53
31120,0.86,22.54
2582,7.36,78.96
48913,0.92,25.24
7707,0.87,14.92
25868,3.48,10.16
12845,1.02,31.5
30122,2.39,5.03
1155,0.93,21.43
49404,0.62,21.41
33681,1.77,15.88
6862,,83.92
34054,0.33,17.16
27536,0.52,34.34
6483,3.14,22.71
47465,1.2,11.4
24131,0.48,
26808,0.95,
26136,1.55,29.1
15401,2.45,29.94
44136,0.58,2.97
46402,0.99,17.88
11511,3.99,80.55
31030,3.9000000000000004,21.18
11617,1.78,15.95
7902,5.26,76.24
32196,,19.48
20399,3.72,16.99
33769,3.13,11.15
39218,3.26,13.21
43390,0.13,19.58
1659,1.49,32.74
16310,2.09,31.93
33056,2.32,30.81
248,0.64,27.41
45194,0.55,10.35
32722,0.69,24.29
22005,1.43,27.82
12201,1.66,26.73
42649,4.33,41.61
47493,3.13,27.66
23239,0.77,22.09
27130,1.18,26.51
31903,5.52,73.84
40466,0.66,30.51
24471,0.64,29.9
36668,12.059999999999999,25.32
36628,0.91,13.85
26334,1.62,19.2
20742,0.54,14.52
40755,0.88,19.25
26534,2.31,28.28
6420,2.36,25.46
42846,1.05,18.1
25857,1.61,23.68
4674,2.87,31.45
42746,0.84,25.01
11140,0.58,28.35
39558,0.88,8.21
21835,2.13,23.3
24854,1.3,9.04
26959,0.87,32.87
7656,1.59,17.83
19641,5.08,24.34
17048,2.72,49.09
3393,1.71,35.65
46911,3.47,15.11
37574,6.49,73.02
11109,2.72,31.36
13009,2.1,24.73
26889,2.88,21.99
6174,2.28,14.04
44448,3.91,20.67
30165,1.32,16.17
13487,1.3,13.03
43046,0.3,20.29
38869,0.83,26.81
41177,1.37,31.39
18984,1.39,36.93
14134,0.73,20.62
10818,1.11,12.44
43431,0.73,28.22
27806,1.6,18.21
21199,1.07,13.15
11104,3.51,81.02
21729,0.89,19.15
7015,1.0,18.17
47545,1.26,18.49
33518,3.04,80.95
29038,2.3,26.52
25210,2.2,35.81
11857,0.89,
34986,2.47,16.75
31869,3.09,18.02
31398,2.61,32.5
22393,2.51,20.91
22224,4.26,24.84
8975,2.51,18.78
7444,2.37,22.74
16085,1.61,17.96
23882,1.61,19.05
37193,1.87,20.83
48295,3.93,88.84
32944,1.81,24.88
43346,0.06,15.67
39060,1.29,29.42
8996,3.33,80.73
7125,5.27,60.76
24961,2.43,30.0
45910,2.24,19.43
47024,1.38,8.37
45610,4.67,10.8
13403,1.72,33.5
36612,1.23,14.26
15875,1.68,28.54
4099,2.82,18.72
23082,0.57,7.13
17786,0.94,11.28
13937,0.36,26.81
30022,3.01,25.24
11106,1.13,
41002,1.63,22.24
34862,1.77,13.71
1288,1.58,23.73
42729,0.44,23.8
19282,1.17,31.56
41118,0.84,29.91
20495,2.4,22.39
45721,0.82,34.23
8354,1.01,20.48
32407,1.05,27.73
44052,6.18,13.65
28188,1.69,42.88
6867,1.87,23.13
26718,1.1,21.05
28247,1.6,12.2
29904,0.67,33.02
32349,6.35,88.71
38760,3.67,28.89
44723,1.0,21.45
44786,1.28,10.19
45563,1.99,25.64
34680,6.46,82.88
40663,1.19,28.45
14721,1.25,30.95
32176,1.31,30.17
3747,1.03,19.07
4589,,10.48
42283,0.85,14.79
11323,0.79,29.02
268,1.01,37.56
19088,0.38,20.37
29841,1.01,30.38
28640,,29.32
23745,0.92,34.64
27516,2.13,32.44
2277,2.24,48.925
39165,2.07,25.58
12235,1.05,10.15
1244,2.01,37.82
10433,1.9,21.9
39762,1.26,
28270,1.56,9.63
33636,2.09,24.47
26047,0.91,22.3
4170,0.35,29.16
16743,2.87,18.3
49058,5.44,65.66
1394,1.41,35.65
36207,2.1,17.72
8571,1.03,32.12
23806,2.01,26.61
5308,1.3,18.9
7267,8.08,
49111,0.88,17.09
20248,1.86,13.71
28342,2.26,84.3
27849,1.07,16.98
20873,1.69,29.99
14630,3.33,9.69
28385,2.78,31.63
42011,2.14,8.95
38185,0.93,
16202,1.36,15.17
46603,0.73,27.4
15932,2.6,21.69
45713,1.02,14.73
38393,2.83,25.61
6132,1.69,14.33
47489,0.32,28.07
9021,1.44,18.28
29767,0.43,30.29
25405,1.25,23.42
30944,2.16,13.73
12122,1.1,32.42
35698,1.13,24.41
10133,1.91,22.04
44094,3.3,31.64
2158,2.63,20.05
10537,1.59,23.5
42436,2.56,22.22
4068,1.39,32.66
42115,0.69,22.22
42938,2.88,19.96
13677,2.36,9.3
16469,2.92,15.16
47320,1.76,31.14
8362,0.2,41.27
15812,1.49,9.08
11014,2.67,19.89
22790,1.63,29.59
12886,0.2,20.38
41305,3.98,72.59
2587,1.58,
47837,1.69,19.46
41910,3.33,20.2
12470,1.54,21.06
10510,0.93,24.8
35942,1.41,29.77
48441,4.6,79.66
39451,1.5,21.6
45533,1.09,25.31
18215,3.22,28.78
41723,1.45,14.58
17058,5.52,78.81
34650,1.91,20.31
18414,1.25,19.41
27292,,9.77
38649,2.76,22.16
18785,2.73,13.8
41321,5.41,33.79
326,1.6,32.76
5084,11.52,10.69
10615,1.12,12.57
38765,1.01,18.2
2138,3.0,21.9
837,1.3,22.01
24306,1.53,16.45
35980,1.25,22.16
29373,1.19,28.25
36264,0.63,20.28
38519,0.38,37.02
5148,2.77,12.88
10591,1.22,20.16
6966,9.69,97.47
5619,1.09,12.31
41640,1.66,7.12
34427,0.44,10.28
8629,1.74,39.11
16877,5.3,17.33
38648,0.67,10.08
23859,0.48,21.21
25995,1.64,9.58
5601,1.08,33.57
22776,2.93,35.37
4088,2.03,23.91
16951,0.39,28.81
6305,0.89,30.06
40653,1.41,44.58
13521,1.24,20.04
15250,1.24,23.69
49343,2.71,19.42
44373,1.42,28.2
46841,0.81,25.86
9305,3.39,26.25
12392,3.6,29.57
23765,2.97,26.24
37108,2.34,15.37
33036,2.03,5.64
35926,3.82,9.91
17218,1.63,23.81
15951,2.25,17.41
20940,1.98,11.31
22358,0.83,17.4
46000,2.06,69.76
26847,0.29,16.21
16438,2.95,79.25
4943,3.43,24.13
16198,2.1,23.55
141,1.65,21.22
27561,1.24,27.52
48362,1.65,30.16
42402,,
29716,1.16,8.46
7296,0.5,17.1
21436,1.73,21.53
5865,2.6,47.87
40018,1.17,34.56
30493,4.01,36.95
27519,1.33,24.23
45881,2.43,27.87
15686,3.91,20.16
10887,0.88,22.98
41602,0.55,15.65
42099,2.26,10.88
7928,2.07,34.93
6695,1.09,70.19999999999999
41668,2.63,76.19
31881,1.75,19.75
5426,1.01,26.29
25564,3.7,15.47
38320,1.07,24.25
35042,1.15,30.85
24499,3.54,22.67
32826,1.42,15.55
9019,5.41,83.78
41587,1.36,29.1
8395,0.86,13.55
16772,2.62,82.04
24355,4.11,92.7
13284,1.25,26.37
16175,3.02,72.98
37492,1.05,24.56
7905,23.700000000000003,16.93
30024,1.37,24.06
44180,2.34,18.27
42808,5.5,87.88
35023,,24.15
2967,0.94,39.16
2595,2.16,29.42
1431,1.7,69.05
30305,1.06,
49330,1.68,20.85
13653,2.95,28.39
48461,1.67,25.03
21265,1.77,9.81
48898,2.04,23.54
10206,1.38,21.95
14305,1.9,8.3
10918,2.34,28.43
4036,4.07,18.8
44502,1.62,12.74
44542,3.44,89.3
14921,2.91,98.51
28597,4.44,82.39
27801,1.36,22.34
12556,1.53,11.48
33196,3.86,89.76
21959,2.45,78.41
23892,1.05,18.65
14221,1.37,31.41
12147,0.96,36.42
49610,1.01,
47503,7.21,94.24
43425,6.55,203.75
20490,3.24,24.41
32999,2.33,23.05
30557,0.86,17.92
40111,1.53,32.24
19081,1.81,19.42
35153,1.41,28.84
16568,1.22,34.14
18531,2.02,16.77
6229,0.33,16.58
38164,3.32,88.98
23764,1.49,15.86
11375,0.64,40.67
47376,2.46,27.99
29144,1.04,21.07
40571,2.52,
19399,1.76,28.21
19699,3.28,23.0
39124,1.6,27.01
49254,6.85,70.98
14176,1.72,7.62
20875,1.07,25.27
15913,1.57,29.58
32012,,29.86
7437,0.96,16.24
2148,1.29,30.73
3271,0.6,33.43
46150,0.34,34.41
16022,0.91,17.27
39290,2.31,
20652,1.82,34.67
559,4.06,77.89
48698,3.84,81.21
24275,0.44,37.17
25855,0.86,17.22
13689,2.96,28.26
16482,4.44,20.33
43627,4.39,83.16
45647,1.37,9.91
26446,3.45,87.37
41599,0.56,20.13
20459,1.4,19.63
37206,0.7,20.77
40523,1.68,9.56
11987,0.76,41.7
38831,2.73,20.68
564,3.28,27.23
10560,2.11,11.13
40597,0.58,18.2
19254,3.05,27.61
7406,2.73,24.14
20868,1.13,29.75
20983,0.81,20.56
11875,1.1,18.28
6845,13.379999999999999,26.76
4046,0.89,20.03
17878,0.28,16.86
9768,2.05,10.44
177,1.45,36.16
44903,1.65,
17898,0.83,19.68
15919,1.81,4.03
13559,3.63,92.19
47336,2.3,27.03
13017,3.83,89.47
13617,1.57,29.78
13938,5.83,77.92
1058,0.86,22.29
25685,0.67,22.69
9842,1.57,7.6
10655,2.61,21.4
34478,2.33,35.53
15721,1.93,
9458,2.38,40.15
25908,,21.98
8942,1.39,11.45
20024,1.69,22.72
9720,0.54,28.3
10446,5.22,89.73
26073,1.72,17.45
13371,1.16,33.45
18331,1.81,17.01
22621,1.79,41.38
23503,1.94,36.09
24880,1.91,28.29
30503,2.31,17.0
9358,2.19,14.28
6005,1.17,12.78
16661,,20.53
4752,1.23,24.29
47586,3.52,20.299999999999997
10948,2.38,30.25
27998,1.85,15.19
29262,,19.82
41954,1.3,7.35
42959,1.62,28.76
5551,1.2,27.65
37952,0.38,20.92
46423,4.02,85.45
48217,3.67,
41918,0.59,21.27
36638,3.26,8.94
21146,1.35,17.47
21717,1.87,16.4
32225,3.0,-25.93
20756,1.69,29.03
26406,3.76,81.6
20143,0.36,28.19
4555,2.87,28.33
5672,1.63,65.75
47859,0.17,25.15
25408,0.75,24.25
31000,2.69,69.83
15894,1.22,23.74
45260,0.76,33.36
30921,1.31,19.71
34177,2.31,43.69
1770,,4.23
37310,2.74,18.39
2025,1.72,12.15
19505,2.61,31.72
33378,0.53,-18.88
24712,2.84,33.75
28655,2.85,14.36
24120,1.23,31.39
6472,0.89,11.81
47441,2.7,68.66
48367,1.54,14.17
16851,0.62,
40485,,24.81
10410,1.01,19.02
37304,2.58,35.45
6173,,19.63
43655,1.46,10.35
2737,1.85,
48156,1.85,25.27
12269,0.82,21.6
32979,2.98,90.03
17778,,27.42
5058,2.76,29.01
7816,1.22,34.95
16957,1.38,33.71
35552,0.51,27.33
13702,0.78,28.63
30592,,18.66
44918,2.63,17.38
8666,1.95,18.64
30168,3.25,82.56
46438,1.13,9.1
47763,2.27,29.23
14352,0.8,24.12
2406,0.8,33.68
3786,1.92,27.72
28953,1.61,19.35
41103,0.26,33.91
18930,3.16,28.25
44946,,16.45
22685,1.18,
32031,1.22,25.94
32068,1.83,20.07
13093,7.45,85.83
2511,1.87,13.33
39505,,16.51
31275,0.97,27.51
25930,2.91,9.8
4741,2.4,8.47
48871,1.25,13.33
2577,2.91,90.25
1409,1.41,27.3
46162,0.78,
33655,1.74,17.68
33550,0.44,28.93
40064,1.27,27.67
2628,2.39,30.15
40336,1.07,12.59
11872,5.88,20.91
9076,1.01,13.94
21995,,21.36
41197,2.12,21.8
14764,0.5,23.06
38467,1.55,18.02
34307,0.77,30.47
41512,0.53,7.32
8427,1.82,26.38
16285,1.29,18.43
9085,,18.35
26863,5.04,85.83
10462,1.92,15.99
47676,6.78,67.87
26027,3.06,17.07
22938,0.58,24.48
39730,1.28,20.76
9456,0.76,27.94
23656,0.71,19.47
47067,1.31,26.38
20060,2.43,21.86
15669,3.77,87.68
10653,1.92,11.46
39119,7.61,76.18
21242,0.64,20.33
29906,5.61,76.36
12469,9.899999999999999,26.44
44466,0.68,
20573,2.07,
20447,0.9,27.07
45315,,25.44
10156,4.59,79.99
37919,0.67,26.59
19976,0.86,18.09
38439,1.06,27.76
49171,1.14,28.3
41084,6.95,85.28
36072,0.37,21.48
21908,2.02,16.02
40475,1.48,20.23
43417,0.35,22.15
49332,1.11,29.77
33211,0.61,36.425
3741,1.01,23.17
25823,2.56,27.35
16544,0.39,34.99
24545,1.6,36.86
17371,2.2,97.12
10353,1.63,30.38
42886,1.65,14.03
35363,0.63,23.42
46954,1.21,13.19
37642,0.64,32.66
309,5.08,69.36
29028,0.5,19.0
40463,0.86,28.06
41198,2.1,19.73
16487,2.44,23.24
40844,1.74,27.92
42558,1.78,
10368,2.04,
12667,1.93,54.15
1784,1.79,10.77
35091,0.93,16.8
28791,1.49,12.47
28958,3.02,17.92
32959,0.63,5.0
28500,2.36,25.07
16344,1.31,19.51
29423,1.04,10.72
32005,2.46,22.2
41529,4.07,87.7
43377,4.58,85.61
22407,0.78,17.33
34285,1.47,28.55
5395,2.28,24.47
1454,0.41,21.18
19035,1.87,13.6
35010,1.58,24.83
26773,5.48,82.59
19998,2.34,
35673,1.34,13.04
14045,2.9,20.93
31994,2.42,
38822,2.59,24.84
23898,0.98,23.22
26185,2.63,22.04
15949,2.19,13.84
35475,1.63,25.76
48215,0.23,26.52
36168,1.42,11.95
30069,0.99,34.94
10661,1.69,18.85
18366,3.62,20.21
36438,0.56,18.24
24666,2.28,
49262,0.83,15.33
24446,1.28,19.94
34909,4.76,79.96
8134,3.17,18.6
35000,3.42,13.5
48004,1.45,24.97
23604,1.77,25.45
10138,0.65,19.73
41586,1.46,14.31
44799,1.99,19.1
9498,2.27,13.33
10089,0.75,23.87
41460,0.36,22.91
27611,1.04,15.5
31557,4.27,95.39
11854,2.31,37.05
47882,1.98,20.31
44324,0.58,43.99
25662,0.81,19.24
32205,2.32,22.01
22161,2.79,9.72
19798,0.87,27.09
5858,2.03,
45950,2.56,21.02
16914,0.86,20.88
22042,2.17,10.4
35018,3.02,27.19
21529,,9.75
11867,2.44,-18.6
40364,6.13,64.48
38706,2.26,31.875
35677,3.02,14.83
10173,2.8,20.23
8751,,30.73
6414,1.73,19.81
41941,0.61,26.84
29671,0.79,
30072,,28.6
36864,1.39,13.27
33388,2.67,25.64
22380,8.66,98.52
13941,32.46,81.04
2203,1.12,
23270,0.96,-16.18
33491,1.85,17.59
2144,1.24,29.32
25721,1.79,36.3
9039,0.64,26.53
2409,1.47,22.68
42791,1.69,9.9
28081,1.59,19.77
27496,2.22,26.74
30130,2.8,19.01
41467,2.08,38.18
49051,2.96,61.69
46553,4.59,93.73
8654,0.6,22.18
49355,0.99,14.13
31049,1.53,42.824999999999996
45288,2.92,25.17
47645,1.15,28.97
33965,0.76,0.0
12600,4.08,84.96
49529,1.2,21.29
7646,1.5,26.28
24182,4.3,82.85
16677,1.86,15.34
14735,2.43,19.93
2288,1.1,28.14
26767,2.38,28.84
6479,1.54,30.57
11776,1.82,79.14
20444,1.31,28.51
1772,1.6,30.95
48075,2.37,36.67
25368,2.19,26.87
31456,0.53,33.83
38541,3.17,78.58
28430,1.73,
19502,1.33,34.6
40362,1.33,11.94
49279,1.19,10.95
18907,1.01,16.77
7790,,31.08
18430,1.81,9.53
17376,1.41,28.3
7032,0.81,22.99
2945,2.31,33.35
31890,,27.98
5331,1.88,
11714,1.44,13.8
28906,1.48,
26838,,20.96
18569,1.62,9.0
22856,1.22,22.86
669,1.82,22.3
19725,1.76,28.83
11529,0.75,15.18
24211,0.91,3.76
23725,2.82,20.71
5209,4.04,83.95
37623,,21.8
8367,4.31,20.36
14298,2.43,16.54
5023,3.91,8.81
26732,1.15,4.13
16672,3.81,7.07
21938,1.99,28.9
28513,11.52,41.43
28120,0.73,21.37
17529,1.81,25.79
19615,0.8,21.26
42586,0.72,31.05
24132,2.2,25.32
26294,1.93,29.04
9106,2.59,25.19
4925,2.9,32.57
66,1.81,13.3
17618,1.07,32.35
46266,3.74,27.51
21599,6.08,96.12
35145,0.58,32.86
14282,4.44,71.54
19038,1.21,17.09
23861,0.62,0.99
43161,1.5,16.16
17590,2.33,26.03
36018,0.81,20.95
10627,0.51,21.47
9595,1.96,
38494,1.36,26.96
12808,0.76,33.6
48264,1.46,29.84
5959,1.94,20.74
49276,0.69,20.44
28498,0.21,38.96
6762,4.31,73.22
34112,2.53,36.62
44963,3.85,80.51
41295,0.56,12.52
37015,2.09,22.04
1277,5.1,16.24
43722,,17.5
7399,0.96,23.74
1971,1.31,31.0
21009,0.93,16.07
25501,0.51,23.9
9518,1.48,24.58
23231,2.57,11.23
30353,0.91,34.45
4879,0.82,17.74
42962,2.33,20.35
33924,0.93,16.79
15241,0.25,13.84
16817,1.28,15.46
15993,3.39,23.71
25694,2.14,16.61
24159,3.97,19.5
32028,1.04,21.37
48849,1.22,28.22
15105,4.16,20.11
30853,,26.41
49938,6.7,94.94
17331,0.76,22.25
433,0.52,23.58
39950,3.16,16.1
16779,1.64,27.42
3370,1.69,
3749,3.36,25.33
43946,0.95,
32302,2.46,32.16
48692,1.96,30.43
35958,1.53,21.19
27110,1.6,23.01
10706,1.47,20.29
15997,12.78,37.73
6413,2.39,31.69
35499,1.49,27.2
37581,1.69,27.58
21939,1.43,20.34
14698,1.78,
47575,0.64,12.13
15566,2.6,9.07
2672,2.75,27.12
46931,1.57,30.81
21588,1.97,15.43
45714,0.68,12.74
21784,1.43,33.0
5383,0.46,27.25
42816,1.76,
36634,3.25,89.18
17490,2.69,29.73
16030,1.52,33.37
22582,1.13,41.41
19894,0.42,29.71
48113,2.73,27.39
43099,1.16,25.42
1429,0.95,21.28
22200,30.78,94.42
41570,4.97,87.35
31779,1.5,7.0
5187,3.52,84.69
23583,7.44,64.89
28671,2.88,76.99
32124,2.31,14.92
42135,0.8,2.37
359,0.7,15.42
48360,4.18,20.22
43336,5.04,15.19
26328,2.57,91.9
43936,,23.01
31932,1.17,10.98
13934,1.08,11.51
47236,0.45,15.49
1332,1.17,27.78
33674,4.32,86.72
8950,1.3,16.79
21605,1.83,11.17
12297,0.85,29.7
48658,2.38,32.91
29087,1.57,11.06
34051,5.4,26.48
19228,1.93,28.74
3112,1.15,34.36
40054,7.62,26.86
24146,0.82,30.19
38754,0.46,
48071,0.29,24.93
30585,1.19,26.6
21943,3.01,31.0
38389,2.59,28.13
38369,1.25,0.0
34527,1.53,
33355,1.35,28.94
1783,1.49,18.73
17699,0.92,21.45
34895,2.62,8.73
9349,0.75,30.93
35132,1.27,37.13
14204,2.07,25.16
46108,0.58,35.3
34562,0.64,16.08
48219,1.16,20.17
20328,2.26,26.18
20796,2.13,25.31
22243,5.53,100.0
7520,0.6,19.36
41593,3.05,31.49
10875,0.8,23.15
48752,0.94,30.27
46393,1.46,23.54
3419,1.87,23.33
26275,1.96,9.99
46192,1.72,13.15
36662,3.23,92.33
16385,0.69,35.44
12383,0.92,14.15
5967,1.22,13.41
38568,1.02,23.1
16913,0.96,11.02
4194,2.02,8.42
18916,1.25,10.9
39166,1.2,19.71
18437,0.18,26.28
32994,3.31,30.82
14926,4.0,90.84
25023,1.43,26.59
23747,2.2,16.21
37718,1.39,17.04
36096,1.55,
38827,1.08,19.71
47607,3.41,80.86
25880,1.02,27.72
20091,2.68,26.47
34389,1.54,14.08
8041,8.4,80.38
41975,1.79,25.33
10859,1.25,27.13
7899,2.01,21.79
18377,0.33,28.41
44158,1.74,23.14
11868,1.82,22.43
41655,0.94,12.11
3066,6.93,27.44
42575,1.67,21.17
39714,1.59,10.06
45695,2.68,16.14
2202,,24.18
10295,4.19,19.55
20601,1.04,15.56
42985,1.04,9.77
12593,3.29,19.19
10938,0.73,23.0
30920,2.52,17.91
25318,1.29,11.31
33261,0.92,33.69
29629,1.22,20.65
17473,3.14,31.43
16508,1.0,27.09
28517,2.54,19.99
41282,3.4,
38174,1.28,13.59
17725,0.83,20.86
24093,0.8,6.22
41516,0.62,6.12
36022,0.71,27.48
46401,1.44,25.65
35505,1.09,5.57
15194,0.9,25.29
13343,1.49,17.79
3745,2.72,26.8
19116,1.19,21.99
205,2.37,16.51
16695,1.87,25.2
23971,1.25,31.9
17440,0.17,30.35
36538,2.16,18.96
17468,2.57,7.86
31970,0.37,12.92
5543,7.89,16.74
14962,2.02,12.48
25478,3.83,20.8
18712,2.47,75.04
20050,1.1,40.44
25574,2.42,27.78
13573,0.35,15.25
2981,1.77,32.26
17233,0.83,23.9
37273,1.93,18.35
5286,1.79,
4599,2.6,8.38
12341,2.02,17.15
1863,2.25,31.34
5644,2.0,13.0
7013,2.22,17.12
4890,11.24,81.57
17198,0.68,29.66
14734,1.25,39.58
46893,0.74,20.31
16441,1.05,32.42
35233,0.49,17.85
8691,1.85,11.64
15544,2.87,34.1
14071,2.78,43.8
4520,3.13,20.11
41080,3.33,7.36
40319,1.35,22.59
22811,1.23,18.67
34523,2.95,23.73
31689,1.72,36.07
734,2.11,20.68
4513,1.71,24.55
30593,1.7,23.15
8757,1.21,38.675000000000004
32537,2.34,36.48
18807,7.03,73.92
25838,1.97,14.45
24454,1.9,24.46
42552,2.06,39.96
29549,0.47,18.62
24697,1.01,20.46
25194,1.68,10.64
18441,0.84,22.31
45873,1.15,29.61
49723,2.0,23.72
3715,1.01,18.37
34755,,13.6
48664,5.36,26.7
47447,1.04,21.55
47954,,16.8
37087,4.75,87.47
49187,1.8,19.04
35718,2.3,21.29
243,0.82,18.38
2347,1.63,19.87
25692,1.51,26.49
35676,2.2,23.66
5115,1.53,25.04
43113,3.53,28.03
42666,0.75,
33232,6.28,
36012,1.6,4.99
33580,1.33,21.66
44043,,11.29
30086,2.02,20.54
45588,1.83,11.53
14082,3.51,22.28
868,1.21,18.7
30227,2.64,30.81
26397,1.15,24.76
41093,1.19,17.59
26031,0.75,13.85
48662,0.93,28.05
20000,0.89,
24668,1.95,27.63
48170,1.55,26.24
33940,1.79,28.29
26524,1.77,35.37
42435,4.14,19.3
44847,0.97,
4335,2.07,18.28
10775,0.64,17.4
35922,7.32,32.88
44395,0.53,37.96
39864,0.99,23.81
38942,0.96,14.17
31338,0.72,21.12
38225,1.46,14.01
36795,2.8,59.875
2221,2.28,24.64
1282,3.23,27.51
19220,0.35,41.45
26422,0.37,33.58
45720,1.7,21.71
45206,1.49,12.91
36653,0.9,19.88
39270,0.51,22.46
48861,0.42,13.72
44949,0.81,30.05
9643,2.21,8.09
23597,0.72,5.1
42195,2.25,16.98
44947,3.56,22.17
41041,2.95,74.7
43617,1.1,30.14
21028,2.33,13.95
2290,1.6,24.77
39661,0.76,34.18
42657,,18.55
22557,1.68,17.77
8044,0.79,24.95
33383,0.49,15.2
26747,1.03,21.85
7779,2.34,16.49
45586,5.15,82.56
22783,2.01,19.34
45045,4.24,100.0
12151,1.64,19.98
14339,1.88,41.02
35318,1.63,31.63
30188,1.32,18.02
41051,2.37,9.41
49312,0.93,19.42
12487,3.93,18.24
33431,0.88,23.9
21741,0.79,39.03
47720,0.46,28.8
36543,0.77,26.89
4248,0.72,25.38
664,0.83,15.76
49762,1.31,14.75
34684,1.77,33.93
10606,1.68,36.27
27882,1.12,19.94
41490,0.77,17.52
26195,2.5,21.65
30990,2.86,33.02
41873,0.96,
27234,0.74,37.48
33984,0.54,
11607,1.01,
8187,0.88,15.04
26385,1.83,15.94
24883,5.67,63.45
10449,1.65,21.67
21434,2.0,29.14
32327,5.41,92.35
28851,3.15,24.76
1675,2.01,8.41
25141,1.31,15.27
1632,1.21,36.49
17561,4.2,90.63
3054,2.41,76.05000000000001
16797,1.42,32.36
26603,0.58,26.68
24763,1.49,32.46
19822,2.94,5.74
43674,0.21,17.31
27567,1.11,44.87
41824,1.91,22.17
42551,1.76,
989,1.15,27.08
4830,1.72,106.82499999999999
37368,7.05,89.5
21689,2.77,1.93
14866,2.13,11.35
21522,1.82,21.66
40425,0.9,14.34
38018,1.99,26.51
12085,0.53,26.89
29927,1.95,15.71
15424,1.54,25.27
28646,2.12,33.93
47137,1.54,
11801,2.31,30.74
11475,0.9,20.41
34597,5.36,26.61
3160,0.96,29.87
33101,1.88,34.43
1680,5.04,11.22
44503,5.94,83.54
1658,2.28,12.6
22010,0.96,12.08
28001,1.01,20.87
44478,0.5,27.9
21806,2.63,28.68
6782,4.03,78.6
45099,2.54,
25773,2.85,87.05
36679,,13.28
36350,2.57,12.73
39462,1.94,25.43
21353,1.51,17.37
16516,3.39,15.61
41185,1.94,14.26
6018,4.22,27.35
32066,3.81,213.75
25440,0.98,28.93
29271,1.31,11.74
25675,,9.81
26187,1.53,22.73
45620,5.39,
35953,1.51,19.15
36701,3.3,18.77
43574,1.49,20.47
17167,1.19,28.69
32835,2.22,34.17
11781,0.9,27.97
3118,1.68,31.17
37424,3.58,99.59
27439,2.06,9.42
31534,1.42,21.8
45123,0.74,19.87
24885,1.57,
7028,1.1,33.66
5455,1.16,11.39
35371,1.37,
27391,,
31452,1.05,13.02
14604,1.11,24.5
6459,1.76,15.81
6631,1.37,23.11
28180,1.97,22.25
2370,1.4,19.45
42301,4.57,19.19
29666,1.55,23.3
27993,3.61,23.68
11099,5.0,92.5
18012,1.48,
31016,1.41,18.88
38570,2.24,13.94
44928,2.5,22.91
5708,0.88,30.94
22484,0.62,35.7
38438,0.63,24.47
30254,2.59,23.57
48062,2.57,81.1
3506,2.81,21.55
18025,1.54,15.23
47224,1.47,26.85
29628,,22.49
1486,1.53,19.96
9502,,14.76
23740,2.24,30.55
33504,1.92,27.45
11882,2.15,44.18
8068,1.49,28.21
18997,0.57,27.46
27945,1.51,16.86
25204,1.91,22.5
22594,2.19,14.84
33866,1.91,27.82
35214,0.67,19.93
38745,0.49,22.05
42429,1.35,34.27
859,1.16,18.94
41793,0.66,33.18
37639,0.65,23.46
39919,,26.9
41253,2.35,29.12
41572,2.26,24.32
24634,0.35,16.19
19566,1.35,28.2
11045,1.79,
28932,1.62,34.54
8275,1.57,15.59
15286,1.67,27.83
41862,2.72,14.4
17420,4.11,94.88
44080,0.57,
48978,0.42,15.79
10238,5.03,20.59
22185,0.72,37.31
18224,1.16,28.85
10862,3.22,24.85
35544,6.11,90.13
2846,0.68,20.81
18385,5.14,93.1
46178,2.93,20.57
48626,1.65,14.59
5012,1.29,18.71
6718,1.17,18.86
14382,2.24,2.56
29782,1.02,21.77
2346,0.77,26.02
48483,1.12,41.28
38382,6.25,8.2
14481,0.86,15.66
35974,1.05,21.52
1926,0.8,17.25
29149,2.81,66.89
1791,0.42,25.38
7560,5.25,69.73
44571,3.3,21.41
46515,3.71,31.41
93,1.95,21.51
29220,2.87,11.54
5270,2.1,
8647,,21.55
20347,4.21,80.23
18439,2.49,29.04
6660,0.46,25.58
31877,,27.88
33439,5.49,94.05
36108,3.21,12.05
36547,0.86,21.56
47923,1.78,9.17
14692,3.11,21.68
20612,0.45,23.99
45643,1.46,12.48
31436,3.77,80.84
40660,2.27,29.19
29164,1.61,23.86
47986,0.26,18.06
41648,1.13,10.52
48016,4.53,88.28
12978,3.14,13.53
35551,2.47,15.74
5344,1.77,16.66
43290,2.5,8.33
7180,2.29,18.83
20160,,
7292,2.04,71.3
469,0.61,27.05
19180,0.56,
8873,1.87,15.2
4662,3.8,97.62
19053,,22.95
40984,1.77,19.92
16558,0.56,
35961,1.09,10.65
7872,0.52,17.11
46835,1.09,11.92
5225,1.82,24.26
38343,0.93,7.21
4729,1.9,9.66
9055,2.04,17.56
3768,3.24,29.12
38651,2.19,28.17
20854,0.64,35.57
47425,1.75,20.86
30146,1.33,18.23
32442,1.95,14.19
41310,0.44,16.41
25919,1.72,10.59
27615,1.49,32.95
37805,1.17,
15663,9.78,35.09
6816,0.59,61.275000000000006
34232,3.63,
28883,0.97,16.54
16184,1.09,25.47
35894,0.39,17.17
1081,3.17,91.67
1587,1.09,15.32
34868,2.65,86.06
35892,2.56,26.17
49690,1.15,21.68
18006,1.06,14.55
19726,1.11,28.57
17914,1.25,27.05
17431,0.3,28.8
32493,0.89,29.31
15700,2.32,36.07
39688,0.55,33.54
19876,0.99,0.0
30284,1.69,27.66
49133,1.01,21.16
14614,2.78,81.86
34855,1.97,6.95
5809,1.4,23.92
34611,0.76,24.09
12944,1.64,16.84
40560,1.93,20.86
35415,1.24,26.77
13530,1.3,35.66
19067,1.06,
27826,1.75,29.3
3609,1.94,19.48
226,1.29,
14700,4.17,7.09
28980,3.43,
41421,1.32,17.82
11859,0.83,28.58
10532,3.99,71.45
29566,1.45,0.0
3605,1.45,12.62
43945,1.52,8.24
21035,1.35,62.074999999999996
27779,3.12,8.02
23268,2.09,13.68
43195,6.01,74.86
37151,,30.89
20104,1.64,29.25
41730,0.47,22.34
40224,0.57,34.93
29323,3.66,27.12
24072,1.52,25.19
33430,1.57,27.41
7677,1.19,13.75
29387,3.53,11.22
42409,0.88,29.72
21882,5.82,100.0
32186,1.55,25.66
35197,3.25,211.92499999999998
26739,1.15,22.1
12763,1.19,22.79
2713,1.15,21.57
28762,2.44,23.92
14806,1.21,30.92
34900,1.39,12.92
16343,1.01,7.99
46874,1.94,10.12
24959,2.18,9.44
21940,1.12,13.25
37615,1.0,24.71
15852,2.03,23.16
29182,1.8,
27459,8.33,78.59
48679,5.57,11.44
48738,0.56,27.18
48917,2.47,21.08
32774,0.41,9.96
29661,0.88,17.26
32724,1.02,13.18
45353,6.05,87.35
38973,0.85,6.34
20679,2.1,23.19
24149,1.34,16.11
25668,2.84,19.68
7761,0.48,12.5
34667,3.4,83.65
10519,1.35,37.18
36465,,19.71
1990,2.52,11.19
47959,1.29,28.2
9325,3.62,90.77
31195,1.56,23.05
42976,1.88,29.86
41619,1.54,26.59
555,0.43,20.89
37447,2.2,27.64
17651,1.86,25.07
40925,5.11,13.73
13642,1.82,32.32
24756,1.69,38.14
40398,0.63,18.33
45047,3.17,20.93
8568,4.5,75.15
31896,1.97,17.39
48507,0.17,14.5
36840,8.1,87.64
12349,2.53,23.73
38098,0.61,24.69
35721,6.300000000000001,23.56
9973,13.26,20.32
29613,3.32,11.76
5924,,-5.01
3580,0.74,20.82
477,0.74,15.74
49789,16.200000000000003,32.74
29806,2.0,24.18
16396,1.01,33.7
28878,3.03,18.7
31883,1.37,37.62
32699,1.58,6.96
14597,1.33,20.24
7334,1.38,9.27
18541,1.87,24.43
44420,2.22,20.57
13884,2.21,27.01
6654,1.92,20.53
40433,8.33,
13581,3.59,5.08
12381,1.16,23.4
21609,6.66,90.59
45790,2.71,36.85
126,2.19,13.35
3997,1.61,23.27
37938,0.91,24.36
48312,1.13,25.89
16118,1.03,8.34
27565,5.43,81.48
16815,2.88,15.44
49012,1.61,38.32
11277,2.24,24.16
22349,3.08,60.42
25221,0.74,23.81
47896,0.5,31.73
21144,2.42,16.5
46555,0.89,13.51
33781,,18.75
11797,1.19,6.56
9368,4.4,23.62
24199,0.85,19.18
42125,0.62,25.49
39211,2.27,21.21
48402,1.01,8.02
11318,1.07,28.67
13510,0.43,25.43
37499,0.67,22.13
35037,2.02,
7754,1.83,13.53
12924,0.98,27.9
7788,2.98,34.06
18587,2.73,28.94
2059,3.75,18.29
37838,,27.28
17727,1.55,33.11
23782,1.9,28.48
33904,3.04,94.99
8173,1.57,20.38
45261,2.16,76.63
17466,0.77,22.62
9343,0.92,32.62
17902,4.05,
15982,1.84,18.73
41747,1.41,28.62
5208,2.98,28.16
28512,1.24,21.65
3298,0.92,15.71
33576,4.4,21.47
20596,2.43,16.14
29523,2.71,87.28
7752,1.35,12.23
36755,4.34,
23215,1.7,9.39
13958,1.25,19.87
40667,3.41,82.63
35898,1.92,18.72
29776,3.24,24.91
35109,2.07,15.6
19151,1.54,22.92
9154,0.74,8.69
26988,1.21,26.08
32248,0.56,17.55
48638,0.83,26.01
44467,1.91,31.79
48981,0.73,31.85
36972,2.66,29.06
4721,2.22,14.56
38500,1.46,9.07
23043,1.92,15.6
18782,2.27,25.0
49585,3.09,18.93
3514,0.6,35.46
18191,0.62,12.24
46321,3.6,88.7
40316,0.9,26.89
26897,2.46,12.25
48147,1.19,21.64
48383,0.64,24.39
6396,1.19,
27901,0.78,28.41
47640,2.86,41.07
36607,0.9,17.28
1724,3.74,75.55
48086,1.84,13.29
31197,,93.43
45736,2.64,
7117,0.74,29.37
40121,1.81,16.58
12805,2.82,89.79
18288,2.89,35.5
4303,0.22,35.33
28232,1.59,22.36
15272,1.8,
20616,1.72,21.28
6510,1.5,15.49
41493,1.95,23.99
23244,1.62,14.3
12892,1.32,31.26
26677,3.95,26.86
26048,2.18,16.95
22342,0.66,17.55
31611,36.36,83.34
42010,0.58,13.9
21814,1.77,22.91
1033,1.77,28.56
16782,1.17,30.37
23277,3.42,40.65
40633,2.55,
45844,1.05,27.31
26774,3.07,13.14
12094,2.34,34.61
40128,0.6,20.43
14215,3.42,17.36
22088,4.25,24.24
44825,0.79,37.39
23647,2.24,84.72
41745,5.62,85.46
29964,1.58,25.11
31709,1.69,34.68
27780,1.1,30.52
29836,7.04,83.49
47949,4.92,78.3
27634,1.25,12.88
8118,0.74,14.81
32380,10.74,33.57
4936,1.78,77.74
46576,4.37,70.85
39679,0.5,19.44
28691,6.17,90.8
39586,0.84,29.4
14407,2.29,21.57
27316,2.48,34.94
20234,0.83,20.45
7152,0.51,30.98
44907,2.62,-28.59
40675,0.49,33.37
30849,3.43,13.34
8292,1.07,21.27
11961,1.07,17.39
6068,5.64,22.77
37613,1.16,27.79
19175,2.72,18.93
19746,0.8,17.23
12344,0.56,16.18
26016,3.46,12.22
28759,1.76,25.24
42247,1.15,39.82
30290,10.98,8.69
34405,1.42,33.51
33955,3.08,90.01
34568,1.15,28.29
14131,1.67,25.97
38635,4.17,82.17
2459,0.09,22.28
25850,1.24,19.47
21916,3.59,27.56
25701,0.9,21.95
18842,1.22,
37286,1.47,20.45
15103,1.45,7.89
28366,1.39,21.48
24761,6.38,80.5
15710,1.02,39.49
28534,1.89,27.43
3214,3.44,78.75
20055,1.93,
49516,0.22,17.72
9118,0.99,21.6
1771,0.94,18.8
4419,3.52,
36169,1.4,32.02
23505,1.18,28.43
18983,0.99,33.43
13123,3.59,18.27
41472,1.33,16.11
39867,7.47,
27654,0.7,24.1
35402,1.52,28.43
38107,2.11,26.04
39880,1.1,11.14
2396,0.57,16.42
30043,1.69,18.08
31257,1.68,9.75
14620,,18.53
38675,1.42,38.31
15546,2.32,26.73
562,3.81,13.78
28401,1.16,16.96
38740,0.93,24.31
5495,2.13,13.89
18360,0.55,25.36
20579,,37.83
26335,1.6,29.75
41151,1.23,19.66
35234,2.86,
19808,,18.16
43107,2.12,22.64
25090,0.79,12.94
20535,1.05,20.23
34840,1.12,16.14
19932,2.58,7.02
5682,0.77,19.53
25198,1.8,29.25
32480,2.38,
24227,1.5,18.49
35782,1.89,9.48
35009,1.29,24.2
43647,1.94,10.63
3376,1.45,
13454,2.95,34.25
5976,0.89,17.66
39857,0.86,9.52
22807,2.69,8.08
1405,1.44,19.49
41987,,41.57
45312,1.42,19.31
17492,0.97,6.41
3410,1.18,33.28
12866,1.98,79.36
12656,,
26201,0.3,16.66
6852,4.79,68.62
11308,7.23,91.33
13295,3.14,26.26
22935,3.24,70.73
40027,1.13,27.74
6502,2.08,14.7
35283,2.27,1.19
8898,1.96,10.51
20850,0.45,21.48
45894,,42.16
8680,2.83,8.63
30721,0.95,26.74
18764,3.66,22.32
18442,,18.32
22809,1.11,18.0
6814,,29.13
8891,2.29,98.45
19163,1.25,24.33
32222,1.5,63.150000000000006
29374,2.13,29.34
34281,1.22,19.17
3959,1.77,15.84
27557,2.43,20.55
12240,1.07,6.9
11438,4.23,29.58
32173,1.09,28.13
27520,1.73,20.15
7546,1.45,20.47
30741,1.88,26.5
8464,0.97,28.58
32885,1.44,21.08
40848,1.74,95.5
2882,1.31,26.73
24904,5.83,93.41
42466,0.92,17.53
9598,2.2,18.06
32288,1.57,17.78
5557,0.79,
42762,1.34,23.59
24590,1.43,25.63
43591,1.03,32.25
39164,,22.27
30391,8.32,91.98
41367,2.05,32.64
44804,0.73,25.61
13504,,32.89
12771,1.25,30.37
17688,2.12,25.89
21583,1.41,18.24
44191,1.12,14.6
6574,4.7,100.0
3552,2.17,19.39
7357,,25.65
7757,0.25,4.82
23018,,11.51
19982,2.29,30.4
6133,1.88,23.58
49090,2.58,17.21
44505,6.19,77.94
33962,3.45,7.68
9877,3.2,9.73
49981,0.89,18.17
7565,0.91,14.27
16222,2.95,91.23
17812,2.07,18.78
12716,3.71,74.97
286,2.67,11.5
26351,1.82,3.11
31307,,23.72
12663,1.01,51.449999999999996
4893,4.47,19.45
41845,0.98,15.95
40252,2.86,27.46
17523,0.62,88.9
24509,2.29,23.43
12069,2.81,24.97
44400,2.55,30.64
3734,3.91,19.18
48858,5.81,75.3
45531,3.57,9.68
881,2.05,27.19
11911,2.6,40.97
14473,6.99,90.91
47418,1.05,14.11
30536,0.64,23.38
43510,1.7,32.67
15281,2.17,33.76
252,2.06,28.67
1573,1.0,18.91
25025,3.26,25.63
25920,3.12,61.85
34347,1.65,25.27
36789,2.26,15.98
22816,2.18,22.6
36784,1.22,30.51
30822,3.21,22.6
20893,5.49,89.24
49199,2.33,92.04
21563,1.44,17.58
20288,0.37,24.12
45915,0.97,26.3
16876,1.57,12.4
39426,1.72,6.74
28272,1.94,23.92
33714,1.36,15.54
46376,1.26,12.53
25399,1.0,21.87
46161,2.94,25.15
19191,2.17,21.63
33428,1.82,33.74
39588,0.95,23.06
33156,0.57,17.74
11124,2.1,19.11
22022,0.68,22.28
11046,1.8,30.34
48519,2.82,13.52
259,1.17,
800,0.67,25.75
47672,0.82,21.96
32512,0.46,14.26
24089,1.56,
7853,0.58,21.99
43301,0.94,23.17
13606,1.39,18.38
5411,1.67,26.04
38406,4.74,87.88
693,0.99,23.15
35007,0.82,21.91
40452,0.92,17.47
19389,0.68,36.54
34266,2.73,24.29
32892,3.95,80.63
26459,1.8,23.29
49114,1.39,22.66
25600,2.94,21.0
14966,3.43,29.59
21561,3.15,24.71
12812,0.3,32.44
28508,1.18,29.77
21926,1.71,24.25
34298,1.09,25.75
15114,1.33,31.11
13419,3.06,31.74
40105,7.32,66.37
46996,3.4799999999999995,18.95
25286,0.32,16.9
45290,4.15,8.97
32416,6.38,78.26
6714,1.61,24.14
46007,0.62,27.73
9380,2.04,35.62
4690,0.81,23.8
36582,0.96,23.69
7589,2.99,26.87
12570,1.85,30.55
30336,2.11,25.13
390,0.75,31.71
22952,2.15,38.1
12087,2.0,28.25
47587,0.8,27.6
26658,2.69,18.96
30860,5.38,73.78
49750,2.08,20.36
35914,0.79,13.16
43845,3.39,77.01
36404,2.14,21.91
20317,1.49,22.85
28565,0.57,37.68
31875,0.27,26.15
35493,2.27,86.99
30515,5.25,89.87
43210,2.47,9.37
10148,2.01,18.13
33186,1.32,-21.34
3364,1.14,27.7
44553,1.59,15.19
46507,1.02,19.08
3075,0.91,24.03
30694,8.7,18.83
5392,1.57,24.79
13241,3.09,74.36
10650,1.17,22.85
47809,2.06,26.73
16997,1.73,26.06
530,1.72,25.71
20581,0.51,21.35
9955,0.86,
39737,1.36,-23.54
16687,0.41,32.09
4537,0.73,
30611,0.9,24.92
19174,2.78,22.29
34601,10.61,67.19
23497,2.28,67.2
15806,1.32,19.86
37283,1.7,20.0
13408,2.74,
19683,1.27,29.42
45071,0.86,28.91
27471,0.72,31.08
31431,2.52,36.59
18820,2.59,26.84
20852,0.65,15.26
43128,2.24,27.38
25065,1.36,21.14
32672,0.99,11.26
36555,1.25,22.67
42577,1.98,33.44
30683,5.43,78.0
16841,1.24,31.25
37445,1.19,28.94
42273,2.07,21.49
46963,0.65,9.34
1984,1.0,10.08
12840,0.95,20.49
42164,2.25,30.47
11295,0.3,35.68
45364,3.25,83.76
28213,3.34,25.59
11126,1.5,9.9
3137,2.21,28.125
26465,2.89,16.97
34837,1.01,0.0
20900,1.32,17.95
12519,0.5,7.09
30088,2.16,33.075
3119,5.45,19.5
10814,4.6,67.27
11713,3.46,83.89
3274,0.24,27.54
32918,1.57,17.43
44270,2.74,10.52
30958,,
14258,1.05,24.66
16712,1.53,17.81
30908,,33.27
2817,3.16,20.73
47681,2.23,34.69
18136,1.08,13.31
20196,2.84,15.95
4886,1.8,14.95
21780,2.04,24.95
42864,1.16,22.46
32266,1.08,13.02
21861,5.27,82.35
43115,2.59,24.96
6441,1.78,28.03
42455,1.08,25.17
38685,0.98,19.42
14070,1.26,27.9
29723,2.23,21.95
34799,1.04,17.57
40759,0.95,32.9
14501,3.53,22.27
2042,1.55,28.58
6625,1.14,13.1
42306,0.3,26.51
6998,3.91,90.26
5525,1.3,
46682,2.9,24.13
22614,3.47,21.76
20215,2.03,86.12
17033,1.37,0.0
28467,1.93,10.4
515,1.46,16.49
4081,0.9,16.56
41621,1.42,8.65
12200,,16.58
29026,8.4,87.92
7879,3.42,85.85
17744,2.41,29.6
24929,1.69,18.52
24054,1.19,22.65
19706,1.84,13.7
7291,0.62,
41992,0.37,19.48
21149,4.41,32.29
39672,0.95,15.44
44508,2.87,10.03
3625,1.64,35.42
10385,0.65,33.18
13139,2.31,31.93
37737,1.03,26.13
30049,2.92,25.37
41356,2.1,19.96
41357,4.31,77.88
32553,2.44,32.64
3729,,39.61
36900,1.6,68.74
45845,2.56,7.98
48963,1.79,26.97
44746,1.76,79.19
2677,1.6,16.67
48990,1.93,27.8
23662,0.82,31.91
20496,2.44,30.04
17145,2.38,22.97
17950,2.39,
30525,0.96,33.32
7529,0.44,28.3
33043,5.55,82.91
20959,4.6,22.95
13317,0.73,33.47
19978,0.86,18.56
39972,1.48,75.74
27570,0.37,10.98
3712,0.9,30.58
45657,1.94,20.28
40524,0.99,26.34
4234,0.47,30.31
8985,0.72,14.13
10529,1.95,14.9
6547,4.89,72.57
5866,2.08,23.96
1239,0.88,15.18
11786,0.38,
44554,0.85,20.81
17478,2.0,26.51
13966,1.63,29.46
40204,0.67,21.61
23815,1.27,23.14
36002,0.68,37.14
22962,0.59,4.63
6465,3.08,28.69
29412,3.38,19.06
35927,1.89,22.01
24171,2.79,12.37
21728,2.08,39.68
20291,2.58,94.74
14684,3.43,34.68
6533,0.37,28.47
37264,0.25,30.18
20753,1.07,
35218,2.07,17.0
662,1.06,12.1
23071,4.91,94.5
40360,2.22,12.39
9863,0.91,21.5
10367,1.61,16.3
37432,2.36,83.54
23916,2.56,7.72
43548,1.23,10.76
14132,0.87,18.31
12374,5.91,84.12
13907,8.48,66.29
42831,3.87,33.52
48843,3.59,11.07
25072,1.39,15.61
2213,1.17,21.93
5688,1.36,24.71
45764,1.17,7.94
8973,2.81,21.84
43062,1.52,11.61
6313,0.93,31.32
6363,1.59,27.62
45521,2.1,42.13
22353,0.57,23.19
15702,1.77,3.72
17451,1.47,42.41
48680,18.36,27.89
34381,1.64,57.69
10496,1.16,36.53
45837,1.92,18.99
19485,0.54,27.33
45954,4.33,9.27
44001,1.5,16.38
39930,0.98,28.58
39327,1.21,39.69
40580,0.75,20.59
49194,1.43,12.82
37804,2.28,25.76
13052,1.46,40.63
10321,1.04,
18063,2.03,27.81
31858,2.73,11.43
11680,2.18,24.98
43592,1.06,17.2
44545,1.1,39.38
17629,0.43,31.72
33939,0.46,26.65
45681,3.27,18.2
37394,0.6,15.84
28769,1.45,25.45
8839,1.21,18.22
1923,0.95,24.47
16702,1.11,26.12
24181,1.44,16.49
25941,0.53,34.2
20395,1.76,7.43
46356,1.98,77.58
18354,1.99,17.83
44439,1.1,16.88
10688,,35.0
13262,1.06,20.59
45305,3.46,15.26
22712,4.35,100.0
3774,1.65,
24099,5.78,100.0
2274,2.96,89.54
44343,1.82,12.38
1399,2.19,20.75
24279,1.26,19.81
34163,2.53,27.09
48784,3.41,15.67
13058,0.4,33.48
49799,1.78,
34158,4.55,28.97
37435,2.09,16.46
31926,3.21,68.59
49705,1.51,32.76
847,3.07,37.09
3074,1.78,28.38
9847,1.11,27.77
27864,1.51,
26891,2.1,25.67
42481,0.59,26.06
14533,1.96,9.67
13350,6.54,100.0
27525,4.93,
20637,4.27,72.83
40006,,7.11
45363,2.76,26.91
25796,,7.25
4456,3.69,19.77
41320,0.58,23.69
41379,3.95,79.64
30808,1.03,21.04
2268,,20.53
8207,,32.13
28240,3.36,23.24
38752,2.67,
37652,1.38,16.6
2066,1.33,28.21
41067,1.18,12.225
5287,1.95,80.74
1649,2.77,20.76
4802,1.08,25.27
19575,2.03,39.11
22247,16.62,12.7
46148,,15.99
2319,0.66,19.81
28149,1.95,28.65
31757,1.32,28.77
18133,2.03,19.38
29192,2.24,33.04
40190,3.4,13.31
41155,2.21,17.34
46149,2.4,19.12
31279,1.6,44.08
7049,1.27,-24.42
20128,0.92,22.5
41233,1.37,19.27
781,,18.51
13796,3.0,15.07
26467,2.21,18.34
49896,,92.62
34870,0.33,34.91
21196,0.98,26.58
18329,,24.72
36405,2.03,
1041,2.33,15.95
49795,1.43,91.71
31159,1.65,20.64
8468,0.48,17.45
32237,1.41,28.33
13367,1.78,21.86
37143,5.06,65.6
27656,1.57,16.49
2216,0.72,21.19
8746,1.48,17.01
36802,2.97,
7982,2.45,19.79
17045,1.51,12.1
41055,3.15,
42592,2.02,15.98
14535,0.27,17.71
35752,1.73,32.55
14050,1.0,9.83
49340,1.4,24.15
14670,,32.53
19120,1.54,14.68
22523,0.39,14.55
13877,1.4,10.05
36258,1.63,16.64
32721,2.97,30.94
8889,1.94,14.75
44765,0.91,9.35
22021,0.71,36.05
33656,1.05,49.43
20945,2.44,23.73
15666,1.25,
13040,0.8,18.19
40990,2.07,17.32
20483,1.42,24.87
28150,4.05,71.22
33276,1.69,12.5
22356,1.3,23.41
10963,1.88,29.84
8005,0.72,17.23
11830,0.56,17.5
15835,2.17,41.36
6920,1.15,13.7
46304,1.89,27.98
33906,2.96,17.78
45988,0.55,16.7
45799,0.68,7.04
30321,0.92,17.29
45461,3.58,12.25
7161,2.32,71.83
37102,0.31,23.42
4192,0.97,11.96
16526,2.2,28.53
23338,2.83,22.55
17323,,1.68
46584,2.07,33.23
28050,1.01,30.51
49074,0.42,10.69
40237,1.52,21.15
36750,5.26,81.42
2147,5.17,78.88
4559,1.01,11.67
36909,0.9,28.97
34417,1.14,22.1
8847,1.58,26.78
5227,2.69,30.31
47633,1.27,13.34
1052,1.75,25.77
17459,1.56,
42758,1.85,22.84
1215,2.18,23.56
22030,0.68,
19800,1.46,15.75
23225,1.02,11.54
15685,1.12,28.89
3354,3.41,35.35
41687,1.22,11.21
22630,2.59,19.96
38126,1.13,19.99
2248,1.98,9.67
31654,6.08,94.01
34351,2.07,28.28
5401,2.87,78.23
31730,1.79,13.6
26297,5.25,15.89
17479,2.11,17.07
16298,2.35,31.28
30971,3.75,9.23
34754,,22.21
35843,1.41,21.02
41541,1.69,18.85
6233,1.59,
39172,,35.29
19100,2.13,12.21
6201,1.25,28.73
17439,3.33,28.89
33943,2.06,15.26
38317,3.17,16.32
10144,2.66,31.14
16606,6.0,22.98
28908,2.33,27.21
35557,3.44,16.45
26779,1.21,22.05
2653,0.63,25.36
37130,0.62,36.07
41890,2.1,13.75
45680,3.48,82.8
15862,0.93,23.44
11049,2.02,19.13
31255,2.03,5.55
29903,1.09,13.45
24726,3.66,20.44
37719,3.63,26.13
24393,2.03,15.38
12504,1.12,21.57
42483,1.21,24.09
42655,1.69,25.0
1730,1.75,16.5
20659,0.35,24.19
34647,3.33,80.46
19471,1.9,37.14
24935,2.35,29.7
39325,3.89,26.37
4249,0.87,40.95
33840,0.52,15.56
4855,1.41,12.67
30026,0.99,16.91
3347,1.74,24.17
21038,0.77,26.01
20905,2.43,16.23
39371,5.32,89.4
38847,5.13,58.12
36494,7.43,74.61
4272,,15.28
1679,2.6,22.07
36658,4.62,75.92
20380,1.0,24.82
4744,1.92,29.7
33427,2.57,18.38
36228,2.33,21.11
38768,0.32,28.87
26946,1.92,25.02
284,1.56,22.76
41540,1.18,85.33
7359,0.8,35.18
14783,1.0,
38042,0.35,17.58
25884,3.6,17.53
27705,1.33,17.84
44269,,22.51
38210,2.0,10.28
24844,3.96,73.88
10659,1.4,23.68
9967,1.66,18.79
43317,0.44,20.64
11832,,28.87
6293,2.96,
35874,2.98,25.67
8655,1.58,33.5
20735,2.14,22.72
18861,0.25,19.54
13567,1.97,19.59
36454,1.04,21.92
49572,2.21,34.3
30821,1.16,20.83
19063,1.75,25.09
4200,2.98,16.97
29299,,14.76
39304,1.95,8.88
11041,4.82,79.95
30479,1.44,19.36
10860,2.64,9.75
30461,0.27,10.82
22249,1.23,17.97
22538,,15.2
46959,0.77,25.37
31796,2.23,28.06
27488,3.35,24.41
11790,1.95,29.21
27855,0.63,23.12
10459,2.84,73.36
879,2.61,11.32
2616,1.46,
26569,6.52,83.0
26081,0.81,
17006,2.35,36.79
19622,2.17,9.7
21396,1.24,28.0
41949,3.86,32.63
8993,0.73,10.76
49652,1.83,-12.5
21554,1.63,15.73
32078,1.03,18.21
23570,1.37,25.55
944,2.32,19.75
15569,1.22,4.03
6880,2.27,17.51
9956,2.5,6.94
39309,1.26,11.11
26669,,18.78
12817,0.84,16.37
26023,3.22,91.42
46056,2.08,27.29
9588,0.68,28.49
28413,,9.76
9924,0.93,26.63
14711,3.18,
35664,1.43,28.58
10766,0.78,8.39
8161,0.7,26.39
5579,1.54,21.94
23297,,37.29
48757,0.46,38.81
33628,0.57,
23937,0.56,31.67
47581,1.51,18.96
16843,1.94,18.2
13414,2.77,24.63
38139,2.27,24.23
49977,2.62,85.19
5785,1.08,8.35
13021,0.68,14.37
4061,2.72,25.54
27665,1.32,26.51
41608,2.77,
23090,5.33,-75.95
43720,5.73,89.39
5358,2.47,19.27
21612,2.53,20.08
21572,0.25,29.78
7351,0.84,13.96
17796,2.66,37.33
39782,,14.09
22696,0.81,20.38
30255,,21.79
6495,0.92,
15901,3.42,20.94
15703,0.24,
42055,0.88,27.53
48589,1.2,32.16
21846,0.8,31.3
37412,0.47,32.75
36847,2.28,18.84
35981,1.27,
24389,2.47,5.16
30996,2.26,15.53
34942,2.48,8.88
33807,0.97,23.88
28269,0.86,9.88
12833,,35.02
18069,1.15,21.53
834,2.82,20.82
26000,2.37,13.05
17228,2.78,26.13
17370,1.44,20.08
11712,0.62,26.22
4803,9.24,25.82
10880,1.21,12.45
31647,3.58,24.54
28292,1.14,41.71
8561,1.23,1.19
33710,2.21,32.59
22486,0.67,31.19
37774,0.87,13.83
1694,0.78,22.26
3513,0.66,19.28
20559,0.06,22.64
37636,0.78,18.33
35347,1.19,16.72
17768,0.4,33.54
39726,2.24,10.31
19921,1.09,17.53
26259,2.41,19.82
17021,1.09,8.04
49600,0.33,
4057,2.71,31.71
44193,,15.83
42257,0.48,31.72
18566,1.94,6.14
28988,2.53,28.66
40821,1.47,16.96
23250,0.83,17.5
36845,2.35,29.61
13575,1.21,20.19
13546,1.58,21.06
16811,2.26,19.55
30280,0.97,28.71
13637,5.83,11.41
4636,2.22,5.87
19226,1.51,13.95
13474,1.78,17.83
44648,0.63,
24136,0.67,17.37
38603,1.11,19.0
24654,,19.8
44811,1.21,27.25
29986,2.1,82.2
16153,4.76,72.69
41152,0.9,18.87
25152,2.02,20.78
10645,1.94,18.65
18309,2.41,31.37
37485,1.72,3.12
9666,1.77,
4106,2.25,22.04
33914,1.15,23.59
6863,1.0,36.45
13910,2.91,22.0
27134,3.74,32.37
22665,3.47,24.0
18055,2.96,27.68
24040,0.49,17.13
22936,0.89,35.75
47190,0.74,30.77
42220,1.56,35.07
27944,2.58,16.33
22802,0.37,21.08
49405,0.72,21.11
30963,1.64,22.74
45936,2.02,20.7
45924,1.62,9.19
43411,2.02,8.09
7418,1.34,24.27
3025,2.17,14.13
25739,1.17,25.71
19080,1.17,29.3
9029,0.9,
1190,0.82,15.03
7195,1.36,21.48
29600,2.11,22.41
18268,0.52,26.87
38075,0.98,
21632,1.74,17.02
18763,2.38,30.88
19958,2.81,88.8
13060,1.42,10.94
38396,2.11,5.59
49449,2.75,37.65
28158,1.0,23.87
47487,2.09,20.39
49773,0.59,31.91
20512,0.34,21.49
8431,4.17,66.69
23590,1.57,13.49
33501,8.63,88.95
23291,2.14,35.93
40585,0.83,5.96
29517,2.43,24.51
18308,1.45,34.11
32871,,
8356,0.95,14.18
29682,0.39,32.05
5816,0.16,20.19
8955,1.19,7.58
48495,0.73,25.41
18793,6.3,94.46
16555,3.15,30.46
40517,1.82,26.49
17241,0.43,27.67
6370,2.9,15.47
39847,2.75,15.37
6112,0.67,30.74
24928,2.38,25.28
12705,0.85,28.61
13364,0.67,62.275
45167,1.25,36.13
18794,4.64,94.91
747,0.83,
32725,0.44,35.45
21080,1.22,26.54
10428,1.94,33.78
5075,1.74,27.52
3336,1.11,19.9
520,1.92,29.94
30234,1.73,30.93
4060,1.04,4.82
25822,1.46,46.17
43106,0.42,27.34
23126,2.54,23.29
39272,1.58,27.34
36063,4.03,24.84
29072,1.05,14.24
14824,2.05,21.37
40268,0.72,2.94
44668,0.25,17.79
35897,,12.53
17510,0.57,15.56
33206,1.26,28.85
18369,1.81,17.59
3757,1.16,22.33
1528,,15.12
49760,,19.25
7372,1.5,37.61
2150,1.34,26.21
11221,2.17,27.18
44493,3.15,18.51
41174,1.74,32.46
38235,2.82,25.53
1304,1.89,22.13
47150,3.56,9.83
37494,0.25,32.8
30286,2.49,23.31
29416,4.4,98.89
17223,2.18,29.97
24055,2.28,18.47
39914,1.25,
40887,0.35,29.73
32108,0.65,28.78
24062,0.44,20.46
15509,1.19,17.33
17113,0.56,3.47
18307,,24.11
36885,0.39,15.56
25438,1.65,
49900,2.88,19.15
41429,0.95,-28.42
6810,1.22,14.06
42018,2.1,22.73
42269,3.57,75.23
40010,1.32,18.53
43531,2.45,
17534,1.32,19.55
7219,1.98,30.32
45405,1.01,27.02
44374,2.24,71.36
7586,2.13,21.2
40303,1.63,23.7
41350,1.6,29.63
415,0.75,19.12
47153,2.58,20.35
48584,1.14,17.83
29647,1.49,14.81
49876,2.61,1.91
22113,3.08,59.5
36436,1.54,21.15
1023,0.82,18.13
34808,1.14,26.19
12588,1.19,17.42
24212,0.67,0.0
4980,2.61,17.76
19251,3.31,232.65
25155,3.12,69.81
43277,1.95,30.89
43636,1.75,17.33
33132,0.99,28.51
22066,0.62,35.82
37930,2.2,35.16
38933,1.15,22.79
19776,1.47,
36722,1.07,19.87
37808,0.62,24.67
47826,0.66,12.86
43918,1.03,27.39
21361,1.36,20.77
35057,,24.79
32627,2.33,14.92
28964,2.59,23.08
16878,3.0,
13987,2.09,25.96
11831,1.26,7.08
39817,1.44,24.38
31444,1.36,24.49
14642,1.08,23.69
7733,1.57,13.81
32139,0.9,24.13
38504,0.91,32.69
7249,2.12,27.2
35015,1.83,21.69
47963,1.84,24.64
7845,1.4,17.6
44865,0.42,23.8
23960,0.42,28.52
25851,1.25,17.67
47251,0.39,39.45
44020,0.83,23.96
20995,2.16,
11324,1.05,20.42
41192,1.19,12.89
43783,2.27,5.76
40072,2.71,43.71
29542,0.46,17.66
29280,3.35,72.54
12562,2.25,67.9
25976,2.36,20.425
46174,1.03,81.92
19199,2.56,26.13
26430,3.36,27.13
43235,0.89,29.98
10646,1.55,18.22
12187,5.11,85.25
25135,5.14,80.12
1529,0.7,15.44
24216,4.73,92.42
45600,6.06,89.13
33019,1.74,24.69
23860,3.3,25.31
24070,1.76,60.925000000000004
37885,1.62,
7859,1.83,15.48
12532,1.62,15.93
26805,0.4,33.16
20488,0.98,25.44
43718,0.29,
16494,1.11,25.08
2040,2.53,22.82
19582,0.76,24.63
38131,1.46,35.36
27762,1.39,17.29
3738,0.17,21.74
220,0.52,9.56
6914,1.16,27.02
38881,2.31,29.61
15106,0.72,30.2
48604,2.58,27.8
12480,0.8,18.56
727,1.38,18.36
39649,2.1,25.41
40174,5.93,75.95
4413,3.3,80.48
19656,0.93,37.59
9232,1.29,27.54
12945,0.53,25.41
883,1.22,36.41
14977,0.73,32.96
49216,1.54,15.25
30029,1.01,27.06
30005,1.72,
5955,1.59,12.67
6938,1.15,0.0
7871,2.72,28.25
7397,,22.51
39253,0.81,24.02
5656,3.53,19.8
34137,0.99,20.37
18762,0.76,25.07
7306,1.7,27.72
38908,1.32,27.56
9272,1.53,21.46
11974,,43.8
40181,0.44,13.99
32105,12.66,23.73
29154,8.28,25.02
40379,2.82,25.14
8651,2.0,16.62
8370,1.26,24.39
49825,3.38,95.53
47384,1.24,28.42
48160,0.32,20.72
45879,1.3,27.4
823,3.15,20.91
2580,2.42,4.39
31801,2.02,19.23
5131,2.17,23.95
24390,0.97,34.61
43119,1.32,14.02
31,0.89,32.97
28450,2.29,
38099,0.62,24.42
40397,2.07,31.92
9767,3.66,22.93
34623,3.17,18.94
16972,2.52,28.12
13211,2.65,15.52
29401,2.21,23.87
16824,1.91,14.79
28921,1.69,24.93
15109,2.25,21.84
4230,2.03,31.62
23775,1.46,23.56
24510,0.89,28.56
43641,2.6,16.98
15482,1.27,10.13
25843,4.55,74.38
25137,0.69,32.29
182,1.91,20.87
22845,0.72,28.58
28868,2.26,39.74
34931,4.92,17.41
39037,1.85,8.35
20878,1.23,29.2
4348,0.53,21.48
38874,0.55,19.54
37466,3.64,27.68
17685,2.12,38.43
15676,1.48,20.79
20719,2.6,29.88
18927,0.64,14.58
27033,0.23,11.86
23152,1.7,
40492,0.8,17.02
27986,2.19,33.66
30811,1.41,13.11
1855,0.64,29.7
40680,1.91,33.95
47915,0.76,13.56
46953,1.86,25.15
13781,1.45,24.8
7142,0.27,28.3
49939,1.41,12.48
14519,0.94,23.17
13089,2.66,7.19
48339,2.29,28.59
14324,2.07,29.49
37843,3.88,32.27
35802,2.2,11.23
8879,0.2,32.51
12021,1.01,12.03
15330,0.53,29.8
1385,1.46,17.01
12138,2.47,38.71
36611,2.47,24.57
8826,0.98,10.33
29108,7.6,80.12
8817,2.41,21.58
10578,1.36,16.14
38111,4.61,18.04
15928,2.36,19.35
45599,0.99,12.75
24137,2.69,32.36
18175,2.52,25.66
13629,1.59,15.75
17151,0.67,10.78
23383,1.78,
26800,,14.05
827,3.01,28.44
37198,5.12,11.7
21608,0.95,15.88
39324,1.18,12.26
38286,0.27,20.92
18264,1.22,
4070,0.76,30.65
29284,0.37,
7321,2.48,20.21
35035,1.45,11.92
4770,1.38,17.43
35190,1.71,4.89
2620,1.67,24.01
45368,0.84,14.41
3781,0.81,30.96
26680,6.76,80.74
31852,0.62,24.88
29055,4.05,27.53
17503,0.67,17.41
49192,1.15,24.55
20808,1.8,17.66
22448,0.92,10.71
46221,3.76,
4040,,13.87
20284,1.42,9.0
41385,0.82,
11410,2.34,36.51
21337,,18.13
33603,1.9,30.45
9287,0.69,24.27
38116,3.54,24.11
16308,1.72,15.86
13780,1.89,0.77
45505,3.49,22.64
37928,4.0,86.29
3412,1.03,33.5
9845,1.3,
43237,1.09,22.58
46151,2.85,12.92
45703,0.76,31.94
3249,1.12,20.96
41257,1.69,27.65
25466,0.92,23.91
26371,3.53,30.33
12780,1.78,18.76
15231,2.07,36.08
5527,3.66,13.43
43466,2.28,
10380,1.06,28.19
44902,1.13,32.54
22322,2.78,27.88
39359,0.53,27.91
7941,4.03,17.79
21405,2.18,9.54
39851,4.18,76.29
24122,1.24,24.29
30845,1.66,21.71
46899,0.79,23.82
26083,0.74,22.48
15744,1.04,25.77
4981,1.77,27.52
6865,2.14,17.44
12839,2.21,12.13
16356,1.08,
12406,2.34,34.02
20699,1.49,
32754,3.38,22.8
33542,3.77,90.57
25291,1.66,8.98
16427,2.85,17.04
2958,2.0,14.92
14186,6.46,81.26
34819,0.34,16.2
7246,0.44,11.25
44234,0.87,27.02
38514,0.83,16.69
11700,1.59,39.11
40939,1.58,26.75
23948,0.88,12.21
7976,4.26,65.47
7308,1.17,15.98
47491,1.86,14.61
11597,1.41,
10264,1.02,33.07
25321,1.7,36.47
26566,6.66,83.44
18143,3.08,
44624,2.93,82.0
35025,2.72,30.5
14303,2.75,24.34
28114,1.58,17.88
5846,,9.16
34716,1.94,11.5
26981,1.17,33.46
30115,2.26,33.68
47189,2.51,14.03
45184,2.25,22.72
46949,0.98,21.94
9547,2.23,20.62
42495,0.8,26.67
41836,1.39,29.66
47507,2.52,27.42
25587,,14.79
32089,1.84,29.95
36853,1.82,13.7
29925,2.75,72.83
39249,,7.44
9631,2.27,22.31
39295,0.8,8.62
3608,3.65,17.59
24927,1.41,17.99
38873,2.9,24.6
2681,1.34,36.73
7985,1.3,33.24
13724,0.78,39.6
13102,1.26,34.37
13916,,13.03
11539,4.74,26.03
28036,0.63,24.71
22967,3.38,73.41
1106,1.36,
14236,2.88,20.37
36451,1.82,30.46
44287,1.25,47.64
47532,0.81,9.34
41887,0.76,26.34
18689,0.86,2.6
19460,,22.43
17067,1.94,19.26
43446,1.23,27.42
28053,1.62,14.11
32758,1.86,22.01
47416,1.3,23.41
36692,3.17,22.71
41418,3.46,30.22
25521,3.84,77.87
13585,2.41,10.15
45537,3.18,30.09
11272,2.26,18.23
13533,1.26,13.45
12904,0.52,34.73
927,1.13,26.3
30870,2.78,20.39
43104,2.57,22.58
26953,1.02,15.02
44487,1.11,
311,3.5,17.71
25727,2.81,21.13
33275,0.32,21.56
22853,0.66,
25874,1.55,14.08
551,1.2,19.1
38435,2.86,22.86
43365,2.16,0.0
6336,0.91,22.68
35796,1.16,64.025
36266,0.47,19.98
32752,0.5,
35354,4.3,21.45
39917,3.31,84.92
636,0.25,24.02
156,2.75,23.88
30677,3.55,74.12
14948,0.25,19.19
42824,2.32,8.86
44182,1.33,11.88
8632,1.47,16.31
19528,0.84,22.82
4605,3.83,20.0
44570,1.27,30.41
14881,1.95,20.89
11839,2.45,14.26
27964,0.97,14.15
17641,3.22,27.88
1310,0.7,33.58
10488,2.96,28.2
2485,2.94,15.84
49593,6.41,79.28
19432,1.55,22.48
3190,1.37,21.06
10972,11.52,76.89
47136,1.04,7.98
49431,0.88,26.18
49642,1.49,29.76
10811,0.56,28.51
19814,,87.04
43950,1.99,29.47
28755,0.86,12.8
10421,4.53,76.85
43632,0.68,13.48
44388,3.75,8.8
20876,1.98,19.23
12911,7.76,69.83
49843,21.0,83.88
11561,1.93,32.22
31297,0.63,25.71
39922,0.63,26.32
8484,2.7,18.52
24170,1.17,18.35
20683,1.32,22.71
28291,1.12,16.95
42226,1.04,28.68
2722,5.92,95.79
24525,1.84,32.37
2436,4.6,19.21
25312,0.67,22.69
35937,1.24,16.34
32229,0.61,30.97
8262,0.73,17.66
36327,1.25,17.43
25923,2.68,23.54
46120,8.54,73.59
41564,0.62,22.26
18912,0.99,23.14
30553,2.34,0.0
20311,1.27,21.63
15629,,80.76
29206,1.48,17.66
9970,1.26,25.41
22197,3.88,71.53
23650,1.85,15.65
26164,0.5,19.24
31473,1.24,16.18
20799,1.53,23.72
18903,3.01,25.92
6599,0.63,23.13
5868,6.36,71.46
43304,0.99,20.87
45690,1.27,
8754,0.61,31.9
23823,1.78,19.44
12405,1.81,21.49
44260,1.31,29.81
11684,,10.87
9750,1.58,15.26
48531,0.85,27.67
38996,3.87,16.29
40068,0.32,10.0
29162,0.72,23.72
41779,0.56,28.51
9605,1.29,25.17
169,1.05,20.8
25170,,19.89
10820,0.75,25.71
45051,5.52,79.61
23077,0.51,29.51
46248,3.38,11.62
6924,1.92,17.05
46862,3.77,79.16
37012,1.29,85.1
45902,0.76,29.51
9516,4.61,85.79
21857,1.48,27.75
24380,0.83,7.94
45541,2.53,18.91
46999,1.12,15.63
40783,1.6,36.38
48085,0.48,34.52
5216,1.94,17.54
49271,8.040000000000001,26.68
34727,1.09,35.45
34777,0.68,30.15
14852,0.44,22.12
44347,4.42,94.62
24237,,32.01
42061,4.46,30.34
32151,3.35,14.99
12612,1.94,29.01
46183,5.56,
751,2.01,9.68
17626,1.7,35.51
737,1.02,14.0
31289,1.34,5.68
1333,1.73,16.05
22504,5.09,23.3
44611,7.74,16.34
42086,1.04,33.89
6456,,25.74
31200,1.59,14.24
34218,,10.08
41383,2.1,15.7
38638,1.73,8.66
32629,0.83,21.01
24752,3.02,
16488,4.91,
28704,2.72,24.8
19696,2.43,30.7
14108,1.73,28.08
6047,2.09,19.87
45629,1.26,8.99
28557,1.57,18.62
46632,0.54,16.87
25593,0.91,26.27
17520,1.22,9.85
45119,,12.57
41474,2.17,12.8
25623,1.96,9.78
47901,1.25,15.55
29153,1.33,24.35
48015,1.11,5.29
49087,6.29,100.0
34771,1.79,13.45
18351,1.21,
16155,18.96,72.12
27785,1.66,21.86
7537,10.03,-66.3
19712,2.35,13.04
42876,2.13,36.55
45523,1.05,10.45
7380,1.34,23.66
13944,0.99,29.07
9530,0.55,17.04
21074,0.42,35.07
37522,1.4,24.74
39798,6.42,13.18
4218,1.2,23.33
19281,1.09,16.51
49327,1.61,16.82
7994,3.39,73.9
48900,1.7,12.56
20359,2.02,8.95
14536,3.99,24.96
31102,2.43,17.54
19418,3.81,27.43
14898,0.5,3.22
18129,0.45,
33739,1.88,
38621,1.11,23.5
38971,2.32,21.8
20108,8.65,73.24
46016,1.41,29.66
13036,1.41,19.28
8371,1.08,21.04
7363,1.12,9.8
28817,1.8,10.93
18825,0.42,23.43
44164,2.38,34.49
13554,6.94,79.5
28792,2.44,8.86
45555,5.61,84.45
20451,0.72,13.57
30270,2.49,20.61
43190,1.44,16.48
48415,5.41,100.0
28171,3.1,24.03
37418,5.22,18.83
44122,1.98,22.37
10305,0.73,17.02
46618,0.35,7.73
40310,1.21,20.97
17348,0.98,35.78
6980,0.73,15.86
3661,2.01,20.71
30776,1.54,31.99
34235,0.91,28.02
40532,2.26,31.18
3806,0.94,20.81
32616,1.33,20.57
27327,1.62,20.62
27297,1.16,10.43
45570,2.44,28.05
37506,1.51,11.36
29548,1.77,17.82
43026,2.29,41.16
32970,0.5,8.68
39010,4.0,87.04
17474,1.04,9.98
39859,4.51,24.87
42362,4.68,71.96
1044,0.69,30.3
15707,1.19,13.2
33761,19.080000000000002,96.06
11590,0.53,22.16
20508,,24.49
43028,6.25,83.38
37750,0.8,20.01
18038,0.94,21.17
16111,0.95,27.99
21671,1.77,25.63
19375,2.55,19.48
7165,2.28,25.52
35919,1.63,18.24
32955,0.43,25.71
48721,2.7,40.23
27136,2.36,18.82
17489,0.22,16.01
8578,2.0999999999999996,34.91
25736,1.2,22.98
43807,2.2,18.44
27306,1.24,21.13
20186,,19.54
23418,1.26,36.83
10423,1.74,18.22
28415,2.96,81.99
23280,1.29,25.9
22408,2.23,17.14
33127,1.45,21.9
5905,0.69,18.8
43776,1.25,28.29
17013,1.91,18.22
17809,0.87,30.9
47383,0.89,13.8
32231,1.57,31.24
9629,2.33,32.34
47776,1.9,22.79
14847,1.73,22.47
9861,1.26,36.13
31232,0.28,14.64
23376,4.22,94.42
6238,1.83,17.17
35949,0.6,24.12
20707,0.3,28.29
9396,0.64,6.14
39193,1.79,24.77
24605,1.15,16.94
30982,1.27,23.36
7350,,24.44
38397,1.82,18.74
62,1.5,13.49
10663,,27.17
49550,1.24,32.33
24238,5.62,69.95
44634,0.91,16.81
46613,0.69,28.94
33075,0.89,24.06
32159,1.24,16.79
46989,1.12,
1451,2.77,25.55
38100,1.81,20.87
15224,1.21,35.34
13500,1.57,11.56
46355,2.46,24.32
37708,2.67,10.71
46656,1.24,26.81
23508,1.27,20.37
37656,2.73,
5680,1.01,7.56
47576,1.48,28.44
18864,1.6,24.54
29425,2.27,32.81
37058,1.61,9.1
37319,0.41,23.62
1583,0.53,22.05
29770,1.08,17.37
45638,,31.46
15643,2.37,20.96
41049,2.17,28.81
21738,1.96,26.03
1991,2.08,10.6
25671,0.95,21.36
1198,2.26,27.99
6886,2.54,25.64
31708,0.77,0.41
32350,1.75,19.59
37762,0.66,15.76
37195,1.6,
16168,0.76,26.88
9514,0.45,21.87
27144,1.26,22.27
5103,4.89,82.87
37704,1.47,28.19
40971,1.16,20.24
11250,0.91,26.19
43065,3.0,24.54
3177,1.46,29.66
8573,1.96,29.14
5624,1.04,22.18
46018,1.46,83.99
31578,10.49,84.68
46627,3.79,65.4
28609,1.07,83.72
22198,0.67,32.03
21801,1.46,19.47
18202,3.28,97.02
25520,4.8,14.06
34738,1.4,21.84
874,0.67,13.94
3844,1.64,11.26
36323,0.33,31.54
25015,1.27,15.42
46503,0.65,14.83
37831,3.86,69.76
34411,3.09,28.31
36970,1.31,27.01
45306,0.36,12.05
14101,0.53,28.74
41075,1.01,7.82
41427,2.09,8.16
15772,0.56,23.03
44102,0.86,18.37
23142,1.88,21.48
47972,2.26,15.41
934,1.34,25.31
7014,2.15,38.53
3593,1.44,17.49
44259,2.04,40.7
37023,0.08,29.61
39882,1.42,
43732,0.74,34.3
38432,1.19,30.26
13157,4.58,89.06
40661,0.56,15.31
10557,6.59,85.93
33857,,32.29
45072,1.57,30.05
12135,1.67,
976,2.2,20.93
26434,0.43,8.78
9250,0.91,19.96
30783,4.24,75.83
39634,2.04,30.9
40787,1.84,26.12
13190,,13.16
42958,6.2,96.1
7648,2.54,99.57
2315,1.42,17.54
21847,3.14,32.6
7666,1.31,15.89
1327,2.11,26.62
42849,0.79,21.8
33228,,29.69
26389,0.9,21.4
24301,0.91,19.6
3797,0.98,33.86
45613,4.81,24.96
26051,1.07,37.68
49711,0.95,18.79
8708,1.14,20.0
34468,6.09,91.94
18361,2.39,30.98
41187,1.97,25.77
16369,2.58,25.96
34108,2.01,17.19
12407,2.55,16.52
16856,0.2,23.54
22756,0.73,24.44
20182,2.32,29.09
28343,2.13,8.95
42509,4.25,36.42
43053,2.04,21.93
37406,1.18,20.23
3927,2.19,28.03
373,2.23,13.16
31213,,34.05
43449,0.62,5.55
31204,0.92,14.25
6439,1.06,35.24
49043,1.89,27.56
38388,2.61,27.86
3559,2.04,7.07
35770,,23.42
9800,0.92,24.14
39342,3.28,15.9
39909,6.48,95.09
17488,1.91,14.94
40335,2.17,30.21
49065,1.01,14.2
16183,1.16,31.86
1273,0.28,31.71
32746,0.75,31.19
23575,3.45,28.46
29405,0.68,-21.73
14337,1.01,23.29
48003,3.95,80.8
36254,2.57,17.8
37446,2.69,11.35
30424,0.39,11.88
36608,2.96,15.86
39013,0.31,23.01
15849,1.62,22.83
18768,1.75,29.34
13849,1.4,21.47
48588,1.38,21.06
32381,2.25,22.35
15248,3.46,14.18
15193,1.38,26.99
5805,0.96,12.11
9226,0.6,23.94
1484,2.65,12.42
43744,1.9,17.96
6993,2.16,6.28
26127,0.73,22.61
34070,1.23,6.95
17453,1.2,18.31
34287,1.71,22.08
20092,0.47,20.69
26148,0.44,17.95
37154,3.27,8.13
49294,1.2,14.83
48141,0.91,16.83
2896,0.34,21.35
38938,2.92,22.71
23194,2.05,26.71
16845,2.08,38.74
42229,1.61,14.4
41596,1.5,11.45
35490,1.73,18.03
45820,3.24,27.09
12743,5.54,81.81
49931,1.64,11.86
32766,0.76,14.64
32293,0.88,30.83
8833,1.08,16.43
43739,1.22,26.17
9524,1.45,15.96
7036,1.52,25.14
11775,4.44,80.62
42508,2.14,21.35
33854,2.99,84.94
34963,2.02,24.87
30445,2.55,8.26
45517,0.53,22.16
44407,0.91,37.94
49252,0.86,31.92
35459,1.07,26.83
23036,2.33,22.08
11330,2.34,31.21
24451,1.43,3.37
92,1.83,26.06
28375,2.59,76.08
24313,1.98,26.61
11471,3.74,82.86
15857,1.59,21.38
21168,1.07,21.08
14946,1.76,28.54
3257,2.55,20.58
25726,1.28,
4994,1.83,6.73
5420,0.87,13.91
11380,1.41,23.59
17579,0.86,29.33
30302,2.52,12.32
9867,5.12,210.325
31023,2.15,
37865,2.93,13.79
17301,1.47,23.65
11113,3.08,21.49
17773,0.99,16.78
16643,2.02,27.26
2037,2.49,11.86
12874,3.89,23.14
2125,2.96,30.34
13462,0.83,30.4
45006,0.63,11.59
23657,0.5,30.82
19901,2.78,13.51
43986,1.07,19.0
752,17.1,21.42
25891,1.19,19.2
23253,0.59,21.63
39621,0.87,23.49
20726,3.19,7.92
2534,3.98,63.89
16470,0.78,17.83
40432,1.92,18.82
10366,2.35,29.3
39839,1.61,21.89
43196,2.6,9.78
36369,13.379999999999999,39.9
43957,4.13,37.98
3800,,18.44
47019,1.16,21.42
38606,1.33,17.53
34666,2.6,
33321,1.76,22.39
27817,1.67,21.59
49772,1.33,18.85
35735,0.88,26.86
108,2.49,4.95
27360,5.26,83.02
42030,1.35,16.3
13640,1.53,18.69
23600,1.64,11.87
17278,1.36,17.56
26558,1.33,17.72
42035,,28.78
32716,2.18,16.53
40236,1.42,28.62
42888,0.87,22.73
16133,1.82,15.08
44927,0.9,19.41
22137,0.48,23.52
24703,2.3,14.52
31483,1.86,12.21
14072,2.8,46.78
17293,4.56,84.39
28136,0.46,35.42
38918,1.53,27.5
21372,0.47,17.77
46852,1.03,15.22
26496,1.38,16.72
31180,0.43,19.67
5233,1.43,33.46
289,1.99,32.65
48108,1.98,15.95
1807,3.63,
8102,2.07,21.14
37669,2.37,24.88
12530,0.98,11.2
39071,1.81,22.8
1651,1.74,26.17
43729,2.89,19.11
12511,2.51,
6177,2.88,23.49
22644,1.17,19.78
22095,0.32,
32765,,21.19
21577,1.63,36.73
36132,,20.05
3068,1.0,15.65
44954,3.27,30.18
15549,2.55,6.8
45495,1.6,18.22
10442,3.66,81.51
41728,1.67,11.83
18413,2.08,18.52
29174,0.95,5.57
8677,4.26,75.93
21064,5.48,-85.59
14495,2.11,23.97
1875,1.34,12.51
8536,0.72,26.78
24915,2.23,15.26
11569,2.9,9.56
44053,1.69,
34932,4.6,29.77
49029,1.54,27.53
31738,0.9,28.08
25690,1.47,21.55
38749,1.94,16.56
40445,2.02,25.7
3686,2.41,19.54
16834,1.05,12.85
20247,3.43,24.37
37706,2.22,79.15
18427,2.08,15.68
45908,2.09,24.94
31648,0.9,32.68
18713,1.14,4.01
6827,4.2,79.95
40604,4.0,15.14
13338,5.52,79.09
15150,1.26,19.59
23137,1.9,37.15
16639,0.9,24.42
10455,2.74,22.18
46152,0.13,21.72
37504,1.91,16.69
20592,1.17,15.48
5637,,25.06
35225,1.03,31.53
21356,4.15,21.31
10965,1.84,26.78
11479,0.66,12.64
34273,1.4,23.04
980,0.7,16.12
28026,3.47,
41073,1.62,94.37
27943,2.45,74.61
37694,2.87,18.18
31028,26.28,37.0
48812,1.18,26.9
38182,1.86,32.77
7829,0.33,21.0
29456,2.2,14.36
48358,1.12,24.7
46709,0.82,33.71
6541,1.96,26.79
6169,1.8,19.83
43650,0.48,18.34
47802,1.1,28.36
31620,1.44,31.43
3374,1.4,17.86
26973,6.12,22.15
27534,1.17,12.66
12738,2.6,14.45
715,,11.49
114,1.2,21.43
19602,1.23,26.84
30470,3.58,29.91
12791,1.57,23.54
18267,1.87,17.23
28491,0.33,31.99
12861,8.94,15.22
37393,0.58,28.43
29998,6.18,81.58
24457,0.98,34.01
29718,1.56,66.94
22748,,26.67
35002,1.31,15.45
11887,1.6,30.3
34489,0.39,32.73
22325,0.4,13.27
22905,1.72,17.13
26497,1.2,15.03
30892,0.69,14.33
35070,0.37,15.44
36079,1.55,38.18
40183,1.89,19.83
16601,1.44,19.39
35102,2.83,27.09
23238,2.21,18.48
24134,1.09,13.59
13679,1.35,34.1
39837,1.84,29.04
17559,1.8,29.78
12908,5.48,84.2
44814,1.05,13.92
22047,2.83,
33305,1.62,14.35
14740,1.0,27.9
25541,4.22,30.26
44800,0.91,28.38
30092,1.8,29.55
25536,1.92,20.57
10616,5.94,71.73
26702,1.06,
40542,0.82,20.81
16229,2.97,30.26
29800,12.66,-26.54
46712,3.04,15.8
48078,2.12,5.94
14931,0.84,17.96
23646,2.08,19.96
45116,1.3,76.51
6082,1.65,27.98
32997,1.72,10.99
39264,2.13,21.98
29294,3.62,34.82
49060,0.43,22.51
44085,1.65,28.35
5372,1.42,22.62
18808,1.31,29.35
20751,1.83,32.57
27657,1.89,22.68
47540,1.72,23.73
5714,2.26,27.31
20266,2.2,17.71
25453,3.38,28.43
27019,1.79,32.99
39207,3.33,-69.69
27246,2.4,18.43
46544,1.67,37.35
42963,1.15,34.45
1340,2.58,16.74
15955,1.62,9.74
434,1.32,21.88
12320,1.48,22.7
6721,1.46,28.36
32498,0.33,18.53
1766,1.18,26.59
25044,0.75,14.97
27955,5.18,83.84
12695,2.09,11.84
43937,1.76,19.6
25568,0.91,6.66
8618,2.4,
48022,12.84,12.29
49047,1.37,32.18
28514,1.04,12.25
38748,2.81,15.0
23907,1.36,32.65
46616,5.76,72.74
49581,2.64,17.41
14425,1.52,33.5
16316,0.29,15.23
11542,0.32,13.87
28478,2.78,12.62
33224,0.89,21.01
18144,0.36,30.86
17907,5.26,75.91
37171,0.49,16.6
43745,1.38,24.56
26924,0.86,
5516,0.81,22.3
36933,3.11,
43080,2.7,24.18
46268,7.62,85.8
28086,1.35,17.0
16976,0.83,21.73
8333,2.76,23.26
31936,1.96,24.4
12041,2.03,27.38
36123,0.75,18.05
316,0.89,27.47
45585,0.73,25.47
16389,1.78,20.43
9333,1.62,23.23
15468,1.3,22.91
24698,1.37,36.74
7773,0.45,25.95
10988,0.56,37.05
23866,1.4,13.11
46278,4.04,86.61
45211,4.07,95.85
40790,0.21,22.17
48403,0.77,32.71
35715,1.26,25.24
5231,1.91,8.92
45454,3.27,31.34
47708,2.94,21.99
42914,1.57,26.7
46939,1.15,24.53
19811,1.43,14.48
11148,1.65,23.84
27970,1.34,15.39
13109,1.75,71.77
25414,1.37,21.5
6294,2.07,24.67
15047,0.58,24.21
22422,1.53,17.36
44510,0.53,15.22
30981,0.86,16.65
45665,1.49,8.57
40403,0.61,6.37
16216,2.35,22.49
7424,2.47,16.32
21415,2.35,22.19
6255,2.31,38.1
7348,3.74,23.68
20807,0.46,
13230,0.73,18.61
2682,3.49,76.44
4251,6.21,79.37
36314,2.69,13.1
2400,1.44,15.48
18963,1.19,30.35
40114,0.68,24.2
48591,5.35,97.92
14414,1.86,14.36
23572,1.47,36.44
26420,0.9,
12244,1.15,21.22
46909,2.09,35.4
39931,2.96,17.49
9463,2.14,19.07
19265,1.86,21.62
41970,1.02,
1751,2.41,30.14
18955,0.47,24.62
15136,1.07,24.24
45645,2.71,11.8
27915,0.54,30.61
34376,2.19,12.53
11833,2.45,
14281,1.8,22.45
10169,0.86,
4181,0.67,26.59
6034,1.94,20.35
8150,1.91,21.15
17450,2.64,27.56
3237,2.98,20.78
18740,1.17,22.05
20837,0.75,8.62
45635,1.13,22.83
21545,3.52,24.0
4225,1.6,6.22
25452,1.77,12.69
28618,0.65,20.13
45180,0.98,8.1
7297,1.78,21.11
48432,1.7,23.55
29243,2.4,31.22
10850,0.63,84.57499999999999
32676,1.48,17.61
34224,2.46,24.26
29563,2.15,25.01
4783,1.09,15.83
20667,2.31,24.3
44840,2.36,25.03
21710,1.3,15.06
41409,2.37,23.37
6452,0.29,36.21
36224,0.74,32.09
8941,3.1,20.6
45880,,7.25
38150,5.75,83.11
34493,,18.17
14124,1.17,22.94
25489,0.45,30.8
32244,,0.38
22683,0.58,25.36
18750,2.22,13.76
28309,1.72,10.71
18160,0.9,10.54
44897,4.73,
43869,1.11,22.54
35667,1.69,17.4
14373,1.56,47.36
46754,1.33,
14780,2.13,26.3
39369,16.200000000000003,31.41
7012,2.01,22.43
3152,5.05,27.89
28636,1.39,26.25
37190,1.92,
27338,2.52,13.06
29336,5.29,74.38
15034,1.16,17.03
38509,2.37,21.3
8218,1.66,25.66
14671,2.74,10.57
38220,0.45,30.1
9372,0.26,20.98
23361,2.1,19.88
30644,2.03,26.83
27712,4.19,35.42
29700,0.41,18.11
849,3.41,19.1
27851,1.93,32.35
28495,3.02,21.39
159,0.52,11.38
16213,5.3,37.14
14623,2.73,22.95
18066,13.200000000000001,14.45
24554,1.81,77.78
33290,1.42,35.31
46124,6.84,36.14
35971,,26.48
39302,0.57,33.01
19266,1.99,21.73
48443,6.26,27.27
41722,0.69,14.65
24278,0.98,16.74
41880,1.54,19.26
2661,0.68,34.79
48238,2.95,51.37
43172,0.39,12.47
14359,1.11,17.43
2777,0.73,18.27
30145,0.81,
46147,0.44,22.19
24901,0.4,33.36
28936,0.79,24.02
32572,1.49,28.08
33126,2.16,25.88
48706,1.04,15.42
34129,2.35,87.08
4716,0.43,15.52
1476,,7.22
3081,2.67,11.47
4263,0.49,25.32
12751,1.47,
43331,,19.52
4937,1.22,27.32
1954,1.54,21.16
27056,1.1,20.41
23869,1.42,17.94
31601,1.87,14.93
4424,2.86,34.28
40788,3.81,82.37
25873,1.39,30.03
27539,2.46,24.24
7934,5.42,71.58
1812,2.05,
49265,2.83,21.68
37968,1.43,22.24
18149,3.05,90.36
39258,,34.52
40312,1.9,25.31
42561,1.05,12.66
43126,2.35,21.65
15823,3.07,21.28
13054,3.57,31.85
46790,1.26,33.63
27229,0.38,31.26
31573,1.6,12.33
19214,2.43,14.15
33700,1.86,29.6
37370,2.29,27.47
49234,1.44,9.58
32653,1.62,13.07
34826,0.6,11.26
36235,1.77,20.55
12606,2.08,12.88
38731,0.97,20.38
37417,1.96,26.03
5798,3.41,33.57
26533,1.32,13.06
24956,1.73,33.66
31807,0.72,23.56
8353,3.66,15.43
35408,2.97,72.86
26570,1.71,23.39
10675,5.03,75.3
33649,1.51,68.94999999999999
26450,2.27,72.62
45283,4.78,26.39
12549,1.01,27.19
33900,0.46,16.0
46378,1.26,70.43
19498,2.46,12.58
32126,0.62,24.85
26198,1.14,15.52
4133,0.58,18.42
46572,1.34,27.38
27347,2.42,14.88
40226,1.82,23.57
10060,,19.75
1576,1.64,29.06
28613,1.81,26.77
3483,0.56,26.88
49337,0.8,20.15
26258,1.29,36.17
21281,2.52,22.78
25604,0.66,24.07
44894,0.77,18.62
8493,1.33,25.71
22186,3.17,
36186,1.26,26.77
28454,1.52,25.28
31693,3.59,221.97500000000002
37248,1.08,21.94
12772,0.87,34.47
39499,1.85,
22128,1.23,22.32
27551,0.91,27.21
39987,0.84,25.15
38710,2.3,33.84
35120,1.01,30.59
17767,2.31,26.25
4484,2.43,20.35
46188,0.97,26.1
33926,0.81,28.68
42232,1.73,27.49
36743,2.92,23.13
8707,2.45,29.05
30200,1.08,15.55
3085,0.76,12.92
29094,3.87,18.5
48489,1.32,18.54
35550,3.95,23.07
19212,1.02,4.57
48559,2.05,21.62
37455,1.52,
18195,1.23,17.4
40327,2.41,17.74
46349,0.13,17.12
49562,,25.47
27051,1.68,28.47
25645,2.09,35.84
17660,7.32,19.41
44783,0.5,30.55
2287,,9.69
37277,2.7,35.63
39529,2.3,82.72
9261,0.88,19.41
17706,2.36,81.92
41434,,24.63
24443,3.38,28.77
24947,1.92,14.54
24626,3.42,29.02
45952,2.15,28.08
25525,0.44,12.69
27940,0.69,29.22
49790,0.24,15.65
39311,1.58,19.76
21873,1.69,21.68
25384,2.27,23.42
7534,3.15,9.59
24242,3.87,27.01
8827,1.06,16.77
37542,0.86,27.38
20387,1.44,23.96
30568,1.09,24.51
41791,1.33,11.48
1884,0.83,21.14
36517,3.0,20.62
38275,2.12,25.87
12296,0.95,29.31
31954,2.14,4.24
47094,5.91,77.74
42189,1.58,30.53
17353,0.44,35.69
24975,24.660000000000004,22.51
26143,3.55,23.16
15662,0.76,19.72
5296,3.41,16.22
3675,0.46,25.52
30934,2.24,1.26
29478,3.11,100.0
49105,0.81,23.65
35024,3.26,74.63
40182,2.92,32.94
36836,5.99,73.66
46259,1.26,19.3
49577,0.4,36.16
33596,4.37,17.96
42806,2.76,23.61
19114,2.34,22.22
37857,1.86,11.02
21844,0.65,16.98
38628,2.84,26.72
38965,1.08,17.42
18372,0.99,28.9
15450,1.26,19.12
38314,0.6,22.97
24095,1.18,21.9
14578,2.81,14.86
15922,1.3,31.06
14673,2.53,24.22
17085,0.82,19.19
27239,3.62,13.28
39850,2.8,28.48
26455,1.21,15.02
48207,1.24,38.98
40350,0.94,20.51
8960,0.78,25.04
40132,4.36,83.55
35909,1.17,32.99
24048,0.66,29.11
11328,1.65,40.62
19728,,11.78
3698,1.33,30.03
6746,1.03,
27694,1.66,31.13
13635,1.53,15.6
22784,,17.91
28403,1.8,11.07
1247,2.45,16.89
49308,1.16,21.19
15604,0.82,23.33
26363,1.17,21.81
38848,1.01,18.53
19937,1.63,28.87
17291,5.6,91.46
2490,0.44,
19361,2.23,15.73
39019,1.14,14.93
28369,2.4,9.64
43455,1.84,
48627,0.39,15.49
33888,0.62,35.06
36954,2.26,19.48
6070,0.94,22.02
43956,,81.3
24341,1.3,23.0
48838,4.82,88.98
15780,0.77,22.14
39430,0.93,34.1
6010,1.62,16.91
5784,2.95,83.13
14439,1.31,21.15
26383,2.41,77.35
43316,1.02,20.18
41751,1.16,35.6
1345,1.42,28.04
43800,4.45,79.72
28955,0.62,12.9
23104,2.06,
232,6.18,
1235,2.18,36.02
30017,1.93,10.19
30570,0.87,15.78
24366,1.83,14.55
31938,1.47,12.7
18617,0.54,27.48
17,4.44,27.84
7807,1.17,26.68
34872,9.899999999999999,20.96
6227,1.37,22.35
12310,3.35,26.92
19967,1.07,24.11
10038,2.23,11.99
20251,0.58,10.25
9508,1.54,1.58
8056,9.540000000000001,22.85
7335,1.44,21.84
4737,2.3,23.58
34078,1.31,23.17
35794,1.83,26.13
18375,3.48,14.47
4700,0.61,
8986,2.65,26.03
32659,0.95,20.83
1348,0.92,32.46
12144,0.68,34.93
5890,1.69,15.01
17614,0.91,28.07
37657,2.35,19.71
17504,2.51,24.79
38364,1.75,25.88
8360,0.86,22.28
5998,1.89,36.01
14922,2.04,27.71
44627,0.84,13.22
11042,3.41,38.58
49319,2.97,11.35
3287,2.53,20.13
13181,2.04,20.5
1014,,17.24
29791,1.68,9.43
10027,1.89,
44698,1.1,21.64
24127,0.91,23.48
29307,1.74,13.84
36591,0.67,
26725,1.16,18.87
48381,0.35,13.15
25792,6.85,90.14
15125,1.8,6.47
31651,1.1,22.19
36787,2.09,30.18
46072,5.14,82.47
46567,4.67,70.52
29129,0.57,25.95
35407,0.52,12.47
40502,0.65,27.16
5841,0.37,18.1
33841,1.06,2.82
19639,,19.26
46902,3.3,18.13
44665,0.45,
25276,2.96,
43605,6.12,77.55
40342,1.39,23.17
28126,1.23,37.725
22043,0.69,20.09
47057,0.53,19.87
27984,2.54,28.61
14046,2.62,26.27
9282,2.6,8.47
40281,0.71,30.94
47845,0.54,19.46
32535,2.2,41.07
17947,3.48,14.5
11322,,11.72
39312,1.86,21.43
47346,1.53,24.8
1851,1.57,19.02
189,9.04,81.21
9784,1.89,20.42
32305,0.74,26.14
15176,1.54,18.45
37161,0.82,23.21
45660,2.23,19.67
7631,,87.94
6621,15.72,33.04
28244,0.63,23.88
40644,,22.67
7624,2.82,24.93
371,1.62,7.17
41464,0.44,16.7
25232,1.55,14.19
8822,6.39,82.54
10624,2.01,26.85
4464,5.92,8.3
12831,1.74,42.96
28873,2.2,9.18
19263,1.04,24.26
45922,2.39,20.57
34710,0.86,27.28
19332,0.77,11.29
13723,0.45,22.47
1085,1.42,33.79
9933,2.8,23.81
34359,0.54,31.51
39533,3.19,27.0
1924,1.48,17.52
48735,1.41,11.76
22385,1.63,20.39
9723,2.03,24.84
39140,0.49,10.82
39043,,32.09
48034,1.62,12.08
34705,1.87,
34141,0.82,23.43
15872,2.41,31.2
47875,1.09,14.32
19158,1.88,28.11
35598,2.26,36.72
8838,4.48,87.89
46297,1.28,3.78
13611,2.08,63.39
42872,0.88,12.48
33008,1.73,23.26
34648,1.31,
3621,2.25,27.9
25385,,68.0
29273,4.8,79.65
46361,2.91,25.14
7488,0.56,25.9
17526,1.08,16.49
12745,2.88,18.68
38545,2.86,36.02
14123,16.080000000000002,15.78
922,0.64,
32404,1.05,20.7
20554,3.04,21.45
39807,2.9,20.19
43357,0.49,13.72
27236,1.23,13.4
22851,,36.65
17946,2.73,29.07
34622,1.5,25.85
21285,2.1,26.89
1547,1.06,20.51
30670,2.04,17.75
7409,1.34,26.16
25725,1.34,32.71
32399,1.73,26.8
6064,1.01,30.28
37335,0.55,9.63
20642,0.55,16.03
9915,,22.37
31240,1.31,21.34
42426,1.68,28.44
19975,0.65,7.47
5309,1.26,23.63
10326,1.84,24.33
27680,2.02,33.24
35312,1.76,24.41
15363,3.01,24.78
35913,0.73,28.29
17337,1.28,30.18
32291,2.43,18.66
42456,3.08,22.76
5040,,23.18
48455,1.55,17.53
18875,1.41,25.31
11692,2.69,13.22
4911,8.0,78.25
28965,3.0,21.87
16194,3.22,22.38
47428,1.43,14.75
38027,3.26,
30487,0.62,28.27
24540,1.36,15.73
5623,0.81,13.73
2691,1.0,13.82
702,1.76,30.22
23819,1.79,25.53
29722,0.08,26.63
8916,1.61,22.52
25247,8.42,85.28
32096,,12.34
31217,2.25,23.92
43781,16.86,23.78
3535,0.81,21.2
32253,3.23,27.61
24624,4.39,21.77
42098,1.1,23.34
39049,8.83,85.04
8020,0.64,23.19
12216,0.93,29.8
16007,2.96,85.24
1541,2.61,8.56
47834,1.67,3.48
29747,1.25,25.93
11455,3.49,31.84
3689,0.94,28.8
8480,1.66,22.43
22794,2.53,33.39
3818,4.17,23.3
35764,7.22,66.12
49496,2.98,12.99
49525,9.120000000000001,
29585,9.62,92.87
38091,9.2,
29324,0.98,29.08
14423,1.92,6.79
6798,4.46,87.83
35841,0.92,11.29
34644,0.3,19.1
10848,2.0,23.94
47388,1.47,18.69
39538,1.08,15.55
13691,3.41,35.29
18570,7.1,79.43
2180,1.49,22.37
33038,2.46,78.86
1477,3.18,15.68
35911,1.34,19.74
13113,0.94,24.72
29132,1.59,33.23
36600,1.93,27.59
44353,2.02,37.73
39549,1.61,7.2
6036,4.73,88.47
16907,0.89,22.6
20615,0.88,20.03
38059,2.2,37.37
44421,1.0,19.55
17742,1.43,11.99
9818,1.61,19.65
39114,,
436,2.33,19.89
23285,1.41,23.9
49574,0.4,33.08
34497,1.46,29.71
48745,2.05,20.68
46967,2.77,
18798,1.11,36.25
31701,1.89,8.91
46547,2.51,23.21
38546,1.33,15.96
39370,1.59,18.2
33380,2.13,10.83
45644,,29.07
14025,1.38,42.85
43094,2.24,23.18
45344,1.5,17.37
30960,2.25,15.03
15141,0.74,15.57
12624,0.53,31.99
38707,2.95,30.52
44678,0.52,11.37
33446,1.09,24.41
38325,1.19,26.15
21358,0.65,27.24
10509,2.49,17.34
11425,0.59,29.76
13224,1.29,13.89
26206,3.85,25.65
41535,1.85,10.15
27376,0.89,21.09
29260,0.71,19.43
48274,1.95,
10076,0.95,40.37
25641,1.96,9.46
22897,1.47,32.62
14626,0.65,24.57
9662,4.04,16.74
21898,,28.21
8413,2.96,25.88
24914,1.18,19.1
28593,1.79,9.3
32929,4.07,23.72
28027,1.52,10.18
45369,0.6,24.24
23201,1.55,27.99
18700,3.18,21.34
26941,4.65,95.46
7021,0.43,22.22
16741,1.02,9.23
48618,0.59,16.55
15290,0.88,19.35
30948,1.13,26.56
38332,3.79,24.55
10329,0.97,20.35
5958,0.82,20.01
38738,0.7,33.39
38694,3.25,22.11
40169,1.83,28.64
26635,1.9,12.78
38172,3.2,20.06
5901,2.45,15.27
41058,1.1,23.85
27808,0.88,10.08
2070,1.2,23.15
44585,1.01,33.85
25364,1.43,24.28
20040,3.91,83.15
28687,0.92,
31031,0.84,29.08
20741,1.19,18.95
45830,2.2,21.88
16380,0.79,18.11
49989,1.12,21.35
7521,0.65,25.98
46398,1.61,38.23
6677,1.48,7.51
36712,3.64,40.13
7341,0.35,31.0
4964,3.53,81.31
37027,2.83,18.24
44268,2.27,16.02
20633,1.63,10.58
40269,0.78,16.28
876,3.6,83.56
49464,1.49,34.93
3428,1.11,27.8
1223,6.27,26.25
13333,2.21,23.68
24899,2.57,24.32
44690,1.7,19.26
5090,2.79,16.77
24239,1.82,33.53
32692,6.14,
20199,1.15,
30622,1.48,22.55
36229,1.53,27.11
5807,0.94,
631,0.87,8.65
40080,1.46,33.32
31687,1.33,33.49
29655,1.65,40.61
3519,1.0,22.86
37339,4.56,84.12
7268,0.93,10.29
17160,0.8,22.29
37576,2.64,
9504,1.27,24.11
28144,2.28,16.63
29379,3.76,70.01
44769,2.1,14.75
17043,1.7,22.97
20292,,18.05
12461,0.38,30.54
11332,3.49,22.61
5135,5.69,86.99
17558,3.62,25.27
37978,0.64,26.42
40598,2.2,
30628,1.1,29.41
13858,13.74,73.98
26378,2.13,22.44
39650,3.85,74.825
39424,3.35,29.86
47573,4.21,
25108,0.97,23.74
37618,1.53,15.8
9057,1.88,24.09
20759,4.48,80.19
28000,0.63,16.3
45203,8.3,81.28
14596,0.99,30.93
38950,,80.53
34067,0.76,27.7
48997,5.24,97.89
34309,1.21,35.53
22645,,16.36
34686,1.86,26.38
3527,3.21,24.38
22867,1.34,5.2
21118,3.8,90.21
13437,,67.94
17631,4.88,
40642,1.28,
24109,3.45,8.05
36545,0.26,21.61
20922,5.14,87.77
47671,0.75,13.18
16598,1.65,19.99
7395,0.66,13.15
41649,1.47,26.81
36811,1.56,15.95
5931,,7.43
49576,2.35,25.14
9046,0.33,29.7
12280,3.1,7.18
26058,1.05,28.03
12749,,35.37
12373,1.51,28.16
30440,1.08,31.91
40345,0.99,19.84
12792,4.09,10.69
43735,1.33,23.62
39689,1.27,34.12
14212,0.81,20.48
34632,1.67,21.52
4316,1.52,19.58
35976,4.42,78.18
35361,0.52,7.88
36225,,14.96
3136,4.01,83.33
157,1.6,17.15
19130,2.5,13.91
5278,0.5,19.37
17802,0.44,25.47
39262,0.77,17.24
15042,0.56,6.51
6831,0.74,20.44
7607,3.75,77.45
7696,0.73,14.67
12239,1.76,19.31
27968,5.4,83.84
18121,0.16,16.67
34065,1.47,38.22
1739,3.37,81.71
35237,3.76,92.94
37811,1.12,20.62
16082,1.57,23.78
37132,1.1,39.24
12712,4.3,76.39
9909,2.14,35.3
33643,0.49,13.09
5508,4.28,35.54
6979,3.1,88.32
18960,1.17,43.98
14524,2.16,13.12
16886,,
43907,4.77,
12372,,14.97
39739,2.44,20.71
49505,6.97,79.41
46861,1.8,14.07
33637,2.88,82.62
38644,3.65,40.27
11178,0.77,36.47
10554,1.43,11.06
27715,1.52,22.51
29813,4.21,11.0
6071,0.93,22.95
49165,4.06,69.19
46738,0.84,15.48
48445,0.73,18.2
34148,1.06,26.67
41942,1.08,17.46
3647,0.99,21.87
26646,1.62,19.73
10883,1.27,33.75
12327,,15.79
8383,0.83,28.25
49566,2.19,17.68
30542,2.32,22.69
44718,1.66,28.75
1702,1.2,28.04
44926,2.82,80.24
3003,0.61,12.96
11024,1.65,15.18
24394,1.73,16.97
27700,1.33,23.49
43972,0.94,19.52
26405,1.79,
1136,1.51,22.85
12697,9.52,80.13
28323,2.79,28.6
22302,2.56,75.15
8690,2.12,22.74
31250,3.68,35.1
33222,0.43,24.08
916,3.71,19.35
49437,1.31,21.01
11798,4.3,81.57
24410,1.19,22.799999999999997
7730,0.46,
45890,1.27,24.81
42412,0.9,27.16
950,0.32,38.11
14513,1.8,22.9
42478,1.8,
4018,1.43,
23487,1.11,18.33
31622,3.86,29.06
19401,1.25,20.16
4490,1.81,22.37
39908,3.6,89.02
40066,2.48,33.2
11923,1.01,17.94
3945,1.29,16.19
38429,1.65,17.2
21079,2.59,11.77
14936,0.97,33.74
34138,1.03,30.12
41146,0.24,22.03
13885,1.09,17.6
7230,0.77,12.81
12564,0.88,17.51
38693,1.27,17.77
19458,1.85,22.23
29058,2.87,11.18
26923,2.41,27.12
21161,,18.36
15459,1.04,27.04
29223,1.92,10.32
25468,0.11,36.2
44710,1.12,16.47
18701,3.29,20.71
19005,0.64,8.52
6122,1.32,46.19
41008,1.32,22.38
1280,1.58,23.32
28497,1.16,29.83
39233,1.44,20.97
41818,0.57,
3221,0.66,28.4
27000,1.77,30.24
35122,1.68,28.35
44441,6.29,83.53
23700,1.84,18.15
31766,2.43,30.3
12478,0.2,23.61
29039,4.22,89.61
37771,0.32,30.38
2602,1.06,21.31
30728,0.39,27.81
1531,0.46,23.76
43324,0.72,26.99
26913,1.45,75.55
17180,2.83,25.67
39883,0.81,2.08
38350,0.4,
49997,2.4,23.38
6912,0.47,20.33
39306,1.45,12.94
13451,8.44,60.53
34236,0.78,26.67
13065,1.13,16.84
32884,0.68,16.26
24322,,16.35
7861,1.69,25.65
10382,,26.49
38146,2.14,21.55
8913,1.38,15.54
13519,2.58,37.07
11920,1.65,7.11
20651,2.33,38.38
22428,6.56,75.32
27619,0.36,24.47
44390,0.37,34.6
38882,1.22,32.75
23070,2.29,23.9
2095,1.34,14.59
18535,0.9,26.3
19985,1.02,25.78
26245,2.06,25.28
12481,0.99,21.78
7676,1.48,34.47
29679,0.66,42.39
8063,4.22,8.47
12260,3.45,15.62
30090,0.78,17.22
8143,2.95,27.37
21336,0.64,17.57
31625,6.92,84.26
44253,1.53,25.99
40401,3.57,91.54
16305,1.05,22.44
39695,1.88,16.47
41895,1.73,36.6
40349,2.37,24.77
8175,1.32,12.57
16610,1.13,
14076,0.49,34.87
30806,0.9,11.21
7304,3.07,18.53
35636,5.43,83.13
9107,2.69,26.06
4907,0.72,18.12
25846,3.11,16.42
4169,2.13,13.78
29091,0.75,10.86
1200,,38.53
25577,3.34,21.08
7254,3.54,22.94
20485,4.08,64.29
4514,0.31,27.01
36941,2.56,15.48
5597,0.37,23.41
49408,1.5,8.1
49307,,
30575,0.89,17.47
21378,3.2,20.04
21474,5.12,80.08
31018,1.41,8.09
4541,1.54,6.17
30534,1.78,22.22
9935,0.57,10.64
23671,3.63,23.21
31518,1.73,21.36
46451,3.3,22.56
6412,1.21,19.44
40799,2.22,
12100,1.14,35.24
3260,2.24,23.03
29190,0.81,28.05
41994,6.03,82.62
42223,1.85,24.06
27820,1.12,22.14
22770,4.73,13.72
8613,0.92,25.44
45195,3.69,28.52
23330,2.6,19.29
1188,0.13,28.44
6436,0.53,24.3
29576,1.87,16.51
15492,1.13,21.67
44301,1.11,16.85
45930,1.11,17.35
4834,1.94,19.31
48972,0.29,22.59
36021,1.39,16.61
16430,2.85,28.72
41056,1.2,19.17
39281,1.78,22.41
13225,1.54,18.84
38271,1.87,32.58
8119,4.78,13.16
14917,1.04,8.78
4678,0.69,22.8
14772,1.71,21.59
32453,3.26,
22225,0.34,
11992,3.99,
48561,2.99,13.97
39580,1.28,12.74
34261,,19.45
29292,3.96,21.67
41423,1.17,15.44
28443,2.15,19.58
39888,2.71,13.79
9001,5.33,79.13
28312,0.85,
38051,,23.17
9985,2.8,19.05
45427,2.81,11.89
11914,1.06,26.05
10777,1.72,16.56
33762,1.85,26.43
19489,5.83,73.72
30403,2.09,17.52
30678,2.42,14.11
5833,2.39,45.7
14545,1.84,22.02
1432,1.67,8.16
8917,2.45,21.33
43816,1.08,23.2
24579,1.78,18.43
45193,0.71,19.72
15460,2.16,27.85
41789,2.36,34.36
21312,0.97,28.23
9904,4.88,68.74
9577,2.81,19.96
2024,1.5,12.76
5812,0.86,27.9
38584,2.34,21.19
14105,3.3,26.28
11688,1.84,16.65
44877,0.63,25.8
18081,1.05,9.96
18258,2.33,25.68
43341,0.46,16.96
19606,3.23,33.94
6467,1.33,27.36
11293,3.08,31.05
29011,0.71,32.05
22044,2.47,19.1
10241,3.51,22.19
47247,1.64,27.89
36354,1.42,9.23
18220,5.2,7.26
2171,0.61,24.88
36738,0.73,22.33
41196,2.12,10.25
46563,1.56,23.75
5875,1.92,17.91
30035,7.42,81.22
38012,,20.01
9230,2.08,-16.36
21864,2.61,17.66
26484,0.52,21.69
8877,1.79,15.94
10492,2.72,29.79
22569,1.41,
41088,0.57,19.85
37281,2.58,27.03
43648,0.54,30.98
33991,2.84,16.29
4019,5.93,85.62
18015,0.86,18.0
38377,4.82,74.67
32420,2.75,22.61
3253,0.23,
47792,0.95,19.08
34798,0.45,26.6
26937,5.76,93.44
19609,0.65,19.62
2090,1.55,20.63
30384,4.15,25.32
33831,2.41,28.38
43222,2.76,38.46
10753,1.04,14.05
40122,0.8,31.77
7360,1.68,22.04
35066,4.66,7.76
37438,0.61,12.19
48795,0.86,9.27
30923,,89.37
8396,0.47,11.97
10602,1.12,32.77
31262,3.61,28.4
49993,2.2,29.12
37575,1.2,15.14
21690,0.34,29.02
36117,2.01,36.6
24195,1.47,24.53
45384,1.63,35.27
12429,1.19,11.4
42143,3.48,26.71
46837,2.14,25.81
32917,0.23,8.39
4066,4.39,85.82
11211,0.75,36.72
39326,4.93,77.04
14041,0.63,31.93
15183,0.82,19.44
7809,1.44,20.69
34987,2.13,40.02
39162,1.78,22.67
37733,1.5,21.3
44809,0.86,17.06
1355,2.09,83.38
22352,2.19,93.89
4851,7.09,86.17
100,3.15,24.17
1894,0.76,24.62
25302,4.23,18.18
47835,2.3,90.32
42688,1.32,13.24
43170,1.68,32.66
27154,2.39,20.77
13331,1.36,24.42
30734,1.04,27.4
1916,1.92,
22440,1.89,8.95
13202,1.38,87.19
32448,1.81,23.58
48532,1.87,78.9
27868,3.26,30.94
18823,0.17,12.9
7614,1.92,24.12
47105,4.17,87.35
27894,4.34,96.6
19636,1.56,14.27
40913,2.35,79.2
46412,,17.37
41817,1.22,16.29
48771,1.8,12.96
39123,2.35,25.3
24920,1.67,22.95
9289,1.29,30.74
48564,1.22,22.75
14397,2.4,18.17
10966,2.2,23.45
295,1.17,30.15
31981,3.07,17.47
13774,1.29,16.88
47309,1.7,14.37
331,1.09,27.06
42700,,28.87
11802,3.19,84.06
14827,1.01,22.84
25810,0.74,35.41
33069,1.05,13.29
48231,1.3,16.61
19243,2.07,21.47
36180,2.66,40.71
32477,1.5,22.69
27772,2.09,19.57
3414,1.35,33.51
34170,1.84,25.64
44495,3.33,19.63
17851,1.21,37.06
19372,2.3,17.24
24638,4.04,23.95
16495,0.6,12.54
27208,0.74,25.58
46511,1.43,15.2
41278,2.52,
37348,1.28,25.04
13492,1.16,28.38
8585,0.92,14.09
5663,1.63,21.28
25357,0.51,81.27499999999999
36423,1.46,15.06
31312,2.08,27.99
47718,2.56,28.99
41156,4.41,67.38
19770,0.67,14.67
28259,4.4,13.73
925,2.01,18.45
44108,1.29,1.05
10789,2.33,19.1
47256,6.66,26.9
35750,0.63,19.04
46913,1.95,23.42
5466,1.32,19.79
30455,3.09,31.21
45085,2.01,21.37
42827,1.74,27.4
14975,1.1,26.74
33690,2.91,16.24
22286,2.69,65.29
22710,2.65,16.78
43229,0.8,28.2
16979,0.86,13.71
7747,1.37,19.86
26100,1.35,26.29
21517,1.48,26.38
18942,2.03,29.85
10603,5.09,75.46
12103,2.28,0.06
13362,0.43,15.22
16637,4.84,81.62
38402,1.17,23.3
43657,0.51,19.84
42517,0.52,
1944,0.81,18.53
32040,,37.14
34690,15.18,11.76
28248,0.99,21.91
29547,2.31,32.49
8722,0.76,27.68
12007,1.62,16.1
32169,,31.5
9032,1.62,16.22
21766,2.66,23.54
37000,1.7,25.39
32688,,104.125
36536,2.92,30.71
1018,1.01,15.16
14035,,19.13
10209,0.8,22.11
23841,0.74,12.0
33377,0.23,8.8
31072,2.63,77.44
1124,0.58,24.17
46809,0.78,12.18
11876,0.49,18.68
16217,2.07,
20263,0.8,7.34
41159,0.39,38.54
39747,3.06,76.25
26601,0.82,
25002,5.93,20.02
14663,1.95,26.97
20416,2.54,25.66
11881,1.26,33.55
38480,1.54,36.92
18373,0.9,33.15
23286,3.42,78.5
37003,1.24,2.57
8271,,14.94
33976,0.84,19.5
9755,3.03,33.93
8515,2.8,26.67
8080,1.98,24.47
45580,7.29,77.2
16393,0.46,15.44
19880,1.63,84.06
7256,1.32,22.26
17073,0.74,25.29
25957,1.39,39.62
35639,0.24,25.75
4792,0.61,29.15
426,1.65,24.73
49745,2.32,24.37
35450,1.96,2.93
8851,1.91,14.0
15119,0.29,18.25
25751,1.27,16.96
3677,2.75,17.43
27635,4.66,72.52
27767,2.76,83.89
14803,3.26,28.76
9535,2.22,76.03
45437,3.12,22.0
25779,1.92,29.07
10511,1.25,30.32
48357,1.59,36.35
11719,2.72,19.0
48466,4.46,59.49
8050,1.62,13.07
43779,1.05,17.8
20171,1.98,31.89
6653,0.77,22.12
36896,0.79,31.2
4261,1.69,-20.62
14394,,23.8
19623,3.29,34.55
19707,2.83,16.07
42821,1.85,25.37
46720,0.55,19.3
39682,1.18,17.03
10467,3.53,12.94
49069,2.52,34.61
7197,0.41,40.41
3540,2.85,15.56
42733,1.09,12.39
1917,0.64,29.06
11556,1.0,17.01
47338,1.85,24.96
38102,1.78,8.71
5416,,22.45
23601,1.54,24.25
48906,2.58,16.61
6106,9.0,6.48
11462,2.81,19.87
47922,,21.7
19946,1.28,20.23
46723,0.8,
3934,3.65,87.17
3088,1.67,32.325
10598,1.89,45.52
30182,,80.13
17173,1.91,16.59
14641,,12.93
23182,2.65,
13434,4.61,75.4
18925,2.07,22.48
12508,,10.43
17623,1.71,
22254,1.04,
4379,3.77,34.57
591,1.82,29.35
44828,3.0,33.4
30337,,36.8
1260,2.2,23.29
24870,3.21,86.84
32589,1.32,16.49
20961,0.67,24.32
6161,1.8,47.9
37915,2.32,8.08
31524,2.37,22.1
34938,0.55,16.92
1869,,14.43
44646,2.17,34.21
27343,3.23,16.35
39279,2.39,19.65
24714,4.98,27.47
43712,1.44,27.47
39951,,22.11
33044,3.85,69.62
24141,1.85,25.36
5067,1.94,19.71
33718,0.81,35.31
15779,1.93,16.0
22317,2.44,17.8
36791,6.03,99.71
21165,1.19,45.12
27015,6.52,73.05
48869,0.87,19.05
44022,3.48,31.81
7048,2.02,18.2
47798,2.27,11.59
22729,1.4,30.09
49463,1.43,27.37
15008,2.52,27.74
28693,0.26,24.82
48611,0.3,
31884,6.78,86.16
41844,,21.61
12312,2.72,24.65
45863,3.41,14.38
11654,0.88,28.25
18390,2.1,33.85
1648,0.63,14.95
41470,3.11,20.95
18660,2.5,
14769,0.96,28.94
18774,6.37,83.79
29169,0.64,15.07
34071,0.98,11.26
15792,0.55,16.36
45444,0.82,15.19
40046,3.18,72.82
11510,1.6,25.14
44960,2.72,25.55
29418,1.22,23.72
45829,1.65,23.62
2700,2.36,21.9
25476,4.46,78.41
28928,1.49,15.07
47580,2.93,20.64
21576,7.1,85.97
39183,,17.76
38316,2.3,36.87
22301,2.67,24.51
17484,1.84,13.41
30951,2.14,28.88
9189,1.58,22.11
38538,2.14,24.43
34344,1.44,32.03
16282,2.17,24.32
28061,1.59,18.43
48044,0.81,23.51
10768,1.11,5.36
7470,,27.11
26893,1.56,22.13
48885,3.98,22.22
27548,5.15,77.26
25094,1.18,3.81
18816,1.88,23.31
40396,1.69,16.63
4507,2.3,30.21
8776,2.6,10.55
11667,2.61,36.49
41963,4.32,89.64
16556,3.86,24.45
11526,1.95,12.93
11477,2.22,26.36
25949,3.39,19.96
31471,,28.0
46310,0.82,9.61
12247,1.21,10.78
29856,6.63,
8444,1.57,23.97
2795,1.39,13.47
1473,1.94,20.33
18726,1.01,26.48
39961,1.72,16.68
21870,5.58,32.63
20136,2.53,34.49
21187,1.69,31.44
34651,0.54,31.92
1962,4.39,85.19
19522,1.91,12.07
30569,3.54,98.49
48252,1.8,18.99
20325,4.84,99.12
21026,1.7,22.79
3114,,30.84
1227,1.12,23.66
24024,0.84,44.474999999999994
37210,5.58,76.51
25,1.16,21.49
41004,0.96,15.95
26764,2.3,
592,1.53,
2782,0.6,7.71
48831,1.82,25.78
12002,3.26,13.57
5037,0.66,31.63
40784,2.06,18.24
30236,0.84,23.13
41606,4.83,13.54
42165,1.15,19.68
44788,1.63,2.71
6066,2.86,21.95
15079,2.71,15.97
31411,4.05,20.69
5234,1.53,6.68
37125,5.0,14.53
36598,1.44,31.65
42307,2.16,20.23
37939,1.84,19.63
39797,,31.25
1438,1.86,25.76
18466,1.53,17.55
28471,1.17,18.2
2753,23.82,67.31
32831,1.27,29.59
41281,3.03,25.32
10134,0.75,21.38
8832,0.29,14.9
45323,1.04,28.84
23527,1.17,27.84
9809,1.89,18.51
2233,3.18,20.23
29023,0.11,16.95
37265,1.39,19.23
49980,1.19,28.13
48523,,30.25
12426,2.74,23.22
8291,1.96,22.21
15234,1.71,23.9
36115,1.99,26.67
46045,1.54,12.38
195,1.93,17.67
12610,2.0,14.6
7901,2.27,20.17
34729,3.2,11.75
16,2.04,31.0
29348,1.07,29.41
29626,2.94,21.44
31694,1.17,20.04
40422,2.05,22.01
45567,1.0,9.02
36500,3.5,75.06
9727,1.14,24.69
44940,,83.42
41448,1.18,19.12
45671,1.65,
26341,2.03,28.27
30819,0.78,15.48
28465,0.35,21.65
32435,0.95,17.54
39676,1.13,11.47
646,2.1,22.51
32860,0.36,22.13
48073,2.95,13.91
36393,2.64,20.13
33726,5.29,74.26
41256,2.44,29.07
21510,2.31,30.95
27620,0.5,25.01
44016,0.27,16.14
44639,3.13,29.9
40882,1.81,27.66
198,3.31,
23195,1.71,22.1
43103,1.05,25.63
25327,1.57,13.77
6098,,25.23
4810,1.8,25.62
2091,4.69,67.41
43513,1.22,24.66
16708,6.75,88.39
16151,0.91,14.37
26444,1.05,23.72
36227,1.67,29.4
223,2.23,2.44
28280,0.92,15.08
10204,1.73,16.48
46598,0.76,32.21
6411,2.33,21.12
24858,0.63,13.0
28879,0.62,11.94
5559,0.43,24.45
18625,0.5,26.78
35128,,26.19
2456,2.3,17.89
38846,2.08,26.25
20358,0.56,14.49
1167,1.6,16.91
31569,1.99,26.91
20245,1.89,50.25
45088,1.38,27.02
11158,3.62,80.16
37980,1.58,80.8
5255,1.31,
39669,1.51,29.25
40540,1.63,22.62
12337,1.49,20.89
21706,0.28,22.19
47128,1.48,37.93
37779,0.76,23.0
38824,0.73,12.74
2054,2.74,18.08
9153,2.17,17.48
30769,1.68,21.56
33918,1.31,29.89
166,1.35,
857,0.48,19.05
11598,2.21,22.81
1180,1.25,16.25
38248,1.34,
29095,1.53,13.82
15035,,27.06
26809,1.17,18.79
33746,3.47,25.48
33285,2.77,14.66
18961,0.99,32.55
6703,0.76,23.12
2466,0.9,55.425000000000004
36119,0.62,
41141,0.66,28.67
21701,,21.46
20507,1.04,13.75
27771,1.12,27.61
2501,1.6,14.1
38852,0.92,11.03
47164,3.25,21.75
20632,3.97,94.36
31643,1.51,8.11
30974,1.51,27.38
30365,,18.47
6953,2.43,33.86
7894,1.97,26.06
12045,0.27,18.88
25927,1.55,16.14
24140,1.14,10.35
39764,1.05,19.96
13738,0.44,16.62
38757,1.88,
24496,3.9,23.08
20791,0.65,18.93
48275,1.25,19.72
42721,,40.87
2848,2.38,21.84
43243,1.61,17.32
4364,3.69,83.84
49700,1.44,10.99
38219,1.08,12.19
29084,2.85,41.23
29522,2.76,0.0
47171,0.61,33.72
4321,6.67,79.4
32351,2.9,29.49
4209,1.28,39.0
8615,5.05,85.23
39344,2.09,17.72
30871,0.59,20.58
8928,1.82,19.95
43646,1.18,14.4
16101,1.68,29.41
44313,0.51,31.36
1532,3.15,10.15
25963,1.04,21.34
13019,3.05,17.98
45188,1.16,30.3
1625,,40.61
29254,1.9,37.43
25280,,16.09
25743,1.54,18.01
11077,2.54,62.7
13223,0.97,22.9
9028,3.39,13.13
37345,2.51,6.39
22094,0.62,20.43
35423,1.02,23.77
47393,1.41,7.8
38187,3.29,32.73
45631,1.83,30.54
9627,0.28,14.9
38658,1.22,32.3
47729,8.21,
17518,1.13,17.75
40129,1.59,42.33
34189,1.0,30.62
35374,0.82,23.68
24367,1.37,21.38
39937,2.1,19.33
8572,4.31,12.25
29047,,29.93
8347,2.29,19.61
30077,1.29,22.22
42395,1.94,21.89
28480,2.74,95.05
17745,0.71,23.73
5068,3.69,92.28
40924,1.26,21.24
7255,4.14,73.79
47652,1.05,17.8
42072,1.13,4.37
36082,0.73,
20795,0.67,33.67
49587,2.16,17.7
6676,0.82,20.23
25896,0.81,25.96
33619,5.27,75.78
18537,1.75,19.1
36121,2.27,89.28
12387,2.42,24.12
30835,3.43,36.0
31212,3.82,84.83
22081,1.62,33.94
28561,1.53,30.76
41715,1.63,14.8
918,1.11,40.6
24344,,26.9
41353,3.11,23.96
28746,0.72,41.82
47690,1.51,23.77
6848,3.43,32.71
36856,3.13,14.36
14884,1.88,17.93
38930,1.06,
24932,8.399999999999999,16.92
7074,0.39,16.17
13358,1.09,29.22
116,,8.21
30098,0.68,16.74
15356,1.24,27.15
27352,2.15,22.4
11311,1.09,12.2
1790,1.73,29.42
6763,2.23,20.86
35907,4.7,3.76
9853,2.1,9.27
4631,2.99,74.95
45354,1.35,24.0
7920,1.3,17.65
7046,,13.62
24474,1.23,24.5
25382,1.19,23.39
8587,3.69,66.13
25205,5.87,
8243,3.35,14.96
20057,0.53,9.63
4848,1.53,25.86
42399,1.55,23.79
17572,2.65,26.38
1201,1.54,31.66
44688,0.9,21.99
33015,1.99,29.8
31029,2.37,88.72
22800,1.55,22.34
4680,2.19,23.66
13359,1.55,33.94
48423,0.32,23.78
30552,2.48,16.83
49159,1.16,17.32
32338,2.11,20.55
11283,3.85,5.23
47037,1.08,7.5
23628,0.89,32.83
33200,0.87,18.57
17027,1.68,23.28
16651,2.21,24.09
39673,0.67,
5332,3.54,6.67
12758,1.72,18.35
2284,1.78,19.62
25839,1.69,32.65
15004,3.89,8.54
23174,0.88,34.46
32476,3.07,29.17
42311,2.39,17.98
10925,5.42,19.64
14201,1.71,19.98
43472,1.12,25.93
5132,1.16,21.92
31359,2.04,7.4
31209,1.81,19.78
20902,2.72,
40949,1.76,29.6
47737,5.31,38.55
26712,1.24,23.16
41487,0.55,24.55
21278,0.6,12.93
44470,1.89,24.37
35401,0.56,21.22
26624,1.35,33.96
19108,0.57,12.97
23720,2.13,26.23
26172,1.36,25.09
46301,2.17,28.75
36708,0.99,18.49
6151,1.21,13.73
39440,2.02,25.71
42213,0.58,6.0
8489,1.39,19.93
15493,1.31,39.43
18902,1.03,13.89
49076,5.69,99.87
25979,2.3,34.29
20471,1.6,20.43
42603,1.26,29.01
40665,1.04,26.08
29532,3.3,24.28
22616,1.48,16.95
3032,0.71,19.37
12937,0.77,17.76
34835,0.94,14.72
6217,0.45,25.86
7298,1.69,18.04
27755,0.71,19.43
37261,1.84,25.55
16361,0.48,19.8
46397,3.59,27.73
45216,1.95,14.79
47621,0.97,28.71
27812,1.77,13.84
112,1.17,-25.52
24276,0.83,25.65
31316,4.41,85.34
37903,2.09,36.72
27774,0.72,24.76
16106,2.11,10.4
24781,1.08,19.49
23933,,15.26
49175,2.05,12.07
25926,3.68,83.59
46427,0.26,29.87
47558,1.04,19.24
47757,0.95,24.33
8704,1.41,23.95
7639,3.91,84.41
10003,1.39,32.31
19166,6.83,84.28
1868,2.01,19.2
29468,,23.86
31707,0.61,27.51
45825,3.38,26.26
42754,0.6,
13960,2.77,12.8
36460,0.97,7.91
34866,1.35,16.63
37016,0.68,26.62
18472,1.62,8.6
47771,0.71,20.41
39993,1.07,25.75
48569,0.93,19.57
25686,1.13,7.41
28372,,22.02
11274,2.21,7.63
14984,0.71,23.48
5484,1.23,13.12
279,0.6,30.72
27031,0.98,17.16
45403,0.63,26.29
37721,0.69,14.36
29947,1.1,19.92
37378,7.37,89.87
6643,1.01,17.86
29501,7.64,91.05
3026,1.97,
27950,3.36,
41344,2.5,18.14
21581,0.48,19.71
22424,0.43,25.39
34664,0.28,26.36
34313,0.57,23.67
44768,5.5,84.58
23784,1.47,24.59
37736,0.55,24.36
28522,0.59,20.1
25275,1.36,32.53
37913,2.75,11.73
16390,1.94,15.58
20120,1.4,17.7
34941,2.48,22.43
20348,12.33,68.93
9124,1.15,35.12
7830,0.19,18.89
9448,1.62,17.87
20630,1.49,19.48
3539,0.63,27.16
33824,1.62,15.67
3438,0.44,
16401,1.63,20.26
17959,1.23,25.97
28737,2.29,26.06
19892,2.64,20.22
46561,2.45,60.7
4386,0.78,30.17
46182,2.78,10.31
8699,1.39,30.07
33611,1.67,14.74
15691,7.64,83.49
7496,1.18,29.83
6736,0.94,16.13
19249,3.75,25.47
36188,1.54,24.04
8890,0.46,17.0
9982,1.73,15.04
16830,0.37,22.7
36334,1.86,7.87
24998,2.27,22.75
16890,4.16,22.01
41312,0.65,21.71
37727,2.13,17.6
35883,1.35,12.07
45933,4.93,84.02
39648,3.45,
15175,1.88,16.42
44706,1.0,31.2
49597,2.62,27.63
10500,1.21,14.77
29795,1.33,17.71
11231,2.69,80.32
32500,1.51,19.42
32409,2.63,70.85
7323,,9.08
45480,2.67,25.79
26353,0.97,23.27
14002,1.4,10.98
37340,1.04,27.47
17279,6.57,92.41
3951,2.73,25.31
31550,0.8,18.73
19294,0.66,24.58
379,1.06,36.0
5992,1.84,11.54
24425,1.0,19.2
30802,,44.16
12744,1.76,16.99
48253,3.08,33.33
9182,1.21,13.67
43797,1.83,38.74
8598,1.69,28.38
6092,2.01,25.78
15117,3.95,5.71
16920,1.31,69.92
16338,1.4,29.2
33121,2.11,30.17
17168,1.02,9.29
35716,2.66,22.47
35390,0.36,25.77
20153,2.02,28.89
47862,2.63,26.42
34452,1.72,13.78
17585,1.46,11.04
3966,1.11,19.64
30804,1.64,7.79
19057,6.11,68.57
11661,0.75,29.58
20376,1.0,13.03
34822,1.56,16.63
17224,2.27,13.27
34253,1.52,18.61
14344,0.98,17.24
40098,1.84,18.7
35681,0.94,8.55
15795,1.12,16.09
16514,0.67,19.14
38913,2.6,8.52
8316,0.64,18.01
45239,0.32,12.77
36496,3.75,46.25
1323,2.33,24.45
38935,2.3,14.92
44709,1.05,28.77
35994,2.41,33.94
22182,0.42,17.55
14327,1.02,27.12
2791,1.25,16.25
2076,2.86,8.68
39250,0.78,
42050,,23.26
31320,0.49,32.01
38598,1.58,15.08
12602,0.92,41.32
2369,1.67,13.39
4836,4.1,80.7
38769,1.57,33.01
45395,2.63,30.75
41932,0.42,9.31
49621,0.99,17.6
37702,3.21,
43921,1.38,17.76
37818,1.75,23.46
44282,1.47,15.73
13438,1.48,31.89
43733,,15.46
4222,0.69,30.07
3761,,20.0
10427,0.39,24.28
5459,2.0,37.44
21400,1.55,26.45
44712,1.11,15.37
22191,2.15,24.21
3082,2.67,79.19
46846,1.86,25.21
16269,1.04,27.99
11299,1.54,26.57
21081,8.11,81.36
24692,3.79,20.69
28409,,36.12
20374,2.56,32.27
37573,1.11,17.84
19016,0.9,12.88
40392,3.03,17.87
32836,0.59,20.31
1279,1.88,21.49
26426,4.43,88.97
39343,3.93,10.1
12988,0.86,33.03
44725,2.05,20.76
4650,2.35,19.4
7502,0.73,37.8
36290,2.67,30.75
27126,0.8,31.49
34074,2.32,27.27
28395,1.25,19.55
10460,1.13,22.15
47930,2.23,33.6
28506,1.15,28.04
45039,2.14,17.37
43192,1.51,9.71
31831,1.33,26.01
19620,2.83,28.3
28807,1.71,5.84
46697,2.35,30.77
10943,3.17,26.18
33048,1.22,29.72
3637,0.44,34.36
40082,1.78,22.91
11704,0.36,7.68
39003,0.9,21.91
6377,6.49,84.69
49530,3.01,20.92
22586,3.1,
10278,1.71,22.96
12700,1.89,26.15
26386,0.72,37.81
28319,3.78,100.0
12354,1.45,20.65
31446,0.8,32.55
2124,5.2,62.66
23906,1.33,18.27
26193,2.09,13.74
15217,5.46,20.74
18679,0.89,27.21
36744,0.83,
40934,1.73,29.4
14460,1.06,25.2
1757,3.24,23.84
31867,0.68,27.13
44970,3.2,29.09
529,2.05,22.73
2426,1.5,18.05
11794,3.1,24.67
18593,4.66,81.91
20301,2.71,19.46
34578,1.11,19.34
7852,3.0,15.78
8658,1.48,13.53
10993,2.22,24.33
42725,1.38,13.72
27503,1.73,32.92
7655,1.15,18.58
32952,1.3,9.26
1782,1.69,33.51
25010,1.26,
19903,0.75,30.22
8412,0.85,18.96
12976,1.17,20.48
48655,0.81,29.87
16681,2.91,8.43
18024,3.11,29.32
4654,1.41,29.98
45763,0.81,21.86
12264,2.2,24.36
7364,1.82,28.91
19561,2.51,15.45
8438,2.26,15.71
14003,0.86,24.43
41982,1.19,24.97
46522,3.84,28.84
4367,1.96,26.36
31361,0.53,30.24
21764,0.74,23.59
24855,1.38,
5499,0.92,21.75
17111,2.67,19.32
28837,3.14,87.02
26637,1.34,21.54
28732,1.56,30.05
12619,,15.97
30418,2.92,23.81
37594,3.28,24.84
36566,1.03,19.17
34635,1.59,31.75
3579,2.66,13.22
1269,0.66,18.66
20140,1.82,
30852,1.69,33.46
18824,2.8,91.12
21893,0.43,20.61
44638,1.13,27.1
28544,1.29,
27212,2.16,22.9
28215,2.08,18.21
39965,0.56,21.83
39546,0.96,2.73
5334,,12.95
28108,2.26,5.32
48983,,8.32
15972,1.83,30.52
27228,1.41,5.42
9488,1.16,
15770,5.04,73.42
37399,0.29,19.79
45515,1.23,24.41
39041,0.64,16.4
19613,3.05,90.71
45726,0.47,30.04
47135,2.24,25.73
13715,2.27,7.53
32914,2.0,19.1
11625,2.47,35.39
8090,,
43138,4.67,83.54
24362,1.48,15.91
31374,1.24,9.44
20775,1.5,30.46
23701,1.88,28.85
11814,0.69,11.02
47340,1.91,13.99
21849,2.11,6.35
16320,2.66,30.56
13498,2.41,18.49
48208,1.62,35.8
8252,7.69,82.81
41968,3.26,19.55
9105,2.58,20.42
13670,1.68,13.58
18704,1.56,28.43
16109,3.42,10.43
3216,4.19,27.29
26515,1.02,19.66
41897,2.46,66.51
41334,0.38,12.55
48985,0.45,12.55
3269,2.05,31.37
2541,3.61,13.22
8108,1.64,25.47
34182,0.82,37.16
28625,2.42,19.83
2366,0.65,27.11
35880,2.23,79.51
136,0.91,26.98
6447,2.07,34.17
44406,0.37,33.54
47743,2.06,28.84
26306,6.4,73.66
643,1.32,
28518,1.91,33.06
17790,4.73,96.8
26145,3.3600000000000003,27.99
16312,1.62,23.6
25597,1.51,27.0
30203,0.91,20.92
39171,0.51,16.02
22409,1.32,17.16
42262,3.82,72.83
29913,0.57,23.26
44361,0.57,13.88
40722,1.84,12.38
10667,2.32,11.26
5360,3.31,19.67
28003,1.75,21.77
10555,0.4,8.29
26892,1.67,28.76
20536,1.56,8.74
25233,1.55,20.3
40983,1.16,11.27
24679,1.66,19.64
18239,0.53,38.97
42709,1.33,18.94
12969,3.73,74.82
37454,,12.74
1516,2.56,
40234,1.54,31.02
4859,1.72,14.43
18926,1.3,11.35
49046,2.22,16.11
19260,1.2,31.27
32141,3.35,22.64
1742,5.26,
15348,,
28373,5.71,96.18
32501,4.42,
7981,0.66,14.05
32494,0.77,19.71
21068,1.05,15.29
47754,1.65,26.54
48213,1.54,9.4
46067,0.78,
5645,0.43,8.58
8878,0.41,40.49
21326,2.07,28.41
47257,0.96,
19240,0.56,27.66
6838,2.37,18.85
10957,0.71,20.14
27708,2.01,27.66
47534,1.06,21.63
5407,0.89,5.41
20949,5.98,
14599,0.61,22.3
24897,3.72,20.06
21788,1.21,12.11
40615,1.77,39.55
20926,7.35,73.5
25627,1.63,20.19
25960,0.44,21.51
48527,1.69,22.69
27313,0.71,21.5
36430,8.22,26.68
28052,3.44,90.84
21296,3.47,85.57
21978,1.03,32.01
6239,0.68,26.96
27502,0.82,20.9
43019,1.07,4.72
19060,4.05,
15836,0.98,31.08
2132,1.88,
8046,1.54,20.9
27124,2.02,13.82
15495,3.0,8.61
41280,3.87,16.93
27985,0.36,34.71
42786,4.02,17.56
47244,0.99,24.19
20531,1.59,34.74
38333,,32.67
5237,1.85,24.17
39473,1.52,26.75
45175,2.48,
48245,0.18,6.28
20066,,31.77
20417,1.72,
14161,,15.11
20383,2.78,9.39
25636,1.19,6.38
41161,1.49,13.45
31034,4.54,76.29
36036,3.32,67.52
39154,0.29,21.99
33929,1.98,25.27
10861,10.379999999999999,22.3
21408,1.04,26.95
46771,0.75,21.71
39455,1.73,14.0
13628,1.86,22.99
35468,1.09,36.03
2153,1.37,23.14
12117,0.95,23.74
32311,0.45,28.68
29497,5.13,16.59
45229,1.08,21.22
38614,0.76,8.57
4116,1.82,32.08
47557,2.45,17.82
22156,2.25,26.33
1017,1.44,27.92
8151,1.19,29.77
3431,0.97,14.26
25133,0.8,25.41
39228,2.95,21.47
8472,1.33,24.78
40770,1.51,29.3
18582,2.26,25.4
43763,1.0,27.84
21768,1.98,
42941,1.25,30.1
39072,3.57,73.53
37809,1.16,33.95
14873,1.38,17.32
31737,1.1,19.57
36797,1.43,26.02
34526,1.93,15.39
29824,1.33,24.56
13167,0.77,15.25
7919,7.06,62.76
47858,1.55,8.53
23928,1.46,34.11
38181,,26.56
17493,1.39,30.08
27885,2.1,30.28
36031,3.16,31.57
19444,0.68,23.26
22881,0.57,13.54
34848,2.17,77.36
12810,0.69,27.58
12446,2.09,33.23
20494,2.45,29.57
40879,1.79,37.89
4675,1.75,32.08
26044,1.27,16.14
14584,1.78,19.19
12176,2.05,19.43
47912,3.3,34.91
26616,0.51,20.87
11871,,20.55
13920,2.25,
1363,,18.87
3341,1.18,19.03
16561,1.7,27.9
16417,2.28,
2560,1.8,23.72
18166,0.79,84.94
5092,0.98,
4069,,22.37
44607,5.21,81.62
10234,1.19,13.04
24740,5.73,77.81
44156,1.06,23.47
39020,2.19,17.29
37318,0.86,20.67
1423,0.6,30.05
42169,5.78,81.91
3525,,28.49
28674,0.6,12.02
17716,1.74,34.09
17433,1.46,13.93
43255,0.68,27.57
12254,1.43,15.83
19856,3.89,85.64
6065,1.1,2.78
11499,0.52,
16261,1.26,26.64
29467,0.73,
28739,0.8,27.36
34767,2.22,26.25
24098,1.67,39.65
38937,1.56,
18589,1.87,-17.12
32217,1.54,12.85
19072,1.13,22.99
30919,1.29,26.1
35424,0.91,
852,3.55,26.69
39828,0.55,26.05
40544,0.22,15.71
7131,1.5,18.92
11497,3.75,78.1
43637,1.42,4.7
5343,3.95,26.85
8093,1.73,
5718,1.03,3.22
9906,0.33,30.02
29397,5.31,93.56
5969,1.15,30.14
19590,1.36,15.9
872,1.52,9.16
24277,0.63,18.09
32718,3.55,90.96
539,2.02,27.42
30745,4.96,81.16
22410,2.24,17.03
2820,5.91,81.88
39723,1.21,12.75
31435,,5.85
6623,1.01,22.92
41770,6.87,85.24
41555,0.67,36.06
9223,1.75,28.95
779,0.94,20.21
14388,1.53,19.26
49861,0.49,18.53
44796,2.91,25.59
34640,0.96,24.29
22033,2.5,22.96
43043,,23.18
23031,1.43,24.52
33786,1.0,28.72
43188,0.87,13.21
37867,3.39,19.49
28419,0.47,16.46
25128,3.32,31.27
48395,1.84,33.02
28889,0.47,23.06
38295,0.35,25.52
44625,1.18,18.88
8416,1.88,35.0
37549,2.17,14.51
49849,1.15,15.42
37118,1.23,20.23
29457,,20.26
40,0.74,
13122,4.87,92.7
24776,1.85,35.67
26587,1.83,16.75
47427,1.43,20.86
35713,7.62,19.12
49414,1.5,82.61
45767,0.93,7.25
3489,0.74,14.54
8391,,9.3
16888,1.99,20.23
43407,1.44,13.86
37924,0.9,23.28
49019,0.45,27.42
39725,5.48,92.39
13107,2.12,22.3
4095,1.78,19.7
36777,2.26,27.71
32815,2.87,21.72
26179,1.82,19.61
1274,0.49,17.13
23020,0.57,23.44
4372,1.89,26.49
17122,0.61,7.97
29506,3.13,26.53
48097,0.53,25.39
36997,3.73,27.04
49575,1.25,15.32
34348,1.14,20.66
12324,0.76,20.01
18652,2.1,
